ISO-10303-21;
HEADER;
FILE_DESCRIPTION (( 'STEP AP214' ),
    '1' );
FILE_NAME ('B3P-VH(LF)(SN).STEP',
    '2025-03-27T12:45:08',
    ( 'LENOVO' ),
    ( '' ),
    'SwSTEP 2.0',
    'SolidWorks 2021',
    '' );
FILE_SCHEMA (( 'AUTOMOTIVE_DESIGN' ));
ENDSEC;

DATA;
#1 = CARTESIAN_POINT ( 'NONE',  ( -4.709999999999999964, -5.450000000000000178, -3.046446609406735728 ) ) ;
#2 = EDGE_CURVE ( 'NONE', #1671, #843, #1161, .T. ) ;
#3 = VECTOR ( 'NONE', #264, 1000.000000000000000 ) ;
#4 = CARTESIAN_POINT ( 'NONE',  ( -3.681176187412965373, 5.450000000000000178, -0.8199999999999999512 ) ) ;
#5 = CARTESIAN_POINT ( 'NONE',  ( 5.910000000000000142, -9.150000000000000355, 0.02882381258703615654 ) ) ;
#6 = VECTOR ( 'NONE', #235, 999.9999999999998863 ) ;
#7 = ADVANCED_FACE ( 'NONE', ( #1876 ), #467, .F. ) ;
#8 = VERTEX_POINT ( 'NONE', #661 ) ;
#9 =( LENGTH_UNIT ( ) NAMED_UNIT ( * ) SI_UNIT ( .MILLI., .METRE. ) );
#10 = LINE ( 'NONE', #982, #1434 ) ;
#11 = ORIENTED_EDGE ( 'NONE', *, *, #461, .F. ) ;
#12 = VECTOR ( 'NONE', #1633, 1000.000000000000000 ) ;
#13 = CARTESIAN_POINT ( 'NONE',  ( 1.949999999999999956, -9.150000000000000355, -0.5288238125870380335 ) ) ;
#14 = DIRECTION ( 'NONE',  ( 1.000000000000000000, 1.130561711097875993E-32, -9.510545372679860126E-17 ) ) ;
#15 = SHAPE_REPRESENTATION ( 'B3P-VH(LF)(SN)', ( #1362, #49 ), #1105 ) ;
#16 = LINE ( 'NONE', #168, #1413 ) ;
#17 = DIRECTION ( 'NONE',  ( 1.000000000000000000, 0.000000000000000000, 0.000000000000000000 ) ) ;
#18 = CARTESIAN_POINT ( 'NONE',  ( 5.910000000000000142, 0.000000000000000000, 0.000000000000000000 ) ) ;
#19 = VECTOR ( 'NONE', #1611, 1000.000000000000000 ) ;
#20 = PLANE ( 'NONE',  #1213 ) ;
#21 = ORIENTED_EDGE ( 'NONE', *, *, #303, .F. ) ;
#22 = APPLICATION_PROTOCOL_DEFINITION ( 'draft international standard', 'automotive_design', 1998, #1461 ) ;
#23 = AXIS2_PLACEMENT_3D ( 'NONE', #257, #1011, #274 ) ;
#24 = LINE ( 'NONE', #1000, #740 ) ;
#25 = SHAPE_DEFINITION_REPRESENTATION ( #436, #15 ) ;
#26 = ADVANCED_FACE ( 'NONE', ( #1840 ), #958, .T. ) ;
#27 = LINE ( 'NONE', #766, #1447 ) ;
#28 = EDGE_CURVE ( 'NONE', #199, #1755, #1896, .T. ) ;
#29 = CARTESIAN_POINT ( 'NONE',  ( -4.709999999999999964, -9.150000000000000355, -2.250000000000000444 ) ) ;
#30 = CARTESIAN_POINT ( 'NONE',  ( -5.910000000000000142, -5.450000000000000178, 4.250000000000000000 ) ) ;
#31 = CARTESIAN_POINT ( 'NONE',  ( -0.5699999999999999512, 4.649999999999999467, -0.8199999999999999512 ) ) ;
#32 = DIRECTION ( 'NONE',  ( 0.000000000000000000, 0.9271838545667897558, 0.3746065934159064081 ) ) ;
#33 = DIRECTION ( 'NONE',  ( 9.510545372679860126E-17, 0.000000000000000000, 1.000000000000000000 ) ) ;
#34 = ORIENTED_EDGE ( 'NONE', *, *, #1841, .F. ) ;
#35 = VECTOR ( 'NONE', #1768, 1000.000000000000114 ) ;
#36 = CARTESIAN_POINT ( 'NONE',  ( 5.910000000000000142, -2.250000000000000000, 4.250000000000000000 ) ) ;
#37 = EDGE_LOOP ( 'NONE', ( #580, #1705, #423, #353 ) ) ;
#38 = PRODUCT_CONTEXT ( 'NONE', #1941, 'mechanical' ) ;
#39 = PRESENTATION_STYLE_ASSIGNMENT (( #1845 ) ) ;
#40 = CARTESIAN_POINT ( 'NONE',  ( 4.238823812587040329, -9.150000000000000355, -3.046446609406735728 ) ) ;
#41 = CARTESIAN_POINT ( 'NONE',  ( 0.2788238125870384776, -9.150000000000000355, -0.5288238125870380335 ) ) ;
#42 = EDGE_CURVE ( 'NONE', #860, #621, #1188, .T. ) ;
#43 = ORIENTED_EDGE ( 'NONE', *, *, #983, .F. ) ;
#44 = LINE ( 'NONE', #1916, #61 ) ;
#45 = CONTEXT_DEPENDENT_SHAPE_REPRESENTATION ( #213, #1801 ) ;
#46 = CARTESIAN_POINT ( 'NONE',  ( -4.530000000000000249, 5.450000000000000178, -0.5288238125870410311 ) ) ;
#47 = ORIENTED_EDGE ( 'NONE', *, *, #1811, .F. ) ;
#48 = VECTOR ( 'NONE', #573, 1000.000000000000000 ) ;
#49 = AXIS2_PLACEMENT_3D ( 'NONE', #652, #710, #1429 ) ;
#50 = AXIS2_PLACEMENT_3D ( 'NONE', #1113, #1584, #2055 ) ;
#51 = DIRECTION ( 'NONE',  ( 0.000000000000000000, 0.000000000000000000, -1.000000000000000000 ) ) ;
#52 = EDGE_LOOP ( 'NONE', ( #948, #1157, #728, #1583 ) ) ;
#53 = APPLICATION_PROTOCOL_DEFINITION ( 'draft international standard', 'automotive_design', 1998, #1941 ) ;
#54 = LINE ( 'NONE', #4, #19 ) ;
#55 = EDGE_LOOP ( 'NONE', ( #1923, #1467, #1713, #1010 ) ) ;
#56 = EDGE_CURVE ( 'NONE', #486, #1139, #513, .T. ) ;
#57 = LINE ( 'NONE', #841, #35 ) ;
#58 = DIRECTION ( 'NONE',  ( 0.000000000000000000, 1.188745405016987901E-16, -1.000000000000000000 ) ) ;
#59 = CARTESIAN_POINT ( 'NONE',  ( -4.235805179962739864, 5.458293624972888836, 0.02580517996273536119 ) ) ;
#60 = ORIENTED_EDGE ( 'NONE', *, *, #307, .F. ) ;
#61 = VECTOR ( 'NONE', #240, 999.9999999999998863 ) ;
#62 = DIRECTION ( 'NONE',  ( -8.936989306356838660E-17, 0.3420201433256670476, -0.9396926207859090940 ) ) ;
#63 = CARTESIAN_POINT ( 'NONE',  ( 4.238823812587040329, 5.450000000000000178, 0.000000000000000000 ) ) ;
#64 = DIRECTION ( 'NONE',  ( 0.9396926207859092051, 0.3420201433256665480, 0.000000000000000000 ) ) ;
#65 = ORIENTED_EDGE ( 'NONE', *, *, #1497, .F. ) ;
#66 = LINE ( 'NONE', #46, #12 ) ;
#67 = ORIENTED_EDGE ( 'NONE', *, *, #911, .F. ) ;
#68 = VECTOR ( 'NONE', #334, 999.9999999999998863 ) ;
#69 = CARTESIAN_POINT ( 'NONE',  ( 1.949999999999999956, 2.047043118582080101, -2.250000000000000444 ) ) ;
#70 = DIRECTION ( 'NONE',  ( 0.000000000000000000, 1.000000000000000000, 0.000000000000000000 ) ) ;
#71 = DIRECTION ( 'NONE',  ( 0.000000000000000000, 0.000000000000000000, -1.000000000000000000 ) ) ;
#72 = ORIENTED_EDGE ( 'NONE', *, *, #166, .F. ) ;
#73 = VECTOR ( 'NONE', #1111, 1000.000000000000000 ) ;
#74 = LINE ( 'NONE', #315, #1453 ) ;
#75 = SURFACE_SIDE_STYLE ('',( #768 ) ) ;
#76 = DIRECTION ( 'NONE',  ( 0.000000000000000000, 1.188745405016987901E-16, -1.000000000000000000 ) ) ;
#77 = AXIS2_PLACEMENT_3D ( 'NONE', #1388, #2037, #434 ) ;
#78 = LINE ( 'NONE', #345, #716 ) ;
#79 = EDGE_CURVE ( 'NONE', #966, #906, #1887, .T. ) ;
#80 = ORIENTED_EDGE ( 'NONE', *, *, #1604, .F. ) ;
#81 = DIRECTION ( 'NONE',  ( 0.000000000000000000, -1.000000000000000000, 0.000000000000000000 ) ) ;
#82 = EDGE_CURVE ( 'NONE', #308, #1004, #1891, .T. ) ;
#83 = LINE ( 'NONE', #782, #799 ) ;
#84 = ORIENTED_EDGE ( 'NONE', *, *, #1697, .F. ) ;
#85 = LINE ( 'NONE', #551, #1506 ) ;
#86 = CARTESIAN_POINT ( 'NONE',  ( -0.5699999999999999512, 4.649999999999999467, 0.3199999999999999512 ) ) ;
#87 = CARTESIAN_POINT ( 'NONE',  ( 0.5699999999999999512, 5.450000000000000178, -0.8199999999999999512 ) ) ;
#88 = LINE ( 'NONE', #2031, #96 ) ;
#89 = DIRECTION ( 'NONE',  ( -9.510545372679860126E-17, 0.000000000000000000, -1.000000000000000000 ) ) ;
#90 = ORIENTED_EDGE ( 'NONE', *, *, #1023, .F. ) ;
#91 = PLANE ( 'NONE',  #216 ) ;
#92 = ORIENTED_EDGE ( 'NONE', *, *, #1078, .T. ) ;
#93 = FACE_OUTER_BOUND ( 'NONE', #631, .T. ) ;
#94 = VECTOR ( 'NONE', #1121, 1000.000000000000000 ) ;
#95 = DIRECTION ( 'NONE',  ( 0.000000000000000000, 0.000000000000000000, -1.000000000000000000 ) ) ;
#96 = VECTOR ( 'NONE', #139, 1000.000000000000000 ) ;
#97 = EDGE_CURVE ( 'NONE', #1208, #520, #525, .T. ) ;
#98 = ORIENTED_EDGE ( 'NONE', *, *, #307, .T. ) ;
#99 = LINE ( 'NONE', #2048, #789 ) ;
#100 = FILL_AREA_STYLE_COLOUR ( '', #2029 ) ;
#101 = DIRECTION ( 'NONE',  ( -0.9396926207859092051, 0.3420201433256665480, 0.000000000000000000 ) ) ;
#102 = FACE_OUTER_BOUND ( 'NONE', #202, .T. ) ;
#103 = AXIS2_PLACEMENT_3D ( 'NONE', #1498, #532, #1510 ) ;
#104 = DIRECTION ( 'NONE',  ( 0.000000000000000000, 1.000000000000000000, 0.000000000000000000 ) ) ;
#105 = ORIENTED_EDGE ( 'NONE', *, *, #157, .F. ) ;
#106 = LINE ( 'NONE', #743, #1517 ) ;
#107 = MECHANICAL_DESIGN_GEOMETRIC_PRESENTATION_REPRESENTATION (  '', ( #137 ), #1336 ) ;
#108 =( NAMED_UNIT ( * ) PLANE_ANGLE_UNIT ( ) SI_UNIT ( $, .RADIAN. ) );
#109 = CARTESIAN_POINT ( 'NONE',  ( 0.5699999999999999512, -9.150000000000000355, 0.3199999999999999512 ) ) ;
#110 = EDGE_CURVE ( 'NONE', #2011, #1719, #1899, .T. ) ;
#111 = FACE_OUTER_BOUND ( 'NONE', #962, .T. ) ;
#112 = VECTOR ( 'NONE', #1643, 1000.000000000000000 ) ;
#113 = CARTESIAN_POINT ( 'NONE',  ( 0.5699999999999999512, -9.150000000000000355, -0.8199999999999999512 ) ) ;
#114 = CARTESIAN_POINT ( 'NONE',  ( -3.681176187412965373, 5.450000000000000178, -0.5288238125870410311 ) ) ;
#115 = EDGE_CURVE ( 'NONE', #1556, #928, #531, .T. ) ;
#116 = ADVANCED_FACE ( 'NONE', ( #1143 ), #1295, .F. ) ;
#117 = ORIENTED_EDGE ( 'NONE', *, *, #1591, .T. ) ;
#118 = FACE_OUTER_BOUND ( 'NONE', #1070, .T. ) ;
#119 = CARTESIAN_POINT ( 'NONE',  ( -4.530000000000000249, -5.450000000000000178, 0.3199999999999959543 ) ) ;
#120 = DIRECTION ( 'NONE',  ( 0.000000000000000000, 0.7071067811865650032, -0.7071067811865300312 ) ) ;
#121 = LINE ( 'NONE', #1987, #1511 ) ;
#122 = VERTEX_POINT ( 'NONE', #31 ) ;
#123 = LINE ( 'NONE', #1802, #1499 ) ;
#124 = CARTESIAN_POINT ( 'NONE',  ( 1.949999999999999956, 3.950000000000000178, -3.650000000000000355 ) ) ;
#125 = DIRECTION ( 'NONE',  ( 0.000000000000000000, 1.000000000000000000, 0.000000000000000000 ) ) ;
#126 = EDGE_LOOP ( 'NONE', ( #1438, #761, #635, #84 ) ) ;
#127 = EDGE_CURVE ( 'NONE', #1699, #843, #465, .T. ) ;
#128 = SURFACE_STYLE_FILL_AREA ( #1299 ) ;
#129 = ORIENTED_EDGE ( 'NONE', *, *, #1430, .F. ) ;
#130 = DIRECTION ( 'NONE',  ( 0.000000000000000000, 0.000000000000000000, 1.000000000000000000 ) ) ;
#131 = VECTOR ( 'NONE', #1528, 1000.000000000000000 ) ;
#132 = DIRECTION ( 'NONE',  ( 0.000000000000000000, 1.188745405016987901E-16, -1.000000000000000000 ) ) ;
#133 = VECTOR ( 'NONE', #183, 1000.000000000000000 ) ;
#134 = STYLED_ITEM ( 'NONE', ( #1789 ), #1601 ) ;
#135 = ORIENTED_EDGE ( 'NONE', *, *, #317, .F. ) ;
#136 = LINE ( 'NONE', #1360, #1494 ) ;
#137 = STYLED_ITEM ( 'NONE', ( #39 ), #915 ) ;
#138 = DIRECTION ( 'NONE',  ( 0.3236155771181825069, 0.8891264907159899256, -0.3236155771181830065 ) ) ;
#139 = DIRECTION ( 'NONE',  ( 0.000000000000000000, 1.000000000000000000, 0.000000000000000000 ) ) ;
#140 = ADVANCED_FACE ( 'NONE', ( #472 ), #1109, .F. ) ;
#141 = FACE_OUTER_BOUND ( 'NONE', #1939, .T. ) ;
#142 = ORIENTED_EDGE ( 'NONE', *, *, #608, .T. ) ;
#143 = LINE ( 'NONE', #474, #1463 ) ;
#144 = EDGE_CURVE ( 'NONE', #208, #860, #579, .T. ) ;
#145 = COLOUR_RGB ( '',0.7921568627450980005, 0.8196078431372548767, 0.9333333333333333481 ) ;
#146 = DIRECTION ( 'NONE',  ( 1.000000000000000000, -8.592269004343869861E-32, 7.228014483236710360E-16 ) ) ;
#147 = DIRECTION ( 'NONE',  ( 1.000000000000000000, 0.000000000000000000, -9.510545372679860126E-17 ) ) ;
#148 = VERTEX_POINT ( 'NONE', #2016 ) ;
#149 = VECTOR ( 'NONE', #566, 999.9999999999998863 ) ;
#150 = VECTOR ( 'NONE', #156, 1000.000000000000000 ) ;
#151 = ORIENTED_EDGE ( 'NONE', *, *, #1707, .T. ) ;
#152 = CARTESIAN_POINT ( 'NONE',  ( -4.709999999999999964, 0.9616224637913912687, -3.400000000000000355 ) ) ;
#153 = DIRECTION ( 'NONE',  ( 1.000000000000000000, -2.613000865813674921E-16, 0.000000000000000000 ) ) ;
#154 = EDGE_LOOP ( 'NONE', ( #1480, #587, #1679, #1892 ) ) ;
#155 = DIRECTION ( 'NONE',  ( -9.510545372679860126E-17, 0.000000000000000000, 1.000000000000000000 ) ) ;
#156 = DIRECTION ( 'NONE',  ( 0.000000000000000000, -1.000000000000000000, 0.000000000000000000 ) ) ;
#157 = EDGE_CURVE ( 'NONE', #896, #1890, #1983, .T. ) ;
#158 = ORIENTED_EDGE ( 'NONE', *, *, #1301, .F. ) ;
#159 = ADVANCED_FACE ( 'NONE', ( #1226 ), #614, .T. ) ;
#160 = CARTESIAN_POINT ( 'NONE',  ( -3.389999999999999680, -8.349999999999999645, 0.3199999999999965095 ) ) ;
#161 = DIRECTION ( 'NONE',  ( -1.000000000000000000, 0.000000000000000000, 0.000000000000000000 ) ) ;
#162 = ORIENTED_EDGE ( 'NONE', *, *, #911, .T. ) ;
#163 = ORIENTED_EDGE ( 'NONE', *, *, #1837, .T. ) ;
#164 = CARTESIAN_POINT ( 'NONE',  ( 1.949999999999999956, -5.450000000000000178, 4.250000000000000000 ) ) ;
#165 = FACE_OUTER_BOUND ( 'NONE', #521, .T. ) ;
#166 = EDGE_CURVE ( 'NONE', #1129, #1821, #1913, .T. ) ;
#167 = ORIENTED_EDGE ( 'NONE', *, *, #656, .T. ) ;
#168 = CARTESIAN_POINT ( 'NONE',  ( 3.684194820037260509, 5.458293624972888836, 0.02580517996273850451 ) ) ;
#169 = LINE ( 'NONE', #1319, #863 ) ;
#170 = CLOSED_SHELL ( 'NONE', ( #2023, #1385, #666, #299, #684, #1542, #2041, #159, #599, #1399, #643, #1478, #796, #816 ) ) ;
#171 = EDGE_CURVE ( 'NONE', #1323, #296, #1922, .T. ) ;
#172 = VECTOR ( 'NONE', #1240, 999.9999999999998863 ) ;
#173 = DIRECTION ( 'NONE',  ( -1.000000000000000000, 0.000000000000000000, 0.000000000000000000 ) ) ;
#174 = DIRECTION ( 'NONE',  ( 0.3236155771181828955, -0.8891264907159897035, -0.3236155771181828955 ) ) ;
#175 = ORIENTED_EDGE ( 'NONE', *, *, #1027, .T. ) ;
#176 = ADVANCED_FACE ( 'NONE', ( #1279 ), #952, .T. ) ;
#177 = ORIENTED_EDGE ( 'NONE', *, *, #1150, .T. ) ;
#178 = CARTESIAN_POINT ( 'NONE',  ( -4.709999999999999964, 3.950000000000000178, -2.850000000000000089 ) ) ;
#179 = DIRECTION ( 'NONE',  ( 1.000000000000000000, 0.000000000000000000, 9.510545372679860126E-17 ) ) ;
#180 = EDGE_LOOP ( 'NONE', ( #1516, #1432, #331, #542 ) ) ;
#181 = EDGE_CURVE ( 'NONE', #1422, #1350, #533, .T. ) ;
#182 = CARTESIAN_POINT ( 'NONE',  ( 1.949999999999999956, -9.150000000000000355, 0.02882381258703659022 ) ) ;
#183 = DIRECTION ( 'NONE',  ( -1.000000000000000000, -1.130561711097875993E-32, 9.510545372679860126E-17 ) ) ;
#184 = ORIENTED_EDGE ( 'NONE', *, *, #115, .T. ) ;
#185 = FACE_BOUND ( 'NONE', #1521, .T. ) ;
#186 = ORIENTED_EDGE ( 'NONE', *, *, #378, .F. ) ;
#187 = AXIS2_PLACEMENT_3D ( 'NONE', #258, #1489, #870 ) ;
#188 = ORIENTED_EDGE ( 'NONE', *, *, #794, .F. ) ;
#189 = DIRECTION ( 'NONE',  ( 8.936989306356838660E-17, 0.3420201433256665480, 0.9396926207859092051 ) ) ;
#190 = CARTESIAN_POINT ( 'NONE',  ( -4.238823812587040329, -9.150000000000000355, -3.046446609406735728 ) ) ;
#191 = EDGE_CURVE ( 'NONE', #1849, #1971, #549, .T. ) ;
#192 = CARTESIAN_POINT ( 'NONE',  ( 4.530000000000000249, -5.450000000000000178, -0.8199999999999999512 ) ) ;
#193 = ADVANCED_FACE ( 'NONE', ( #1902 ), #252, .T. ) ;
#194 = VECTOR ( 'NONE', #1803, 1000.000000000000000 ) ;
#195 = ORIENTED_EDGE ( 'NONE', *, *, #529, .F. ) ;
#196 = DIRECTION ( 'NONE',  ( 9.510545372679860126E-17, 0.000000000000000000, -1.000000000000000000 ) ) ;
#197 = LINE ( 'NONE', #1558, #1581 ) ;
#198 = EDGE_CURVE ( 'NONE', #1323, #397, #1978, .T. ) ;
#199 = VERTEX_POINT ( 'NONE', #539 ) ;
#200 = LINE ( 'NONE', #1544, #172 ) ;
#201 = CARTESIAN_POINT ( 'NONE',  ( -5.910000000000000142, -9.150000000000000355, -2.250000000000000444 ) ) ;
#202 = EDGE_LOOP ( 'NONE', ( #1224, #546, #92, #418 ) ) ;
#203 = FACE_OUTER_BOUND ( 'NONE', #1881, .T. ) ;
#204 = ORIENTED_EDGE ( 'NONE', *, *, #1804, .F. ) ;
#205 = CARTESIAN_POINT ( 'NONE',  ( -5.910000000000000142, -5.450000000000000178, -3.046446609406735728 ) ) ;
#206 = CARTESIAN_POINT ( 'NONE',  ( 3.389999999999999680, 5.450000000000000178, 0.3199999999999999512 ) ) ;
#207 = FACE_OUTER_BOUND ( 'NONE', #1805, .T. ) ;
#208 = VERTEX_POINT ( 'NONE', #1832 ) ;
#209 = PLANE ( 'NONE',  #555 ) ;
#210 = SURFACE_STYLE_USAGE ( .BOTH. , #1952 ) ;
#211 = VECTOR ( 'NONE', #842, 1000.000000000000000 ) ;
#212 = LINE ( 'NONE', #1706, #1593 ) ;
#213 =( REPRESENTATION_RELATIONSHIP ('NONE','NONE', #15, #1880 ) REPRESENTATION_RELATIONSHIP_WITH_TRANSFORMATION ( #772 )SHAPE_REPRESENTATION_RELATIONSHIP( ) );
#214 = AXIS2_PLACEMENT_3D ( 'NONE', #586, #1418, #1056 ) ;
#215 = ORIENTED_EDGE ( 'NONE', *, *, #400, .F. ) ;
#216 = AXIS2_PLACEMENT_3D ( 'NONE', #1400, #1572, #386 ) ;
#217 = LINE ( 'NONE', #406, #1603 ) ;
#218 = EDGE_CURVE ( 'NONE', #1638, #1103, #1231, .T. ) ;
#219 = ORIENTED_EDGE ( 'NONE', *, *, #720, .T. ) ;
#220 = DIRECTION ( 'NONE',  ( 0.000000000000000000, 0.000000000000000000, -1.000000000000000000 ) ) ;
#221 = DIRECTION ( 'NONE',  ( 0.000000000000000000, 1.188745405016987901E-16, -1.000000000000000000 ) ) ;
#222 = DIRECTION ( 'NONE',  ( 0.000000000000000000, 1.000000000000000000, 0.000000000000000000 ) ) ;
#223 = LINE ( 'NONE', #1683, #1536 ) ;
#224 = ORIENTED_EDGE ( 'NONE', *, *, #1551, .F. ) ;
#225 = DIRECTION ( 'NONE',  ( -0.9396926207859092051, 0.3420201433256665480, 0.000000000000000000 ) ) ;
#226 = DIRECTION ( 'NONE',  ( 1.000000000000000000, 0.000000000000000000, -9.510545372679860126E-17 ) ) ;
#227 = ORIENTED_EDGE ( 'NONE', *, *, #1778, .T. ) ;
#228 = VECTOR ( 'NONE', #942, 1000.000000000000000 ) ;
#229 = DIRECTION ( 'NONE',  ( 0.000000000000000000, 0.000000000000000000, 1.000000000000000000 ) ) ;
#230 =( NAMED_UNIT ( * ) PLANE_ANGLE_UNIT ( ) SI_UNIT ( $, .RADIAN. ) );
#231 = CARTESIAN_POINT ( 'NONE',  ( 3.389999999999999680, 4.649999999999999467, 0.3199999999999999512 ) ) ;
#232 = ORIENTED_EDGE ( 'NONE', *, *, #1927, .F. ) ;
#233 = EDGE_CURVE ( 'NONE', #1605, #397, #1271, .T. ) ;
#234 = ORIENTED_EDGE ( 'NONE', *, *, #82, .F. ) ;
#235 = DIRECTION ( 'NONE',  ( -0.3236155771181828955, 0.8891264907159897035, -0.3236155771181828955 ) ) ;
#236 = CARTESIAN_POINT ( 'NONE',  ( 5.910000000000000142, -2.250000000000000000, -2.250000000000000444 ) ) ;
#237 = EDGE_CURVE ( 'NONE', #800, #906, #1253, .T. ) ;
#238 = LINE ( 'NONE', #1669, #228 ) ;
#239 = ORIENTED_EDGE ( 'NONE', *, *, #1352, .F. ) ;
#240 = DIRECTION ( 'NONE',  ( 0.3236155771181828955, -0.8891264907159897035, 0.3236155771181828955 ) ) ;
#241 = ORIENTED_EDGE ( 'NONE', *, *, #2047, .F. ) ;
#242 = AXIS2_PLACEMENT_3D ( 'NONE', #287, #130, #763 ) ;
#243 = CARTESIAN_POINT ( 'NONE',  ( 4.238823812587040329, -9.150000000000000355, 0.02882381258703659022 ) ) ;
#244 = PLANE ( 'NONE',  #456 ) ;
#245 = ADVANCED_FACE ( 'NONE', ( #602 ), #874, .F. ) ;
#246 = EDGE_CURVE ( 'NONE', #1084, #1159, #1925, .T. ) ;
#247 = CARTESIAN_POINT ( 'NONE',  ( 3.417512999650774930, -8.425591345281960187, -0.7924870003492250348 ) ) ;
#248 = CARTESIAN_POINT ( 'NONE',  ( 3.389999999999999680, -5.450000000000000178, -0.8199999999999999512 ) ) ;
#249 = ORIENTED_EDGE ( 'NONE', *, *, #181, .T. ) ;
#250 = CARTESIAN_POINT ( 'NONE',  ( 3.389999999999999680, -5.450000000000000178, 0.3199999999999999512 ) ) ;
#251 =( NAMED_UNIT ( * ) PLANE_ANGLE_UNIT ( ) SI_UNIT ( $, .RADIAN. ) );
#252 = PLANE ( 'NONE',  #947 ) ;
#253 = ORIENTED_EDGE ( 'NONE', *, *, #1956, .F. ) ;
#254 = ORIENTED_EDGE ( 'NONE', *, *, #294, .T. ) ;
#255 = CARTESIAN_POINT ( 'NONE',  ( 4.530000000000000249, -8.349999999999999645, -0.8199999999999999512 ) ) ;
#256 = ORIENTED_EDGE ( 'NONE', *, *, #28, .T. ) ;
#257 = CARTESIAN_POINT ( 'NONE',  ( -1.979999999999999982, 5.450000000000000178, 0.000000000000000000 ) ) ;
#258 = CARTESIAN_POINT ( 'NONE',  ( 0.5699999999999999512, -9.150000000000000355, -0.8199999999999999512 ) ) ;
#259 =( GEOMETRIC_REPRESENTATION_CONTEXT ( 3 ) GLOBAL_UNCERTAINTY_ASSIGNED_CONTEXT ( ( #1787 ) ) GLOBAL_UNIT_ASSIGNED_CONTEXT ( ( #846, #230, #510 ) ) REPRESENTATION_CONTEXT ( 'NONE', 'WORKASPACE' ) );
#260 = ORIENTED_EDGE ( 'NONE', *, *, #28, .F. ) ;
#261 = CARTESIAN_POINT ( 'NONE',  ( 3.916759838699484408, -10.03486349587588045, -0.2932401613005160002 ) ) ;
#262 = VERTEX_POINT ( 'NONE', #1351 ) ;
#263 = EDGE_CURVE ( 'NONE', #199, #1243, #1944, .T. ) ;
#264 = DIRECTION ( 'NONE',  ( 0.000000000000000000, 1.000000000000000000, 0.000000000000000000 ) ) ;
#265 = CARTESIAN_POINT ( 'NONE',  ( 1.949999999999999956, 0.9616224637913912687, -3.400000000000000355 ) ) ;
#266 = ORIENTED_EDGE ( 'NONE', *, *, #1393, .F. ) ;
#267 = CARTESIAN_POINT ( 'NONE',  ( 3.389999999999999680, -8.349999999999999645, -0.8199999999999999512 ) ) ;
#268 = CARTESIAN_POINT ( 'NONE',  ( 1.949999999999999956, -9.150000000000000355, 0.02882381258703355445 ) ) ;
#269 = DIRECTION ( 'NONE',  ( 0.000000000000000000, 1.000000000000000000, 0.000000000000000000 ) ) ;
#270 = CARTESIAN_POINT ( 'NONE',  ( -4.530000000000000249, -8.349999999999999645, 0.3199999999999959543 ) ) ;
#271 = AXIS2_PLACEMENT_3D ( 'NONE', #1147, #695, #153 ) ;
#272 = EDGE_LOOP ( 'NONE', ( #1395, #1202, #253, #1636 ) ) ;
#273 = ADVANCED_FACE ( 'NONE', ( #553 ), #244, .F. ) ;
#274 = DIRECTION ( 'NONE',  ( 1.000000000000000000, 0.000000000000000000, 0.000000000000000000 ) ) ;
#275 = CARTESIAN_POINT ( 'NONE',  ( 1.949999999999999956, -2.250000000000000000, -2.250000000000000444 ) ) ;
#276 = EDGE_CURVE ( 'NONE', #896, #1442, #1954, .T. ) ;
#277 = PLANE ( 'NONE',  #214 ) ;
#278 = CARTESIAN_POINT ( 'NONE',  ( -3.681176187412965373, -9.150000000000000355, -0.5288238125870410311 ) ) ;
#279 = EDGE_CURVE ( 'NONE', #1821, #122, #567, .T. ) ;
#280 = EDGE_LOOP ( 'NONE', ( #98, #2022, #291, #1458 ) ) ;
#281 = EDGE_LOOP ( 'NONE', ( #1412, #484, #289, #738 ) ) ;
#282 = CARTESIAN_POINT ( 'NONE',  ( -3.681176187412965373, -9.150000000000000355, -3.046446609406735728 ) ) ;
#283 = CARTESIAN_POINT ( 'NONE',  ( 3.681176187412965373, -9.150000000000000355, -0.5288238125870380335 ) ) ;
#284 = VERTEX_POINT ( 'NONE', #1533 ) ;
#285 = DIRECTION ( 'NONE',  ( -1.000000000000000000, 0.000000000000000000, 0.000000000000000000 ) ) ;
#286 = ADVANCED_FACE ( 'NONE', ( #1248 ), #697, .F. ) ;
#287 = CARTESIAN_POINT ( 'NONE',  ( 1.949999999999999956, 2.464947887950199590, -4.250000000000000000 ) ) ;
#288 = DIRECTION ( 'NONE',  ( 0.000000000000000000, 1.000000000000000000, 0.000000000000000000 ) ) ;
#289 = ORIENTED_EDGE ( 'NONE', *, *, #535, .T. ) ;
#290 = AXIS2_PLACEMENT_3D ( 'NONE', #633, #1268, #496 ) ;
#291 = ORIENTED_EDGE ( 'NONE', *, *, #1632, .F. ) ;
#292 = DIRECTION ( 'NONE',  ( 0.000000000000000000, 1.000000000000000000, 0.000000000000000000 ) ) ;
#293 = ORIENTED_EDGE ( 'NONE', *, *, #739, .T. ) ;
#294 = EDGE_CURVE ( 'NONE', #1638, #601, #544, .T. ) ;
#295 = CARTESIAN_POINT ( 'NONE',  ( 0.5699999999999999512, -5.450000000000000178, -0.8199999999999999512 ) ) ;
#296 = VERTEX_POINT ( 'NONE', #568 ) ;
#297 = CARTESIAN_POINT ( 'NONE',  ( 4.709999999999999964, 2.464947887950204919, -4.250000000000000000 ) ) ;
#298 = VERTEX_POINT ( 'NONE', #1192 ) ;
#299 = ADVANCED_FACE ( 'NONE', ( #1970 ), #917, .F. ) ;
#300 = ORIENTED_EDGE ( 'NONE', *, *, #1963, .T. ) ;
#301 = CARTESIAN_POINT ( 'NONE',  ( 5.910000000000000142, -9.150000000000000355, -2.250000000000000444 ) ) ;
#302 = FACE_OUTER_BOUND ( 'NONE', #504, .T. ) ;
#303 = EDGE_CURVE ( 'NONE', #1158, #2003, #1257, .T. ) ;
#304 = ORIENTED_EDGE ( 'NONE', *, *, #1627, .T. ) ;
#305 = CARTESIAN_POINT ( 'NONE',  ( 4.530000000000000249, -5.450000000000000178, -0.8199999999999999512 ) ) ;
#306 = DIRECTION ( 'NONE',  ( 1.000000000000000000, 0.000000000000000000, 0.000000000000000000 ) ) ;
#307 = EDGE_CURVE ( 'NONE', #1671, #388, #574, .T. ) ;
#308 = VERTEX_POINT ( 'NONE', #231 ) ;
#309 = PRESENTATION_STYLE_ASSIGNMENT (( #1124 ) ) ;
#310 = CARTESIAN_POINT ( 'NONE',  ( -4.530000000000000249, -5.450000000000000178, 0.3199999999999959543 ) ) ;
#311 = EDGE_LOOP ( 'NONE', ( #1487, #785, #72, #90 ) ) ;
#312 = AXIS2_PLACEMENT_3D ( 'NONE', #63, #1022, #1786 ) ;
#313 = ORIENTED_EDGE ( 'NONE', *, *, #1254, .T. ) ;
#314 = CARTESIAN_POINT ( 'NONE',  ( 4.709999999999999964, -2.250000000000000000, -2.250000000000000444 ) ) ;
#315 = CARTESIAN_POINT ( 'NONE',  ( 1.949999999999999956, -9.150000000000000355, -0.5288238125870380335 ) ) ;
#316 = ADVANCED_FACE ( 'NONE', ( #589 ), #1791, .F. ) ;
#317 = EDGE_CURVE ( 'NONE', #1605, #1943, #1907, .T. ) ;
#318 = ORIENTED_EDGE ( 'NONE', *, *, #1127, .T. ) ;
#319 = CARTESIAN_POINT ( 'NONE',  ( 3.681176187412965373, 5.450000000000000178, -0.5288238125870380335 ) ) ;
#320 = DIRECTION ( 'NONE',  ( 0.000000000000000000, 1.000000000000000000, 0.000000000000000000 ) ) ;
#321 = CARTESIAN_POINT ( 'NONE',  ( -0.2788238125870364792, -9.150000000000000355, 0.02882381258703664573 ) ) ;
#322 = CARTESIAN_POINT ( 'NONE',  ( 4.530000000000000249, -5.450000000000000178, 0.3199999999999999512 ) ) ;
#323 = ADVANCED_FACE ( 'NONE', ( #1937 ), #1696, .F. ) ;
#324 = LINE ( 'NONE', #1287, #1664 ) ;
#325 = DIRECTION ( 'NONE',  ( -0.000000000000000000, 1.000000000000000000, 0.000000000000000000 ) ) ;
#326 = DIRECTION ( 'NONE',  ( 1.000000000000000000, 0.000000000000000000, 0.000000000000000000 ) ) ;
#327 = ORIENTED_EDGE ( 'NONE', *, *, #439, .F. ) ;
#328 = AXIS2_PLACEMENT_3D ( 'NONE', #719, #1012, #387 ) ;
#329 = CARTESIAN_POINT ( 'NONE',  ( 4.530000000000000249, 4.649999999999999467, 0.3199999999999999512 ) ) ;
#330 = CARTESIAN_POINT ( 'NONE',  ( -0.5699999999999999512, -8.349999999999999645, 0.3199999999999999512 ) ) ;
#331 = ORIENTED_EDGE ( 'NONE', *, *, #1864, .F. ) ;
#332 = EDGE_CURVE ( 'NONE', #2057, #1158, #1207, .T. ) ;
#333 = VERTEX_POINT ( 'NONE', #178 ) ;
#334 = DIRECTION ( 'NONE',  ( 0.3236155771181828955, -0.8891264907159897035, -0.3236155771181828955 ) ) ;
#335 = DIRECTION ( 'NONE',  ( 9.510545372679860126E-17, 0.000000000000000000, 1.000000000000000000 ) ) ;
#336 = EDGE_CURVE ( 'NONE', #1991, #2011, #611, .T. ) ;
#337 = ORIENTED_EDGE ( 'NONE', *, *, #1187, .F. ) ;
#338 = VECTOR ( 'NONE', #1068, 1000.000000000000114 ) ;
#339 = FILL_AREA_STYLE ('',( #1960 ) ) ;
#340 = VERTEX_POINT ( 'NONE', #624 ) ;
#341 = DIRECTION ( 'NONE',  ( -1.000000000000000000, 0.000000000000000000, 9.510545372679860126E-17 ) ) ;
#342 = CARTESIAN_POINT ( 'NONE',  ( 4.709999999999999964, 2.047043118582074772, -2.250000000000000444 ) ) ;
#343 = VERTEX_POINT ( 'NONE', #297 ) ;
#344 = COLOUR_RGB ( '',1.000000000000000000, 1.000000000000000000, 1.000000000000000000 ) ;
#345 = CARTESIAN_POINT ( 'NONE',  ( 4.235805179962739864, 5.458293624972888836, 0.02580517996273845246 ) ) ;
#346 = CARTESIAN_POINT ( 'NONE',  ( 3.681176187412965373, -9.150000000000000355, -3.046446609406735728 ) ) ;
#347 = LINE ( 'NONE', #1170, #1718 ) ;
#348 = EDGE_CURVE ( 'NONE', #1426, #383, #541, .T. ) ;
#349 = ORIENTED_EDGE ( 'NONE', *, *, #1301, .T. ) ;
#350 = DIRECTION ( 'NONE',  ( 1.000000000000000000, 1.130561711097875993E-32, -9.510545372679860126E-17 ) ) ;
#351 = PLANE ( 'NONE',  #1465 ) ;
#352 = LINE ( 'NONE', #1678, #1810 ) ;
#353 = ORIENTED_EDGE ( 'NONE', *, *, #1942, .T. ) ;
#354 = PRESENTATION_LAYER_ASSIGNMENT (  '', '', ( #1002 ) ) ;
#355 = LINE ( 'NONE', #1737, #1037 ) ;
#356 = EDGE_CURVE ( 'NONE', #471, #1348, #617, .T. ) ;
#357 = DIRECTION ( 'NONE',  ( -1.000000000000000000, 0.000000000000000000, 0.000000000000000000 ) ) ;
#358 = PLANE ( 'NONE',  #679 ) ;
#359 = CARTESIAN_POINT ( 'NONE',  ( -3.389999999999999680, -5.450000000000000178, 0.3199999999999965095 ) ) ;
#360 = LINE ( 'NONE', #1790, #1046 ) ;
#361 = EDGE_CURVE ( 'NONE', #486, #1618, #1244, .T. ) ;
#362 = DIRECTION ( 'NONE',  ( 0.000000000000000000, 0.000000000000000000, -1.000000000000000000 ) ) ;
#363 = LINE ( 'NONE', #1397, #1724 ) ;
#364 = LINE ( 'NONE', #330, #1793 ) ;
#365 = CARTESIAN_POINT ( 'NONE',  ( -4.530000000000000249, -2.250000000000000000, 0.3199999999999999512 ) ) ;
#366 = DIRECTION ( 'NONE',  ( 0.000000000000000000, -1.000000000000000000, 0.000000000000000000 ) ) ;
#367 = DIRECTION ( 'NONE',  ( 0.000000000000000000, -1.188745405016987901E-16, 1.000000000000000000 ) ) ;
#368 = VECTOR ( 'NONE', #1726, 1000.000000000000000 ) ;
#369 = FACE_OUTER_BOUND ( 'NONE', #180, .T. ) ;
#370 = DIRECTION ( 'NONE',  ( -1.000000000000000000, 0.000000000000000000, 0.000000000000000000 ) ) ;
#371 = VECTOR ( 'NONE', #1686, 1000.000000000000000 ) ;
#372 = VECTOR ( 'NONE', #1898, 1000.000000000000000 ) ;
#373 = DIRECTION ( 'NONE',  ( 0.000000000000000000, 0.000000000000000000, 1.000000000000000000 ) ) ;
#374 = DIRECTION ( 'NONE',  ( -1.000000000000000000, 0.000000000000000000, 0.000000000000000000 ) ) ;
#375 = PRESENTATION_LAYER_ASSIGNMENT (  '', '', ( #804 ) ) ;
#376 = FACE_OUTER_BOUND ( 'NONE', #805, .T. ) ;
#377 = DIRECTION ( 'NONE',  ( 0.000000000000000000, -1.000000000000000000, 0.000000000000000000 ) ) ;
#378 = EDGE_CURVE ( 'NONE', #383, #1974, #1223, .T. ) ;
#379 = LINE ( 'NONE', #605, #429 ) ;
#380 = FACE_OUTER_BOUND ( 'NONE', #281, .T. ) ;
#381 = DIRECTION ( 'NONE',  ( -1.000000000000000000, 0.000000000000000000, 9.510545372679860126E-17 ) ) ;
#382 = PLANE ( 'NONE',  #1857 ) ;
#383 = VERTEX_POINT ( 'NONE', #152 ) ;
#384 = LINE ( 'NONE', #570, #1750 ) ;
#385 = VECTOR ( 'NONE', #752, 999.9999999999998863 ) ;
#386 = DIRECTION ( 'NONE',  ( 0.000000000000000000, 1.000000000000000000, 0.000000000000000000 ) ) ;
#387 = DIRECTION ( 'NONE',  ( 0.000000000000000000, 1.000000000000000000, 0.000000000000000000 ) ) ;
#388 = VERTEX_POINT ( 'NONE', #946 ) ;
#389 = VECTOR ( 'NONE', #930, 1000.000000000000000 ) ;
#390 = LINE ( 'NONE', #1762, #1058 ) ;
#391 = ORIENTED_EDGE ( 'NONE', *, *, #1604, .T. ) ;
#392 = ADVANCED_FACE ( 'NONE', ( #674 ), #1087, .F. ) ;
#393 = LINE ( 'NONE', #938, #1042 ) ;
#394 = CARTESIAN_POINT ( 'NONE',  ( -4.003240161300515076, -10.03486349587588045, -0.2932401613005184982 ) ) ;
#395 = EDGE_CURVE ( 'NONE', #388, #494, #667, .T. ) ;
#396 = VECTOR ( 'NONE', #877, 1000.000000000000000 ) ;
#397 = VERTEX_POINT ( 'NONE', #477 ) ;
#398 = FACE_OUTER_BOUND ( 'NONE', #583, .T. ) ;
#399 = LINE ( 'NONE', #1648, #1086 ) ;
#400 = EDGE_CURVE ( 'NONE', #1103, #966, #2051, .T. ) ;
#401 = DIRECTION ( 'NONE',  ( 1.000000000000000000, 0.000000000000000000, 9.510545372679860126E-17 ) ) ;
#402 = DIRECTION ( 'NONE',  ( -1.000000000000000000, 0.000000000000000000, 0.000000000000000000 ) ) ;
#403 = ORIENTED_EDGE ( 'NONE', *, *, #336, .F. ) ;
#404 = FACE_BOUND ( 'NONE', #37, .T. ) ;
#405 = LINE ( 'NONE', #248, #443 ) ;
#406 = CARTESIAN_POINT ( 'NONE',  ( 4.530000000000000249, 5.450000000000000178, 0.02882381258703713145 ) ) ;
#407 = LINE ( 'NONE', #1368, #389 ) ;
#408 = VECTOR ( 'NONE', #120, 1000.000000000000000 ) ;
#409 = AXIS2_PLACEMENT_3D ( 'NONE', #1514, #899, #1162 ) ;
#410 = ADVANCED_FACE ( 'NONE', ( #2046 ), #277, .F. ) ;
#411 = ORIENTED_EDGE ( 'NONE', *, *, #1698, .F. ) ;
#412 = LINE ( 'NONE', #990, #1099 ) ;
#413 = CARTESIAN_POINT ( 'NONE',  ( 4.238823812587040329, 5.450000000000000178, 0.02882381258703713145 ) ) ;
#414 = EDGE_CURVE ( 'NONE', #994, #122, #1345, .T. ) ;
#415 = ORIENTED_EDGE ( 'NONE', *, *, #1194, .T. ) ;
#416 = LINE ( 'NONE', #1862, #1773 ) ;
#417 = CARTESIAN_POINT ( 'NONE',  ( 1.949999999999999956, -5.450000000000000178, -2.250000000000000444 ) ) ;
#418 = ORIENTED_EDGE ( 'NONE', *, *, #650, .T. ) ;
#419 = FACE_OUTER_BOUND ( 'NONE', #540, .T. ) ;
#420 = CARTESIAN_POINT ( 'NONE',  ( 4.238823812587040329, 5.450000000000000178, -0.5288238125870380335 ) ) ;
#421 = PLANE ( 'NONE',  #1387 ) ;
#422 = ORIENTED_EDGE ( 'NONE', *, *, #1921, .F. ) ;
#423 = ORIENTED_EDGE ( 'NONE', *, *, #1187, .T. ) ;
#424 = VECTOR ( 'NONE', #640, 1000.000000000000000 ) ;
#425 = CARTESIAN_POINT ( 'NONE',  ( 1.949999999999999956, -2.250000000000000000, -2.250000000000000444 ) ) ;
#426 = DIRECTION ( 'NONE',  ( 0.000000000000000000, 1.188745405016987901E-16, -1.000000000000000000 ) ) ;
#427 = ADVANCED_FACE ( 'NONE', ( #2050 ), #1391, .F. ) ;
#428 = VERTEX_POINT ( 'NONE', #967 ) ;
#429 = VECTOR ( 'NONE', #1549, 1000.000000000000000 ) ;
#430 = SURFACE_STYLE_FILL_AREA ( #339 ) ;
#431 = PLANE ( 'NONE',  #1247 ) ;
#432 = CARTESIAN_POINT ( 'NONE',  ( 4.709999999999999964, 1.625715246322104957, -4.250000000000000000 ) ) ;
#433 = ORIENTED_EDGE ( 'NONE', *, *, #348, .T. ) ;
#434 = DIRECTION ( 'NONE',  ( -1.000000000000000000, 0.000000000000000000, 9.510545372679860126E-17 ) ) ;
#435 = EDGE_CURVE ( 'NONE', #388, #1363, #698, .T. ) ;
#436 = PRODUCT_DEFINITION_SHAPE ( 'NONE', 'NONE',  #1545 ) ;
#437 = ORIENTED_EDGE ( 'NONE', *, *, #1460, .F. ) ;
#438 = DIRECTION ( 'NONE',  ( -0.3236155771181828955, 0.8891264907159897035, -0.3236155771181828955 ) ) ;
#439 = EDGE_CURVE ( 'NONE', #928, #486, #660, .T. ) ;
#440 = LINE ( 'NONE', #1328, #385 ) ;
#441 = ORIENTED_EDGE ( 'NONE', *, *, #198, .T. ) ;
#442 = DIRECTION ( 'NONE',  ( 0.000000000000000000, -1.000000000000000000, 0.000000000000000000 ) ) ;
#443 = VECTOR ( 'NONE', #714, 1000.000000000000000 ) ;
#444 = ADVANCED_FACE ( 'NONE', ( #641 ), #956, .F. ) ;
#445 = VERTEX_POINT ( 'NONE', #1118 ) ;
#446 = CARTESIAN_POINT ( 'NONE',  ( -1.979999999999999982, 5.450000000000000178, 0.02882381258703388058 ) ) ;
#447 = CARTESIAN_POINT ( 'NONE',  ( 3.389999999999999680, -5.450000000000000178, 0.3199999999999999512 ) ) ;
#448 = EDGE_CURVE ( 'NONE', #1723, #2003, #1339, .T. ) ;
#449 = EDGE_CURVE ( 'NONE', #296, #333, #622, .T. ) ;
#450 = ORIENTED_EDGE ( 'NONE', *, *, #1034, .F. ) ;
#451 = AXIS2_PLACEMENT_3D ( 'NONE', #13, #189, #1609 ) ;
#452 = DIRECTION ( 'NONE',  ( 0.000000000000000000, 0.000000000000000000, 1.000000000000000000 ) ) ;
#453 = ORIENTED_EDGE ( 'NONE', *, *, #171, .T. ) ;
#454 = AXIS2_PLACEMENT_3D ( 'NONE', #18, #482, #612 ) ;
#455 = VECTOR ( 'NONE', #229, 1000.000000000000000 ) ;
#456 = AXIS2_PLACEMENT_3D ( 'NONE', #1993, #556, #1179 ) ;
#457 = ADVANCED_FACE ( 'NONE', ( #1334 ), #1015, .F. ) ;
#458 = DIRECTION ( 'NONE',  ( 1.000000000000000000, 0.000000000000000000, 0.000000000000000000 ) ) ;
#459 = CARTESIAN_POINT ( 'NONE',  ( 3.681176187412965373, 5.450000000000000178, 0.02882381258703718696 ) ) ;
#460 = VECTOR ( 'NONE', #1130, 1000.000000000000000 ) ;
#461 = EDGE_CURVE ( 'NONE', #655, #1821, #1302, .T. ) ;
#462 = ORIENTED_EDGE ( 'NONE', *, *, #448, .F. ) ;
#464 = DIRECTION ( 'NONE',  ( 0.000000000000000000, 0.6156614753256620665, -0.7880107536067189056 ) ) ;
#463 = UNCERTAINTY_MEASURE_WITH_UNIT (LENGTH_MEASURE( 1.000000000000000082E-05 ), #1838, 'distance_accuracy_value', 'NONE');
#465 = LINE ( 'NONE', #1969, #468 ) ;
#466 = DIRECTION ( 'NONE',  ( 0.000000000000000000, 0.000000000000000000, -1.000000000000000000 ) ) ;
#467 = PLANE ( 'NONE',  #1771 ) ;
#468 = VECTOR ( 'NONE', #71, 1000.000000000000000 ) ;
#469 = CARTESIAN_POINT ( 'NONE',  ( 3.389999999999999680, -5.450000000000000178, -0.8199999999999999512 ) ) ;
#470 = CARTESIAN_POINT ( 'NONE',  ( -3.389999999999999680, -5.450000000000000178, 0.3199999999999965095 ) ) ;
#471 = VERTEX_POINT ( 'NONE', #977 ) ;
#472 = FACE_OUTER_BOUND ( 'NONE', #1462, .T. ) ;
#473 = PRODUCT_DEFINITION_SHAPE ( 'NONE', 'NONE',  #699 ) ;
#474 = CARTESIAN_POINT ( 'NONE',  ( -0.5699999999999999512, -9.150000000000000355, 0.3199999999999999512 ) ) ;
#475 = EDGE_LOOP ( 'NONE', ( #2053, #682, #1587, #1198 ) ) ;
#476 = ADVANCED_FACE ( 'NONE', ( #654 ), #1523, .F. ) ;
#477 = CARTESIAN_POINT ( 'NONE',  ( -4.709999999999999964, 2.047043118582074772, -2.250000000000000444 ) ) ;
#478 = PLANE ( 'NONE',  #675 ) ;
#479 = AXIS2_PLACEMENT_3D ( 'NONE', #1780, #726, #58 ) ;
#480 = ORIENTED_EDGE ( 'NONE', *, *, #1135, .T. ) ;
#481 = VECTOR ( 'NONE', #1435, 1000.000000000000000 ) ;
#482 = DIRECTION ( 'NONE',  ( -1.000000000000000000, 0.000000000000000000, 0.000000000000000000 ) ) ;
#483 = EDGE_CURVE ( 'NONE', #1476, #1243, #2043, .T. ) ;
#484 = ORIENTED_EDGE ( 'NONE', *, *, #983, .T. ) ;
#485 = EDGE_CURVE ( 'NONE', #284, #1605, #1353, .T. ) ;
#486 = VERTEX_POINT ( 'NONE', #1466 ) ;
#487 = VECTOR ( 'NONE', #1568, 999.9999999999998863 ) ;
#488 = EDGE_LOOP ( 'NONE', ( #411, #1431, #1968, #117, #1074, #1914, #649, #1490, #1184, #783 ) ) ;
#489 = DIRECTION ( 'NONE',  ( 0.000000000000000000, -1.188745405016987901E-16, 1.000000000000000000 ) ) ;
#490 = DIRECTION ( 'NONE',  ( 0.9396926207859092051, 0.3420201433256665480, 4.065748738016377037E-17 ) ) ;
#491 = ORIENTED_EDGE ( 'NONE', *, *, #1644, .F. ) ;
#492 = EDGE_CURVE ( 'NONE', #1755, #2003, #1355, .T. ) ;
#493 = DIRECTION ( 'NONE',  ( 1.000000000000000000, 0.000000000000000000, 9.510545372679860126E-17 ) ) ;
#494 = VERTEX_POINT ( 'NONE', #543 ) ;
#495 = ORIENTED_EDGE ( 'NONE', *, *, #969, .T. ) ;
#496 = DIRECTION ( 'NONE',  ( 0.000000000000000000, 1.188745405016987901E-16, -1.000000000000000000 ) ) ;
#497 = SURFACE_STYLE_USAGE ( .BOTH. , #1617 ) ;
#498 = EDGE_LOOP ( 'NONE', ( #204, #1331, #162, #1123 ) ) ;
#499 = CARTESIAN_POINT ( 'NONE',  ( -0.5699999999999999512, -8.349999999999999645, 0.3199999999999999512 ) ) ;
#500 = ORIENTED_EDGE ( 'NONE', *, *, #218, .F. ) ;
#501 = DIRECTION ( 'NONE',  ( 9.510545372679860126E-17, 0.000000000000000000, -1.000000000000000000 ) ) ;
#502 = VERTEX_POINT ( 'NONE', #515 ) ;
#503 = AXIS2_PLACEMENT_3D ( 'NONE', #703, #1329, #1799 ) ;
#504 = EDGE_LOOP ( 'NONE', ( #1871, #1206, #916, #914 ) ) ;
#505 = DIRECTION ( 'NONE',  ( 0.000000000000000000, -1.000000000000000000, 0.000000000000000000 ) ) ;
#506 = CARTESIAN_POINT ( 'NONE',  ( 0.5699999999999999512, 5.450000000000000178, 0.02882381258703713145 ) ) ;
#507 = EDGE_CURVE ( 'NONE', #1288, #262, #1359, .T. ) ;
#508 = VECTOR ( 'NONE', #1931, 1000.000000000000114 ) ;
#509 = CARTESIAN_POINT ( 'NONE',  ( 1.949999999999999956, 1.625715246322104957, -4.250000000000000000 ) ) ;
#510 =( NAMED_UNIT ( * ) SI_UNIT ( $, .STERADIAN. ) SOLID_ANGLE_UNIT ( ) );
#511 = DIRECTION ( 'NONE',  ( -0.3236155771181827845, -0.8891264907159894815, -0.3236155771181833396 ) ) ;
#512 = ORIENTED_EDGE ( 'NONE', *, *, #1389, .T. ) ;
#513 = LINE ( 'NONE', #1120, #1884 ) ;
#514 = ORIENTED_EDGE ( 'NONE', *, *, #1092, .T. ) ;
#515 = CARTESIAN_POINT ( 'NONE',  ( 5.910000000000000142, -5.450000000000000178, -2.250000000000000444 ) ) ;
#516 = CARTESIAN_POINT ( 'NONE',  ( -3.389999999999999680, -5.450000000000000178, 0.3199999999999959543 ) ) ;
#517 = ORIENTED_EDGE ( 'NONE', *, *, #157, .T. ) ;
#518 = DIRECTION ( 'NONE',  ( 0.000000000000000000, -1.000000000000000000, 0.000000000000000000 ) ) ;
#519 = PLANE ( 'NONE',  #312 ) ;
#520 = VERTEX_POINT ( 'NONE', #1137 ) ;
#521 = EDGE_LOOP ( 'NONE', ( #1850, #1175, #234, #1221 ) ) ;
#522 =( NAMED_UNIT ( * ) SI_UNIT ( $, .STERADIAN. ) SOLID_ANGLE_UNIT ( ) );
#523 = CARTESIAN_POINT ( 'NONE',  ( 1.949999999999999956, 1.625715246322104957, -4.250000000000000000 ) ) ;
#524 = ORIENTED_EDGE ( 'NONE', *, *, #788, .F. ) ;
#525 = LINE ( 'NONE', #59, #1204 ) ;
#526 = CLOSED_SHELL ( 'NONE', ( #779, #1844, #577, #1702, #316, #1615, #7, #920, #1749, #1715, #1687, #1561, #2056, #1255, #1900, #1049, #741, #1416, #1066, #245, #1032, #1945, #457, #392, #941, #323, #286, #1602, #1354 ) ) ;
#527 = AXIS2_PLACEMENT_3D ( 'NONE', #1186, #1874, #2059 ) ;
#528 = ORIENTED_EDGE ( 'NONE', *, *, #1284, .T. ) ;
#529 = EDGE_CURVE ( 'NONE', #1013, #2057, #1995, .T. ) ;
#530 = CARTESIAN_POINT ( 'NONE',  ( -0.5699999999999999512, -9.150000000000000355, -0.8199999999999999512 ) ) ;
#531 = LINE ( 'NONE', #359, #460 ) ;
#532 = DIRECTION ( 'NONE',  ( -1.000000000000000000, 0.000000000000000000, 0.000000000000000000 ) ) ;
#533 = LINE ( 'NONE', #681, #597 ) ;
#534 = ORIENTED_EDGE ( 'NONE', *, *, #1107, .T. ) ;
#535 = EDGE_CURVE ( 'NONE', #1098, #1103, #686, .T. ) ;
#536 = CARTESIAN_POINT ( 'NONE',  ( -0.5699999999999999512, -2.250000000000000000, -0.8199999999999999512 ) ) ;
#537 = PLANE ( 'NONE',  #328 ) ;
#538 = VECTOR ( 'NONE', #790, 1000.000000000000000 ) ;
#539 = CARTESIAN_POINT ( 'NONE',  ( 4.530000000000000249, -8.349999999999999645, 0.3199999999999999512 ) ) ;
#540 = EDGE_LOOP ( 'NONE', ( #1232, #1178, #327, #571 ) ) ;
#541 = LINE ( 'NONE', #937, #1293 ) ;
#542 = ORIENTED_EDGE ( 'NONE', *, *, #1165, .F. ) ;
#543 = CARTESIAN_POINT ( 'NONE',  ( -0.5699999999999999512, -8.349999999999999645, -0.8199999999999999512 ) ) ;
#544 = LINE ( 'NONE', #268, #1237 ) ;
#545 = CARTESIAN_POINT ( 'NONE',  ( 3.389999999999999680, 4.649999999999999467, -0.8199999999999999512 ) ) ;
#546 = ORIENTED_EDGE ( 'NONE', *, *, #1721, .T. ) ;
#547 = CARTESIAN_POINT ( 'NONE',  ( -0.2758051799627379563, 5.458293624972888836, 0.02580517996273850451 ) ) ;
#548 = ORIENTED_EDGE ( 'NONE', *, *, #1341, .F. ) ;
#549 = LINE ( 'NONE', #1291, #1290 ) ;
#550 = ORIENTED_EDGE ( 'NONE', *, *, #361, .F. ) ;
#551 = CARTESIAN_POINT ( 'NONE',  ( -4.709999999999999964, -9.150000000000000355, -4.250000000000000000 ) ) ;
#552 = CARTESIAN_POINT ( 'NONE',  ( 4.709999999999999964, 3.950000000000000178, -3.650000000000000355 ) ) ;
#553 = FACE_OUTER_BOUND ( 'NONE', #746, .T. ) ;
#554 = ORIENTED_EDGE ( 'NONE', *, *, #608, .F. ) ;
#555 = AXIS2_PLACEMENT_3D ( 'NONE', #1642, #225, #1141 ) ;
#556 = DIRECTION ( 'NONE',  ( 0.9396926207859092051, 0.3420201433256665480, 4.065748738016377037E-17 ) ) ;
#557 = AXIS2_PLACEMENT_3D ( 'NONE', #265, #1539, #563 ) ;
#558 = VECTOR ( 'NONE', #377, 1000.000000000000000 ) ;
#559 = ORIENTED_EDGE ( 'NONE', *, *, #1895, .T. ) ;
#560 = AXIS2_PLACEMENT_3D ( 'NONE', #798, #1097, #1267 ) ;
#561 = ORIENTED_EDGE ( 'NONE', *, *, #97, .T. ) ;
#562 = VECTOR ( 'NONE', #1067, 999.9999999999998863 ) ;
#563 = DIRECTION ( 'NONE',  ( 0.000000000000000000, -1.000000000000000000, -1.431746200824540085E-16 ) ) ;
#564 = EDGE_LOOP ( 'NONE', ( #1906, #1934, #524, #548 ) ) ;
#565 = ORIENTED_EDGE ( 'NONE', *, *, #181, .F. ) ;
#566 = DIRECTION ( 'NONE',  ( -0.3236155771181828955, -0.8891264907159897035, 0.3236155771181828955 ) ) ;
#567 = LINE ( 'NONE', #722, #594 ) ;
#568 = CARTESIAN_POINT ( 'NONE',  ( 4.709999999999999964, 3.950000000000000178, -2.850000000000000089 ) ) ;
#569 = EDGE_LOOP ( 'NONE', ( #975, #2028, #1292, #1985 ) ) ;
#570 = CARTESIAN_POINT ( 'NONE',  ( -4.530000000000000249, -5.450000000000000178, 0.3199999999999959543 ) ) ;
#571 = ORIENTED_EDGE ( 'NONE', *, *, #1921, .T. ) ;
#572 = EDGE_LOOP ( 'NONE', ( #927, #1146, #607, #260 ) ) ;
#573 = DIRECTION ( 'NONE',  ( 0.000000000000000000, 0.000000000000000000, 1.000000000000000000 ) ) ;
#574 = LINE ( 'NONE', #1806, #606 ) ;
#575 = DIRECTION ( 'NONE',  ( 0.000000000000000000, 0.000000000000000000, 1.000000000000000000 ) ) ;
#576 = ORIENTED_EDGE ( 'NONE', *, *, #725, .F. ) ;
#577 = ADVANCED_FACE ( 'NONE', ( #2033 ), #1928, .F. ) ;
#578 = EDGE_LOOP ( 'NONE', ( #219, #215, #500, #932 ) ) ;
#579 = LINE ( 'NONE', #1425, #1975 ) ;
#580 = ORIENTED_EDGE ( 'NONE', *, *, #1371, .T. ) ;
#581 = DIRECTION ( 'NONE',  ( -1.000000000000000000, 0.000000000000000000, 0.000000000000000000 ) ) ;
#582 = CARTESIAN_POINT ( 'NONE',  ( -0.2788238125870364792, -9.150000000000000355, -0.5288238125870380335 ) ) ;
#583 = EDGE_LOOP ( 'NONE', ( #1317, #1965, #249, #1599 ) ) ;
#584 = AXIS2_PLACEMENT_3D ( 'NONE', #1961, #1746, #320 ) ;
#585 = VECTOR ( 'NONE', #1025, 999.9999999999998863 ) ;
#586 = CARTESIAN_POINT ( 'NONE',  ( -0.5699999999999999512, 5.450000000000000178, -0.8199999999999999512 ) ) ;
#587 = ORIENTED_EDGE ( 'NONE', *, *, #1596, .F. ) ;
#588 = PLANE ( 'NONE',  #945 ) ;
#589 = FACE_OUTER_BOUND ( 'NONE', #488, .T. ) ;
#590 = ORIENTED_EDGE ( 'NONE', *, *, #1608, .F. ) ;
#591 = EDGE_CURVE ( 'NONE', #1348, #1719, #1377, .T. ) ;
#592 = EDGE_LOOP ( 'NONE', ( #753, #415, #105, #1300 ) ) ;
#593 = CARTESIAN_POINT ( 'NONE',  ( 4.530000000000000249, 4.649999999999999467, 0.3199999999999999512 ) ) ;
#594 = VECTOR ( 'NONE', #1548, 1000.000000000000000 ) ;
#595 = ORIENTED_EDGE ( 'NONE', *, *, #1744, .F. ) ;
#596 = EDGE_LOOP ( 'NONE', ( #300, #313, #980, #1998 ) ) ;
#597 = VECTOR ( 'NONE', #1394, 1000.000000000000000 ) ;
#598 = ORIENTED_EDGE ( 'NONE', *, *, #2018, .F. ) ;
#599 = ADVANCED_FACE ( 'NONE', ( #651 ), #1665, .F. ) ;
#600 = CARTESIAN_POINT ( 'NONE',  ( -4.709999999999999964, 1.625715246322104957, -4.250000000000000000 ) ) ;
#601 = VERTEX_POINT ( 'NONE', #1761 ) ;
#602 = FACE_OUTER_BOUND ( 'NONE', #943, .T. ) ;
#603 = DIRECTION ( 'NONE',  ( 0.000000000000000000, 1.188745405016987901E-16, -1.000000000000000000 ) ) ;
#604 = EDGE_LOOP ( 'NONE', ( #318, #129, #1675, #1682 ) ) ;
#605 = CARTESIAN_POINT ( 'NONE',  ( -0.5699999999999999512, -2.250000000000000000, -0.8199999999999999512 ) ) ;
#606 = VECTOR ( 'NONE', #1976, 1000.000000000000000 ) ;
#607 = ORIENTED_EDGE ( 'NONE', *, *, #969, .F. ) ;
#608 = EDGE_CURVE ( 'NONE', #340, #1885, #1369, .T. ) ;
#609 = ORIENTED_EDGE ( 'NONE', *, *, #864, .T. ) ;
#610 = PLANE ( 'NONE',  #1125 ) ;
#611 = LINE ( 'NONE', #1228, #1958 ) ;
#612 = DIRECTION ( 'NONE',  ( 0.000000000000000000, 0.000000000000000000, 1.000000000000000000 ) ) ;
#613 = EDGE_LOOP ( 'NONE', ( #1541, #437, #1132, #2001 ) ) ;
#614 = PLANE ( 'NONE',  #1414 ) ;
#615 = EDGE_LOOP ( 'NONE', ( #955, #11, #1684, #47 ) ) ;
#616 = PRODUCT_RELATED_PRODUCT_CATEGORY ( 'part', '', ( #976 ) ) ;
#617 = LINE ( 'NONE', #1448, #538 ) ;
#618 = DIRECTION ( 'NONE',  ( 0.000000000000000000, 1.000000000000000000, 0.000000000000000000 ) ) ;
#619 = DIRECTION ( 'NONE',  ( 0.000000000000000000, -1.000000000000000000, 0.000000000000000000 ) ) ;
#620 = EDGE_CURVE ( 'NONE', #625, #308, #2000, .T. ) ;
#621 = VERTEX_POINT ( 'NONE', #499 ) ;
#622 = LINE ( 'NONE', #1327, #2012 ) ;
#623 = ADVANCED_FACE ( 'NONE', ( #2038 ), #892, .F. ) ;
#624 = CARTESIAN_POINT ( 'NONE',  ( -3.389999999999999680, -2.250000000000000000, 0.3199999999999965095 ) ) ;
#625 = VERTEX_POINT ( 'NONE', #329 ) ;
#626 = CARTESIAN_POINT ( 'NONE',  ( 4.709999999999999964, 1.625715246322104957, -4.250000000000000000 ) ) ;
#627 = EDGE_CURVE ( 'NONE', #1524, #1103, #1372, .T. ) ;
#628 = VECTOR ( 'NONE', #442, 1000.000000000000000 ) ;
#629 = VECTOR ( 'NONE', #1073, 1000.000000000000000 ) ;
#630 = CARTESIAN_POINT ( 'NONE',  ( -4.530000000000000249, -5.450000000000000178, 0.3199999999999959543 ) ) ;
#631 = EDGE_LOOP ( 'NONE', ( #142, #422, #1238, #151 ) ) ;
#632 = LINE ( 'NONE', #2014, #1310 ) ;
#633 = CARTESIAN_POINT ( 'NONE',  ( 3.681176187412965373, -9.150000000000000355, -3.046446609406735728 ) ) ;
#634 = DIRECTION ( 'NONE',  ( -1.000000000000000000, 0.000000000000000000, 9.510545372679860126E-17 ) ) ;
#635 = ORIENTED_EDGE ( 'NONE', *, *, #435, .T. ) ;
#636 = EDGE_CURVE ( 'NONE', #445, #298, #694, .T. ) ;
#637 = FACE_OUTER_BOUND ( 'NONE', #1183, .T. ) ;
#638 = DIRECTION ( 'NONE',  ( -1.000000000000000000, 0.000000000000000000, 0.000000000000000000 ) ) ;
#639 = ORIENTED_EDGE ( 'NONE', *, *, #1680, .F. ) ;
#640 = DIRECTION ( 'NONE',  ( 0.000000000000000000, -1.188745405016987901E-16, 1.000000000000000000 ) ) ;
#641 = FACE_OUTER_BOUND ( 'NONE', #126, .T. ) ;
#642 = DIRECTION ( 'NONE',  ( 1.000000000000000000, -2.613000865813674921E-16, 0.000000000000000000 ) ) ;
#643 = ADVANCED_FACE ( 'NONE', ( #637 ), #431, .F. ) ;
#644 = CARTESIAN_POINT ( 'NONE',  ( -4.530000000000000249, -8.349999999999999645, -0.8199999999999999512 ) ) ;
#645 = VECTOR ( 'NONE', #603, 1000.000000000000000 ) ;
#646 = CARTESIAN_POINT ( 'NONE',  ( -3.681176187412965373, -9.150000000000000355, 0.02882381258703328383 ) ) ;
#647 = ORIENTED_EDGE ( 'NONE', *, *, #808, .T. ) ;
#648 = PRESENTATION_LAYER_ASSIGNMENT (  '', '', ( #134 ) ) ;
#649 = ORIENTED_EDGE ( 'NONE', *, *, #171, .F. ) ;
#650 = EDGE_CURVE ( 'NONE', #1422, #428, #1375, .T. ) ;
#651 = FACE_OUTER_BOUND ( 'NONE', #665, .T. ) ;
#652 = CARTESIAN_POINT ( 'NONE',  ( 0.000000000000000000, 5.450000000000000178, 0.2500000000000000000 ) ) ;
#653 = ORIENTED_EDGE ( 'NONE', *, *, #707, .F. ) ;
#654 = FACE_OUTER_BOUND ( 'NONE', #2039, .T. ) ;
#655 = VERTEX_POINT ( 'NONE', #1825 ) ;
#656 = EDGE_CURVE ( 'NONE', #901, #1323, #1316, .T. ) ;
#657 = DIRECTION ( 'NONE',  ( 0.000000000000000000, 1.000000000000000000, 1.431746200824540085E-16 ) ) ;
#658 = ORIENTED_EDGE ( 'NONE', *, *, #591, .T. ) ;
#659 = CARTESIAN_POINT ( 'NONE',  ( -4.530000000000000249, -8.349999999999999645, -0.8199999999999999512 ) ) ;
#660 = LINE ( 'NONE', #1720, #683 ) ;
#661 = CARTESIAN_POINT ( 'NONE',  ( 4.709999999999999964, -5.450000000000000178, -2.250000000000000444 ) ) ;
#662 = ORIENTED_EDGE ( 'NONE', *, *, #987, .T. ) ;
#663 = CARTESIAN_POINT ( 'NONE',  ( 0.2788238125870384776, 5.450000000000000178, -0.5288238125870380335 ) ) ;
#664 = VECTOR ( 'NONE', #1384, 1000.000000000000000 ) ;
#665 = EDGE_LOOP ( 'NONE', ( #1379, #254, #1592, #528 ) ) ;
#666 = ADVANCED_FACE ( 'NONE', ( #1306 ), #1700, .F. ) ;
#667 = LINE ( 'NONE', #1847, #1349 ) ;
#668 = ORIENTED_EDGE ( 'NONE', *, *, #858, .F. ) ;
#669 = FILL_AREA_STYLE ('',( #786 ) ) ;
#670 = EDGE_LOOP ( 'NONE', ( #1948, #43, #1190, #1367 ) ) ;
#671 = VECTOR ( 'NONE', #1594, 999.9999999999998863 ) ;
#672 = DIRECTION ( 'NONE',  ( 1.000000000000000000, 1.130561711097875993E-32, -9.510545372679860126E-17 ) ) ;
#673 = ORIENTED_EDGE ( 'NONE', *, *, #492, .T. ) ;
#674 = FACE_OUTER_BOUND ( 'NONE', #613, .T. ) ;
#675 = AXIS2_PLACEMENT_3D ( 'NONE', #1877, #501, #688 ) ;
#676 = CARTESIAN_POINT ( 'NONE',  ( -0.5699999999999999512, -5.450000000000000178, -0.8199999999999999512 ) ) ;
#677 = VECTOR ( 'NONE', #1647, 1000.000000000000000 ) ;
#678 =( LENGTH_UNIT ( ) NAMED_UNIT ( * ) SI_UNIT ( .MILLI., .METRE. ) );
#679 = AXIS2_PLACEMENT_3D ( 'NONE', #87, #1826, #1031 ) ;
#680 = AXIS2_PLACEMENT_3D ( 'NONE', #206, #89, #1999 ) ;
#681 = CARTESIAN_POINT ( 'NONE',  ( 1.949999999999999956, -2.250000000000000000, 4.250000000000000000 ) ) ;
#682 = ORIENTED_EDGE ( 'NONE', *, *, #830, .T. ) ;
#683 = VECTOR ( 'NONE', #1709, 1000.000000000000000 ) ;
#684 = ADVANCED_FACE ( 'NONE', ( #2006 ), #610, .T. ) ;
#685 = EDGE_LOOP ( 'NONE', ( #534, #391, #1926, #1959 ) ) ;
#686 = LINE ( 'NONE', #866, #2058 ) ;
#687 = DIRECTION ( 'NONE',  ( -9.510545372679860126E-17, 0.000000000000000000, -1.000000000000000000 ) ) ;
#688 = DIRECTION ( 'NONE',  ( 0.000000000000000000, -1.000000000000000000, 0.000000000000000000 ) ) ;
#689 = VECTOR ( 'NONE', #1343, 1000.000000000000000 ) ;
#690 = EDGE_CURVE ( 'NONE', #1269, #1638, #1342, .T. ) ;
#691 = ORIENTED_EDGE ( 'NONE', *, *, #2047, .T. ) ;
#692 = DIRECTION ( 'NONE',  ( -0.3236155771181828955, 0.8891264907159897035, -0.3236155771181828955 ) ) ;
#693 = VECTOR ( 'NONE', #341, 1000.000000000000000 ) ;
#694 = LINE ( 'NONE', #908, #664 ) ;
#695 = DIRECTION ( 'NONE',  ( 8.936989306356838660E-17, 0.3420201433256665480, 0.9396926207859092051 ) ) ;
#696 =( NAMED_UNIT ( * ) PLANE_ANGLE_UNIT ( ) SI_UNIT ( $, .RADIAN. ) );
#697 = PLANE ( 'NONE',  #1676 ) ;
#698 = LINE ( 'NONE', #806, #671 ) ;
#699 = PRODUCT_DEFINITION ( 'UNKNOWN', '', #856, #1739 ) ;
#700 = DIRECTION ( 'NONE',  ( -1.000000000000000000, -1.130561711097875993E-32, 9.510545372679860126E-17 ) ) ;
#701 = STYLED_ITEM ( 'NONE', ( #1324 ), #715 ) ;
#702 = LINE ( 'NONE', #1318, #1443 ) ;
#703 = CARTESIAN_POINT ( 'NONE',  ( 5.910000000000000142, -9.150000000000000355, 0.02882381258703659022 ) ) ;
#704 = DIRECTION ( 'NONE',  ( -0.3236155771181828955, 0.8891264907159897035, -0.3236155771181828955 ) ) ;
#705 = LINE ( 'NONE', #1598, #723 ) ;
#706 = FILL_AREA_STYLE_COLOUR ( '', #145 ) ;
#707 = EDGE_CURVE ( 'NONE', #1671, #655, #632, .T. ) ;
#708 = EDGE_LOOP ( 'NONE', ( #817, #767, #1333, #1484 ) ) ;
#709 = LINE ( 'NONE', #119, #1415 ) ;
#710 = DIRECTION ( 'NONE',  ( 0.000000000000000000, 0.000000000000000000, 1.000000000000000000 ) ) ;
#711 = DIRECTION ( 'NONE',  ( 0.000000000000000000, 1.000000000000000000, 0.000000000000000000 ) ) ;
#712 = LINE ( 'NONE', #1504, #1386 ) ;
#713 = CARTESIAN_POINT ( 'NONE',  ( 4.530000000000000249, -2.250000000000000000, 0.3199999999999999512 ) ) ;
#714 = DIRECTION ( 'NONE',  ( 0.000000000000000000, 1.000000000000000000, 0.000000000000000000 ) ) ;
#715 = MANIFOLD_SOLID_BREP ( 'NONE', #1320 ) ;
#716 = VECTOR ( 'NONE', #704, 999.9999999999998863 ) ;
#717 = EDGE_LOOP ( 'NONE', ( #1977, #965, #1259, #653 ) ) ;
#718 =( NAMED_UNIT ( * ) SI_UNIT ( $, .STERADIAN. ) SOLID_ANGLE_UNIT ( ) );
#719 = CARTESIAN_POINT ( 'NONE',  ( 3.389999999999999680, 5.450000000000000178, -0.8199999999999999512 ) ) ;
#720 = EDGE_CURVE ( 'NONE', #1269, #966, #705, .T. ) ;
#721 = ORIENTED_EDGE ( 'NONE', *, *, #218, .T. ) ;
#722 = CARTESIAN_POINT ( 'NONE',  ( -0.5699999999999999512, 4.649999999999999467, -0.8199999999999999512 ) ) ;
#723 = VECTOR ( 'NONE', #138, 999.9999999999998863 ) ;
#724 = PRODUCT_DEFINITION_FORMATION_WITH_SPECIFIED_SOURCE ( 'ANY', '', #1311, .NOT_KNOWN. ) ;
#725 = EDGE_CURVE ( 'NONE', #1618, #1556, #709, .T. ) ;
#726 = DIRECTION ( 'NONE',  ( 0.000000000000000000, 1.000000000000000000, 1.188745405016987901E-16 ) ) ;
#727 = CARTESIAN_POINT ( 'NONE',  ( -0.2788238125870364792, -9.150000000000000355, -3.046446609406735728 ) ) ;
#728 = ORIENTED_EDGE ( 'NONE', *, *, #720, .F. ) ;
#729 = EDGE_LOOP ( 'NONE', ( #954, #595, #2025, #1286 ) ) ;
#730 = EDGE_CURVE ( 'NONE', #865, #625, #1450, .T. ) ;
#731 =( LENGTH_UNIT ( ) NAMED_UNIT ( * ) SI_UNIT ( .MILLI., .METRE. ) );
#732 = DIRECTION ( 'NONE',  ( -1.624597129635679565E-16, -0.9271838545667897558, -0.3746065934159064081 ) ) ;
#733 = CARTESIAN_POINT ( 'NONE',  ( 3.389999999999999680, 4.649999999999999467, -0.8199999999999999512 ) ) ;
#734 = VERTEX_POINT ( 'NONE', #1552 ) ;
#735 = FACE_OUTER_BOUND ( 'NONE', #1225, .T. ) ;
#736 =( NAMED_UNIT ( * ) PLANE_ANGLE_UNIT ( ) SI_UNIT ( $, .RADIAN. ) );
#737 = DIRECTION ( 'NONE',  ( 4.336808689942015271E-16, 0.000000000000000000, 1.000000000000000000 ) ) ;
#738 = ORIENTED_EDGE ( 'NONE', *, *, #400, .T. ) ;
#739 = EDGE_CURVE ( 'NONE', #843, #994, #1423, .T. ) ;
#740 = VECTOR ( 'NONE', #505, 1000.000000000000000 ) ;
#741 = ADVANCED_FACE ( 'NONE', ( #1401 ), #1181, .F. ) ;
#742 = CLOSED_SHELL ( 'NONE', ( #1495, #1730, #834, #1878, #1189, #1436, #1091, #116, #971, #1114, #140, #1860, #1827, #476 ) ) ;
#743 = CARTESIAN_POINT ( 'NONE',  ( 0.5699999999999999512, -8.349999999999999645, 0.3199999999999999512 ) ) ;
#744 = VECTOR ( 'NONE', #1897, 1000.000000000000000 ) ;
#745 = CARTESIAN_POINT ( 'NONE',  ( -5.910000000000000142, 0.000000000000000000, -2.250000000000000444 ) ) ;
#746 = EDGE_LOOP ( 'NONE', ( #1296, #988, #1446, #1493 ) ) ;
#747 = AXIS2_PLACEMENT_3D ( 'NONE', #1404, #2010, #426 ) ;
#748 = LINE ( 'NONE', #1882, #1421 ) ;
#749 = PLANE ( 'NONE',  #747 ) ;
#750 = AXIS2_PLACEMENT_3D ( 'NONE', #1626, #335, #226 ) ;
#751 = DIRECTION ( 'NONE',  ( 1.000000000000000000, 0.000000000000000000, 9.510545372679860126E-17 ) ) ;
#752 = DIRECTION ( 'NONE',  ( 0.3236155771181828955, -0.8891264907159897035, 0.3236155771181828955 ) ) ;
#753 = ORIENTED_EDGE ( 'NONE', *, *, #246, .T. ) ;
#754 = LINE ( 'NONE', #1650, #1381 ) ;
#755 = EDGE_CURVE ( 'NONE', #1249, #340, #27, .T. ) ;
#756 = ORIENTED_EDGE ( 'NONE', *, *, #1006, .F. ) ;
#757 = DIRECTION ( 'NONE',  ( 0.000000000000000000, 0.000000000000000000, 1.000000000000000000 ) ) ;
#758 = FACE_OUTER_BOUND ( 'NONE', #1230, .T. ) ;
#759 = PLANE ( 'NONE',  #1953 ) ;
#760 = SHAPE_DEFINITION_REPRESENTATION ( #473, #1880 ) ;
#761 = ORIENTED_EDGE ( 'NONE', *, *, #395, .F. ) ;
#762 = LINE ( 'NONE', #812, #73 ) ;
#763 = DIRECTION ( 'NONE',  ( 1.000000000000000000, 0.000000000000000000, 0.000000000000000000 ) ) ;
#764 = ORIENTED_EDGE ( 'NONE', *, *, #1127, .F. ) ;
#765 = LINE ( 'NONE', #1784, #68 ) ;
#766 = CARTESIAN_POINT ( 'NONE',  ( -4.530000000000000249, -2.250000000000000000, 0.3199999999999959543 ) ) ;
#767 = ORIENTED_EDGE ( 'NONE', *, *, #1697, .T. ) ;
#768 = SURFACE_STYLE_FILL_AREA ( #1624 ) ;
#769 = LINE ( 'NONE', #1701, #150 ) ;
#770 = VERTEX_POINT ( 'NONE', #933 ) ;
#771 = DIRECTION ( 'NONE',  ( 1.000000000000000000, 0.000000000000000000, -9.510545372679860126E-17 ) ) ;
#772 = ITEM_DEFINED_TRANSFORMATION ( 'NONE', 'NONE', #49,  #905 ) ;
#773 = FACE_OUTER_BOUND ( 'NONE', #1919, .T. ) ;
#774 = AXIS2_PLACEMENT_3D ( 'NONE', #1003, #1040, #996 ) ;
#775 = EDGE_LOOP ( 'NONE', ( #67, #559, #849, #1505, #1089, #1227, #1553, #349 ) ) ;
#776 = DIRECTION ( 'NONE',  ( -0.3236155771181828955, -0.8891264907159897035, -0.3236155771181828955 ) ) ;
#777 = CARTESIAN_POINT ( 'NONE',  ( -4.530000000000000249, -2.250000000000000000, -0.8199999999999999512 ) ) ;
#778 = EDGE_CURVE ( 'NONE', #1879, #308, #16, .T. ) ;
#779 = ADVANCED_FACE ( 'NONE', ( #758 ), #1093, .F. ) ;
#780 = FACE_OUTER_BOUND ( 'NONE', #1153, .T. ) ;
#781 =( NAMED_UNIT ( * ) SI_UNIT ( $, .STERADIAN. ) SOLID_ANGLE_UNIT ( ) );
#782 = CARTESIAN_POINT ( 'NONE',  ( 4.709999999999999964, -5.096446609406720896, -3.400000000000000355 ) ) ;
#783 = ORIENTED_EDGE ( 'NONE', *, *, #1895, .F. ) ;
#784 = LINE ( 'NONE', #1220, #1459 ) ;
#785 = ORIENTED_EDGE ( 'NONE', *, *, #279, .F. ) ;
#786 = FILL_AREA_STYLE_COLOUR ( '', #344 ) ;
#787 = ORIENTED_EDGE ( 'NONE', *, *, #1632, .T. ) ;
#788 = EDGE_CURVE ( 'NONE', #891, #1098, #44, .T. ) ;
#789 = VECTOR ( 'NONE', #173, 1000.000000000000000 ) ;
#790 = DIRECTION ( 'NONE',  ( 1.000000000000000000, 0.000000000000000000, -9.510545372679860126E-17 ) ) ;
#791 = CARTESIAN_POINT ( 'NONE',  ( 4.530000000000000249, -2.250000000000000000, 0.3199999999999999512 ) ) ;
#792 = VECTOR ( 'NONE', #1001, 1000.000000000000000 ) ;
#793 = LINE ( 'NONE', #1036, #1502 ) ;
#794 = EDGE_CURVE ( 'NONE', #148, #1004, #57, .T. ) ;
#795 = PLANE ( 'NONE',  #1307 ) ;
#796 = ADVANCED_FACE ( 'NONE', ( #1383 ), #1935, .F. ) ;
#797 = ORIENTED_EDGE ( 'NONE', *, *, #997, .T. ) ;
#798 = CARTESIAN_POINT ( 'NONE',  ( -0.2788238125870364792, 5.450000000000000178, 0.000000000000000000 ) ) ;
#799 = VECTOR ( 'NONE', #940, 1000.000000000000000 ) ;
#800 = VERTEX_POINT ( 'NONE', #1440 ) ;
#801 = DIRECTION ( 'NONE',  ( -9.510545372679860126E-17, 0.000000000000000000, 1.000000000000000000 ) ) ;
#802 = VECTOR ( 'NONE', #1972, 1000.000000000000000 ) ;
#803 = DIRECTION ( 'NONE',  ( 0.000000000000000000, 1.000000000000000000, 0.000000000000000000 ) ) ;
#804 = STYLED_ITEM ( 'NONE', ( #309 ), #1122 ) ;
#805 = EDGE_LOOP ( 'NONE', ( #1984, #1846, #495, #239 ) ) ;
#806 = CARTESIAN_POINT ( 'NONE',  ( 0.5424870003492250348, -8.425591345281960187, -0.7924870003492250348 ) ) ;
#807 = CARTESIAN_POINT ( 'NONE',  ( -4.709999999999999964, -5.096446609406720896, -3.400000000000000355 ) ) ;
#808 = EDGE_CURVE ( 'NONE', #1149, #298, #702, .T. ) ;
#809 = VECTOR ( 'NONE', #1096, 1000.000000000000000 ) ;
#810 = LINE ( 'NONE', #1543, #131 ) ;
#811 = PRESENTATION_STYLE_ASSIGNMENT (( #210 ) ) ;
#812 = CARTESIAN_POINT ( 'NONE',  ( 5.910000000000000142, -5.450000000000000178, -3.046446609406735728 ) ) ;
#813 = DIRECTION ( 'NONE',  ( 1.000000000000000000, 0.000000000000000000, 7.228014483236710360E-16 ) ) ;
#814 = ORIENTED_EDGE ( 'NONE', *, *, #1635, .T. ) ;
#815 = LINE ( 'NONE', #346, #1482 ) ;
#816 = ADVANCED_FACE ( 'NONE', ( #1439 ), #1488, .F. ) ;
#817 = ORIENTED_EDGE ( 'NONE', *, *, #1486, .T. ) ;
#818 = CARTESIAN_POINT ( 'NONE',  ( -4.530000000000000249, -5.450000000000000178, 0.3199999999999959543 ) ) ;
#819 = LINE ( 'NONE', #1062, #828 ) ;
#820 = DIRECTION ( 'NONE',  ( 1.000000000000000000, 0.000000000000000000, 0.000000000000000000 ) ) ;
#821 = ORIENTED_EDGE ( 'NONE', *, *, #56, .T. ) ;
#822 = FACE_OUTER_BOUND ( 'NONE', #2017, .T. ) ;
#823 = DIRECTION ( 'NONE',  ( 0.000000000000000000, 0.000000000000000000, 1.000000000000000000 ) ) ;
#824 = PLANE ( 'NONE',  #944 ) ;
#825 = LINE ( 'NONE', #432, #1519 ) ;
#826 = EDGE_CURVE ( 'NONE', #625, #199, #10, .T. ) ;
#827 = ORIENTED_EDGE ( 'NONE', *, *, #361, .T. ) ;
#828 = VECTOR ( 'NONE', #912, 1000.000000000000000 ) ;
#829 = CARTESIAN_POINT ( 'NONE',  ( -4.530000000000000249, 4.649999999999999467, 0.3199999999999959543 ) ) ;
#830 = EDGE_CURVE ( 'NONE', #1136, #1807, #66, .T. ) ;
#831 = EDGE_LOOP ( 'NONE', ( #512, #673, #21, #1625 ) ) ;
#832 = CARTESIAN_POINT ( 'NONE',  ( 0.000000000000000000, 0.000000000000000000, 0.000000000000000000 ) ) ;
#833 = LINE ( 'NONE', #1634, #839 ) ;
#834 = ADVANCED_FACE ( 'NONE', ( #735 ), #209, .T. ) ;
#835 = FACE_OUTER_BOUND ( 'NONE', #1866, .T. ) ;
#836 = EDGE_CURVE ( 'NONE', #1527, #966, #712, .T. ) ;
#837 = CARTESIAN_POINT ( 'NONE',  ( -4.530000000000000249, -8.349999999999999645, 0.3199999999999959543 ) ) ;
#838 = CARTESIAN_POINT ( 'NONE',  ( 4.238823812587040329, -9.150000000000000355, -3.046446609406735728 ) ) ;
#839 = VECTOR ( 'NONE', #1769, 1000.000000000000000 ) ;
#840 = DIRECTION ( 'NONE',  ( -1.000000000000000000, 1.130561711097875993E-32, -9.510545372679860126E-17 ) ) ;
#841 = CARTESIAN_POINT ( 'NONE',  ( 3.914594311895039702, -9.791311026305951515, -0.2045943118950379891 ) ) ;
#842 = DIRECTION ( 'NONE',  ( 1.000000000000000000, 0.000000000000000000, -9.510545372679860126E-17 ) ) ;
#843 = VERTEX_POINT ( 'NONE', #663 ) ;
#844 = EDGE_LOOP ( 'NONE', ( #1788, #827, #1772, #184 ) ) ;
#845 = DIRECTION ( 'NONE',  ( 1.000000000000000000, 0.000000000000000000, 9.510545372679860126E-17 ) ) ;
#846 =( LENGTH_UNIT ( ) NAMED_UNIT ( * ) SI_UNIT ( .MILLI., .METRE. ) );
#847 = EDGE_CURVE ( 'NONE', #625, #1163, #78, .T. ) ;
#848 = LINE ( 'NONE', #1164, #875 ) ;
#849 = ORIENTED_EDGE ( 'NONE', *, *, #1006, .T. ) ;
#850 = DIRECTION ( 'NONE',  ( 1.000000000000000000, -1.130561711097875993E-32, 9.510545372679860126E-17 ) ) ;
#851 = DIRECTION ( 'NONE',  ( 4.326679435469014375E-17, 0.000000000000000000, 1.000000000000000000 ) ) ;
#852 = LINE ( 'NONE', #109, #1531 ) ;
#853 = ORIENTED_EDGE ( 'NONE', *, *, #1194, .F. ) ;
#854 = AXIS2_PLACEMENT_3D ( 'NONE', #124, #925, #1681 ) ;
#855 = PLANE ( 'NONE',  #187 ) ;
#856 = PRODUCT_DEFINITION_FORMATION_WITH_SPECIFIED_SOURCE ( 'ANY', '', #976, .NOT_KNOWN. ) ;
#857 = ORIENTED_EDGE ( 'NONE', *, *, #378, .T. ) ;
#858 = EDGE_CURVE ( 'NONE', #1158, #865, #754, .T. ) ;
#859 = FACE_OUTER_BOUND ( 'NONE', #498, .T. ) ;
#860 = VERTEX_POINT ( 'NONE', #321 ) ;
#861 = CARTESIAN_POINT ( 'NONE',  ( -0.04324016130051280132, -10.03486349587588045, -0.2932401613005160002 ) ) ;
#862 =( NAMED_UNIT ( * ) PLANE_ANGLE_UNIT ( ) SI_UNIT ( $, .RADIAN. ) );
#863 = VECTOR ( 'NONE', #374, 1000.000000000000000 ) ;
#864 = EDGE_CURVE ( 'NONE', #655, #734, #24, .T. ) ;
#865 = VERTEX_POINT ( 'NONE', #1736 ) ;
#866 = CARTESIAN_POINT ( 'NONE',  ( -3.389999999999999680, 5.450000000000000178, 0.3199999999999965095 ) ) ;
#867 = VECTOR ( 'NONE', #161, 1000.000000000000000 ) ;
#868 = DIRECTION ( 'NONE',  ( -9.510545372679860126E-17, 0.000000000000000000, -1.000000000000000000 ) ) ;
#869 = VERTEX_POINT ( 'NONE', #469 ) ;
#870 = DIRECTION ( 'NONE',  ( 0.000000000000000000, 1.000000000000000000, 0.000000000000000000 ) ) ;
#871 = ORIENTED_EDGE ( 'NONE', *, *, #847, .T. ) ;
#872 = UNCERTAINTY_MEASURE_WITH_UNIT (LENGTH_MEASURE( 1.000000000000000082E-05 ), #731, 'distance_accuracy_value', 'NONE');
#873 = ORIENTED_EDGE ( 'NONE', *, *, #826, .F. ) ;
#874 = PLANE ( 'NONE',  #1309 ) ;
#875 = VECTOR ( 'NONE', #1347, 1000.000000000000000 ) ;
#876 = CARTESIAN_POINT ( 'NONE',  ( -3.389999999999999680, -2.250000000000000000, 0.3199999999999965095 ) ) ;
#877 = DIRECTION ( 'NONE',  ( 0.000000000000000000, 0.000000000000000000, -1.000000000000000000 ) ) ;
#878 = LINE ( 'NONE', #506, #211 ) ;
#879 = AXIS2_PLACEMENT_3D ( 'NONE', #250, #581, #373 ) ;
#880 = ORIENTED_EDGE ( 'NONE', *, *, #1474, .T. ) ;
#881 = FACE_OUTER_BOUND ( 'NONE', #670, .T. ) ;
#882 = CARTESIAN_POINT ( 'NONE',  ( -0.5699999999999999512, 4.649999999999999467, 0.3199999999999999512 ) ) ;
#883 = EDGE_CURVE ( 'NONE', #1994, #494, #748, .T. ) ;
#884 = ORIENTED_EDGE ( 'NONE', *, *, #931, .F. ) ;
#885 = EDGE_CURVE ( 'NONE', #1136, #1527, #765, .T. ) ;
#886 = VECTOR ( 'NONE', #362, 1000.000000000000000 ) ;
#887 = ADVANCED_FACE ( 'NONE', ( #1427 ), #972, .F. ) ;
#888 = ORIENTED_EDGE ( 'NONE', *, *, #2018, .T. ) ;
#889 = DIRECTION ( 'NONE',  ( -1.000000000000000000, 0.000000000000000000, 9.510545372679860126E-17 ) ) ;
#890 = FACE_BOUND ( 'NONE', #55, .T. ) ;
#891 = VERTEX_POINT ( 'NONE', #1264 ) ;
#892 = PLANE ( 'NONE',  #964 ) ;
#893 = PLANE ( 'NONE',  #1017 ) ;
#894 = VECTOR ( 'NONE', #913, 1000.000000000000000 ) ;
#895 = DIRECTION ( 'NONE',  ( -1.304103524406095651E-16, 0.9537169507482267106, -0.3007057995042739518 ) ) ;
#896 = VERTEX_POINT ( 'NONE', #676 ) ;
#897 = EDGE_CURVE ( 'NONE', #891, #1136, #54, .T. ) ;
#898 = LINE ( 'NONE', #552, #1575 ) ;
#899 = DIRECTION ( 'NONE',  ( 0.000000000000000000, 1.000000000000000000, 1.188745405016987901E-16 ) ) ;
#900 = PLANE ( 'NONE',  #750 ) ;
#901 = VERTEX_POINT ( 'NONE', #314 ) ;
#902 = LINE ( 'NONE', #1936, #194 ) ;
#903 = CARTESIAN_POINT ( 'NONE',  ( -1.979999999999999982, 5.450000000000000178, -0.5288238125870380335 ) ) ;
#904 = VECTOR ( 'NONE', #2020, 1000.000000000000000 ) ;
#905 = AXIS2_PLACEMENT_3D ( 'NONE', #832, #1289, #1101 ) ;
#906 = VERTEX_POINT ( 'NONE', #644 ) ;
#907 = EDGE_CURVE ( 'NONE', #428, #502, #762, .T. ) ;
#908 = CARTESIAN_POINT ( 'NONE',  ( 1.949999999999999956, 3.950000000000000178, -3.650000000000000355 ) ) ;
#909 = DIRECTION ( 'NONE',  ( 0.000000000000000000, 0.000000000000000000, 1.000000000000000000 ) ) ;
#910 = LINE ( 'NONE', #1142, #886 ) ;
#911 = EDGE_CURVE ( 'NONE', #1026, #974, #1405, .T. ) ;
#912 = DIRECTION ( 'NONE',  ( 0.000000000000000000, -1.188745405016987901E-16, 1.000000000000000000 ) ) ;
#913 = DIRECTION ( 'NONE',  ( 4.336808689942020201E-16, -1.188745405016987901E-16, 1.000000000000000000 ) ) ;
#914 = ORIENTED_EDGE ( 'NONE', *, *, #529, .T. ) ;
#915 = MANIFOLD_SOLID_BREP ( 'NONE', #742 ) ;
#916 = ORIENTED_EDGE ( 'NONE', *, *, #1744, .T. ) ;
#917 = PLANE ( 'NONE',  #774 ) ;
#918 = DIRECTION ( 'NONE',  ( -1.000000000000000000, 0.000000000000000000, 0.000000000000000000 ) ) ;
#919 = LINE ( 'NONE', #745, #904 ) ;
#920 = ADVANCED_FACE ( 'NONE', ( #118 ), #2019, .F. ) ;
#921 = ORIENTED_EDGE ( 'NONE', *, *, #836, .T. ) ;
#922 = SURFACE_STYLE_USAGE ( .BOTH. , #1196 ) ;
#923 = CARTESIAN_POINT ( 'NONE',  ( 4.238823812587040329, -9.150000000000000355, -0.5288238125870380335 ) ) ;
#924 = ORIENTED_EDGE ( 'NONE', *, *, #237, .T. ) ;
#925 = DIRECTION ( 'NONE',  ( 0.000000000000000000, -0.3746065934159063526, 0.9271838545667897558 ) ) ;
#926 = CARTESIAN_POINT ( 'NONE',  ( -4.530000000000000249, 5.450000000000000178, 0.3199999999999959543 ) ) ;
#927 = ORIENTED_EDGE ( 'NONE', *, *, #263, .T. ) ;
#928 = VERTEX_POINT ( 'NONE', #2004 ) ;
#929 = DIRECTION ( 'NONE',  ( 0.000000000000000000, -1.000000000000000000, 0.000000000000000000 ) ) ;
#930 = DIRECTION ( 'NONE',  ( 1.000000000000000000, 0.000000000000000000, 0.000000000000000000 ) ) ;
#931 = EDGE_CURVE ( 'NONE', #1885, #1139, #123, .T. ) ;
#932 = ORIENTED_EDGE ( 'NONE', *, *, #690, .F. ) ;
#933 = CARTESIAN_POINT ( 'NONE',  ( 5.910000000000000142, -2.250000000000000000, -2.250000000000000444 ) ) ;
#934 = CARTESIAN_POINT ( 'NONE',  ( 3.389999999999999680, -8.349999999999999645, -0.8199999999999999512 ) ) ;
#935 = ADVANCED_FACE ( 'NONE', ( #1491 ), #1021, .T. ) ;
#936 = CARTESIAN_POINT ( 'NONE',  ( 4.530000000000000249, -5.450000000000000178, -0.8199999999999999512 ) ) ;
#937 = CARTESIAN_POINT ( 'NONE',  ( -4.709999999999999964, 0.9616224637913912687, -3.400000000000000355 ) ) ;
#938 = CARTESIAN_POINT ( 'NONE',  ( 3.389999999999999680, -5.450000000000000178, 0.3199999999999999512 ) ) ;
#939 = CARTESIAN_POINT ( 'NONE',  ( 5.910000000000000142, -5.450000000000000178, 4.250000000000000000 ) ) ;
#940 = DIRECTION ( 'NONE',  ( 3.066586833366674814E-16, -0.7071067811865650032, 0.7071067811865300312 ) ) ;
#941 = ADVANCED_FACE ( 'NONE', ( #111 ), #1557, .F. ) ;
#942 = DIRECTION ( 'NONE',  ( 0.000000000000000000, 1.188745405016987901E-16, -1.000000000000000000 ) ) ;
#943 = EDGE_LOOP ( 'NONE', ( #598, #167, #441, #1312 ) ) ;
#944 = AXIS2_PLACEMENT_3D ( 'NONE', #838, #978, #1468 ) ;
#945 = AXIS2_PLACEMENT_3D ( 'NONE', #1180, #2027, #132 ) ;
#946 = CARTESIAN_POINT ( 'NONE',  ( 0.5699999999999999512, -8.349999999999999645, -0.8199999999999999512 ) ) ;
#947 = AXIS2_PLACEMENT_3D ( 'NONE', #903, #1663, #889 ) ;
#948 = ORIENTED_EDGE ( 'NONE', *, *, #1469, .F. ) ;
#949 = CARTESIAN_POINT ( 'NONE',  ( -3.681176187412965373, -9.150000000000000355, -3.046446609406735728 ) ) ;
#950 = DIRECTION ( 'NONE',  ( -7.228014483236710360E-16, 0.000000000000000000, 1.000000000000000000 ) ) ;
#951 = EDGE_CURVE ( 'NONE', #1890, #1199, #1454, .T. ) ;
#952 = PLANE ( 'NONE',  #560 ) ;
#953 = DIRECTION ( 'NONE',  ( 0.9396926207859092051, 0.3420201433256665480, 0.000000000000000000 ) ) ;
#954 = ORIENTED_EDGE ( 'NONE', *, *, #2002, .T. ) ;
#955 = ORIENTED_EDGE ( 'NONE', *, *, #166, .T. ) ;
#956 = PLANE ( 'NONE',  #451 ) ;
#957 = DIRECTION ( 'NONE',  ( 0.000000000000000000, -1.188745405016987901E-16, 1.000000000000000000 ) ) ;
#958 = PLANE ( 'NONE',  #1522 ) ;
#959 = EDGE_LOOP ( 'NONE', ( #1654, #1668, #1692, #1660 ) ) ;
#960 = DIRECTION ( 'NONE',  ( 0.000000000000000000, -1.000000000000000000, 0.000000000000000000 ) ) ;
#961 = DIRECTION ( 'NONE',  ( 0.000000000000000000, 1.000000000000000000, 0.000000000000000000 ) ) ;
#962 = EDGE_LOOP ( 'NONE', ( #1824, #1326, #163, #647 ) ) ;
#963 = DIRECTION ( 'NONE',  ( 0.000000000000000000, 0.000000000000000000, 1.000000000000000000 ) ) ;
#964 = AXIS2_PLACEMENT_3D ( 'NONE', #1169, #687, #1817 ) ;
#965 = ORIENTED_EDGE ( 'NONE', *, *, #127, .F. ) ;
#966 = VERTEX_POINT ( 'NONE', #1172 ) ;
#967 = CARTESIAN_POINT ( 'NONE',  ( 5.910000000000000142, -5.450000000000000178, 4.250000000000000000 ) ) ;
#968 = DIRECTION ( 'NONE',  ( -0.000000000000000000, 1.000000000000000000, 0.000000000000000000 ) ) ;
#969 = EDGE_CURVE ( 'NONE', #1755, #1476, #1513, .T. ) ;
#970 = DIRECTION ( 'NONE',  ( 0.000000000000000000, 1.188745405016987901E-16, -1.000000000000000000 ) ) ;
#971 = ADVANCED_FACE ( 'NONE', ( #835 ), #1051, .F. ) ;
#972 = PLANE ( 'NONE',  #1019 ) ;
#973 = CARTESIAN_POINT ( 'NONE',  ( 4.530000000000000249, -5.450000000000000178, 0.3199999999999999512 ) ) ;
#974 = VERTEX_POINT ( 'NONE', #1346 ) ;
#975 = ORIENTED_EDGE ( 'NONE', *, *, #2, .F. ) ;
#976 = PRODUCT ( 'B3P-VH(LF)(SN)_B3P-VH(LF)(SN)', 'B3P-VH(LF)(SN)_B3P-VH(LF)(SN)', '', ( #38 ) ) ;
#977 = CARTESIAN_POINT ( 'NONE',  ( 3.389999999999999680, -2.250000000000000000, 0.3199999999999999512 ) ) ;
#978 = DIRECTION ( 'NONE',  ( -0.9396926207859092051, 0.3420201433256665480, 4.065748738016376421E-17 ) ) ;
#979 = DIRECTION ( 'NONE',  ( 0.000000000000000000, -1.000000000000000000, 0.000000000000000000 ) ) ;
#980 = ORIENTED_EDGE ( 'NONE', *, *, #246, .F. ) ;
#981 = FACE_OUTER_BOUND ( 'NONE', #1792, .T. ) ;
#982 = CARTESIAN_POINT ( 'NONE',  ( 4.530000000000000249, 5.450000000000000178, 0.3199999999999999512 ) ) ;
#983 = EDGE_CURVE ( 'NONE', #1527, #1098, #810, .T. ) ;
#984 =( NAMED_UNIT ( * ) PLANE_ANGLE_UNIT ( ) SI_UNIT ( $, .RADIAN. ) );
#985 =( LENGTH_UNIT ( ) NAMED_UNIT ( * ) SI_UNIT ( .MILLI., .METRE. ) );
#986 = ORIENTED_EDGE ( 'NONE', *, *, #1811, .T. ) ;
#987 = EDGE_CURVE ( 'NONE', #494, #621, #819, .T. ) ;
#988 = ORIENTED_EDGE ( 'NONE', *, *, #987, .F. ) ;
#989 = DIRECTION ( 'NONE',  ( 0.000000000000000000, -0.9537169507482265995, 0.3007057995042738963 ) ) ;
#990 = CARTESIAN_POINT ( 'NONE',  ( -4.183441659085969988, 5.602161216184949666, -0.4734416590859749641 ) ) ;
#991 = LINE ( 'NONE', #305, #1024 ) ;
#992 = DIRECTION ( 'NONE',  ( 0.000000000000000000, -1.000000000000000000, 0.000000000000000000 ) ) ;
#993 =( NAMED_UNIT ( * ) SI_UNIT ( $, .STERADIAN. ) SOLID_ANGLE_UNIT ( ) );
#994 = VERTEX_POINT ( 'NONE', #2036 ) ;
#995 = PLANE ( 'NONE',  #271 ) ;
#996 = DIRECTION ( 'NONE',  ( 1.000000000000000000, 2.613000865813674921E-16, 0.000000000000000000 ) ) ;
#997 = EDGE_CURVE ( 'NONE', #734, #388, #106, .T. ) ;
#998 = CARTESIAN_POINT ( 'NONE',  ( -3.389999999999999680, 4.649999999999999467, -0.8199999999999999512 ) ) ;
#999 = DIRECTION ( 'NONE',  ( -1.000000000000000000, 0.000000000000000000, 9.510545372679860126E-17 ) ) ;
#1000 = CARTESIAN_POINT ( 'NONE',  ( 0.5699999999999999512, 5.450000000000000178, 0.3199999999999999512 ) ) ;
#1001 = DIRECTION ( 'NONE',  ( 0.000000000000000000, 0.000000000000000000, -1.000000000000000000 ) ) ;
#1002 = STYLED_ITEM ( 'NONE', ( #811 ), #1774 ) ;
#1003 = CARTESIAN_POINT ( 'NONE',  ( 1.949999999999999956, -9.150000000000000355, -0.5288238125870410311 ) ) ;
#1004 = VERTEX_POINT ( 'NONE', #1986 ) ;
#1005 = SURFACE_STYLE_FILL_AREA ( #669 ) ;
#1006 = EDGE_CURVE ( 'NONE', #8, #502, #784, .T. ) ;
#1007 = ORIENTED_EDGE ( 'NONE', *, *, #144, .F. ) ;
#1008 = CARTESIAN_POINT ( 'NONE',  ( 3.389999999999999680, 5.450000000000000178, -0.5288238125870380335 ) ) ;
#1009 = DIRECTION ( 'NONE',  ( 1.000000000000000000, 2.613000865813674921E-16, 0.000000000000000000 ) ) ;
#1010 = ORIENTED_EDGE ( 'NONE', *, *, #591, .F. ) ;
#1011 = DIRECTION ( 'NONE',  ( -0.000000000000000000, 1.000000000000000000, 0.000000000000000000 ) ) ;
#1012 = DIRECTION ( 'NONE',  ( 1.000000000000000000, 0.000000000000000000, 0.000000000000000000 ) ) ;
#1013 = VERTEX_POINT ( 'NONE', #420 ) ;
#1014 = ORIENTED_EDGE ( 'NONE', *, *, #755, .T. ) ;
#1015 = PLANE ( 'NONE',  #1044 ) ;
#1016 = CARTESIAN_POINT ( 'NONE',  ( -4.238823812587040329, 5.450000000000000178, 0.000000000000000000 ) ) ;
#1017 = AXIS2_PLACEMENT_3D ( 'NONE', #1797, #1152, #575 ) ;
#1018 = ORIENTED_EDGE ( 'NONE', *, *, #1474, .F. ) ;
#1019 = AXIS2_PLACEMENT_3D ( 'NONE', #182, #62, #1154 ) ;
#1020 = LINE ( 'NONE', #509, #1711 ) ;
#1021 = PLANE ( 'NONE',  #23 ) ;
#1022 = DIRECTION ( 'NONE',  ( 0.9396926207859092051, 0.3420201433256665480, 0.000000000000000000 ) ) ;
#1023 = EDGE_CURVE ( 'NONE', #994, #1129, #793, .T. ) ;
#1024 = VECTOR ( 'NONE', #1616, 1000.000000000000000 ) ;
#1025 = DIRECTION ( 'NONE',  ( 0.3236155771181823404, 0.8891264907159897035, 0.3236155771181833951 ) ) ;
#1026 = VERTEX_POINT ( 'NONE', #1201 ) ;
#1027 = EDGE_CURVE ( 'NONE', #1849, #383, #136, .T. ) ;
#1028 = VECTOR ( 'NONE', #402, 1000.000000000000000 ) ;
#1029 = ORIENTED_EDGE ( 'NONE', *, *, #1721, .F. ) ;
#1030 = DIRECTION ( 'NONE',  ( -1.000000000000000000, 0.000000000000000000, 0.000000000000000000 ) ) ;
#1031 = DIRECTION ( 'NONE',  ( 1.000000000000000000, 0.000000000000000000, -9.510545372679860126E-17 ) ) ;
#1032 = ADVANCED_FACE ( 'NONE', ( #822 ), #91, .F. ) ;
#1033 = FACE_OUTER_BOUND ( 'NONE', #1283, .T. ) ;
#1034 = EDGE_CURVE ( 'NONE', #1974, #1149, #85, .T. ) ;
#1035 = ORIENTED_EDGE ( 'NONE', *, *, #1050, .T. ) ;
#1036 = CARTESIAN_POINT ( 'NONE',  ( -0.2788238125870364792, 5.450000000000000178, 0.3199999999999999512 ) ) ;
#1037 = VECTOR ( 'NONE', #292, 1000.000000000000000 ) ;
#1038 = ORIENTED_EDGE ( 'NONE', *, *, #1078, .F. ) ;
#1039 = LINE ( 'NONE', #1567, #1727 ) ;
#1040 = DIRECTION ( 'NONE',  ( -8.936989306356852219E-17, 0.3420201433256670476, 0.9396926207859090940 ) ) ;
#1041 = CARTESIAN_POINT ( 'NONE',  ( -4.709999999999999964, 2.464947887950204919, -4.250000000000000000 ) ) ;
#1042 = VECTOR ( 'NONE', #269, 1000.000000000000000 ) ;
#1043 = UNCERTAINTY_MEASURE_WITH_UNIT (LENGTH_MEASURE( 1.000000000000000082E-05 ), #9, 'distance_accuracy_value', 'NONE');
#1044 = AXIS2_PLACEMENT_3D ( 'NONE', #69, #1656, #989 ) ;
#1045 = DIRECTION ( 'NONE',  ( 8.936989306356839893E-17, 0.3420201433256665480, -0.9396926207859092051 ) ) ;
#1046 = VECTOR ( 'NONE', #51, 1000.000000000000000 ) ;
#1047 = DIRECTION ( 'NONE',  ( 0.000000000000000000, 1.188745405016987901E-16, -1.000000000000000000 ) ) ;
#1048 = LINE ( 'NONE', #1344, #1126 ) ;
#1049 = ADVANCED_FACE ( 'NONE', ( #780 ), #1904, .F. ) ;
#1050 = EDGE_CURVE ( 'NONE', #1442, #1199, #143, .T. ) ;
#1051 = PLANE ( 'NONE',  #409 ) ;
#1052 = CARTESIAN_POINT ( 'NONE',  ( 0.5699999999999999512, -5.450000000000000178, 0.3199999999999999512 ) ) ;
#1053 = FACE_OUTER_BOUND ( 'NONE', #1239, .T. ) ;
#1054 = VECTOR ( 'NONE', #350, 1000.000000000000000 ) ;
#1055 = LINE ( 'NONE', #1712, #1128 ) ;
#1056 = DIRECTION ( 'NONE',  ( 0.000000000000000000, 1.000000000000000000, 0.000000000000000000 ) ) ;
#1057 = LINE ( 'NONE', #1380, #1054 ) ;
#1058 = VECTOR ( 'NONE', #737, 1000.000000000000000 ) ;
#1059 = LINE ( 'NONE', #1229, #1728 ) ;
#1060 = PLANE ( 'NONE',  #454 ) ;
#1061 = LINE ( 'NONE', #1909, #1065 ) ;
#1062 = CARTESIAN_POINT ( 'NONE',  ( -0.5699999999999999512, -8.349999999999999645, -0.8199999999999999512 ) ) ;
#1063 = PLANE ( 'NONE',  #527 ) ;
#1064 = VECTOR ( 'NONE', #1047, 1000.000000000000000 ) ;
#1065 = VECTOR ( 'NONE', #1449, 1000.000000000000000 ) ;
#1066 = ADVANCED_FACE ( 'NONE', ( #93 ), #1588, .F. ) ;
#1067 = DIRECTION ( 'NONE',  ( -0.3236155771181828955, -0.8891264907159897035, -0.3236155771181828955 ) ) ;
#1068 = DIRECTION ( 'NONE',  ( -0.3236155771181827845, -0.8891264907159894815, -0.3236155771181833396 ) ) ;
#1069 =( GEOMETRIC_REPRESENTATION_CONTEXT ( 3 ) GLOBAL_UNCERTAINTY_ASSIGNED_CONTEXT ( ( #1218 ) ) GLOBAL_UNIT_ASSIGNED_CONTEXT ( ( #678, #251, #993 ) ) REPRESENTATION_CONTEXT ( 'NONE', 'WORKASPACE' ) );
#1070 = EDGE_LOOP ( 'NONE', ( #1560, #1191, #80, #1115 ) ) ;
#1071 = LINE ( 'NONE', #1420, #1779 ) ;
#1072 = EDGE_CURVE ( 'NONE', #428, #1288, #99, .T. ) ;
#1073 = DIRECTION ( 'NONE',  ( 0.000000000000000000, -1.188745405016987901E-16, 1.000000000000000000 ) ) ;
#1074 = ORIENTED_EDGE ( 'NONE', *, *, #1815, .F. ) ;
#1075 = VECTOR ( 'NONE', #1595, 1000.000000000000000 ) ;
#1076 = CARTESIAN_POINT ( 'NONE',  ( 0.2788238125870384776, 5.450000000000000178, 0.02882381258703713145 ) ) ;
#1077 = VECTOR ( 'NONE', #1947, 1000.000000000000000 ) ;
#1078 = EDGE_CURVE ( 'NONE', #770, #1422, #1477, .T. ) ;
#1079 = VERTEX_POINT ( 'NONE', #1742 ) ;
#1080 = FACE_OUTER_BOUND ( 'NONE', #272, .T. ) ;
#1081 = CARTESIAN_POINT ( 'NONE',  ( -3.389999999999999680, -5.450000000000000178, 0.3199999999999965095 ) ) ;
#1082 = CARTESIAN_POINT ( 'NONE',  ( 4.709999999999999964, -5.450000000000000178, -3.046446609406735728 ) ) ;
#1083 = LINE ( 'NONE', #1967, #408 ) ;
#1084 = VERTEX_POINT ( 'NONE', #295 ) ;
#1085 = LINE ( 'NONE', #1645, #371 ) ;
#1086 = VECTOR ( 'NONE', #70, 1000.000000000000000 ) ;
#1087 = PLANE ( 'NONE',  #1305 ) ;
#1088 = CARTESIAN_POINT ( 'NONE',  ( 0.2788238125870384776, -9.150000000000000355, -3.046446609406735728 ) ) ;
#1089 = ORIENTED_EDGE ( 'NONE', *, *, #1072, .T. ) ;
#1090 = LINE ( 'NONE', #1277, #1075 ) ;
#1091 = ADVANCED_FACE ( 'NONE', ( #981 ), #1716, .F. ) ;
#1092 = EDGE_CURVE ( 'NONE', #8, #901, #324, .T. ) ;
#1093 = PLANE ( 'NONE',  #1670 ) ;
#1094 = EDGE_LOOP ( 'NONE', ( #1649, #2007, #691, #1607 ) ) ;
#1095 = FACE_OUTER_BOUND ( 'NONE', #604, .T. ) ;
#1096 = DIRECTION ( 'NONE',  ( 1.000000000000000000, 0.000000000000000000, -9.510545372679860126E-17 ) ) ;
#1097 = DIRECTION ( 'NONE',  ( -0.9396926207859092051, 0.3420201433256665480, 0.000000000000000000 ) ) ;
#1098 = VERTEX_POINT ( 'NONE', #1100 ) ;
#1099 = VECTOR ( 'NONE', #1929, 999.9999999999998863 ) ;
#1100 = CARTESIAN_POINT ( 'NONE',  ( -3.389999999999999680, 4.649999999999999467, 0.3199999999999965095 ) ) ;
#1101 = DIRECTION ( 'NONE',  ( 1.000000000000000000, 0.000000000000000000, 0.000000000000000000 ) ) ;
#1102 =( GEOMETRIC_REPRESENTATION_CONTEXT ( 3 ) GLOBAL_UNCERTAINTY_ASSIGNED_CONTEXT ( ( #1370 ) ) GLOBAL_UNIT_ASSIGNED_CONTEXT ( ( #1428, #984, #1628 ) ) REPRESENTATION_CONTEXT ( 'NONE', 'WORKASPACE' ) );
#1103 = VERTEX_POINT ( 'NONE', #160 ) ;
#1104 = LINE ( 'NONE', #1578, #1753 ) ;
#1105 =( GEOMETRIC_REPRESENTATION_CONTEXT ( 3 ) GLOBAL_UNCERTAINTY_ASSIGNED_CONTEXT ( ( #1043 ) ) GLOBAL_UNIT_ASSIGNED_CONTEXT ( ( #9, #862, #1479 ) ) REPRESENTATION_CONTEXT ( 'NONE', 'WORKASPACE' ) );
#1106 = CARTESIAN_POINT ( 'NONE',  ( 3.503017037803644929, 4.960511759379160779, -0.7069829621963540367 ) ) ;
#1107 = EDGE_CURVE ( 'NONE', #2011, #869, #991, .T. ) ;
#1108 = ORIENTED_EDGE ( 'NONE', *, *, #1219, .F. ) ;
#1109 = PLANE ( 'NONE',  #680 ) ;
#1110 = LINE ( 'NONE', #659, #424 ) ;
#1111 = DIRECTION ( 'NONE',  ( 0.000000000000000000, 1.188745405016987901E-16, -1.000000000000000000 ) ) ;
#1112 = LINE ( 'NONE', #1, #1795 ) ;
#1113 = CARTESIAN_POINT ( 'NONE',  ( -0.5699999999999999512, -9.150000000000000355, -0.8199999999999999512 ) ) ;
#1114 = ADVANCED_FACE ( 'NONE', ( #302 ), #20, .T. ) ;
#1115 = ORIENTED_EDGE ( 'NONE', *, *, #1596, .T. ) ;
#1116 = LINE ( 'NONE', #1088, #1775 ) ;
#1117 = LINE ( 'NONE', #1246, #1766 ) ;
#1118 = CARTESIAN_POINT ( 'NONE',  ( 4.709999999999999964, 3.950000000000000178, -3.650000000000000355 ) ) ;
#1119 = CARTESIAN_POINT ( 'NONE',  ( 5.910000000000000142, -2.250000000000000000, 4.250000000000000000 ) ) ;
#1120 = CARTESIAN_POINT ( 'NONE',  ( -4.530000000000000249, -5.450000000000000178, -0.8199999999999999512 ) ) ;
#1121 = DIRECTION ( 'NONE',  ( 0.000000000000000000, 1.000000000000000000, 0.000000000000000000 ) ) ;
#1122 = MANIFOLD_SOLID_BREP ( 'NONE', #526 ) ;
#1123 = ORIENTED_EDGE ( 'NONE', *, *, #1579, .T. ) ;
#1124 = SURFACE_STYLE_USAGE ( .BOTH. , #1256 ) ;
#1125 = AXIS2_PLACEMENT_3D ( 'NONE', #1214, #1045, #2030 ) ;
#1126 = VECTOR ( 'NONE', #1357, 1000.000000000000000 ) ;
#1127 = EDGE_CURVE ( 'NONE', #734, #208, #1672, .T. ) ;
#1128 = VECTOR ( 'NONE', #1265, 999.9999999999998863 ) ;
#1129 = VERTEX_POINT ( 'NONE', #1534 ) ;
#1130 = DIRECTION ( 'NONE',  ( 0.000000000000000000, 0.000000000000000000, -1.000000000000000000 ) ) ;
#1131 = CARTESIAN_POINT ( 'NONE',  ( -4.530000000000000249, 5.450000000000000178, -0.8199999999999999512 ) ) ;
#1132 = ORIENTED_EDGE ( 'NONE', *, *, #636, .T. ) ;
#1133 = ORIENTED_EDGE ( 'NONE', *, *, #1591, .F. ) ;
#1134 = CARTESIAN_POINT ( 'NONE',  ( 0.000000000000000000, 0.000000000000000000, 0.000000000000000000 ) ) ;
#1135 = EDGE_CURVE ( 'NONE', #1419, #1974, #1020, .T. ) ;
#1136 = VERTEX_POINT ( 'NONE', #114 ) ;
#1137 = CARTESIAN_POINT ( 'NONE',  ( -4.238823812587040329, 5.450000000000000178, 0.02882381258703371751 ) ) ;
#1138 = CARTESIAN_POINT ( 'NONE',  ( -1.979999999999999982, 5.450000000000000178, 0.000000000000000000 ) ) ;
#1139 = VERTEX_POINT ( 'NONE', #777 ) ;
#1140 = CARTESIAN_POINT ( 'NONE',  ( -0.04540568810496199703, -9.791311026305951515, -0.2045943118950379891 ) ) ;
#1141 = DIRECTION ( 'NONE',  ( 0.000000000000000000, 0.000000000000000000, 1.000000000000000000 ) ) ;
#1142 = CARTESIAN_POINT ( 'NONE',  ( -4.709999999999999964, 3.950000000000000178, -4.250000000000000000 ) ) ;
#1143 = FACE_OUTER_BOUND ( 'NONE', #1612, .T. ) ;
#1144 = PRODUCT_RELATED_PRODUCT_CATEGORY ( 'part', '', ( #1311 ) ) ;
#1145 = AXIS2_PLACEMENT_3D ( 'NONE', #301, #950, #813 ) ;
#1146 = ORIENTED_EDGE ( 'NONE', *, *, #483, .F. ) ;
#1147 = CARTESIAN_POINT ( 'NONE',  ( 5.910000000000000142, -9.150000000000000355, -0.5288238125870380335 ) ) ;
#1148 = ORIENTED_EDGE ( 'NONE', *, *, #830, .F. ) ;
#1149 = VERTEX_POINT ( 'NONE', #1041 ) ;
#1150 = EDGE_CURVE ( 'NONE', #2035, #471, #393, .T. ) ;
#1151 = DIRECTION ( 'NONE',  ( 0.000000000000000000, 0.000000000000000000, -1.000000000000000000 ) ) ;
#1152 = DIRECTION ( 'NONE',  ( -1.000000000000000000, 0.000000000000000000, 0.000000000000000000 ) ) ;
#1153 = EDGE_LOOP ( 'NONE', ( #1014, #1538, #576, #1777 ) ) ;
#1154 = DIRECTION ( 'NONE',  ( -1.000000000000000000, 0.000000000000000000, 9.510545372679860126E-17 ) ) ;
#1155 = ORIENTED_EDGE ( 'NONE', *, *, #233, .T. ) ;
#1156 = PLANE ( 'NONE',  #1835 ) ;
#1157 = ORIENTED_EDGE ( 'NONE', *, *, #79, .F. ) ;
#1158 = VERTEX_POINT ( 'NONE', #733 ) ;
#1159 = VERTEX_POINT ( 'NONE', #1564 ) ;
#1160 = EDGE_LOOP ( 'NONE', ( #561, #34, #266, #1886 ) ) ;
#1161 = LINE ( 'NONE', #1398, #487 ) ;
#1162 = DIRECTION ( 'NONE',  ( 0.000000000000000000, 1.188745405016987901E-16, -1.000000000000000000 ) ) ;
#1163 = VERTEX_POINT ( 'NONE', #413 ) ;
#1164 = CARTESIAN_POINT ( 'NONE',  ( -5.910000000000000142, -5.450000000000000178, 4.250000000000000000 ) ) ;
#1165 = EDGE_CURVE ( 'NONE', #1943, #1350, #1756, .T. ) ;
#1166 = ORIENTED_EDGE ( 'NONE', *, *, #332, .T. ) ;
#1167 = DIRECTION ( 'NONE',  ( 0.000000000000000000, 1.000000000000000000, 0.000000000000000000 ) ) ;
#1168 = EDGE_CURVE ( 'NONE', #1004, #199, #1057, .T. ) ;
#1169 = CARTESIAN_POINT ( 'NONE',  ( -0.5699999999999999512, 5.450000000000000178, 0.3199999999999999512 ) ) ;
#1170 = CARTESIAN_POINT ( 'NONE',  ( 3.389999999999999680, -2.250000000000000000, 0.3199999999999999512 ) ) ;
#1171 = ORIENTED_EDGE ( 'NONE', *, *, #794, .T. ) ;
#1172 = CARTESIAN_POINT ( 'NONE',  ( -3.389999999999999680, -8.349999999999999645, -0.8199999999999999512 ) ) ;
#1173 = VERTEX_POINT ( 'NONE', #1637 ) ;
#1174 = DIRECTION ( 'NONE',  ( -0.000000000000000000, 0.7071067811865300312, 0.7071067811865650032 ) ) ;
#1175 = ORIENTED_EDGE ( 'NONE', *, *, #1644, .T. ) ;
#1176 = EDGE_LOOP ( 'NONE', ( #1812, #453, #1842, #2044 ) ) ;
#1177 = ORIENTED_EDGE ( 'NONE', *, *, #1778, .F. ) ;
#1178 = ORIENTED_EDGE ( 'NONE', *, *, #56, .F. ) ;
#1179 = DIRECTION ( 'NONE',  ( 0.000000000000000000, 1.188745405016987901E-16, -1.000000000000000000 ) ) ;
#1180 = CARTESIAN_POINT ( 'NONE',  ( 1.949999999999999956, -5.450000000000000178, -3.046446609406735728 ) ) ;
#1181 = PLANE ( 'NONE',  #1950 ) ;
#1182 = AXIS2_PLACEMENT_3D ( 'NONE', #1081, #1704, #1855 ) ;
#1183 = EDGE_LOOP ( 'NONE', ( #1403, #227, #921, #1875 ) ) ;
#1184 = ORIENTED_EDGE ( 'NONE', *, *, #1092, .F. ) ;
#1185 = DIRECTION ( 'NONE',  ( -1.000000000000000000, 0.000000000000000000, -9.510545372679860126E-17 ) ) ;
#1186 = CARTESIAN_POINT ( 'NONE',  ( 1.949999999999999956, -9.150000000000000355, 0.02882381258703398813 ) ) ;
#1187 = EDGE_CURVE ( 'NONE', #1442, #1946, #407, .T. ) ;
#1188 = LINE ( 'NONE', #1140, #508 ) ;
#1189 = ADVANCED_FACE ( 'NONE', ( #376 ), #995, .F. ) ;
#1190 = ORIENTED_EDGE ( 'NONE', *, *, #885, .F. ) ;
#1191 = ORIENTED_EDGE ( 'NONE', *, *, #1150, .F. ) ;
#1192 = CARTESIAN_POINT ( 'NONE',  ( -4.709999999999999964, 3.950000000000000178, -3.650000000000000355 ) ) ;
#1193 = CARTESIAN_POINT ( 'NONE',  ( -0.5699999999999999512, -2.250000000000000000, 0.3199999999999999512 ) ) ;
#1194 = EDGE_CURVE ( 'NONE', #1159, #1890, #379, .T. ) ;
#1195 = VECTOR ( 'NONE', #840, 1000.000000000000000 ) ;
#1196 = SURFACE_SIDE_STYLE ('',( #2008 ) ) ;
#1197 = CARTESIAN_POINT ( 'NONE',  ( 1.979999999999999982, 5.450000000000000178, 0.02882381258703740207 ) ) ;
#1198 = ORIENTED_EDGE ( 'NONE', *, *, #1341, .T. ) ;
#1199 = VERTEX_POINT ( 'NONE', #1193 ) ;
#1200 = ORIENTED_EDGE ( 'NONE', *, *, #356, .T. ) ;
#1201 = CARTESIAN_POINT ( 'NONE',  ( 4.709999999999999964, -5.450000000000000178, -3.046446609406735728 ) ) ;
#1202 = ORIENTED_EDGE ( 'NONE', *, *, #1364, .F. ) ;
#1203 = CARTESIAN_POINT ( 'NONE',  ( -5.910000000000000142, -2.250000000000000000, -2.250000000000000444 ) ) ;
#1204 = VECTOR ( 'NONE', #1748, 999.9999999999998863 ) ;
#1205 = ORIENTED_EDGE ( 'NONE', *, *, #485, .F. ) ;
#1206 = ORIENTED_EDGE ( 'NONE', *, *, #1927, .T. ) ;
#1207 = LINE ( 'NONE', #1106, #562 ) ;
#1208 = VERTEX_POINT ( 'NONE', #1673 ) ;
#1209 = CARTESIAN_POINT ( 'NONE',  ( -0.4569829621963530375, 4.960511759379160779, -0.7069829621963540367 ) ) ;
#1210 = PLANE ( 'NONE',  #1764 ) ;
#1211 = ADVANCED_FACE ( 'NONE', ( #1823 ), #1940, .T. ) ;
#1212 = VECTOR ( 'NONE', #1813, 1000.000000000000000 ) ;
#1213 = AXIS2_PLACEMENT_3D ( 'NONE', #1873, #325, #458 ) ;
#1214 = CARTESIAN_POINT ( 'NONE',  ( -1.979999999999999982, 5.450000000000000178, -0.5288238125870410311 ) ) ;
#1215 = CARTESIAN_POINT ( 'NONE',  ( -4.709999999999999964, -2.250000000000000000, -2.250000000000000444 ) ) ;
#1216 = ORIENTED_EDGE ( 'NONE', *, *, #1352, .T. ) ;
#1217 = VECTOR ( 'NONE', #1507, 1000.000000000000000 ) ;
#1218 = UNCERTAINTY_MEASURE_WITH_UNIT (LENGTH_MEASURE( 1.000000000000000082E-05 ), #678, 'distance_accuracy_value', 'NONE');
#1219 = EDGE_CURVE ( 'NONE', #1618, #1249, #384, .T. ) ;
#1220 = CARTESIAN_POINT ( 'NONE',  ( 5.910000000000000142, -5.450000000000000178, -2.250000000000000444 ) ) ;
#1221 = ORIENTED_EDGE ( 'NONE', *, *, #1551, .T. ) ;
#1222 = PLANE ( 'NONE',  #77 ) ;
#1223 = LINE ( 'NONE', #1402, #1918 ) ;
#1224 = ORIENTED_EDGE ( 'NONE', *, *, #907, .T. ) ;
#1225 = EDGE_LOOP ( 'NONE', ( #1166, #224, #1808, #1858 ) ) ;
#1226 = FACE_OUTER_BOUND ( 'NONE', #564, .T. ) ;
#1227 = ORIENTED_EDGE ( 'NONE', *, *, #507, .T. ) ;
#1228 = CARTESIAN_POINT ( 'NONE',  ( 4.530000000000000249, -5.450000000000000178, 0.3199999999999999512 ) ) ;
#1229 = CARTESIAN_POINT ( 'NONE',  ( 0.2758051799627395106, 5.458293624972888836, 0.02580517996273845246 ) ) ;
#1230 = EDGE_LOOP ( 'NONE', ( #1035, #1340, #1759, #337 ) ) ;
#1231 = LINE ( 'NONE', #394, #585 ) ;
#1232 = ORIENTED_EDGE ( 'NONE', *, *, #931, .T. ) ;
#1233 = FILL_AREA_STYLE ('',( #100 ) ) ;
#1234 = ADVANCED_FACE ( 'NONE', ( #1738 ), #749, .F. ) ;
#1235 = EDGE_CURVE ( 'NONE', #1199, #1079, #1085, .T. ) ;
#1236 = DIRECTION ( 'NONE',  ( -8.936989306356838660E-17, 0.3420201433256665480, 0.9396926207859092051 ) ) ;
#1237 = VECTOR ( 'NONE', #1646, 1000.000000000000000 ) ;
#1238 = ORIENTED_EDGE ( 'NONE', *, *, #115, .F. ) ;
#1239 = EDGE_LOOP ( 'NONE', ( #1854, #1275, #871, #232 ) ) ;
#1240 = DIRECTION ( 'NONE',  ( -0.3236155771181828955, 0.8891264907159897035, 0.3236155771181828955 ) ) ;
#1241 = EDGE_CURVE ( 'NONE', #655, #1699, #1059, .T. ) ;
#1242 = VECTOR ( 'NONE', #367, 1000.000000000000000 ) ;
#1243 = VERTEX_POINT ( 'NONE', #243 ) ;
#1244 = LINE ( 'NONE', #310, #1297 ) ;
#1245 = ORIENTED_EDGE ( 'NONE', *, *, #951, .F. ) ;
#1246 = CARTESIAN_POINT ( 'NONE',  ( 4.530000000000000249, 5.450000000000000178, -0.8199999999999999512 ) ) ;
#1247 = AXIS2_PLACEMENT_3D ( 'NONE', #1396, #155, #401 ) ;
#1248 = FACE_OUTER_BOUND ( 'NONE', #1830, .T. ) ;
#1249 = VERTEX_POINT ( 'NONE', #365 ) ;
#1250 = CARTESIAN_POINT ( 'NONE',  ( -0.5699999999999999512, -9.150000000000000355, 0.3199999999999999512 ) ) ;
#1251 = DIRECTION ( 'NONE',  ( 1.000000000000000000, 1.130561711097875993E-32, -9.510545372679860126E-17 ) ) ;
#1252 = ORIENTED_EDGE ( 'NONE', *, *, #1389, .F. ) ;
#1253 = LINE ( 'NONE', #1822, #558 ) ;
#1254 = EDGE_CURVE ( 'NONE', #1079, #1159, #360, .T. ) ;
#1255 = ADVANCED_FACE ( 'NONE', ( #1760, #1745, #404, #1731 ), #588, .F. ) ;
#1256 = SURFACE_SIDE_STYLE ('',( #1005 ) ) ;
#1257 = LINE ( 'NONE', #2026, #1217 ) ;
#1258 = ORIENTED_EDGE ( 'NONE', *, *, #110, .F. ) ;
#1259 = ORIENTED_EDGE ( 'NONE', *, *, #1241, .F. ) ;
#1260 = ORIENTED_EDGE ( 'NONE', *, *, #2042, .T. ) ;
#1261 = CARTESIAN_POINT ( 'NONE',  ( 1.949999999999999956, 3.950000000000000178, -2.850000000000000089 ) ) ;
#1262 = ORIENTED_EDGE ( 'NONE', *, *, #42, .F. ) ;
#1263 = VECTOR ( 'NONE', #1167, 1000.000000000000000 ) ;
#1264 = CARTESIAN_POINT ( 'NONE',  ( -3.681176187412965373, 5.450000000000000178, 0.02882381258703377302 ) ) ;
#1265 = DIRECTION ( 'NONE',  ( 0.000000000000000000, -0.9537169507482267106, 0.3007057995042739518 ) ) ;
#1266 = EDGE_LOOP ( 'NONE', ( #1920, #1177, #1869, #1148 ) ) ;
#1267 = DIRECTION ( 'NONE',  ( 0.000000000000000000, 0.000000000000000000, 1.000000000000000000 ) ) ;
#1268 = DIRECTION ( 'NONE',  ( 0.9396926207859092051, 0.3420201433256665480, 4.065748738016377037E-17 ) ) ;
#1269 = VERTEX_POINT ( 'NONE', #278 ) ;
#1270 = DIRECTION ( 'NONE',  ( 0.000000000000000000, 0.000000000000000000, 1.000000000000000000 ) ) ;
#1271 = LINE ( 'NONE', #1378, #1932 ) ;
#1272 = ADVANCED_FACE ( 'NONE', ( #1095 ), #1210, .F. ) ;
#1273 = AXIS2_PLACEMENT_3D ( 'NONE', #2005, #1174, #306 ) ;
#1274 = VECTOR ( 'NONE', #895, 999.9999999999998863 ) ;
#1275 = ORIENTED_EDGE ( 'NONE', *, *, #620, .F. ) ;
#1276 = CARTESIAN_POINT ( 'NONE',  ( -3.389999999999999680, -8.349999999999999645, 0.3199999999999945666 ) ) ;
#1277 = CARTESIAN_POINT ( 'NONE',  ( 1.949999999999999956, -5.450000000000000178, -0.8199999999999999512 ) ) ;
#1278 = EDGE_CURVE ( 'NONE', #621, #734, #364, .T. ) ;
#1279 = FACE_OUTER_BOUND ( 'NONE', #311, .T. ) ;
#1280 = EDGE_LOOP ( 'NONE', ( #514, #1903, #1029, #756 ) ) ;
#1281 = CARTESIAN_POINT ( 'NONE',  ( 1.949999999999999956, -5.450000000000000178, -3.046446609406735728 ) ) ;
#1282 = DIRECTION ( 'NONE',  ( 1.000000000000000000, 0.000000000000000000, -9.510545372679860126E-17 ) ) ;
#1283 = EDGE_LOOP ( 'NONE', ( #1571, #2021, #1512, #433 ) ) ;
#1284 = EDGE_CURVE ( 'NONE', #1173, #1269, #1061, .T. ) ;
#1285 = VECTOR ( 'NONE', #511, 1000.000000000000114 ) ;
#1286 = ORIENTED_EDGE ( 'NONE', *, *, #730, .F. ) ;
#1287 = CARTESIAN_POINT ( 'NONE',  ( 4.709999999999999964, -9.150000000000000355, -2.250000000000000444 ) ) ;
#1288 = VERTEX_POINT ( 'NONE', #30 ) ;
#1289 = DIRECTION ( 'NONE',  ( 0.000000000000000000, 0.000000000000000000, 1.000000000000000000 ) ) ;
#1290 = VECTOR ( 'NONE', #1520, 1000.000000000000000 ) ;
#1291 = CARTESIAN_POINT ( 'NONE',  ( 4.709999999999999964, 0.9616224637913912687, -3.400000000000000355 ) ) ;
#1292 = ORIENTED_EDGE ( 'NONE', *, *, #414, .F. ) ;
#1293 = VECTOR ( 'NONE', #657, 1000.000000000000000 ) ;
#1294 = DIRECTION ( 'NONE',  ( 0.000000000000000000, -1.000000000000000000, 0.000000000000000000 ) ) ;
#1295 = PLANE ( 'NONE',  #503 ) ;
#1296 = ORIENTED_EDGE ( 'NONE', *, *, #42, .T. ) ;
#1297 = VECTOR ( 'NONE', #2040, 1000.000000000000000 ) ;
#1298 = DIRECTION ( 'NONE',  ( 0.000000000000000000, 1.000000000000000000, 0.000000000000000000 ) ) ;
#1299 = FILL_AREA_STYLE ('',( #706 ) ) ;
#1300 = ORIENTED_EDGE ( 'NONE', *, *, #1371, .F. ) ;
#1301 = EDGE_CURVE ( 'NONE', #284, #974, #1112, .T. ) ;
#1302 = LINE ( 'NONE', #86, #1321 ) ;
#1303 = EDGE_LOOP ( 'NONE', ( #1979, #668, #1614, #195 ) ) ;
#1304 = DIRECTION ( 'NONE',  ( 0.000000000000000000, 0.000000000000000000, 1.000000000000000000 ) ) ;
#1305 = AXIS2_PLACEMENT_3D ( 'NONE', #1261, #929, #1619 ) ;
#1306 = FACE_OUTER_BOUND ( 'NONE', #578, .T. ) ;
#1307 = AXIS2_PLACEMENT_3D ( 'NONE', #322, #1424, #961 ) ;
#1308 = ORIENTED_EDGE ( 'NONE', *, *, #707, .T. ) ;
#1309 = AXIS2_PLACEMENT_3D ( 'NONE', #1653, #95, #81 ) ;
#1310 = VECTOR ( 'NONE', #1997, 1000.000000000000000 ) ;
#1311 = PRODUCT ( 'B3P-VH(LF)(SN)', 'B3P-VH(LF)(SN)', '', ( #1445 ) ) ;
#1312 = ORIENTED_EDGE ( 'NONE', *, *, #233, .F. ) ;
#1313 = DIRECTION ( 'NONE',  ( -1.000000000000000000, 0.000000000000000000, 9.510545372679860126E-17 ) ) ;
#1314 = PLANE ( 'NONE',  #1518 ) ;
#1315 = CARTESIAN_POINT ( 'NONE',  ( -3.389999999999999680, -8.349999999999999645, -0.8199999999999999512 ) ) ;
#1316 = LINE ( 'NONE', #1566, #3 ) ;
#1317 = ORIENTED_EDGE ( 'NONE', *, *, #1072, .F. ) ;
#1318 = CARTESIAN_POINT ( 'NONE',  ( -4.709999999999999964, 3.950000000000000178, -3.650000000000000355 ) ) ;
#1319 = CARTESIAN_POINT ( 'NONE',  ( 1.949999999999999956, 2.464947887950199590, -4.250000000000000000 ) ) ;
#1320 = CLOSED_SHELL ( 'NONE', ( #26, #1211, #176, #193, #444, #1272, #273, #887, #1234, #935, #623, #410, #1530, #427 ) ) ;
#1321 = VECTOR ( 'NONE', #381, 1000.000000000000000 ) ;
#1322 = CARTESIAN_POINT ( 'NONE',  ( 0.2788238125870384776, 5.450000000000000178, 0.000000000000000000 ) ) ;
#1323 = VERTEX_POINT ( 'NONE', #342 ) ;
#1324 = PRESENTATION_STYLE_ASSIGNMENT (( #922 ) ) ;
#1325 = VECTOR ( 'NONE', #489, 1000.000000000000000 ) ;
#1326 = ORIENTED_EDGE ( 'NONE', *, *, #1815, .T. ) ;
#1327 = CARTESIAN_POINT ( 'NONE',  ( 1.949999999999999956, 3.950000000000000178, -2.850000000000000089 ) ) ;
#1328 = CARTESIAN_POINT ( 'NONE',  ( -4.502487000349230328, -8.425591345281960187, -0.7924870003492280324 ) ) ;
#1329 = DIRECTION ( 'NONE',  ( -8.936989306356838660E-17, 0.3420201433256670476, -0.9396926207859090940 ) ) ;
#1330 = VECTOR ( 'NONE', #776, 999.9999999999998863 ) ;
#1331 = ORIENTED_EDGE ( 'NONE', *, *, #1698, .T. ) ;
#1332 = CARTESIAN_POINT ( 'NONE',  ( 4.709999999999999964, 0.9616224637913894924, -3.400000000000000355 ) ) ;
#1333 = ORIENTED_EDGE ( 'NONE', *, *, #1430, .T. ) ;
#1334 = FACE_OUTER_BOUND ( 'NONE', #1176, .T. ) ;
#1335 = ORIENTED_EDGE ( 'NONE', *, *, #485, .T. ) ;
#1336 =( GEOMETRIC_REPRESENTATION_CONTEXT ( 3 ) GLOBAL_UNCERTAINTY_ASSIGNED_CONTEXT ( ( #872 ) ) GLOBAL_UNIT_ASSIGNED_CONTEXT ( ( #731, #108, #718 ) ) REPRESENTATION_CONTEXT ( 'NONE', 'WORKASPACE' ) );
#1337 = ORIENTED_EDGE ( 'NONE', *, *, #1050, .F. ) ;
#1338 = DIRECTION ( 'NONE',  ( -0.000000000000000000, 0.7880107536067190166, 0.6156614753256621775 ) ) ;
#1339 = LINE ( 'NONE', #247, #6 ) ;
#1340 = ORIENTED_EDGE ( 'NONE', *, *, #1235, .T. ) ;
#1341 = EDGE_CURVE ( 'NONE', #520, #891, #416, .T. ) ;
#1342 = LINE ( 'NONE', #282, #629 ) ;
#1343 = DIRECTION ( 'NONE',  ( 0.000000000000000000, 0.000000000000000000, -1.000000000000000000 ) ) ;
#1344 = CARTESIAN_POINT ( 'NONE',  ( -4.530000000000000249, -2.250000000000000000, 0.3199999999999959543 ) ) ;
#1345 = LINE ( 'NONE', #1209, #1330 ) ;
#1346 = CARTESIAN_POINT ( 'NONE',  ( -4.709999999999999964, -5.450000000000000178, -3.046446609406735728 ) ) ;
#1347 = DIRECTION ( 'NONE',  ( 0.000000000000000000, -1.000000000000000000, 0.000000000000000000 ) ) ;
#1348 = VERTEX_POINT ( 'NONE', #791 ) ;
#1349 = VECTOR ( 'NONE', #1577, 1000.000000000000000 ) ;
#1350 = VERTEX_POINT ( 'NONE', #1610 ) ;
#1351 = CARTESIAN_POINT ( 'NONE',  ( -5.910000000000000142, -5.450000000000000178, -2.250000000000000444 ) ) ;
#1352 = EDGE_CURVE ( 'NONE', #1723, #1476, #1104, .T. ) ;
#1353 = LINE ( 'NONE', #29, #677 ) ;
#1354 = ADVANCED_FACE ( 'NONE', ( #398 ), #2052, .F. ) ;
#1355 = LINE ( 'NONE', #255, #1365 ) ;
#1356 = DIRECTION ( 'NONE',  ( 0.000000000000000000, 0.000000000000000000, 1.000000000000000000 ) ) ;
#1357 = DIRECTION ( 'NONE',  ( 0.000000000000000000, 0.000000000000000000, 1.000000000000000000 ) ) ;
#1358 = ORIENTED_EDGE ( 'NONE', *, *, #1956, .T. ) ;
#1359 = LINE ( 'NONE', #205, #2054 ) ;
#1360 = CARTESIAN_POINT ( 'NONE',  ( 1.949999999999999956, 0.9616224637913912687, -3.400000000000000355 ) ) ;
#1361 = DIRECTION ( 'NONE',  ( 0.000000000000000000, 0.000000000000000000, -1.000000000000000000 ) ) ;
#1362 = AXIS2_PLACEMENT_3D ( 'NONE', #1924, #1270, #820 ) ;
#1363 = VERTEX_POINT ( 'NONE', #41 ) ;
#1364 = EDGE_CURVE ( 'NONE', #601, #1173, #1071, .T. ) ;
#1365 = VECTOR ( 'NONE', #700, 1000.000000000000000 ) ;
#1366 = CARTESIAN_POINT ( 'NONE',  ( -0.5699999999999999512, -5.450000000000000178, -3.046446609406735728 ) ) ;
#1367 = ORIENTED_EDGE ( 'NONE', *, *, #897, .F. ) ;
#1368 = CARTESIAN_POINT ( 'NONE',  ( 1.949999999999999956, -5.450000000000000178, 0.3199999999999999512 ) ) ;
#1369 = LINE ( 'NONE', #876, #2060 ) ;
#1370 = UNCERTAINTY_MEASURE_WITH_UNIT (LENGTH_MEASURE( 1.000000000000000082E-05 ), #1428, 'distance_accuracy_value', 'NONE');
#1371 = EDGE_CURVE ( 'NONE', #1084, #896, #1090, .T. ) ;
#1372 = LINE ( 'NONE', #837, #2062 ) ;
#1373 = CARTESIAN_POINT ( 'NONE',  ( -4.530000000000000249, -5.450000000000000178, 0.3199999999999959543 ) ) ;
#1374 = DIRECTION ( 'NONE',  ( -1.000000000000000000, -1.130561711097875993E-32, 9.510545372679860126E-17 ) ) ;
#1375 = LINE ( 'NONE', #939, #628 ) ;
#1376 = CARTESIAN_POINT ( 'NONE',  ( -3.389999999999999680, -2.250000000000000000, -0.8199999999999999512 ) ) ;
#1377 = LINE ( 'NONE', #713, #689 ) ;
#1378 = CARTESIAN_POINT ( 'NONE',  ( -4.709999999999999964, -9.150000000000000355, -2.250000000000000444 ) ) ;
#1379 = ORIENTED_EDGE ( 'NONE', *, *, #690, .T. ) ;
#1380 = CARTESIAN_POINT ( 'NONE',  ( 3.389999999999999680, -8.349999999999999645, 0.3199999999999999512 ) ) ;
#1381 = VECTOR ( 'NONE', #1473, 1000.000000000000000 ) ;
#1382 = EDGE_LOOP ( 'NONE', ( #880, #1108, #550, #821 ) ) ;
#1383 = FACE_OUTER_BOUND ( 'NONE', #1094, .T. ) ;
#1384 = DIRECTION ( 'NONE',  ( -1.000000000000000000, 0.000000000000000000, 0.000000000000000000 ) ) ;
#1385 = ADVANCED_FACE ( 'NONE', ( #1080 ), #1314, .F. ) ;
#1386 = VECTOR ( 'NONE', #518, 1000.000000000000000 ) ;
#1387 = AXIS2_PLACEMENT_3D ( 'NONE', #1573, #619, #1693 ) ;
#1388 = CARTESIAN_POINT ( 'NONE',  ( 1.979999999999999982, 5.450000000000000178, -0.5288238125870380335 ) ) ;
#1389 = EDGE_CURVE ( 'NONE', #865, #1755, #1117, .T. ) ;
#1390 = COLOUR_RGB ( '',0.7921568627450980005, 0.8196078431372548767, 0.9333333333333333481 ) ;
#1391 = PLANE ( 'NONE',  #1437 ) ;
#1392 = CARTESIAN_POINT ( 'NONE',  ( 0.2788238125870384776, -9.150000000000000355, -3.046446609406735728 ) ) ;
#1393 = EDGE_CURVE ( 'NONE', #800, #1807, #412, .T. ) ;
#1394 = DIRECTION ( 'NONE',  ( -1.000000000000000000, 0.000000000000000000, 0.000000000000000000 ) ) ;
#1395 = ORIENTED_EDGE ( 'NONE', *, *, #1469, .T. ) ;
#1396 = CARTESIAN_POINT ( 'NONE',  ( -3.389999999999999680, 5.450000000000000178, -0.8199999999999999512 ) ) ;
#1397 = CARTESIAN_POINT ( 'NONE',  ( -0.5699999999999999512, 5.450000000000000178, -0.8199999999999999512 ) ) ;
#1398 = CARTESIAN_POINT ( 'NONE',  ( 0.2234416590859729934, 5.602161216184949666, -0.4734416590859719665 ) ) ;
#1399 = ADVANCED_FACE ( 'NONE', ( #1783 ), #1747, .T. ) ;
#1400 = CARTESIAN_POINT ( 'NONE',  ( -4.709999999999999964, -9.150000000000000355, -4.250000000000000000 ) ) ;
#1401 = FACE_OUTER_BOUND ( 'NONE', #1382, .T. ) ;
#1402 = CARTESIAN_POINT ( 'NONE',  ( -4.709999999999999964, 1.625715246322104957, -4.250000000000000000 ) ) ;
#1403 = ORIENTED_EDGE ( 'NONE', *, *, #237, .F. ) ;
#1404 = CARTESIAN_POINT ( 'NONE',  ( 1.949999999999999956, -9.150000000000000355, -3.046446609406735728 ) ) ;
#1405 = LINE ( 'NONE', #1281, #744 ) ;
#1406 = AXIS2_PLACEMENT_3D ( 'NONE', #1131, #17, #1298 ) ;
#1407 = VECTOR ( 'NONE', #1867, 1000.000000000000000 ) ;
#1408 = PLANE ( 'NONE',  #50 ) ;
#1409 = AXIS2_PLACEMENT_3D ( 'NONE', #164, #466, #1733 ) ;
#1410 = DIRECTION ( 'NONE',  ( -0.3236155771181828955, -0.8891264907159897035, 0.3236155771181828955 ) ) ;
#1411 = PRODUCT_DEFINITION_CONTEXT ( 'detailed design', #1743, 'design' ) ;
#1412 = ORIENTED_EDGE ( 'NONE', *, *, #836, .F. ) ;
#1413 = VECTOR ( 'NONE', #1537, 999.9999999999998863 ) ;
#1414 = AXIS2_PLACEMENT_3D ( 'NONE', #446, #1236, #1009 ) ;
#1415 = VECTOR ( 'NONE', #751, 1000.000000000000000 ) ;
#1416 = ADVANCED_FACE ( 'NONE', ( #419 ), #478, .F. ) ;
#1417 = EDGE_CURVE ( 'NONE', #906, #1524, #1110, .T. ) ;
#1418 = DIRECTION ( 'NONE',  ( 1.000000000000000000, 0.000000000000000000, 0.000000000000000000 ) ) ;
#1419 = VERTEX_POINT ( 'NONE', #626 ) ;
#1420 = CARTESIAN_POINT ( 'NONE',  ( -4.238823812587040329, -9.150000000000000355, -3.046446609406735728 ) ) ;
#1421 = VECTOR ( 'NONE', #692, 999.9999999999998863 ) ;
#1422 = VERTEX_POINT ( 'NONE', #1119 ) ;
#1423 = LINE ( 'NONE', #1690, #1407 ) ;
#1424 = DIRECTION ( 'NONE',  ( 1.000000000000000000, 0.000000000000000000, 0.000000000000000000 ) ) ;
#1425 = CARTESIAN_POINT ( 'NONE',  ( 1.949999999999999956, -9.150000000000000355, 0.02882381258703615654 ) ) ;
#1426 = VERTEX_POINT ( 'NONE', #807 ) ;
#1427 = FACE_OUTER_BOUND ( 'NONE', #1782, .T. ) ;
#1428 =( LENGTH_UNIT ( ) NAMED_UNIT ( * ) SI_UNIT ( .MILLI., .METRE. ) );
#1429 = DIRECTION ( 'NONE',  ( 1.000000000000000000, 0.000000000000000000, 0.000000000000000000 ) ) ;
#1430 = EDGE_CURVE ( 'NONE', #1363, #208, #1116, .T. ) ;
#1431 = ORIENTED_EDGE ( 'NONE', *, *, #191, .F. ) ;
#1432 = ORIENTED_EDGE ( 'NONE', *, *, #507, .F. ) ;
#1433 = DIRECTION ( 'NONE',  ( 0.000000000000000000, 1.188745405016987901E-16, -1.000000000000000000 ) ) ;
#1434 = VECTOR ( 'NONE', #992, 1000.000000000000000 ) ;
#1435 = DIRECTION ( 'NONE',  ( 0.000000000000000000, 1.000000000000000000, 0.000000000000000000 ) ) ;
#1436 = ADVANCED_FACE ( 'NONE', ( #1757 ), #824, .F. ) ;
#1437 = AXIS2_PLACEMENT_3D ( 'NONE', #1563, #638, #823 ) ;
#1438 = ORIENTED_EDGE ( 'NONE', *, *, #883, .T. ) ;
#1439 = FACE_OUTER_BOUND ( 'NONE', #2032, .T. ) ;
#1440 = CARTESIAN_POINT ( 'NONE',  ( -4.530000000000000249, 4.649999999999999467, -0.8199999999999999512 ) ) ;
#1441 = CARTESIAN_POINT ( 'NONE',  ( 0.5699999999999999512, 4.649999999999999467, -0.8199999999999999512 ) ) ;
#1442 = VERTEX_POINT ( 'NONE', #1630 ) ;
#1443 = VECTOR ( 'NONE', #32, 1000.000000000000000 ) ;
#1444 = DIRECTION ( 'NONE',  ( 0.000000000000000000, 1.000000000000000000, 0.000000000000000000 ) ) ;
#1445 = PRODUCT_CONTEXT ( 'NONE', #1461, 'mechanical' ) ;
#1446 = ORIENTED_EDGE ( 'NONE', *, *, #883, .F. ) ;
#1447 = VECTOR ( 'NONE', #1852, 1000.000000000000000 ) ;
#1448 = CARTESIAN_POINT ( 'NONE',  ( 4.530000000000000249, -2.250000000000000000, 0.3199999999999999512 ) ) ;
#1449 = DIRECTION ( 'NONE',  ( 1.000000000000000000, -1.130561711097875993E-32, 9.510545372679860126E-17 ) ) ;
#1450 = LINE ( 'NONE', #593, #48 ) ;
#1451 = CARTESIAN_POINT ( 'NONE',  ( 3.389999999999999680, 5.450000000000000178, 0.3199999999999999512 ) ) ;
#1452 = SHAPE_REPRESENTATION_RELATIONSHIP ( 'NONE' , 'NONE' ,  #1880, #1601 ) ;
#1453 = VECTOR ( 'NONE', #1251, 1000.000000000000000 ) ;
#1454 = LINE ( 'NONE', #536, #802 ) ;
#1455 = FILL_AREA_STYLE_COLOUR ( '', #1390 ) ;
#1456 = CARTESIAN_POINT ( 'NONE',  ( -4.238823812587040329, 5.450000000000000178, -0.5288238125870410311 ) ) ;
#1457 = LINE ( 'NONE', #470, #94 ) ;
#1458 = ORIENTED_EDGE ( 'NONE', *, *, #1988, .T. ) ;
#1459 = VECTOR ( 'NONE', #146, 1000.000000000000000 ) ;
#1460 = EDGE_CURVE ( 'NONE', #445, #296, #390, .T. ) ;
#1461 = APPLICATION_CONTEXT ( 'automotive_design' ) ;
#1462 = EDGE_LOOP ( 'NONE', ( #1865, #1915, #873, #1951 ) ) ;
#1463 = VECTOR ( 'NONE', #618, 1000.000000000000000 ) ;
#1464 = LINE ( 'NONE', #5, #133 ) ;
#1465 = AXIS2_PLACEMENT_3D ( 'NONE', #201, #963, #1629 ) ;
#1466 = CARTESIAN_POINT ( 'NONE',  ( -4.530000000000000249, -5.450000000000000178, -0.8199999999999999512 ) ) ;
#1467 = ORIENTED_EDGE ( 'NONE', *, *, #1574, .F. ) ;
#1468 = DIRECTION ( 'NONE',  ( 4.326679435469014375E-17, 0.000000000000000000, 1.000000000000000000 ) ) ;
#1469 = EDGE_CURVE ( 'NONE', #906, #1173, #440, .T. ) ;
#1470 = CARTESIAN_POINT ( 'NONE',  ( -1.979999999999999982, 5.450000000000000178, 0.02882381258703740207 ) ) ;
#1471 = FACE_OUTER_BOUND ( 'NONE', #1280, .T. ) ;
#1472 = ORIENTED_EDGE ( 'NONE', *, *, #279, .T. ) ;
#1473 = DIRECTION ( 'NONE',  ( 1.000000000000000000, 0.000000000000000000, -9.510545372679860126E-17 ) ) ;
#1474 = EDGE_CURVE ( 'NONE', #1139, #1249, #1048, .T. ) ;
#1475 = LINE ( 'NONE', #1661, #792 ) ;
#1476 = VERTEX_POINT ( 'NONE', #923 ) ;
#1477 = LINE ( 'NONE', #36, #1481 ) ;
#1478 = ADVANCED_FACE ( 'NONE', ( #380 ), #1640, .F. ) ;
#1479 =( NAMED_UNIT ( * ) SI_UNIT ( $, .STERADIAN. ) SOLID_ANGLE_UNIT ( ) );
#1480 = ORIENTED_EDGE ( 'NONE', *, *, #1911, .T. ) ;
#1481 = VECTOR ( 'NONE', #1888, 1000.000000000000000 ) ;
#1482 = VECTOR ( 'NONE', #76, 1000.000000000000000 ) ;
#1483 = DIRECTION ( 'NONE',  ( 0.000000000000000000, -1.000000000000000000, 0.000000000000000000 ) ) ;
#1484 = ORIENTED_EDGE ( 'NONE', *, *, #144, .T. ) ;
#1485 = DIRECTION ( 'NONE',  ( 0.000000000000000000, 0.000000000000000000, 1.000000000000000000 ) ) ;
#1486 = EDGE_CURVE ( 'NONE', #860, #1994, #1754, .T. ) ;
#1487 = ORIENTED_EDGE ( 'NONE', *, *, #414, .T. ) ;
#1488 = PLANE ( 'NONE',  #1406 ) ;
#1489 = DIRECTION ( 'NONE',  ( 1.000000000000000000, 0.000000000000000000, 0.000000000000000000 ) ) ;
#1490 = ORIENTED_EDGE ( 'NONE', *, *, #656, .F. ) ;
#1491 = FACE_OUTER_BOUND ( 'NONE', #1508, .T. ) ;
#1492 = AXIS2_PLACEMENT_3D ( 'NONE', #1197, #1818, #1781 ) ;
#1493 = ORIENTED_EDGE ( 'NONE', *, *, #1486, .F. ) ;
#1494 = VECTOR ( 'NONE', #285, 1000.000000000000000 ) ;
#1495 = ADVANCED_FACE ( 'NONE', ( #1053 ), #1666, .T. ) ;
#1496 = FACE_OUTER_BOUND ( 'NONE', #729, .T. ) ;
#1497 = EDGE_CURVE ( 'NONE', #262, #284, #1751, .T. ) ;
#1498 = CARTESIAN_POINT ( 'NONE',  ( -3.389999999999999680, 5.450000000000000178, 0.3199999999999965095 ) ) ;
#1499 = VECTOR ( 'NONE', #1185, 1000.000000000000000 ) ;
#1500 = LINE ( 'NONE', #973, #809 ) ;
#1501 = EDGE_LOOP ( 'NONE', ( #565, #1038, #1535, #888, #1703, #1955 ) ) ;
#1502 = VECTOR ( 'NONE', #757, 1000.000000000000000 ) ;
#1503 = EDGE_CURVE ( 'NONE', #770, #901, #1735, .T. ) ;
#1504 = CARTESIAN_POINT ( 'NONE',  ( -3.389999999999999680, 5.450000000000000178, -0.8199999999999999512 ) ) ;
#1505 = ORIENTED_EDGE ( 'NONE', *, *, #907, .F. ) ;
#1506 = VECTOR ( 'NONE', #1667, 1000.000000000000000 ) ;
#1507 = DIRECTION ( 'NONE',  ( 0.000000000000000000, -1.000000000000000000, 0.000000000000000000 ) ) ;
#1508 = EDGE_LOOP ( 'NONE', ( #1688, #986, #1957, #293 ) ) ;
#1509 = ORIENTED_EDGE ( 'NONE', *, *, #808, .F. ) ;
#1510 = DIRECTION ( 'NONE',  ( 0.000000000000000000, 0.000000000000000000, 1.000000000000000000 ) ) ;
#1511 = VECTOR ( 'NONE', #493, 1000.000000000000000 ) ;
#1512 = ORIENTED_EDGE ( 'NONE', *, *, #1804, .T. ) ;
#1513 = LINE ( 'NONE', #1691, #149 ) ;
#1514 = CARTESIAN_POINT ( 'NONE',  ( 5.910000000000000142, -9.150000000000000355, -3.046446609406735728 ) ) ;
#1515 = LINE ( 'NONE', #1651, #112 ) ;
#1516 = ORIENTED_EDGE ( 'NONE', *, *, #2042, .F. ) ;
#1517 = VECTOR ( 'NONE', #1659, 1000.000000000000000 ) ;
#1518 = AXIS2_PLACEMENT_3D ( 'NONE', #190, #490, #1433 ) ;
#1519 = VECTOR ( 'NONE', #1883, 1000.000000000000114 ) ;
#1520 = DIRECTION ( 'NONE',  ( -6.209209365527339810E-32, -1.000000000000000000, -1.431746200824540085E-16 ) ) ;
#1521 = EDGE_LOOP ( 'NONE', ( #1933, #1245, #853, #1532 ) ) ;
#1522 = AXIS2_PLACEMENT_3D ( 'NONE', #1470, #1949, #642 ) ;
#1523 = PLANE ( 'NONE',  #1798 ) ;
#1524 = VERTEX_POINT ( 'NONE', #270 ) ;
#1525 = PLANE ( 'NONE',  #557 ) ;
#1526 = FACE_OUTER_BOUND ( 'NONE', #596, .T. ) ;
#1527 = VERTEX_POINT ( 'NONE', #998 ) ;
#1528 = DIRECTION ( 'NONE',  ( 0.000000000000000000, 0.000000000000000000, 1.000000000000000000 ) ) ;
#1529 = CARTESIAN_POINT ( 'NONE',  ( -0.5699999999999999512, -2.250000000000000000, -0.8199999999999999512 ) ) ;
#1530 = ADVANCED_FACE ( 'NONE', ( #1729 ), #358, .F. ) ;
#1531 = VECTOR ( 'NONE', #803, 1000.000000000000000 ) ;
#1532 = ORIENTED_EDGE ( 'NONE', *, *, #1254, .F. ) ;
#1533 = CARTESIAN_POINT ( 'NONE',  ( -4.709999999999999964, -5.450000000000000178, -2.250000000000000444 ) ) ;
#1534 = CARTESIAN_POINT ( 'NONE',  ( -0.2788238125870364792, 5.450000000000000178, 0.02882381258703718696 ) ) ;
#1535 = ORIENTED_EDGE ( 'NONE', *, *, #1503, .T. ) ;
#1536 = VECTOR ( 'NONE', #174, 999.9999999999998863 ) ;
#1537 = DIRECTION ( 'NONE',  ( -0.3236155771181828955, -0.8891264907159897035, 0.3236155771181828955 ) ) ;
#1538 = ORIENTED_EDGE ( 'NONE', *, *, #1707, .F. ) ;
#1539 = DIRECTION ( 'NONE',  ( 0.000000000000000000, -1.431746200824540085E-16, 1.000000000000000000 ) ) ;
#1540 = LINE ( 'NONE', #275, #867 ) ;
#1541 = ORIENTED_EDGE ( 'NONE', *, *, #449, .F. ) ;
#1542 = ADVANCED_FACE ( 'NONE', ( #1767 ), #382, .T. ) ;
#1543 = CARTESIAN_POINT ( 'NONE',  ( -3.389999999999999680, 4.649999999999999467, 0.3199999999999965095 ) ) ;
#1544 = CARTESIAN_POINT ( 'NONE',  ( 4.183441659085975317, 5.602161216184949666, -0.4734416590859719665 ) ) ;
#1545 = PRODUCT_DEFINITION ( 'UNKNOWN', '', #724, #1411 ) ;
#1546 = PRESENTATION_LAYER_ASSIGNMENT (  '', '', ( #701 ) ) ;
#1547 = FACE_BOUND ( 'NONE', #1800, .T. ) ;
#1548 = DIRECTION ( 'NONE',  ( 0.000000000000000000, 0.000000000000000000, -1.000000000000000000 ) ) ;
#1549 = DIRECTION ( 'NONE',  ( -1.000000000000000000, 0.000000000000000000, 0.000000000000000000 ) ) ;
#1550 = ORIENTED_EDGE ( 'NONE', *, *, #1655, .T. ) ;
#1551 = EDGE_CURVE ( 'NONE', #308, #1158, #1763, .T. ) ;
#1552 = CARTESIAN_POINT ( 'NONE',  ( 0.5699999999999999512, -8.349999999999999645, 0.3199999999999999512 ) ) ;
#1553 = ORIENTED_EDGE ( 'NONE', *, *, #1497, .T. ) ;
#1554 = CARTESIAN_POINT ( 'NONE',  ( 4.530000000000000249, -2.250000000000000000, -0.8199999999999999512 ) ) ;
#1555 = FACE_OUTER_BOUND ( 'NONE', #831, .T. ) ;
#1556 = VERTEX_POINT ( 'NONE', #516 ) ;
#1557 = PLANE ( 'NONE',  #854 ) ;
#1558 = CARTESIAN_POINT ( 'NONE',  ( 4.530000000000000249, -2.250000000000000000, -0.8199999999999999512 ) ) ;
#1559 = FACE_OUTER_BOUND ( 'NONE', #1303, .T. ) ;
#1560 = ORIENTED_EDGE ( 'NONE', *, *, #1574, .T. ) ;
#1561 = ADVANCED_FACE ( 'NONE', ( #369 ), #893, .T. ) ;
#1562 = VECTOR ( 'NONE', #771, 1000.000000000000000 ) ;
#1563 = CARTESIAN_POINT ( 'NONE',  ( 0.5699999999999999512, 5.450000000000000178, 0.3199999999999999512 ) ) ;
#1564 = CARTESIAN_POINT ( 'NONE',  ( 0.5699999999999999512, -2.250000000000000000, -0.8199999999999999512 ) ) ;
#1565 = LINE ( 'NONE', #926, #1590 ) ;
#1566 = CARTESIAN_POINT ( 'NONE',  ( 4.709999999999999964, -9.150000000000000355, -2.250000000000000444 ) ) ;
#1567 = CARTESIAN_POINT ( 'NONE',  ( -4.530000000000000249, 4.649999999999999467, -0.8199999999999999512 ) ) ;
#1568 = DIRECTION ( 'NONE',  ( -0.3236155771181828955, 0.8891264907159897035, 0.3236155771181828955 ) ) ;
#1569 = LINE ( 'NONE', #1082, #894 ) ;
#1570 =( GEOMETRIC_REPRESENTATION_CONTEXT ( 3 ) GLOBAL_UNCERTAINTY_ASSIGNED_CONTEXT ( ( #1908 ) ) GLOBAL_UNIT_ASSIGNED_CONTEXT ( ( #985, #696, #522 ) ) REPRESENTATION_CONTEXT ( 'NONE', 'WORKASPACE' ) );
#1571 = ORIENTED_EDGE ( 'NONE', *, *, #1027, .F. ) ;
#1572 = DIRECTION ( 'NONE',  ( 1.000000000000000000, 0.000000000000000000, 0.000000000000000000 ) ) ;
#1573 = CARTESIAN_POINT ( 'NONE',  ( 1.949999999999999956, -2.250000000000000000, 4.250000000000000000 ) ) ;
#1574 = EDGE_CURVE ( 'NONE', #1621, #471, #347, .T. ) ;
#1575 = VECTOR ( 'NONE', #732, 1000.000000000000000 ) ;
#1576 = FACE_OUTER_BOUND ( 'NONE', #1501, .T. ) ;
#1577 = DIRECTION ( 'NONE',  ( -1.000000000000000000, -1.130561711097875993E-32, 9.510545372679860126E-17 ) ) ;
#1578 = CARTESIAN_POINT ( 'NONE',  ( 5.910000000000000142, -9.150000000000000355, -0.5288238125870380335 ) ) ;
#1579 = EDGE_CURVE ( 'NONE', #974, #1426, #1083, .T. ) ;
#1580 = ORIENTED_EDGE ( 'NONE', *, *, #483, .T. ) ;
#1581 = VECTOR ( 'NONE', #634, 1000.000000000000000 ) ;
#1582 = DIRECTION ( 'NONE',  ( 4.326679435469004515E-17, 0.000000000000000000, 1.000000000000000000 ) ) ;
#1583 = ORIENTED_EDGE ( 'NONE', *, *, #1284, .F. ) ;
#1584 = DIRECTION ( 'NONE',  ( -1.000000000000000000, 0.000000000000000000, 0.000000000000000000 ) ) ;
#1585 = CARTESIAN_POINT ( 'NONE',  ( 4.709999999999999964, 2.047043118582080101, -2.250000000000000444 ) ) ;
#1586 = LINE ( 'NONE', #1589, #1562 ) ;
#1587 = ORIENTED_EDGE ( 'NONE', *, *, #1841, .T. ) ;
#1588 = PLANE ( 'NONE',  #1182 ) ;
#1589 = CARTESIAN_POINT ( 'NONE',  ( 0.5699999999999999512, 4.649999999999999467, -0.8199999999999999512 ) ) ;
#1590 = VECTOR ( 'NONE', #366, 1000.000000000000000 ) ;
#1591 = EDGE_CURVE ( 'NONE', #1419, #343, #399, .T. ) ;
#1592 = ORIENTED_EDGE ( 'NONE', *, *, #1364, .T. ) ;
#1593 = VECTOR ( 'NONE', #125, 1000.000000000000000 ) ;
#1594 = DIRECTION ( 'NONE',  ( -0.3236155771181828955, -0.8891264907159897035, 0.3236155771181828955 ) ) ;
#1595 = DIRECTION ( 'NONE',  ( -1.000000000000000000, 0.000000000000000000, 0.000000000000000000 ) ) ;
#1596 = EDGE_CURVE ( 'NONE', #869, #1621, #405, .T. ) ;
#1597 = MECHANICAL_DESIGN_GEOMETRIC_PRESENTATION_REPRESENTATION (  '', ( #804 ), #1102 ) ;
#1598 = CARTESIAN_POINT ( 'NONE',  ( -3.091439763712260369, -7.529712492452369510, -1.118560236287747811 ) ) ;
#1599 = ORIENTED_EDGE ( 'NONE', *, *, #1864, .T. ) ;
#1600 = DIRECTION ( 'NONE',  ( 0.000000000000000000, -1.000000000000000000, 0.000000000000000000 ) ) ;
#1601 = ADVANCED_BREP_SHAPE_REPRESENTATION ( '', ( #1774, #715, #1122, #915, #905 ), #259 ) ;
#1602 = ADVANCED_FACE ( 'NONE', ( #1033 ), #1525, .F. ) ;
#1603 = VECTOR ( 'NONE', #147, 1000.000000000000000 ) ;
#1604 = EDGE_CURVE ( 'NONE', #869, #2035, #352, .T. ) ;
#1605 = VERTEX_POINT ( 'NONE', #1215 ) ;
#1606 = APPLICATION_CONTEXT ( 'automotive_design' ) ;
#1607 = ORIENTED_EDGE ( 'NONE', *, *, #627, .T. ) ;
#1608 = EDGE_CURVE ( 'NONE', #333, #397, #1055, .T. ) ;
#1609 = DIRECTION ( 'NONE',  ( 1.000000000000000000, -2.613000865813674921E-16, 0.000000000000000000 ) ) ;
#1610 = CARTESIAN_POINT ( 'NONE',  ( -5.910000000000000142, -2.250000000000000000, 4.250000000000000000 ) ) ;
#1611 = DIRECTION ( 'NONE',  ( 0.000000000000000000, 0.000000000000000000, -1.000000000000000000 ) ) ;
#1612 = EDGE_LOOP ( 'NONE', ( #1834, #1859, #188, #1816 ) ) ;
#1613 = PLANE ( 'NONE',  #1145 ) ;
#1614 = ORIENTED_EDGE ( 'NONE', *, *, #332, .F. ) ;
#1615 = ADVANCED_FACE ( 'NONE', ( #1722 ), #795, .F. ) ;
#1616 = DIRECTION ( 'NONE',  ( -1.000000000000000000, 0.000000000000000000, 9.510545372679860126E-17 ) ) ;
#1617 = SURFACE_SIDE_STYLE ('',( #430 ) ) ;
#1618 = VERTEX_POINT ( 'NONE', #630 ) ;
#1619 = DIRECTION ( 'NONE',  ( 0.000000000000000000, 0.000000000000000000, -1.000000000000000000 ) ) ;
#1620 = DIRECTION ( 'NONE',  ( 0.000000000000000000, 1.188745405016987901E-16, -1.000000000000000000 ) ) ;
#1621 = VERTEX_POINT ( 'NONE', #1868 ) ;
#1622 = CARTESIAN_POINT ( 'NONE',  ( 4.530000000000000249, -8.349999999999999645, 0.3199999999999999512 ) ) ;
#1623 = AXIS2_PLACEMENT_3D ( 'NONE', #1138, #968, #1710 ) ;
#1624 = FILL_AREA_STYLE ('',( #1455 ) ) ;
#1625 = ORIENTED_EDGE ( 'NONE', *, *, #858, .T. ) ;
#1626 = CARTESIAN_POINT ( 'NONE',  ( 4.530000000000000249, 5.450000000000000178, -0.8199999999999999512 ) ) ;
#1627 = EDGE_CURVE ( 'NONE', #1991, #1348, #355, .T. ) ;
#1628 =( NAMED_UNIT ( * ) SI_UNIT ( $, .STERADIAN. ) SOLID_ANGLE_UNIT ( ) );
#1629 = DIRECTION ( 'NONE',  ( 1.000000000000000000, 0.000000000000000000, 0.000000000000000000 ) ) ;
#1630 = CARTESIAN_POINT ( 'NONE',  ( -0.5699999999999999512, -5.450000000000000178, 0.3199999999999999512 ) ) ;
#1631 = EDGE_LOOP ( 'NONE', ( #658, #1258, #403, #304 ) ) ;
#1632 = EDGE_CURVE ( 'NONE', #122, #494, #363, .T. ) ;
#1633 = DIRECTION ( 'NONE',  ( -1.000000000000000000, 0.000000000000000000, -9.510545372679860126E-17 ) ) ;
#1634 = CARTESIAN_POINT ( 'NONE',  ( 1.949999999999999956, -5.096446609406720896, -3.400000000000000355 ) ) ;
#1635 = EDGE_CURVE ( 'NONE', #1208, #800, #1039, .T. ) ;
#1636 = ORIENTED_EDGE ( 'NONE', *, *, #1417, .F. ) ;
#1637 = CARTESIAN_POINT ( 'NONE',  ( -4.238823812587040329, -9.150000000000000355, -0.5288238125870410311 ) ) ;
#1638 = VERTEX_POINT ( 'NONE', #646 ) ;
#1639 = DIRECTION ( 'NONE',  ( 0.000000000000000000, -1.000000000000000000, 0.000000000000000000 ) ) ;
#1640 = PLANE ( 'NONE',  #103 ) ;
#1641 = AXIS2_PLACEMENT_3D ( 'NONE', #1322, #64, #1848 ) ;
#1642 = CARTESIAN_POINT ( 'NONE',  ( 3.681176187412965373, 5.450000000000000178, 0.000000000000000000 ) ) ;
#1643 = DIRECTION ( 'NONE',  ( 0.000000000000000000, 0.000000000000000000, 1.000000000000000000 ) ) ;
#1644 = EDGE_CURVE ( 'NONE', #2003, #1004, #1734, .T. ) ;
#1645 = CARTESIAN_POINT ( 'NONE',  ( -0.5699999999999999512, -2.250000000000000000, 0.3199999999999999512 ) ) ;
#1646 = DIRECTION ( 'NONE',  ( -1.000000000000000000, 1.130561711097875993E-32, -9.510545372679860126E-17 ) ) ;
#1647 = DIRECTION ( 'NONE',  ( 0.000000000000000000, 1.000000000000000000, 0.000000000000000000 ) ) ;
#1648 = CARTESIAN_POINT ( 'NONE',  ( 4.709999999999999964, -9.150000000000000355, -4.250000000000000000 ) ) ;
#1649 = ORIENTED_EDGE ( 'NONE', *, *, #535, .F. ) ;
#1650 = CARTESIAN_POINT ( 'NONE',  ( 4.530000000000000249, 4.649999999999999467, -0.8199999999999999512 ) ) ;
#1651 = CARTESIAN_POINT ( 'NONE',  ( 3.681176187412965373, 5.450000000000000178, 0.3199999999999999512 ) ) ;
#1652 = EDGE_CURVE ( 'NONE', #1098, #1208, #1740, .T. ) ;
#1653 = CARTESIAN_POINT ( 'NONE',  ( 1.949999999999999956, -2.250000000000000000, -2.250000000000000444 ) ) ;
#1654 = ORIENTED_EDGE ( 'NONE', *, *, #1680, .T. ) ;
#1655 = EDGE_CURVE ( 'NONE', #1419, #1849, #825, .T. ) ;
#1656 = DIRECTION ( 'NONE',  ( 0.000000000000000000, -0.3007057995042739518, -0.9537169507482267106 ) ) ;
#1657 = CARTESIAN_POINT ( 'NONE',  ( -0.5699999999999999512, -9.150000000000000355, -0.8199999999999999512 ) ) ;
#1658 = EDGE_CURVE ( 'NONE', #2035, #1991, #1500, .T. ) ;
#1659 = DIRECTION ( 'NONE',  ( 0.000000000000000000, 1.188745405016987901E-16, -1.000000000000000000 ) ) ;
#1660 = ORIENTED_EDGE ( 'NONE', *, *, #461, .T. ) ;
#1661 = CARTESIAN_POINT ( 'NONE',  ( 4.238823812587040329, 5.450000000000000178, -0.8199999999999999512 ) ) ;
#1662 = ORIENTED_EDGE ( 'NONE', *, *, #1278, .F. ) ;
#1663 = DIRECTION ( 'NONE',  ( -8.936989306356838660E-17, 0.3420201433256670476, -0.9396926207859090940 ) ) ;
#1664 = VECTOR ( 'NONE', #1444, 1000.000000000000000 ) ;
#1665 = PLANE ( 'NONE',  #479 ) ;
#1666 = PLANE ( 'NONE',  #1492 ) ;
#1667 = DIRECTION ( 'NONE',  ( 0.000000000000000000, 1.000000000000000000, 0.000000000000000000 ) ) ;
#1668 = ORIENTED_EDGE ( 'NONE', *, *, #1278, .T. ) ;
#1669 = CARTESIAN_POINT ( 'NONE',  ( 0.5699999999999999512, -5.450000000000000178, -3.046446609406735728 ) ) ;
#1670 = AXIS2_PLACEMENT_3D ( 'NONE', #1250, #1725, #1677 ) ;
#1671 = VERTEX_POINT ( 'NONE', #1441 ) ;
#1672 = LINE ( 'NONE', #861, #338 ) ;
#1673 = CARTESIAN_POINT ( 'NONE',  ( -4.530000000000000249, 4.649999999999999467, 0.3199999999999959543 ) ) ;
#1674 = MECHANICAL_DESIGN_GEOMETRIC_PRESENTATION_REPRESENTATION (  '', ( #1002 ), #1069 ) ;
#1675 = ORIENTED_EDGE ( 'NONE', *, *, #435, .F. ) ;
#1676 = AXIS2_PLACEMENT_3D ( 'NONE', #523, #1338, #2009 ) ;
#1677 = DIRECTION ( 'NONE',  ( 1.000000000000000000, 0.000000000000000000, 0.000000000000000000 ) ) ;
#1678 = CARTESIAN_POINT ( 'NONE',  ( 3.389999999999999680, -5.450000000000000178, 0.3199999999999999512 ) ) ;
#1679 = ORIENTED_EDGE ( 'NONE', *, *, #1107, .F. ) ;
#1680 = EDGE_CURVE ( 'NONE', #1821, #621, #769, .T. ) ;
#1681 = DIRECTION ( 'NONE',  ( -1.000000000000000000, 0.000000000000000000, 0.000000000000000000 ) ) ;
#1682 = ORIENTED_EDGE ( 'NONE', *, *, #997, .F. ) ;
#1683 = CARTESIAN_POINT ( 'NONE',  ( -3.916759838699484408, -10.03486349587588045, -0.2932401613005184982 ) ) ;
#1684 = ORIENTED_EDGE ( 'NONE', *, *, #1241, .T. ) ;
#1685 = CARTESIAN_POINT ( 'NONE',  ( 1.949999999999999956, 2.047043118582080101, -2.250000000000000444 ) ) ;
#1686 = DIRECTION ( 'NONE',  ( 1.000000000000000000, 0.000000000000000000, 0.000000000000000000 ) ) ;
#1687 = ADVANCED_FACE ( 'NONE', ( #102 ), #1060, .F. ) ;
#1688 = ORIENTED_EDGE ( 'NONE', *, *, #1023, .T. ) ;
#1689 = EDGE_CURVE ( 'NONE', #1243, #148, #1464, .T. ) ;
#1690 = CARTESIAN_POINT ( 'NONE',  ( -0.5699999999999999512, 5.450000000000000178, -0.5288238125870380335 ) ) ;
#1691 = CARTESIAN_POINT ( 'NONE',  ( 4.502487000349230328, -8.425591345281960187, -0.7924870003492250348 ) ) ;
#1692 = ORIENTED_EDGE ( 'NONE', *, *, #864, .F. ) ;
#1693 = DIRECTION ( 'NONE',  ( 0.000000000000000000, 0.000000000000000000, -1.000000000000000000 ) ) ;
#1694 = AXIS2_PLACEMENT_3D ( 'NONE', #1134, #1304, #326 ) ;
#1695 =( GEOMETRIC_REPRESENTATION_CONTEXT ( 3 ) GLOBAL_UNCERTAINTY_ASSIGNED_CONTEXT ( ( #463 ) ) GLOBAL_UNIT_ASSIGNED_CONTEXT ( ( #1838, #736, #781 ) ) REPRESENTATION_CONTEXT ( 'NONE', 'WORKASPACE' ) );
#1696 = PLANE ( 'NONE',  #242 ) ;
#1697 = EDGE_CURVE ( 'NONE', #1994, #1363, #74, .T. ) ;
#1698 = EDGE_CURVE ( 'NONE', #1971, #1026, #83, .T. ) ;
#1699 = VERTEX_POINT ( 'NONE', #1076 ) ;
#1700 = PLANE ( 'NONE',  #1889 ) ;
#1701 = CARTESIAN_POINT ( 'NONE',  ( -0.5699999999999999512, 5.450000000000000178, 0.3199999999999999512 ) ) ;
#1702 = ADVANCED_FACE ( 'NONE', ( #773 ), #1408, .F. ) ;
#1703 = ORIENTED_EDGE ( 'NONE', *, *, #317, .T. ) ;
#1704 = DIRECTION ( 'NONE',  ( 1.000000000000000000, 0.000000000000000000, 0.000000000000000000 ) ) ;
#1705 = ORIENTED_EDGE ( 'NONE', *, *, #276, .T. ) ;
#1706 = CARTESIAN_POINT ( 'NONE',  ( -3.389999999999999680, -5.450000000000000178, -0.8199999999999999512 ) ) ;
#1707 = EDGE_CURVE ( 'NONE', #1556, #340, #1457, .T. ) ;
#1708 = ORIENTED_EDGE ( 'NONE', *, *, #1135, .F. ) ;
#1709 = DIRECTION ( 'NONE',  ( -1.000000000000000000, 0.000000000000000000, -9.510545372679860126E-17 ) ) ;
#1710 = DIRECTION ( 'NONE',  ( 1.000000000000000000, 0.000000000000000000, 0.000000000000000000 ) ) ;
#1711 = VECTOR ( 'NONE', #918, 1000.000000000000000 ) ;
#1712 = CARTESIAN_POINT ( 'NONE',  ( -4.709999999999999964, 2.047043118582080101, -2.250000000000000444 ) ) ;
#1713 = ORIENTED_EDGE ( 'NONE', *, *, #1911, .F. ) ;
#1714 = MECHANICAL_DESIGN_GEOMETRIC_PRESENTATION_REPRESENTATION (  '', ( #134 ), #1570 ) ;
#1715 = ADVANCED_FACE ( 'NONE', ( #1471 ), #1613, .F. ) ;
#1716 = PLANE ( 'NONE',  #290 ) ;
#1717 = EDGE_LOOP ( 'NONE', ( #787, #662, #639, #1472 ) ) ;
#1718 = VECTOR ( 'NONE', #909, 1000.000000000000000 ) ;
#1719 = VERTEX_POINT ( 'NONE', #1554 ) ;
#1720 = CARTESIAN_POINT ( 'NONE',  ( -4.530000000000000249, -5.450000000000000178, -0.8199999999999999512 ) ) ;
#1721 = EDGE_CURVE ( 'NONE', #502, #770, #88, .T. ) ;
#1722 = FACE_OUTER_BOUND ( 'NONE', #1631, .T. ) ;
#1723 = VERTEX_POINT ( 'NONE', #283 ) ;
#1724 = VECTOR ( 'NONE', #1600, 1000.000000000000000 ) ;
#1725 = DIRECTION ( 'NONE',  ( 0.000000000000000000, 0.000000000000000000, 1.000000000000000000 ) ) ;
#1726 = DIRECTION ( 'NONE',  ( 0.000000000000000000, -1.188745405016987901E-16, 1.000000000000000000 ) ) ;
#1727 = VECTOR ( 'NONE', #1839, 1000.000000000000000 ) ;
#1728 = VECTOR ( 'NONE', #438, 999.9999999999998863 ) ;
#1729 = FACE_OUTER_BOUND ( 'NONE', #280, .T. ) ;
#1730 = ADVANCED_FACE ( 'NONE', ( #1496 ), #519, .T. ) ;
#1731 = FACE_OUTER_BOUND ( 'NONE', #775, .T. ) ;
#1732 = DIRECTION ( 'NONE',  ( -1.000000000000000000, 0.000000000000000000, 0.000000000000000000 ) ) ;
#1733 = DIRECTION ( 'NONE',  ( 0.000000000000000000, -1.000000000000000000, 0.000000000000000000 ) ) ;
#1734 = LINE ( 'NONE', #934, #368 ) ;
#1735 = LINE ( 'NONE', #236, #1028 ) ;
#1736 = CARTESIAN_POINT ( 'NONE',  ( 4.530000000000000249, 4.649999999999999467, -0.8199999999999999512 ) ) ;
#1737 = CARTESIAN_POINT ( 'NONE',  ( 4.530000000000000249, -5.450000000000000178, 0.3199999999999999512 ) ) ;
#1738 = FACE_OUTER_BOUND ( 'NONE', #708, .T. ) ;
#1739 = PRODUCT_DEFINITION_CONTEXT ( 'detailed design', #1606, 'design' ) ;
#1740 = LINE ( 'NONE', #829, #372 ) ;
#1741 = EDGE_CURVE ( 'NONE', #148, #1723, #815, .T. ) ;
#1742 = CARTESIAN_POINT ( 'NONE',  ( 0.5699999999999999512, -2.250000000000000000, 0.3199999999999999512 ) ) ;
#1743 = APPLICATION_CONTEXT ( 'automotive_design' ) ;
#1744 = EDGE_CURVE ( 'NONE', #1163, #1013, #1475, .T. ) ;
#1745 = FACE_BOUND ( 'NONE', #844, .T. ) ;
#1746 = DIRECTION ( 'NONE',  ( -1.000000000000000000, 0.000000000000000000, 4.336808689942020201E-16 ) ) ;
#1747 = PLANE ( 'NONE',  #1623 ) ;
#1748 = DIRECTION ( 'NONE',  ( 0.3236155771181828955, 0.8891264907159897035, -0.3236155771181828955 ) ) ;
#1749 = ADVANCED_FACE ( 'NONE', ( #141 ), #1156, .F. ) ;
#1750 = VECTOR ( 'NONE', #288, 1000.000000000000000 ) ;
#1751 = LINE ( 'NONE', #417, #1077 ) ;
#1752 = CARTESIAN_POINT ( 'NONE',  ( -4.530000000000000249, 5.450000000000000178, 0.3199999999999959543 ) ) ;
#1753 = VECTOR ( 'NONE', #14, 1000.000000000000000 ) ;
#1754 = LINE ( 'NONE', #727, #1064 ) ;
#1755 = VERTEX_POINT ( 'NONE', #1809 ) ;
#1756 = LINE ( 'NONE', #1833, #455 ) ;
#1757 = FACE_OUTER_BOUND ( 'NONE', #572, .T. ) ;
#1758 = EDGE_CURVE ( 'NONE', #2057, #1879, #1515, .T. ) ;
#1759 = ORIENTED_EDGE ( 'NONE', *, *, #1963, .F. ) ;
#1760 = FACE_BOUND ( 'NONE', #685, .T. ) ;
#1761 = CARTESIAN_POINT ( 'NONE',  ( -4.238823812587040329, -9.150000000000000355, 0.02882381258703322832 ) ) ;
#1762 = CARTESIAN_POINT ( 'NONE',  ( 4.709999999999999964, 3.950000000000000178, -4.250000000000000000 ) ) ;
#1763 = LINE ( 'NONE', #545, #396 ) ;
#1764 = AXIS2_PLACEMENT_3D ( 'NONE', #1392, #1894, #851 ) ;
#1765 = ORIENTED_EDGE ( 'NONE', *, *, #1627, .F. ) ;
#1766 = VECTOR ( 'NONE', #1294, 1000.000000000000000 ) ;
#1767 = FACE_OUTER_BOUND ( 'NONE', #1160, .T. ) ;
#1768 = DIRECTION ( 'NONE',  ( -0.3236155771181827845, 0.8891264907159894815, 0.3236155771181833396 ) ) ;
#1769 = DIRECTION ( 'NONE',  ( -1.000000000000000000, 0.000000000000000000, 0.000000000000000000 ) ) ;
#1770 = AXIS2_PLACEMENT_3D ( 'NONE', #530, #220, #1639 ) ;
#1771 = AXIS2_PLACEMENT_3D ( 'NONE', #192, #868, #999 ) ;
#1772 = ORIENTED_EDGE ( 'NONE', *, *, #725, .T. ) ;
#1773 = VECTOR ( 'NONE', #179, 1000.000000000000000 ) ;
#1774 = MANIFOLD_SOLID_BREP ( 'NONE', #170 ) ;
#1775 = VECTOR ( 'NONE', #957, 1000.000000000000000 ) ;
#1776 = APPLICATION_PROTOCOL_DEFINITION ( 'draft international standard', 'automotive_design', 1998, #1743 ) ;
#1777 = ORIENTED_EDGE ( 'NONE', *, *, #1219, .T. ) ;
#1778 = EDGE_CURVE ( 'NONE', #800, #1527, #121, .T. ) ;
#1779 = VECTOR ( 'NONE', #1620, 1000.000000000000000 ) ;
#1780 = CARTESIAN_POINT ( 'NONE',  ( 1.949999999999999956, -9.150000000000000355, -3.046446609406735728 ) ) ;
#1781 = DIRECTION ( 'NONE',  ( 1.000000000000000000, -2.613000865813674921E-16, 0.000000000000000000 ) ) ;
#1782 = EDGE_LOOP ( 'NONE', ( #764, #1662, #1262, #1007 ) ) ;
#1783 = FACE_OUTER_BOUND ( 'NONE', #475, .T. ) ;
#1784 = CARTESIAN_POINT ( 'NONE',  ( -3.736558340914029941, 5.602161216184949666, -0.4734416590859749641 ) ) ;
#1785 = COLOUR_RGB ( '',0.7921568627450980005, 0.8196078431372548767, 0.9333333333333333481 ) ;
#1786 = DIRECTION ( 'NONE',  ( 0.000000000000000000, 0.000000000000000000, -1.000000000000000000 ) ) ;
#1787 = UNCERTAINTY_MEASURE_WITH_UNIT (LENGTH_MEASURE( 1.000000000000000082E-05 ), #846, 'distance_accuracy_value', 'NONE');
#1788 = ORIENTED_EDGE ( 'NONE', *, *, #439, .T. ) ;
#1789 = PRESENTATION_STYLE_ASSIGNMENT (( #497 ) ) ;
#1790 = CARTESIAN_POINT ( 'NONE',  ( 0.5699999999999999512, -2.250000000000000000, -0.8199999999999999512 ) ) ;
#1791 = PLANE ( 'NONE',  #584 ) ;
#1792 = EDGE_LOOP ( 'NONE', ( #1171, #491, #462, #1992 ) ) ;
#1793 = VECTOR ( 'NONE', #672, 1000.000000000000000 ) ;
#1794 = ORIENTED_EDGE ( 'NONE', *, *, #1658, .F. ) ;
#1795 = VECTOR ( 'NONE', #221, 1000.000000000000000 ) ;
#1796 = DIRECTION ( 'NONE',  ( 0.000000000000000000, 1.188745405016987901E-16, -1.000000000000000000 ) ) ;
#1797 = CARTESIAN_POINT ( 'NONE',  ( -5.910000000000000142, 0.000000000000000000, 0.000000000000000000 ) ) ;
#1798 = AXIS2_PLACEMENT_3D ( 'NONE', #1980, #370, #1356 ) ;
#1799 = DIRECTION ( 'NONE',  ( -1.000000000000000000, 0.000000000000000000, 9.510545372679860126E-17 ) ) ;
#1800 = EDGE_LOOP ( 'NONE', ( #1872, #1018, #884, #554 ) ) ;
#1801 = PRODUCT_DEFINITION_SHAPE ( 'NONE', 'NONE',  #2063 ) ;
#1802 = CARTESIAN_POINT ( 'NONE',  ( -4.530000000000000249, -2.250000000000000000, -0.8199999999999999512 ) ) ;
#1803 = DIRECTION ( 'NONE',  ( 0.000000000000000000, 0.000000000000000000, 1.000000000000000000 ) ) ;
#1804 = EDGE_CURVE ( 'NONE', #1971, #1426, #833, .T. ) ;
#1805 = EDGE_LOOP ( 'NONE', ( #721, #1828, #1358, #1930 ) ) ;
#1806 = CARTESIAN_POINT ( 'NONE',  ( 0.5699999999999999512, 5.450000000000000178, -0.8199999999999999512 ) ) ;
#1807 = VERTEX_POINT ( 'NONE', #1456 ) ;
#1808 = ORIENTED_EDGE ( 'NONE', *, *, #778, .F. ) ;
#1809 = CARTESIAN_POINT ( 'NONE',  ( 4.530000000000000249, -8.349999999999999645, -0.8199999999999999512 ) ) ;
#1810 = VECTOR ( 'NONE', #1853, 1000.000000000000000 ) ;
#1811 = EDGE_CURVE ( 'NONE', #1129, #1699, #878, .T. ) ;
#1812 = ORIENTED_EDGE ( 'NONE', *, *, #198, .F. ) ;
#1813 = DIRECTION ( 'NONE',  ( -1.000000000000000000, 0.000000000000000000, 0.000000000000000000 ) ) ;
#1814 = ORIENTED_EDGE ( 'NONE', *, *, #1837, .F. ) ;
#1815 = EDGE_CURVE ( 'NONE', #445, #343, #898, .T. ) ;
#1816 = ORIENTED_EDGE ( 'NONE', *, *, #1689, .F. ) ;
#1817 = DIRECTION ( 'NONE',  ( -1.000000000000000000, 0.000000000000000000, 9.510545372679860126E-17 ) ) ;
#1818 = DIRECTION ( 'NONE',  ( 8.936989306356838660E-17, 0.3420201433256665480, 0.9396926207859092051 ) ) ;
#1819 = EDGE_CURVE ( 'NONE', #333, #298, #910, .T. ) ;
#1820 = PLANE ( 'NONE',  #1273 ) ;
#1821 = VERTEX_POINT ( 'NONE', #882 ) ;
#1822 = CARTESIAN_POINT ( 'NONE',  ( -4.530000000000000249, 5.450000000000000178, -0.8199999999999999512 ) ) ;
#1823 = FACE_OUTER_BOUND ( 'NONE', #717, .T. ) ;
#1824 = ORIENTED_EDGE ( 'NONE', *, *, #636, .F. ) ;
#1825 = CARTESIAN_POINT ( 'NONE',  ( 0.5699999999999999512, 4.649999999999999467, 0.3199999999999999512 ) ) ;
#1826 = DIRECTION ( 'NONE',  ( 9.510545372679860126E-17, 0.000000000000000000, 1.000000000000000000 ) ) ;
#1827 = ADVANCED_FACE ( 'NONE', ( #1555 ), #900, .F. ) ;
#1828 = ORIENTED_EDGE ( 'NONE', *, *, #627, .F. ) ;
#1829 = CARTESIAN_POINT ( 'NONE',  ( -3.681176187412965373, 5.450000000000000178, 0.000000000000000000 ) ) ;
#1830 = EDGE_LOOP ( 'NONE', ( #1708, #1550, #175, #857 ) ) ;
#1831 = VECTOR ( 'NONE', #979, 1000.000000000000000 ) ;
#1832 = CARTESIAN_POINT ( 'NONE',  ( 0.2788238125870384776, -9.150000000000000355, 0.02882381258703659022 ) ) ;
#1833 = CARTESIAN_POINT ( 'NONE',  ( -5.910000000000000142, -2.250000000000000000, 4.250000000000000000 ) ) ;
#1834 = ORIENTED_EDGE ( 'NONE', *, *, #263, .F. ) ;
#1835 = AXIS2_PLACEMENT_3D ( 'NONE', #1917, #33, #1282 ) ;
#1836 = EDGE_LOOP ( 'NONE', ( #609, #797, #60, #1308 ) ) ;
#1837 = EDGE_CURVE ( 'NONE', #343, #1149, #169, .T. ) ;
#1838 =( LENGTH_UNIT ( ) NAMED_UNIT ( * ) SI_UNIT ( .MILLI., .METRE. ) );
#1839 = DIRECTION ( 'NONE',  ( 0.000000000000000000, 0.000000000000000000, -1.000000000000000000 ) ) ;
#1840 = FACE_OUTER_BOUND ( 'NONE', #615, .T. ) ;
#1841 = EDGE_CURVE ( 'NONE', #1807, #520, #902, .T. ) ;
#1842 = ORIENTED_EDGE ( 'NONE', *, *, #449, .T. ) ;
#1843 = VECTOR ( 'NONE', #970, 1000.000000000000000 ) ;
#1844 = ADVANCED_FACE ( 'NONE', ( #1526 ), #855, .F. ) ;
#1845 = SURFACE_STYLE_USAGE ( .BOTH. , #75 ) ;
#1846 = ORIENTED_EDGE ( 'NONE', *, *, #492, .F. ) ;
#1847 = CARTESIAN_POINT ( 'NONE',  ( 0.5699999999999999512, -8.349999999999999645, -0.8199999999999999512 ) ) ;
#1848 = DIRECTION ( 'NONE',  ( 0.000000000000000000, 0.000000000000000000, -1.000000000000000000 ) ) ;
#1849 = VERTEX_POINT ( 'NONE', #1332 ) ;
#1850 = ORIENTED_EDGE ( 'NONE', *, *, #303, .T. ) ;
#1851 = ORIENTED_EDGE ( 'NONE', *, *, #348, .F. ) ;
#1852 = DIRECTION ( 'NONE',  ( 1.000000000000000000, 0.000000000000000000, 9.510545372679860126E-17 ) ) ;
#1853 = DIRECTION ( 'NONE',  ( 0.000000000000000000, 0.000000000000000000, 1.000000000000000000 ) ) ;
#1854 = ORIENTED_EDGE ( 'NONE', *, *, #778, .T. ) ;
#1855 = DIRECTION ( 'NONE',  ( 0.000000000000000000, 1.000000000000000000, 0.000000000000000000 ) ) ;
#1856 = CARTESIAN_POINT ( 'NONE',  ( 4.709999999999999964, -5.096446609406720896, -3.400000000000000355 ) ) ;
#1857 = AXIS2_PLACEMENT_3D ( 'NONE', #1016, #101, #1485 ) ;
#1858 = ORIENTED_EDGE ( 'NONE', *, *, #1758, .F. ) ;
#1859 = ORIENTED_EDGE ( 'NONE', *, *, #1168, .F. ) ;
#1860 = ADVANCED_FACE ( 'NONE', ( #165 ), #537, .F. ) ;
#1861 = PRESENTATION_LAYER_ASSIGNMENT (  '', '', ( #137 ) ) ;
#1862 = CARTESIAN_POINT ( 'NONE',  ( -3.389999999999999680, 5.450000000000000178, 0.02882381258703382507 ) ) ;
#1863 = ORIENTED_EDGE ( 'NONE', *, *, #1689, .T. ) ;
#1864 = EDGE_CURVE ( 'NONE', #1350, #1288, #848, .T. ) ;
#1865 = ORIENTED_EDGE ( 'NONE', *, *, #82, .T. ) ;
#1866 = EDGE_LOOP ( 'NONE', ( #1990, #1216, #1580, #1863 ) ) ;
#1867 = DIRECTION ( 'NONE',  ( -1.000000000000000000, 0.000000000000000000, 9.510545372679860126E-17 ) ) ;
#1868 = CARTESIAN_POINT ( 'NONE',  ( 3.389999999999999680, -2.250000000000000000, -0.8199999999999999512 ) ) ;
#1869 = ORIENTED_EDGE ( 'NONE', *, *, #1393, .T. ) ;
#1870 = ORIENTED_EDGE ( 'NONE', *, *, #730, .T. ) ;
#1871 = ORIENTED_EDGE ( 'NONE', *, *, #1758, .T. ) ;
#1872 = ORIENTED_EDGE ( 'NONE', *, *, #755, .F. ) ;
#1873 = CARTESIAN_POINT ( 'NONE',  ( 1.979999999999999982, 5.450000000000000178, 0.000000000000000000 ) ) ;
#1874 = DIRECTION ( 'NONE',  ( 8.936989306356846056E-17, 0.3420201433256670476, -0.9396926207859090940 ) ) ;
#1875 = ORIENTED_EDGE ( 'NONE', *, *, #79, .T. ) ;
#1876 = FACE_OUTER_BOUND ( 'NONE', #154, .T. ) ;
#1877 = CARTESIAN_POINT ( 'NONE',  ( -4.530000000000000249, -5.450000000000000178, -0.8199999999999999512 ) ) ;
#1878 = ADVANCED_FACE ( 'NONE', ( #1559 ), #1222, .T. ) ;
#1879 = VERTEX_POINT ( 'NONE', #459 ) ;
#1880 = SHAPE_REPRESENTATION ( 'B3P-VH(LF)(SN)_B3P-VH(LF)(SN)', ( #905 ), #259 ) ;
#1881 = EDGE_LOOP ( 'NONE', ( #1260, #135, #1205, #65 ) ) ;
#1882 = CARTESIAN_POINT ( 'NONE',  ( -0.5424870003492240356, -8.425591345281960187, -0.7924870003492250348 ) ) ;
#1883 = DIRECTION ( 'NONE',  ( 3.417451884009374903E-16, -0.6156614753256620665, 0.7880107536067189056 ) ) ;
#1884 = VECTOR ( 'NONE', #222, 1000.000000000000000 ) ;
#1885 = VERTEX_POINT ( 'NONE', #1376 ) ;
#1886 = ORIENTED_EDGE ( 'NONE', *, *, #1635, .F. ) ;
#1887 = LINE ( 'NONE', #1315, #1195 ) ;
#1888 = DIRECTION ( 'NONE',  ( 0.000000000000000000, 0.000000000000000000, 1.000000000000000000 ) ) ;
#1889 = AXIS2_PLACEMENT_3D ( 'NONE', #949, #2045, #1582 ) ;
#1890 = VERTEX_POINT ( 'NONE', #1529 ) ;
#1891 = LINE ( 'NONE', #1451, #1831 ) ;
#1892 = ORIENTED_EDGE ( 'NONE', *, *, #110, .T. ) ;
#1893 = DIRECTION ( 'NONE',  ( 0.000000000000000000, 0.000000000000000000, -1.000000000000000000 ) ) ;
#1894 = DIRECTION ( 'NONE',  ( -0.9396926207859092051, 0.3420201433256665480, 4.065748738016376421E-17 ) ) ;
#1895 = EDGE_CURVE ( 'NONE', #1026, #8, #1569, .T. ) ;
#1896 = LINE ( 'NONE', #1622, #1843 ) ;
#1897 = DIRECTION ( 'NONE',  ( -1.000000000000000000, 0.000000000000000000, 0.000000000000000000 ) ) ;
#1898 = DIRECTION ( 'NONE',  ( -1.000000000000000000, 0.000000000000000000, -9.510545372679860126E-17 ) ) ;
#1899 = LINE ( 'NONE', #1912, #481 ) ;
#1900 = ADVANCED_FACE ( 'NONE', ( #890, #1547, #185, #1576 ), #421, .F. ) ;
#1901 = ORIENTED_EDGE ( 'NONE', *, *, #951, .T. ) ;
#1902 = FACE_OUTER_BOUND ( 'NONE', #569, .T. ) ;
#1903 = ORIENTED_EDGE ( 'NONE', *, *, #1503, .F. ) ;
#1904 = PLANE ( 'NONE',  #2061 ) ;
#1905 = APPLICATION_PROTOCOL_DEFINITION ( 'draft international standard', 'automotive_design', 1998, #1606 ) ;
#1906 = ORIENTED_EDGE ( 'NONE', *, *, #97, .F. ) ;
#1907 = LINE ( 'NONE', #425, #1989 ) ;
#1908 = UNCERTAINTY_MEASURE_WITH_UNIT (LENGTH_MEASURE( 1.000000000000000082E-05 ), #985, 'distance_accuracy_value', 'NONE');
#1909 = CARTESIAN_POINT ( 'NONE',  ( 1.949999999999999956, -9.150000000000000355, -0.5288238125870410311 ) ) ;
#1910 = ORIENTED_EDGE ( 'NONE', *, *, #826, .T. ) ;
#1911 = EDGE_CURVE ( 'NONE', #1719, #1621, #197, .T. ) ;
#1912 = CARTESIAN_POINT ( 'NONE',  ( 4.530000000000000249, -5.450000000000000178, -0.8199999999999999512 ) ) ;
#1913 = LINE ( 'NONE', #547, #1964 ) ;
#1914 = ORIENTED_EDGE ( 'NONE', *, *, #1460, .T. ) ;
#1915 = ORIENTED_EDGE ( 'NONE', *, *, #1168, .T. ) ;
#1916 = CARTESIAN_POINT ( 'NONE',  ( -3.503017037803644929, 4.960511759379160779, 0.2069829621963500399 ) ) ;
#1917 = CARTESIAN_POINT ( 'NONE',  ( 4.530000000000000249, -5.450000000000000178, 0.3199999999999999512 ) ) ;
#1918 = VECTOR ( 'NONE', #464, 1000.000000000000114 ) ;
#1919 = EDGE_LOOP ( 'NONE', ( #517, #1901, #1337, #1962 ) ) ;
#1920 = ORIENTED_EDGE ( 'NONE', *, *, #885, .T. ) ;
#1921 = EDGE_CURVE ( 'NONE', #928, #1885, #212, .T. ) ;
#1922 = LINE ( 'NONE', #1585, #1274 ) ;
#1923 = ORIENTED_EDGE ( 'NONE', *, *, #356, .F. ) ;
#1924 = CARTESIAN_POINT ( 'NONE',  ( 0.000000000000000000, 0.000000000000000000, 0.000000000000000000 ) ) ;
#1925 = LINE ( 'NONE', #113, #1263 ) ;
#1926 = ORIENTED_EDGE ( 'NONE', *, *, #1658, .T. ) ;
#1927 = EDGE_CURVE ( 'NONE', #1879, #1163, #217, .T. ) ;
#1928 = PLANE ( 'NONE',  #1770 ) ;
#1929 = DIRECTION ( 'NONE',  ( 0.3236155771181828955, 0.8891264907159897035, 0.3236155771181828955 ) ) ;
#1930 = ORIENTED_EDGE ( 'NONE', *, *, #294, .F. ) ;
#1931 = DIRECTION ( 'NONE',  ( -0.3236155771181827845, 0.8891264907159894815, 0.3236155771181833396 ) ) ;
#1932 = VECTOR ( 'NONE', #711, 1000.000000000000000 ) ;
#1933 = ORIENTED_EDGE ( 'NONE', *, *, #1235, .F. ) ;
#1934 = ORIENTED_EDGE ( 'NONE', *, *, #1652, .F. ) ;
#1935 = PLANE ( 'NONE',  #2013 ) ;
#1936 = CARTESIAN_POINT ( 'NONE',  ( -4.238823812587040329, 5.450000000000000178, 0.3199999999999959543 ) ) ;
#1937 = FACE_OUTER_BOUND ( 'NONE', #2015, .T. ) ;
#1938 = VECTOR ( 'NONE', #104, 1000.000000000000000 ) ;
#1939 = EDGE_LOOP ( 'NONE', ( #1200, #1765, #1794, #177 ) ) ;
#1940 = PLANE ( 'NONE',  #1641 ) ;
#1941 = APPLICATION_CONTEXT ( 'automotive_design' ) ;
#1942 = EDGE_CURVE ( 'NONE', #1946, #1084, #238, .T. ) ;
#1943 = VERTEX_POINT ( 'NONE', #1203 ) ;
#1944 = LINE ( 'NONE', #261, #1285 ) ;
#1945 = ADVANCED_FACE ( 'NONE', ( #859 ), #1820, .F. ) ;
#1946 = VERTEX_POINT ( 'NONE', #1052 ) ;
#1947 = DIRECTION ( 'NONE',  ( 1.000000000000000000, 0.000000000000000000, 0.000000000000000000 ) ) ;
#1948 = ORIENTED_EDGE ( 'NONE', *, *, #788, .T. ) ;
#1949 = DIRECTION ( 'NONE',  ( 8.936989306356838660E-17, 0.3420201433256665480, 0.9396926207859092051 ) ) ;
#1950 = AXIS2_PLACEMENT_3D ( 'NONE', #1373, #1030, #452 ) ;
#1951 = ORIENTED_EDGE ( 'NONE', *, *, #620, .T. ) ;
#1952 = SURFACE_SIDE_STYLE ('',( #128 ) ) ;
#1953 = AXIS2_PLACEMENT_3D ( 'NONE', #1829, #953, #1361 ) ;
#1954 = LINE ( 'NONE', #1366, #1242 ) ;
#1955 = ORIENTED_EDGE ( 'NONE', *, *, #1165, .T. ) ;
#1956 = EDGE_CURVE ( 'NONE', #1524, #601, #223, .T. ) ;
#1957 = ORIENTED_EDGE ( 'NONE', *, *, #127, .T. ) ;
#1958 = VECTOR ( 'NONE', #1893, 1000.000000000000000 ) ;
#1959 = ORIENTED_EDGE ( 'NONE', *, *, #336, .T. ) ;
#1960 = FILL_AREA_STYLE_COLOUR ( '', #1785 ) ;
#1961 = CARTESIAN_POINT ( 'NONE',  ( 4.709999999999999964, -9.150000000000000355, -4.250000000000000000 ) ) ;
#1962 = ORIENTED_EDGE ( 'NONE', *, *, #276, .F. ) ;
#1963 = EDGE_CURVE ( 'NONE', #1946, #1079, #852, .T. ) ;
#1964 = VECTOR ( 'NONE', #1410, 999.9999999999998863 ) ;
#1965 = ORIENTED_EDGE ( 'NONE', *, *, #650, .F. ) ;
#1966 = CARTESIAN_POINT ( 'NONE',  ( 3.389999999999999680, 4.649999999999999467, 0.3199999999999999512 ) ) ;
#1967 = CARTESIAN_POINT ( 'NONE',  ( -4.709999999999999964, -5.096446609406720896, -3.400000000000000355 ) ) ;
#1968 = ORIENTED_EDGE ( 'NONE', *, *, #1655, .F. ) ;
#1969 = CARTESIAN_POINT ( 'NONE',  ( 0.2788238125870384776, 5.450000000000000178, -0.8199999999999999512 ) ) ;
#1970 = FACE_OUTER_BOUND ( 'NONE', #52, .T. ) ;
#1971 = VERTEX_POINT ( 'NONE', #1856 ) ;
#1972 = DIRECTION ( 'NONE',  ( 0.000000000000000000, 0.000000000000000000, 1.000000000000000000 ) ) ;
#1973 = ORIENTED_EDGE ( 'NONE', *, *, #1819, .T. ) ;
#1974 = VERTEX_POINT ( 'NONE', #600 ) ;
#1975 = VECTOR ( 'NONE', #1374, 1000.000000000000000 ) ;
#1976 = DIRECTION ( 'NONE',  ( 0.000000000000000000, -1.000000000000000000, 0.000000000000000000 ) ) ;
#1977 = ORIENTED_EDGE ( 'NONE', *, *, #2, .T. ) ;
#1978 = LINE ( 'NONE', #1685, #1212 ) ;
#1979 = ORIENTED_EDGE ( 'NONE', *, *, #2002, .F. ) ;
#1980 = CARTESIAN_POINT ( 'NONE',  ( 4.530000000000000249, 5.450000000000000178, 0.3199999999999999512 ) ) ;
#1981 = ORIENTED_EDGE ( 'NONE', *, *, #1417, .T. ) ;
#1982 = MECHANICAL_DESIGN_GEOMETRIC_PRESENTATION_REPRESENTATION (  '', ( #701 ), #1695 ) ;
#1983 = LINE ( 'NONE', #1657, #1938 ) ;
#1984 = ORIENTED_EDGE ( 'NONE', *, *, #448, .T. ) ;
#1985 = ORIENTED_EDGE ( 'NONE', *, *, #739, .F. ) ;
#1986 = CARTESIAN_POINT ( 'NONE',  ( 3.389999999999999680, -8.349999999999999645, 0.3199999999999999512 ) ) ;
#1987 = CARTESIAN_POINT ( 'NONE',  ( -3.389999999999999680, 4.649999999999999467, -0.8199999999999999512 ) ) ;
#1988 = EDGE_CURVE ( 'NONE', #122, #1671, #1586, .T. ) ;
#1989 = VECTOR ( 'NONE', #1732, 1000.000000000000000 ) ;
#1990 = ORIENTED_EDGE ( 'NONE', *, *, #1741, .T. ) ;
#1991 = VERTEX_POINT ( 'NONE', #2049 ) ;
#1992 = ORIENTED_EDGE ( 'NONE', *, *, #1741, .F. ) ;
#1993 = CARTESIAN_POINT ( 'NONE',  ( -0.2788238125870364792, -9.150000000000000355, -3.046446609406735728 ) ) ;
#1994 = VERTEX_POINT ( 'NONE', #582 ) ;
#1995 = LINE ( 'NONE', #1008, #2024 ) ;
#1996 = ORIENTED_EDGE ( 'NONE', *, *, #1579, .F. ) ;
#1997 = DIRECTION ( 'NONE',  ( 0.000000000000000000, 0.000000000000000000, 1.000000000000000000 ) ) ;
#1998 = ORIENTED_EDGE ( 'NONE', *, *, #1942, .F. ) ;
#1999 = DIRECTION ( 'NONE',  ( -1.000000000000000000, 0.000000000000000000, 9.510545372679860126E-17 ) ) ;
#2000 = LINE ( 'NONE', #1966, #693 ) ;
#2001 = ORIENTED_EDGE ( 'NONE', *, *, #1819, .F. ) ;
#2002 = EDGE_CURVE ( 'NONE', #865, #1013, #200, .T. ) ;
#2003 = VERTEX_POINT ( 'NONE', #267 ) ;
#2004 = CARTESIAN_POINT ( 'NONE',  ( -3.389999999999999680, -5.450000000000000178, -0.8199999999999999512 ) ) ;
#2005 = CARTESIAN_POINT ( 'NONE',  ( 1.949999999999999956, -5.096446609406720896, -3.400000000000000355 ) ) ;
#2006 = FACE_OUTER_BOUND ( 'NONE', #1266, .T. ) ;
#2007 = ORIENTED_EDGE ( 'NONE', *, *, #1652, .T. ) ;
#2008 = SURFACE_STYLE_FILL_AREA ( #1233 ) ;
#2009 = DIRECTION ( 'NONE',  ( 1.000000000000000000, 0.000000000000000000, 0.000000000000000000 ) ) ;
#2010 = DIRECTION ( 'NONE',  ( 0.000000000000000000, 1.000000000000000000, 1.188745405016987901E-16 ) ) ;
#2011 = VERTEX_POINT ( 'NONE', #936 ) ;
#2012 = VECTOR ( 'NONE', #357, 1000.000000000000000 ) ;
#2013 = AXIS2_PLACEMENT_3D ( 'NONE', #1752, #196, #960 ) ;
#2014 = CARTESIAN_POINT ( 'NONE',  ( 0.5699999999999999512, 4.649999999999999467, 0.3199999999999999512 ) ) ;
#2015 = EDGE_LOOP ( 'NONE', ( #1814, #1133, #480, #2034 ) ) ;
#2016 = CARTESIAN_POINT ( 'NONE',  ( 3.681176187412965373, -9.150000000000000355, 0.02882381258703664573 ) ) ;
#2017 = EDGE_LOOP ( 'NONE', ( #1335, #1155, #590, #1973, #1509, #450, #186, #1851, #1996, #158 ) ) ;
#2018 = EDGE_CURVE ( 'NONE', #901, #1605, #1540, .T. ) ;
#2019 = PLANE ( 'NONE',  #879 ) ;
#2020 = DIRECTION ( 'NONE',  ( 0.000000000000000000, 1.000000000000000000, 0.000000000000000000 ) ) ;
#2021 = ORIENTED_EDGE ( 'NONE', *, *, #191, .T. ) ;
#2022 = ORIENTED_EDGE ( 'NONE', *, *, #395, .T. ) ;
#2023 = ADVANCED_FACE ( 'NONE', ( #207 ), #1063, .F. ) ;
#2024 = VECTOR ( 'NONE', #1313, 1000.000000000000000 ) ;
#2025 = ORIENTED_EDGE ( 'NONE', *, *, #847, .F. ) ;
#2026 = CARTESIAN_POINT ( 'NONE',  ( 3.389999999999999680, 5.450000000000000178, -0.8199999999999999512 ) ) ;
#2027 = DIRECTION ( 'NONE',  ( 0.000000000000000000, 1.000000000000000000, 1.188745405016987901E-16 ) ) ;
#2028 = ORIENTED_EDGE ( 'NONE', *, *, #1988, .F. ) ;
#2029 = COLOUR_RGB ( '',0.7921568627450980005, 0.8196078431372548767, 0.9333333333333333481 ) ;
#2030 = DIRECTION ( 'NONE',  ( -1.000000000000000000, 0.000000000000000000, -9.510545372679860126E-17 ) ) ;
#2031 = CARTESIAN_POINT ( 'NONE',  ( 5.910000000000000142, 0.000000000000000000, -2.250000000000000444 ) ) ;
#2032 = EDGE_LOOP ( 'NONE', ( #241, #814, #924, #1981 ) ) ;
#2033 = FACE_OUTER_BOUND ( 'NONE', #592, .T. ) ;
#2034 = ORIENTED_EDGE ( 'NONE', *, *, #1034, .T. ) ;
#2035 = VERTEX_POINT ( 'NONE', #447 ) ;
#2036 = CARTESIAN_POINT ( 'NONE',  ( -0.2788238125870364792, 5.450000000000000178, -0.5288238125870380335 ) ) ;
#2037 = DIRECTION ( 'NONE',  ( -8.936989306356838660E-17, 0.3420201433256670476, -0.9396926207859090940 ) ) ;
#2038 = FACE_OUTER_BOUND ( 'NONE', #959, .T. ) ;
#2039 = EDGE_LOOP ( 'NONE', ( #1910, #256, #1252, #1870 ) ) ;
#2040 = DIRECTION ( 'NONE',  ( 0.000000000000000000, 0.000000000000000000, 1.000000000000000000 ) ) ;
#2041 = ADVANCED_FACE ( 'NONE', ( #881 ), #759, .T. ) ;
#2042 = EDGE_CURVE ( 'NONE', #262, #1943, #919, .T. ) ;
#2043 = LINE ( 'NONE', #40, #1325 ) ;
#2044 = ORIENTED_EDGE ( 'NONE', *, *, #1608, .T. ) ;
#2045 = DIRECTION ( 'NONE',  ( -0.9396926207859094271, 0.3420201433256661039, 4.065748738016367793E-17 ) ) ;
#2046 = FACE_OUTER_BOUND ( 'NONE', #1717, .T. ) ;
#2047 = EDGE_CURVE ( 'NONE', #1208, #1524, #1565, .T. ) ;
#2048 = CARTESIAN_POINT ( 'NONE',  ( 1.949999999999999956, -5.450000000000000178, 4.250000000000000000 ) ) ;
#2049 = CARTESIAN_POINT ( 'NONE',  ( 4.530000000000000249, -5.450000000000000178, 0.3199999999999999512 ) ) ;
#2050 = FACE_OUTER_BOUND ( 'NONE', #1836, .T. ) ;
#2051 = LINE ( 'NONE', #1276, #645 ) ;
#2052 = PLANE ( 'NONE',  #1409 ) ;
#2053 = ORIENTED_EDGE ( 'NONE', *, *, #897, .T. ) ;
#2054 = VECTOR ( 'NONE', #1796, 1000.000000000000000 ) ;
#2055 = DIRECTION ( 'NONE',  ( 0.000000000000000000, 0.000000000000000000, 1.000000000000000000 ) ) ;
#2056 = ADVANCED_FACE ( 'NONE', ( #203 ), #351, .F. ) ;
#2057 = VERTEX_POINT ( 'NONE', #319 ) ;
#2058 = VECTOR ( 'NONE', #1483, 1000.000000000000000 ) ;
#2059 = DIRECTION ( 'NONE',  ( -1.000000000000000000, 0.000000000000000000, -9.510545372679868754E-17 ) ) ;
#2060 = VECTOR ( 'NONE', #1151, 1000.000000000000000 ) ;
#2061 = AXIS2_PLACEMENT_3D ( 'NONE', #818, #801, #845 ) ;
#2062 = VECTOR ( 'NONE', #850, 1000.000000000000000 ) ;
#2063 = NEXT_ASSEMBLY_USAGE_OCCURRENCE ( 'NAUO1', ' ', ' ', #1545, #699, $ ) ;
ENDSEC;
END-ISO-10303-21;
