ISO-10303-21;
HEADER;
FILE_DESCRIPTION (( 'STEP AP214' ),
    '1' );
FILE_NAME ('NDJ11.STEP',
    '2020-08-13T04:22:13',
    ( '' ),
    ( '' ),
    'SwSTEP 2.0',
    'SolidWorks 2017',
    '' );
FILE_SCHEMA (( 'AUTOMOTIVE_DESIGN' ));
ENDSEC;

DATA;
#1 = AXIS2_PLACEMENT_3D ( 'NONE', #6746, #1282, #3359 ) ;
#2 = ORIENTED_EDGE ( 'NONE', *, *, #3968, .T. ) ;
#3 = FACE_OUTER_BOUND ( 'NONE', #5257, .T. ) ;
#4 = PLANE ( 'NONE',  #6235 ) ;
#5 = ORIENTED_EDGE ( 'NONE', *, *, #3943, .T. ) ;
#6 = PRESENTATION_STYLE_ASSIGNMENT (( #49 ) ) ;
#7 = CARTESIAN_POINT ( 'NONE',  ( 0.2140000000000001300, 0.5020000000000000000, -0.1885000000000000300 ) ) ;
#8 = PRESENTATION_STYLE_ASSIGNMENT (( #8637 ) ) ;
#9 = DIRECTION ( 'NONE',  ( -0.3420201433256637700, 0.9396926207859100900, 1.887571618202279600E-016 ) ) ;
#10 = VECTOR ( 'NONE', #6223, 39.37007874015748100 ) ;
#11 = FILL_AREA_STYLE ('',( #7342 ) ) ;
#12 = PLANE ( 'NONE',  #8113 ) ;
#13 = DIRECTION ( 'NONE',  ( 1.000000000000000000, 0.0000000000000000000, 0.0000000000000000000 ) ) ;
#14 = CARTESIAN_POINT ( 'NONE',  ( -0.3075000000000000000, 0.1910000000000002300, -0.03150000000000003500 ) ) ;
#15 = EDGE_CURVE ( 'NONE', #851, #8504, #4437, .T. ) ;
#16 = CYLINDRICAL_SURFACE ( 'NONE', #4557, 0.01399999999999996000 ) ;
#17 = ORIENTED_EDGE ( 'NONE', *, *, #7232, .T. ) ;
#18 = LINE ( 'NONE', #7546, #2181 ) ;
#19 = EDGE_LOOP ( 'NONE', ( #5631, #5029, #781, #6360 ) ) ;
#20 = CARTESIAN_POINT ( 'NONE',  ( -0.3160000000000000600, 0.07336898097372462900, -0.07800000000000002800 ) ) ;
#21 = ORIENTED_EDGE ( 'NONE', *, *, #8035, .F. ) ;
#22 = VERTEX_POINT ( 'NONE', #7451 ) ;
#23 = AXIS2_PLACEMENT_3D ( 'NONE', #8009, #1899, #5405 ) ;
#24 = EDGE_CURVE ( 'NONE', #741, #744, #4233, .T. ) ;
#25 = CARTESIAN_POINT ( 'NONE',  ( 0.01899999999999998900, 0.1260000000000001100, -0.1080000000000000300 ) ) ;
#26 = LINE ( 'NONE', #5395, #349 ) ;
#27 = FACE_OUTER_BOUND ( 'NONE', #7238, .T. ) ;
#28 = DIRECTION ( 'NONE',  ( 1.000000000000000000, 0.0000000000000000000, 0.0000000000000000000 ) ) ;
#29 = EDGE_CURVE ( 'NONE', #3441, #3546, #5271, .T. ) ;
#30 = ORIENTED_EDGE ( 'NONE', *, *, #4631, .F. ) ;
#31 = EDGE_CURVE ( 'NONE', #6580, #4948, #7271, .T. ) ;
#32 = ADVANCED_FACE ( 'NONE', ( #1964 ), #3708, .T. ) ;
#33 = UNCERTAINTY_MEASURE_WITH_UNIT (LENGTH_MEASURE( 1.000000000000000100E-005 ), #329, 'distance_accuracy_value', 'NONE');
#34 = CARTESIAN_POINT ( 'NONE',  ( 0.2739999999999999100, 0.8199999999999999500, -0.1275000000000000900 ) ) ;
#35 = MECHANICAL_DESIGN_GEOMETRIC_PRESENTATION_REPRESENTATION (  '', ( #2065 ), #5431 ) ;
#36 = CIRCLE ( 'NONE', #8441, 0.03000000000000002300 ) ;
#37 = CARTESIAN_POINT ( 'NONE',  ( -0.08600000000000002100, -0.1450000000000001000, -0.07800000000000002800 ) ) ;
#38 = DIRECTION ( 'NONE',  ( 1.000000000000000000, 0.0000000000000000000, 0.0000000000000000000 ) ) ;
#39 = VECTOR ( 'NONE', #1906, 39.37007874015748100 ) ;
#40 = EDGE_CURVE ( 'NONE', #1415, #2237, #5069, .T. ) ;
#41 = EDGE_LOOP ( 'NONE', ( #4829, #6358, #3128, #6284, #7842, #6785, #5986, #1859, #4725, #6557, #7735, #827, #1839, #8534, #3819, #5389, #587, #1564, #3764, #8513 ) ) ;
#42 = CARTESIAN_POINT ( 'NONE',  ( -0.08600000000000002100, -0.1700000000000001000, 0.1724999999999999000 ) ) ;
#43 = ADVANCED_FACE ( 'NONE', ( #7981 ), #7993, .F. ) ;
#44 = DIRECTION ( 'NONE',  ( -1.000000000000000000, -0.0000000000000000000, 0.0000000000000000000 ) ) ;
#45 = VECTOR ( 'NONE', #5999, 39.37007874015748900 ) ;
#46 = CARTESIAN_POINT ( 'NONE',  ( 0.1530000000000000200, 0.0000000000000000000, -0.04149999999999996100 ) ) ;
#47 = CARTESIAN_POINT ( 'NONE',  ( 0.04800000000000000800, 0.1260000000000001100, -0.1080000000000000300 ) ) ;
#48 = VECTOR ( 'NONE', #6377, 39.37007874015748100 ) ;
#49 = SURFACE_STYLE_USAGE ( .BOTH. , #133 ) ;
#50 = CARTESIAN_POINT ( 'NONE',  ( -0.2490000000000000300, 0.04767424210712179600, -0.09348484402818098300 ) ) ;
#51 = FACE_OUTER_BOUND ( 'NONE', #8253, .T. ) ;
#52 = PLANE ( 'NONE',  #3734 ) ;
#53 = EDGE_CURVE ( 'NONE', #425, #3619, #6622, .T. ) ;
#54 = VERTEX_POINT ( 'NONE', #3593 ) ;
#55 = ADVANCED_FACE ( 'NONE', ( #5793 ), #248, .F. ) ;
#56 = DIRECTION ( 'NONE',  ( -2.346948448165176000E-016, 1.000000000000000000, -0.0000000000000000000 ) ) ;
#57 = DIRECTION ( 'NONE',  ( 0.0000000000000000000, 0.0000000000000000000, 1.000000000000000000 ) ) ;
#58 = ORIENTED_EDGE ( 'NONE', *, *, #1625, .F. ) ;
#59 = DIRECTION ( 'NONE',  ( -1.000000000000000000, -0.0000000000000000000, -0.0000000000000000000 ) ) ;
#60 = VECTOR ( 'NONE', #5091, 39.37007874015748100 ) ;
#61 = VERTEX_POINT ( 'NONE', #305 ) ;
#62 = CARTESIAN_POINT ( 'NONE',  ( 0.2199999999999999700, 0.07336898097372462900, -0.09200000000000001200 ) ) ;
#63 = ORIENTED_EDGE ( 'NONE', *, *, #6491, .T. ) ;
#64 = LINE ( 'NONE', #2146, #1393 ) ;
#65 = DIRECTION ( 'NONE',  ( 0.0000000000000000000, 0.0000000000000000000, -1.000000000000000000 ) ) ;
#66 = VERTEX_POINT ( 'NONE', #423 ) ;
#67 = EDGE_LOOP ( 'NONE', ( #3304, #1037, #6776, #7632 ) ) ;
#68 = FACE_OUTER_BOUND ( 'NONE', #4168, .T. ) ;
#69 = STYLED_ITEM ( 'NONE', ( #3106 ), #4325 ) ;
#70 = DIRECTION ( 'NONE',  ( 0.0000000000000000000, -1.000000000000000000, 0.0000000000000000000 ) ) ;
#71 = DIRECTION ( 'NONE',  ( 0.0000000000000000000, -0.0000000000000000000, -1.000000000000000000 ) ) ;
#72 = EDGE_CURVE ( 'NONE', #3422, #5685, #2404, .T. ) ;
#73 = ORIENTED_EDGE ( 'NONE', *, *, #5096, .T. ) ;
#74 = FILL_AREA_STYLE_COLOUR ( '', #3159 ) ;
#75 = CYLINDRICAL_SURFACE ( 'NONE', #5904, 0.03000000000000002300 ) ;
#76 = DIRECTION ( 'NONE',  ( -0.0000000000000000000, -0.5161614676060311000, 0.8564912955534271800 ) ) ;
#77 = VERTEX_POINT ( 'NONE', #1642 ) ;
#78 = ADVANCED_FACE ( 'NONE', ( #6424 ), #3018, .F. ) ;
#79 = FACE_OUTER_BOUND ( 'NONE', #2064, .T. ) ;
#80 = ORIENTED_EDGE ( 'NONE', *, *, #969, .T. ) ;
#81 = EDGE_CURVE ( 'NONE', #4819, #792, #2188, .T. ) ;
#82 = ORIENTED_EDGE ( 'NONE', *, *, #5917, .F. ) ;
#83 = EDGE_CURVE ( 'NONE', #772, #5304, #1264, .T. ) ;
#84 = ADVANCED_FACE ( 'NONE', ( #3276 ), #5712, .F. ) ;
#85 = UNCERTAINTY_MEASURE_WITH_UNIT (LENGTH_MEASURE( 1.000000000000000100E-005 ), #250, 'distance_accuracy_value', 'NONE');
#86 = CARTESIAN_POINT ( 'NONE',  ( -0.01900000000000002400, -0.1510000000000001300, -0.01149999999999994900 ) ) ;
#87 = EDGE_LOOP ( 'NONE', ( #2541, #3202, #2400, #8332 ) ) ;
#88 = AXIS2_PLACEMENT_3D ( 'NONE', #3905, #5209, #2503 ) ;
#89 = DIRECTION ( 'NONE',  ( 0.0000000000000000000, 1.000000000000000000, 3.244104004879253700E-016 ) ) ;
#90 = CARTESIAN_POINT ( 'NONE',  ( 0.3934478544467033300, 0.5414152690831576200, -0.09395736911460243800 ) ) ;
#91 = AXIS2_PLACEMENT_3D ( 'NONE', #5916, #4005, #2579 ) ;
#92 = EDGE_CURVE ( 'NONE', #6373, #8520, #5594, .T. ) ;
#93 = PLANE ( 'NONE',  #383 ) ;
#94 = ORIENTED_EDGE ( 'NONE', *, *, #5272, .F. ) ;
#95 =( CONVERSION_BASED_UNIT ( 'INCH', #5492 ) LENGTH_UNIT ( ) NAMED_UNIT ( #8391 ) );
#96 = DIRECTION ( 'NONE',  ( -0.0000000000000000000, 1.000000000000000000, 1.455174712534229700E-016 ) ) ;
#97 = CARTESIAN_POINT ( 'NONE',  ( 0.1530000000000000200, 0.1260000000000001100, -0.09200000000000001200 ) ) ;
#98 = VECTOR ( 'NONE', #948, 39.37007874015748100 ) ;
#99 = SURFACE_STYLE_FILL_AREA ( #1635 ) ;
#100 = CARTESIAN_POINT ( 'NONE',  ( -0.3961569461215342900, -0.02917474245791772100, 0.1884999999999999200 ) ) ;
#101 = VERTEX_POINT ( 'NONE', #7709 ) ;
#102 = ORIENTED_EDGE ( 'NONE', *, *, #6257, .T. ) ;
#103 = DIRECTION ( 'NONE',  ( 0.0000000000000000000, 1.000000000000000000, -3.244104004879254200E-016 ) ) ;
#104 = DIRECTION ( 'NONE',  ( 0.0000000000000000000, 0.0000000000000000000, 1.000000000000000000 ) ) ;
#105 = EDGE_CURVE ( 'NONE', #5937, #770, #7794, .T. ) ;
#106 = DIRECTION ( 'NONE',  ( -1.000000000000000000, -0.0000000000000000000, -0.0000000000000000000 ) ) ;
#107 = VECTOR ( 'NONE', #1410, 39.37007874015748100 ) ;
#108 = CARTESIAN_POINT ( 'NONE',  ( 0.04800000000000000800, 0.1260000000000001100, -0.09200000000000001200 ) ) ;
#109 = DIRECTION ( 'NONE',  ( -1.000000000000000000, -0.0000000000000000000, -0.0000000000000000000 ) ) ;
#110 = CARTESIAN_POINT ( 'NONE',  ( 0.1150000000000000000, 0.02569473886660282200, -0.02601515597181902300 ) ) ;
#111 = CARTESIAN_POINT ( 'NONE',  ( 0.1530000000000000200, 0.04767424210712179600, -0.09348484402818098300 ) ) ;
#112 = ORIENTED_EDGE ( 'NONE', *, *, #4719, .F. ) ;
#113 = AXIS2_PLACEMENT_3D ( 'NONE', #932, #343, #8446 ) ;
#114 = ADVANCED_FACE ( 'NONE', ( #4246 ), #1063, .F. ) ;
#115 = AXIS2_PLACEMENT_3D ( 'NONE', #1145, #2484, #6575 ) ;
#116 = VECTOR ( 'NONE', #3780, 39.37007874015748100 ) ;
#117 = VECTOR ( 'NONE', #3948, 39.37007874015748100 ) ;
#118 = VERTEX_POINT ( 'NONE', #6391 ) ;
#119 = ORIENTED_EDGE ( 'NONE', *, *, #747, .F. ) ;
#120 = SURFACE_STYLE_FILL_AREA ( #2208 ) ;
#121 = ORIENTED_EDGE ( 'NONE', *, *, #2705, .T. ) ;
#122 = CARTESIAN_POINT ( 'NONE',  ( -0.04800000000000004300, 0.07336898097372462900, -0.1080000000000000500 ) ) ;
#123 = DIRECTION ( 'NONE',  ( 0.0000000000000000000, -1.000000000000000000, -2.008711760047251600E-016 ) ) ;
#124 = COLOUR_RGB ( '',0.2509803921568627400, 0.2509803921568627400, 0.2509803921568627400 ) ;
#125 = DIRECTION ( 'NONE',  ( 0.0000000000000000000, 0.0000000000000000000, -1.000000000000000000 ) ) ;
#126 = CARTESIAN_POINT ( 'NONE',  ( -0.1820000000000000800, 0.07336898097372462900, -0.09200000000000001200 ) ) ;
#127 = ADVANCED_FACE ( 'NONE', ( #2954 ), #5741, .F. ) ;
#128 = DIRECTION ( 'NONE',  ( 0.0000000000000000000, 0.5161614676060309900, -0.8564912955534271800 ) ) ;
#129 =( GEOMETRIC_REPRESENTATION_CONTEXT ( 3 ) GLOBAL_UNCERTAINTY_ASSIGNED_CONTEXT ( ( #5567 ) ) GLOBAL_UNIT_ASSIGNED_CONTEXT ( ( #6807, #3451, #6135 ) ) REPRESENTATION_CONTEXT ( 'NONE', 'WORKASPACE' ) );
#130 = PRESENTATION_STYLE_ASSIGNMENT (( #427 ) ) ;
#131 = EDGE_LOOP ( 'NONE', ( #3060, #6988, #2959, #3319 ) ) ;
#132 = DIRECTION ( 'NONE',  ( -0.0000000000000000000, 1.000000000000000000, 1.455174712534229700E-016 ) ) ;
#133 = SURFACE_SIDE_STYLE ('',( #6812 ) ) ;
#134 = VERTEX_POINT ( 'NONE', #1693 ) ;
#135 = DIRECTION ( 'NONE',  ( 0.0000000000000000000, -3.244104004879254200E-016, 1.000000000000000000 ) ) ;
#136 = EDGE_CURVE ( 'NONE', #3275, #7151, #6954, .T. ) ;
#137 = VECTOR ( 'NONE', #1740, 39.37007874015748100 ) ;
#138 = CARTESIAN_POINT ( 'NONE',  ( -0.2490000000000000300, 0.07336898097372462900, -0.1080000000000000500 ) ) ;
#139 = VECTOR ( 'NONE', #8340, 39.37007874015748100 ) ;
#140 = AXIS2_PLACEMENT_3D ( 'NONE', #8612, #608, #3283 ) ;
#141 = EDGE_LOOP ( 'NONE', ( #5629, #5429, #4297, #2061 ) ) ;
#142 = EDGE_CURVE ( 'NONE', #118, #101, #2406, .T. ) ;
#143 = ADVANCED_FACE ( 'NONE', ( #7995 ), #1801, .F. ) ;
#144 = CARTESIAN_POINT ( 'NONE',  ( -0.3789999999999999500, 0.1260000000000001100, -0.01150000000000003500 ) ) ;
#145 = DIRECTION ( 'NONE',  ( -1.000000000000000000, -0.0000000000000000000, -0.0000000000000000000 ) ) ;
#146 = VECTOR ( 'NONE', #3125, 39.37007874015748100 ) ;
#147 = STYLED_ITEM ( 'NONE', ( #4027 ), #2481 ) ;
#148 = LINE ( 'NONE', #6850, #7081 ) ;
#149 = DIRECTION ( 'NONE',  ( -0.0000000000000000000, 1.000000000000000000, 1.455174712534229700E-016 ) ) ;
#150 = CARTESIAN_POINT ( 'NONE',  ( -0.1820000000000000800, -2.134256245050205600E-017, 0.1884999999999999200 ) ) ;
#151 = ORIENTED_EDGE ( 'NONE', *, *, #2254, .F. ) ;
#152 = EDGE_CURVE ( 'NONE', #3224, #3612, #1353, .T. ) ;
#153 = LINE ( 'NONE', #6195, #3287 ) ;
#154 = PRESENTATION_LAYER_ASSIGNMENT (  '', '', ( #3890 ) ) ;
#155 = SURFACE_STYLE_USAGE ( .BOTH. , #1762 ) ;
#156 = CARTESIAN_POINT ( 'NONE',  ( 0.1398430538784657400, -0.02917474245791772100, 0.1884999999999999200 ) ) ;
#157 = VERTEX_POINT ( 'NONE', #2428 ) ;
#158 = CARTESIAN_POINT ( 'NONE',  ( -0.2870000000000000300, -0.1510000000000001300, -0.1885000000000000600 ) ) ;
#159 = DIRECTION ( 'NONE',  ( 0.0000000000000000000, -3.244104004879254200E-016, -1.000000000000000000 ) ) ;
#160 = SURFACE_SIDE_STYLE ('',( #2931 ) ) ;
#161 = ADVANCED_FACE ( 'NONE', ( #8204 ), #4501, .T. ) ;
#162 = ORIENTED_EDGE ( 'NONE', *, *, #83, .F. ) ;
#163 = CARTESIAN_POINT ( 'NONE',  ( 0.2490000000000000000, 0.07336898097372462900, -0.07800000000000002800 ) ) ;
#164 = ORIENTED_EDGE ( 'NONE', *, *, #7785, .T. ) ;
#165 = DIRECTION ( 'NONE',  ( -0.7071067811865465700, -0.7071067811865483500, 0.0000000000000000000 ) ) ;
#166 = VERTEX_POINT ( 'NONE', #1372 ) ;
#167 = ORIENTED_EDGE ( 'NONE', *, *, #6018, .T. ) ;
#168 = VECTOR ( 'NONE', #2559, 39.37007874015748100 ) ;
#169 = AXIS2_PLACEMENT_3D ( 'NONE', #3012, #5137, #4373 ) ;
#170 = SURFACE_STYLE_USAGE ( .BOTH. , #6229 ) ;
#171 = ADVANCED_FACE ( 'NONE', ( #348 ), #6786, .F. ) ;
#172 = DIRECTION ( 'NONE',  ( 3.794233324533703800E-016, 1.000000000000000000, -0.0000000000000000000 ) ) ;
#173 = ORIENTED_EDGE ( 'NONE', *, *, #7671, .T. ) ;
#174 =( CONVERSION_BASED_UNIT ( 'INCH', #8483 ) LENGTH_UNIT ( ) NAMED_UNIT ( #1074 ) );
#175 = ORIENTED_EDGE ( 'NONE', *, *, #40, .F. ) ;
#176 = FACE_OUTER_BOUND ( 'NONE', #2230, .T. ) ;
#177 = ORIENTED_EDGE ( 'NONE', *, *, #4796, .F. ) ;
#178 = ORIENTED_EDGE ( 'NONE', *, *, #1081, .T. ) ;
#179 = LINE ( 'NONE', #3614, #4390 ) ;
#180 = CARTESIAN_POINT ( 'NONE',  ( 0.3540000000000000400, 0.1260000000000001100, -0.09200000000000001200 ) ) ;
#181 = ORIENTED_EDGE ( 'NONE', *, *, #2685, .F. ) ;
#182 = CARTESIAN_POINT ( 'NONE',  ( -0.3160000000000000600, 0.1260000000000001100, -0.09200000000000001200 ) ) ;
#183 = DIRECTION ( 'NONE',  ( 1.000000000000000000, 3.794233324533701400E-016, -0.0000000000000000000 ) ) ;
#184 = CIRCLE ( 'NONE', #5015, 0.01999999999999999000 ) ;
#185 = ORIENTED_EDGE ( 'NONE', *, *, #5375, .T. ) ;
#186 = CARTESIAN_POINT ( 'NONE',  ( 0.1530000000000000200, 0.0000000000000000000, -0.01149999999999994900 ) ) ;
#187 = CARTESIAN_POINT ( 'NONE',  ( 0.1530000000000000200, -2.134256245050205600E-018, -0.02749999999999999700 ) ) ;
#188 = CARTESIAN_POINT ( 'NONE',  ( -0.1530000000000000200, 0.01199087813774794300, -0.03427373945351554900 ) ) ;
#189 = ADVANCED_FACE ( 'NONE', ( #459 ), #4742, .F. ) ;
#190 = EDGE_CURVE ( 'NONE', #4107, #7203, #3825, .T. ) ;
#191 = EDGE_LOOP ( 'NONE', ( #8237, #5846, #3934, #5364 ) ) ;
#192 = CARTESIAN_POINT ( 'NONE',  ( 0.08599999999999997900, -1.707404996040164500E-017, 0.1584999999999999700 ) ) ;
#193 = CARTESIAN_POINT ( 'NONE',  ( 0.0000000000000000000, 0.7099999999999999600, -0.1275000000000000900 ) ) ;
#194 = CARTESIAN_POINT ( 'NONE',  ( 0.01899999999999998900, 0.07336898097372462900, -0.07800000000000002800 ) ) ;
#195 = AXIS2_PLACEMENT_3D ( 'NONE', #2625, #8010, #8597 ) ;
#196 = CARTESIAN_POINT ( 'NONE',  ( 0.3841158428473161500, 0.5511006436718883800, -0.1885000000000000300 ) ) ;
#197 = EDGE_CURVE ( 'NONE', #7210, #5942, #1974, .T. ) ;
#198 = UNCERTAINTY_MEASURE_WITH_UNIT (LENGTH_MEASURE( 1.000000000000000100E-005 ), #4808, 'distance_accuracy_value', 'NONE');
#199 = VERTEX_POINT ( 'NONE', #110 ) ;
#200 = DIRECTION ( 'NONE',  ( -1.000000000000000000, -0.0000000000000000000, -0.0000000000000000000 ) ) ;
#201 = SURFACE_STYLE_USAGE ( .BOTH. , #8223 ) ;
#202 = VECTOR ( 'NONE', #973, 39.37007874015748900 ) ;
#203 = LINE ( 'NONE', #4768, #1634 ) ;
#204 = EDGE_CURVE ( 'NONE', #7332, #2953, #245, .T. ) ;
#205 = LINE ( 'NONE', #5815, #707 ) ;
#206 = DIRECTION ( 'NONE',  ( -0.9925461516413225400, -1.711796220315992700E-016, 0.1218693434051433800 ) ) ;
#207 = EDGE_CURVE ( 'NONE', #3314, #418, #4132, .T. ) ;
#208 = CARTESIAN_POINT ( 'NONE',  ( -0.2139999999999999100, 0.5320000000000000300, -0.1275000000000000900 ) ) ;
#209 = AXIS2_PLACEMENT_3D ( 'NONE', #5183, #2478, #5839 ) ;
#210 = ORIENTED_EDGE ( 'NONE', *, *, #6767, .T. ) ;
#211 = DIRECTION ( 'NONE',  ( 0.0000000000000000000, -1.000000000000000000, 0.0000000000000000000 ) ) ;
#212 = EDGE_CURVE ( 'NONE', #5563, #3103, #7473, .T. ) ;
#213 = VECTOR ( 'NONE', #8241, 39.37007874015748100 ) ;
#214 = ADVANCED_FACE ( 'NONE', ( #1159 ), #7786, .T. ) ;
#215 = VECTOR ( 'NONE', #871, 39.37007874015748100 ) ;
#216 = DIRECTION ( 'NONE',  ( 1.000000000000000000, 0.0000000000000000000, 0.0000000000000000000 ) ) ;
#217 = CARTESIAN_POINT ( 'NONE',  ( -0.2200000000000000600, -0.1450000000000001000, -0.07800000000000002800 ) ) ;
#218 = ORIENTED_EDGE ( 'NONE', *, *, #4366, .F. ) ;
#219 = CARTESIAN_POINT ( 'NONE',  ( -0.1439007441433451100, -0.1760000000000001600, -0.1885000000000000600 ) ) ;
#220 = PLANE ( 'NONE',  #6380 ) ;
#221 = ADVANCED_FACE ( 'NONE', ( #4646 ), #4767, .F. ) ;
#222 = VECTOR ( 'NONE', #7259, 39.37007874015748100 ) ;
#223 = ORIENTED_EDGE ( 'NONE', *, *, #7446, .T. ) ;
#224 = VECTOR ( 'NONE', #7131, 39.37007874015748100 ) ;
#225 = ORIENTED_EDGE ( 'NONE', *, *, #6537, .F. ) ;
#226 =( NAMED_UNIT ( * ) SI_UNIT ( $, .STERADIAN. ) SOLID_ANGLE_UNIT ( ) );
#227 = CARTESIAN_POINT ( 'NONE',  ( 0.2199999999999999700, 0.07336898097372462900, -0.1080000000000000500 ) ) ;
#228 = EDGE_CURVE ( 'NONE', #794, #409, #3266, .T. ) ;
#229 = CARTESIAN_POINT ( 'NONE',  ( -0.3160000000000000600, 0.1260000000000001100, -0.09200000000000001200 ) ) ;
#230 = FILL_AREA_STYLE_COLOUR ( '', #8615 ) ;
#231 = CIRCLE ( 'NONE', #1453, 0.01499999999999990800 ) ;
#232 = CARTESIAN_POINT ( 'NONE',  ( 0.2500000000000000600, 0.1910000000000001700, -0.1275000000000000300 ) ) ;
#233 = EDGE_LOOP ( 'NONE', ( #2343, #8231, #6411, #3677, #2805, #1360 ) ) ;
#234 =( NAMED_UNIT ( * ) PLANE_ANGLE_UNIT ( ) SI_UNIT ( $, .RADIAN. ) );
#235 = LINE ( 'NONE', #3809, #2948 ) ;
#236 = SURFACE_STYLE_USAGE ( .BOTH. , #2858 ) ;
#237 = VERTEX_POINT ( 'NONE', #2825 ) ;
#238 = EDGE_LOOP ( 'NONE', ( #6927, #8359, #332, #3212 ) ) ;
#239 = DIRECTION ( 'NONE',  ( -1.000000000000000000, -0.0000000000000000000, -0.0000000000000000000 ) ) ;
#240 = ORIENTED_EDGE ( 'NONE', *, *, #5172, .T. ) ;
#241 = EDGE_LOOP ( 'NONE', ( #5214, #5203, #7015, #5932 ) ) ;
#242 = VECTOR ( 'NONE', #8438, 39.37007874015748900 ) ;
#243 = AXIS2_PLACEMENT_3D ( 'NONE', #4432, #4461, #7063 ) ;
#244 = ORIENTED_EDGE ( 'NONE', *, *, #5708, .T. ) ;
#245 = LINE ( 'NONE', #806, #7363 ) ;
#246 = EDGE_CURVE ( 'NONE', #8558, #559, #5284, .T. ) ;
#247 = VECTOR ( 'NONE', #3186, 39.37007874015748100 ) ;
#248 = PLANE ( 'NONE',  #6893 ) ;
#249 = PLANE ( 'NONE',  #4313 ) ;
#250 =( CONVERSION_BASED_UNIT ( 'INCH', #3420 ) LENGTH_UNIT ( ) NAMED_UNIT ( #8024 ) );
#251 = VECTOR ( 'NONE', #5725, 39.37007874015748100 ) ;
#252 = ORIENTED_EDGE ( 'NONE', *, *, #7624, .F. ) ;
#253 = CARTESIAN_POINT ( 'NONE',  ( -0.1240992558566549300, -0.1760000000000001600, -0.1885000000000000600 ) ) ;
#254 = ORIENTED_EDGE ( 'NONE', *, *, #1238, .T. ) ;
#255 = CARTESIAN_POINT ( 'NONE',  ( 0.04800000000000000800, -0.1450000000000001000, -0.07800000000000002800 ) ) ;
#256 =( BOUNDED_CURVE ( )  B_SPLINE_CURVE ( 3, ( #4470, #6417, #1070, #6393 ),
 .UNSPECIFIED., .F., .T. ) 
 B_SPLINE_CURVE_WITH_KNOTS ( ( 4, 4 ),
 ( 5.812140487030276000, 6.283185307179586200 ),
 .UNSPECIFIED. ) 
 CURVE ( )  GEOMETRIC_REPRESENTATION_ITEM ( )  RATIONAL_B_SPLINE_CURVE ( ( 1.000000000000000000, 0.9815950460741188500, 0.9815950460741188500, 1.000000000000000000 ) ) 
 REPRESENTATION_ITEM ( '' )  );
#257 = CIRCLE ( 'NONE', #4468, 0.01399999999999999000 ) ;
#258 = DIRECTION ( 'NONE',  ( 0.0000000000000000000, -0.1218693434051409500, 0.9925461516413227600 ) ) ;
#259 = CARTESIAN_POINT ( 'NONE',  ( 0.2870000000000000300, -0.1510000000000001300, -0.02750000000000001700 ) ) ;
#260 = CARTESIAN_POINT ( 'NONE',  ( 0.3939999999999999600, 0.1410000000000000700, -0.09200000000000277400 ) ) ;
#261 = AXIS2_PLACEMENT_3D ( 'NONE', #1039, #7159, #3795 ) ;
#262 = CIRCLE ( 'NONE', #6855, 0.03000000000000001300 ) ;
#263 = PLANE ( 'NONE',  #5129 ) ;
#264 = EDGE_CURVE ( 'NONE', #6899, #2904, #3709, .T. ) ;
#265 = DIRECTION ( 'NONE',  ( -1.000000000000000000, -0.0000000000000000000, -0.0000000000000000000 ) ) ;
#266 = FACE_OUTER_BOUND ( 'NONE', #2364, .T. ) ;
#267 = AXIS2_PLACEMENT_3D ( 'NONE', #2920, #2088, #4275 ) ;
#268 = EDGE_CURVE ( 'NONE', #4950, #5854, #1456, .T. ) ;
#269 = CARTESIAN_POINT ( 'NONE',  ( 0.01899999999999998900, -0.1760000000000001600, -0.02750000000000002100 ) ) ;
#270 = ADVANCED_FACE ( 'NONE', ( #451 ), #7011, .F. ) ;
#271 = FILL_AREA_STYLE ('',( #6287 ) ) ;
#272 = CARTESIAN_POINT ( 'NONE',  ( 0.2870000000000000300, 0.1260000000000001100, -0.09200000000000001200 ) ) ;
#273 = DIRECTION ( 'NONE',  ( 0.0000000000000000000, -0.0000000000000000000, -1.000000000000000000 ) ) ;
#274 = ORIENTED_EDGE ( 'NONE', *, *, #2246, .T. ) ;
#275 = DIRECTION ( 'NONE',  ( -0.0000000000000000000, -0.5161614676060311000, 0.8564912955534271800 ) ) ;
#276 = DIRECTION ( 'NONE',  ( 1.000000000000000000, 0.0000000000000000000, 0.0000000000000000000 ) ) ;
#277 = ORIENTED_EDGE ( 'NONE', *, *, #1680, .T. ) ;
#278 = ORIENTED_EDGE ( 'NONE', *, *, #7150, .T. ) ;
#279 = AXIS2_PLACEMENT_3D ( 'NONE', #6915, #3556, #6882 ) ;
#280 = DIRECTION ( 'NONE',  ( 0.0000000000000000000, -1.000000000000000000, 0.0000000000000000000 ) ) ;
#281 = VERTEX_POINT ( 'NONE', #866 ) ;
#282 = CARTESIAN_POINT ( 'NONE',  ( 0.1820000000000000000, -0.1450000000000001000, 0.1724999999999999300 ) ) ;
#283 = DIRECTION ( 'NONE',  ( 0.0000000000000000000, -1.000000000000000000, 0.0000000000000000000 ) ) ;
#284 = ORIENTED_EDGE ( 'NONE', *, *, #5250, .F. ) ;
#285 = SURFACE_STYLE_FILL_AREA ( #531 ) ;
#286 = CARTESIAN_POINT ( 'NONE',  ( 0.3160000000000000600, -1.707404996040164500E-017, 0.1584999999999999700 ) ) ;
#287 = VERTEX_POINT ( 'NONE', #272 ) ;
#288 = ORIENTED_EDGE ( 'NONE', *, *, #6076, .F. ) ;
#289 = CYLINDRICAL_SURFACE ( 'NONE', #2633, 0.01399999999999999000 ) ;
#290 = DIRECTION ( 'NONE',  ( -1.000000000000000000, -0.0000000000000000000, -0.0000000000000000000 ) ) ;
#291 = DIRECTION ( 'NONE',  ( -1.000000000000000000, -0.0000000000000000000, -0.0000000000000000000 ) ) ;
#292 = ORIENTED_EDGE ( 'NONE', *, *, #4292, .F. ) ;
#293 = CARTESIAN_POINT ( 'NONE',  ( 0.01899999999999998900, -2.134256245050205600E-018, -0.02749999999999999700 ) ) ;
#294 = PRESENTATION_LAYER_ASSIGNMENT (  '', '', ( #7916 ) ) ;
#295 = ORIENTED_EDGE ( 'NONE', *, *, #5987, .F. ) ;
#296 = SURFACE_SIDE_STYLE ('',( #2170 ) ) ;
#297 = CARTESIAN_POINT ( 'NONE',  ( -0.3160000000000000600, -0.1700000000000001000, 0.1724999999999999000 ) ) ;
#298 = VECTOR ( 'NONE', #5569, 39.37007874015748100 ) ;
#299 = VECTOR ( 'NONE', #3729, 39.37007874015748100 ) ;
#300 = VERTEX_POINT ( 'NONE', #2918 ) ;
#301 = ORIENTED_EDGE ( 'NONE', *, *, #7749, .T. ) ;
#302 = CARTESIAN_POINT ( 'NONE',  ( 0.2679999999999999600, 0.3339194916336046800, -0.01150000000000003500 ) ) ;
#303 = AXIS2_PLACEMENT_3D ( 'NONE', #232, #5536, #2172 ) ;
#304 = ORIENTED_EDGE ( 'NONE', *, *, #1343, .T. ) ;
#305 = CARTESIAN_POINT ( 'NONE',  ( 0.3160000000000000600, -0.1450000000000001000, 0.1724999999999999300 ) ) ;
#306 = DIRECTION ( 'NONE',  ( 0.0000000000000000000, -0.0000000000000000000, -1.000000000000000000 ) ) ;
#307 = CARTESIAN_POINT ( 'NONE',  ( -0.3940000000000000200, 0.5520000000000002700, -0.1275000000000000300 ) ) ;
#308 = CARTESIAN_POINT ( 'NONE',  ( -0.2499999999999999200, 0.1910000000000000900, 0.8807583994195136200 ) ) ;
#309 = AXIS2_PLACEMENT_3D ( 'NONE', #5207, #8572, #1163 ) ;
#310 =( NAMED_UNIT ( * ) SI_UNIT ( $, .STERADIAN. ) SOLID_ANGLE_UNIT ( ) );
#311 = ADVANCED_FACE ( 'NONE', ( #5990 ), #6232, .F. ) ;
#312 = FILL_AREA_STYLE_COLOUR ( '', #550 ) ;
#313 = EDGE_CURVE ( 'NONE', #2546, #5304, #5072, .T. ) ;
#314 = MANIFOLD_SOLID_BREP ( 'LPattern2[1]', #8375 ) ;
#315 = ORIENTED_EDGE ( 'NONE', *, *, #2296, .F. ) ;
#316 = DIRECTION ( 'NONE',  ( 0.0000000000000000000, 0.0000000000000000000, -1.000000000000000000 ) ) ;
#317 = CARTESIAN_POINT ( 'NONE',  ( 0.1530000000000000200, 0.1260000000000001100, -0.09200000000000001200 ) ) ;
#318 = LINE ( 'NONE', #34, #1639 ) ;
#319 = LINE ( 'NONE', #7940, #7234 ) ;
#320 = CARTESIAN_POINT ( 'NONE',  ( -0.3160000000000000600, 0.07336898097372462900, -0.1080000000000000500 ) ) ;
#321 = EDGE_CURVE ( 'NONE', #157, #3431, #4023, .T. ) ;
#322 =( LENGTH_UNIT ( ) NAMED_UNIT ( * ) SI_UNIT ( $, .METRE. ) );
#323 = VERTEX_POINT ( 'NONE', #6207 ) ;
#324 = VERTEX_POINT ( 'NONE', #7628 ) ;
#325 = VECTOR ( 'NONE', #6860, 39.37007874015748100 ) ;
#326 = SURFACE_STYLE_USAGE ( .BOTH. , #8350 ) ;
#327 = VECTOR ( 'NONE', #5590, 39.37007874015748100 ) ;
#328 =( GEOMETRIC_REPRESENTATION_CONTEXT ( 3 ) GLOBAL_UNCERTAINTY_ASSIGNED_CONTEXT ( ( #2871 ) ) GLOBAL_UNIT_ASSIGNED_CONTEXT ( ( #2846, #731, #6102 ) ) REPRESENTATION_CONTEXT ( 'NONE', 'WORKASPACE' ) );
#329 =( CONVERSION_BASED_UNIT ( 'INCH', #4835 ) LENGTH_UNIT ( ) NAMED_UNIT ( #5830 ) );
#330 = EDGE_CURVE ( 'NONE', #899, #389, #7155, .T. ) ;
#331 = CARTESIAN_POINT ( 'NONE',  ( -0.2200000000000000600, 0.01389564612297849500, 0.1602061708076718500 ) ) ;
#332 = ORIENTED_EDGE ( 'NONE', *, *, #5428, .T. ) ;
#333 = LINE ( 'NONE', #2631, #530 ) ;
#334 = DIRECTION ( 'NONE',  ( -0.0000000000000000000, -0.0000000000000000000, 1.000000000000000000 ) ) ;
#335 = CARTESIAN_POINT ( 'NONE',  ( 0.08599999999999997900, 0.1260000000000001100, -0.09200000000000001200 ) ) ;
#336 = CLOSED_SHELL ( 'NONE', ( #8691, #2753, #5581, #221, #5532, #5010, #4781, #8122, #5542, #981, #214, #6863, #6087, #6794, #7464, #8112 ) ) ;
#337 = CARTESIAN_POINT ( 'NONE',  ( -0.2490000000000000300, 0.07336898097372462900, -0.07800000000000002800 ) ) ;
#338 = DIRECTION ( 'NONE',  ( -0.0000000000000000000, -0.0000000000000000000, -1.000000000000000000 ) ) ;
#339 = VECTOR ( 'NONE', #1857, 39.37007874015748100 ) ;
#340 = ORIENTED_EDGE ( 'NONE', *, *, #7994, .F. ) ;
#341 = EDGE_LOOP ( 'NONE', ( #3973, #7269 ) ) ;
#342 = ORIENTED_EDGE ( 'NONE', *, *, #6806, .F. ) ;
#343 = DIRECTION ( 'NONE',  ( 1.000000000000000000, 0.0000000000000000000, 0.0000000000000000000 ) ) ;
#344 = ORIENTED_EDGE ( 'NONE', *, *, #637, .T. ) ;
#345 = CARTESIAN_POINT ( 'NONE',  ( -0.3841158428473162000, 0.5268389832672095700, -0.01150000000000003500 ) ) ;
#346 = VERTEX_POINT ( 'NONE', #8229 ) ;
#347 = MECHANICAL_DESIGN_GEOMETRIC_PRESENTATION_REPRESENTATION (  '', ( #6005 ), #3308 ) ;
#348 = FACE_OUTER_BOUND ( 'NONE', #1411, .T. ) ;
#349 = VECTOR ( 'NONE', #4699, 39.37007874015748100 ) ;
#350 = DIRECTION ( 'NONE',  ( -0.0000000000000000000, -0.0000000000000000000, 1.000000000000000000 ) ) ;
#351 = PRESENTATION_STYLE_ASSIGNMENT (( #1727 ) ) ;
#352 = DIRECTION ( 'NONE',  ( -1.000000000000000000, -0.0000000000000000000, -0.0000000000000000000 ) ) ;
#353 = VECTOR ( 'NONE', #6123, 39.37007874015748100 ) ;
#354 = ORIENTED_EDGE ( 'NONE', *, *, #212, .F. ) ;
#355 = ORIENTED_EDGE ( 'NONE', *, *, #5617, .F. ) ;
#356 = ADVANCED_FACE ( 'NONE', ( #6200 ), #5656, .F. ) ;
#357 = ORIENTED_EDGE ( 'NONE', *, *, #5208, .T. ) ;
#358 = CARTESIAN_POINT ( 'NONE',  ( -0.3540000000000000400, 0.07336898097372462900, -0.09200000000000001200 ) ) ;
#359 = VECTOR ( 'NONE', #2909, 39.37007874015748100 ) ;
#360 = AXIS2_PLACEMENT_3D ( 'NONE', #192, #5500, #4785 ) ;
#361 = ORIENTED_EDGE ( 'NONE', *, *, #8452, .T. ) ;
#362 = UNCERTAINTY_MEASURE_WITH_UNIT (LENGTH_MEASURE( 1.000000000000000100E-005 ), #3966, 'distance_accuracy_value', 'NONE');
#363 = SURFACE_SIDE_STYLE ('',( #2578 ) ) ;
#364 = EDGE_CURVE ( 'NONE', #3460, #4126, #6627, .T. ) ;
#365 = CARTESIAN_POINT ( 'NONE',  ( 0.3939999999999999600, 0.5520000000000000500, -0.1885000000000000300 ) ) ;
#366 = DIRECTION ( 'NONE',  ( -0.0000000000000000000, 1.000000000000000000, 1.455174712534229700E-016 ) ) ;
#367 = LINE ( 'NONE', #7002, #2972 ) ;
#368 = CARTESIAN_POINT ( 'NONE',  ( -0.04800000000000004300, -0.1450000000000001000, -0.07800000000000002800 ) ) ;
#369 = PLANE ( 'NONE',  #1672 ) ;
#370 = AXIS2_PLACEMENT_3D ( 'NONE', #5747, #338, #4415 ) ;
#371 = EDGE_CURVE ( 'NONE', #5381, #1415, #2611, .T. ) ;
#372 = CARTESIAN_POINT ( 'NONE',  ( 0.1439007441433451100, -0.1760000000000001600, -0.02750000000000001400 ) ) ;
#373 = LINE ( 'NONE', #1371, #1993 ) ;
#374 = AXIS2_PLACEMENT_3D ( 'NONE', #4576, #5196, #5252 ) ;
#375 = EDGE_LOOP ( 'NONE', ( #8465, #6262 ) ) ;
#376 = CARTESIAN_POINT ( 'NONE',  ( 0.3939999999999999600, 0.1410000000000000700, -0.09200000000000277400 ) ) ;
#377 = EDGE_CURVE ( 'NONE', #4637, #1982, #1464, .T. ) ;
#378 = EDGE_CURVE ( 'NONE', #4091, #5719, #7056, .T. ) ;
#379 = EDGE_LOOP ( 'NONE', ( #8018, #2116, #2816, #185 ) ) ;
#380 = CARTESIAN_POINT ( 'NONE',  ( -0.2499999999999999200, 0.1910000000000000900, -0.1275000000000000300 ) ) ;
#381 = DIRECTION ( 'NONE',  ( -0.0000000000000000000, 0.8564912955534271800, 0.5161614676060311000 ) ) ;
#382 = DIRECTION ( 'NONE',  ( 0.0000000000000000000, 0.0000000000000000000, -1.000000000000000000 ) ) ;
#383 = AXIS2_PLACEMENT_3D ( 'NONE', #2795, #2091, #7484 ) ;
#384 = LINE ( 'NONE', #6982, #7711 ) ;
#385 = EDGE_CURVE ( 'NONE', #61, #1415, #3486, .T. ) ;
#386 = CARTESIAN_POINT ( 'NONE',  ( -0.3796129716972628200, 0.5377569909352640800, -0.01150000000000003500 ) ) ;
#387 = DIRECTION ( 'NONE',  ( -0.9925461516413225400, 0.0000000000000000000, 0.1218693434051435200 ) ) ;
#388 = ORIENTED_EDGE ( 'NONE', *, *, #6839, .F. ) ;
#389 = VERTEX_POINT ( 'NONE', #5795 ) ;
#390 = ORIENTED_EDGE ( 'NONE', *, *, #3988, .F. ) ;
#391 = CLOSED_SHELL ( 'NONE', ( #4206, #7077, #1542, #3741, #6987, #2139, #2074, #6140, #7414, #189, #7599, #8307, #677, #1717, #6710, #6276 ) ) ;
#392 = VECTOR ( 'NONE', #4099, 39.37007874015748100 ) ;
#393 = CARTESIAN_POINT ( 'NONE',  ( 0.0000000000000000000, 0.7099999999999999600, -0.1275000000000000900 ) ) ;
#394 = DIRECTION ( 'NONE',  ( -0.3420201433256637700, -0.9396926207859100900, 0.0000000000000000000 ) ) ;
#395 = VERTEX_POINT ( 'NONE', #4886 ) ;
#396 = VERTEX_POINT ( 'NONE', #7702 ) ;
#397 = VECTOR ( 'NONE', #841, 39.37007874015748100 ) ;
#398 = SURFACE_SIDE_STYLE ('',( #1546 ) ) ;
#399 = EDGE_CURVE ( 'NONE', #818, #680, #6955, .T. ) ;
#400 = VERTEX_POINT ( 'NONE', #8382 ) ;
#401 = VERTEX_POINT ( 'NONE', #3096 ) ;
#402 = DIRECTION ( 'NONE',  ( 0.0000000000000000000, -1.455174712534229700E-016, 1.000000000000000000 ) ) ;
#403 = VECTOR ( 'NONE', #6484, 39.37007874015748100 ) ;
#404 = ADVANCED_FACE ( 'NONE', ( #8424 ), #3826, .F. ) ;
#405 = DIMENSIONAL_EXPONENTS ( 1.000000000000000000, 0.0000000000000000000, 0.0000000000000000000, 0.0000000000000000000, 0.0000000000000000000, 0.0000000000000000000, 0.0000000000000000000 ) ;
#406 = ORIENTED_EDGE ( 'NONE', *, *, #4703, .F. ) ;
#407 = SURFACE_STYLE_FILL_AREA ( #2486 ) ;
#408 = CARTESIAN_POINT ( 'NONE',  ( 0.1530000000000000200, 0.02569473886660282200, -0.02601515597181902300 ) ) ;
#409 = VERTEX_POINT ( 'NONE', #4464 ) ;
#410 = ORIENTED_EDGE ( 'NONE', *, *, #385, .F. ) ;
#411 = CARTESIAN_POINT ( 'NONE',  ( -0.3790000000000000600, 0.5520000000000002700, -0.1275000000000000300 ) ) ;
#412 = DIRECTION ( 'NONE',  ( 0.0000000000000000000, 0.0000000000000000000, 1.000000000000000000 ) ) ;
#413 = CARTESIAN_POINT ( 'NONE',  ( 0.08599999999999997900, -0.1450000000000001000, 0.1724999999999999000 ) ) ;
#414 = LENGTH_MEASURE_WITH_UNIT ( LENGTH_MEASURE( 0.02539999999999999900 ), #945 );
#415 = STYLED_ITEM ( 'NONE', ( #5976 ), #1443 ) ;
#416 = FILL_AREA_STYLE_COLOUR ( '', #7419 ) ;
#417 = MECHANICAL_DESIGN_GEOMETRIC_PRESENTATION_REPRESENTATION (  '', ( #2362 ), #7763 ) ;
#418 = VERTEX_POINT ( 'NONE', #3039 ) ;
#419 = LENGTH_MEASURE_WITH_UNIT ( LENGTH_MEASURE( 0.02539999999999999900 ), #1004 );
#420 = FACE_OUTER_BOUND ( 'NONE', #8145, .T. ) ;
#421 = PRESENTATION_STYLE_ASSIGNMENT (( #3126 ) ) ;
#422 = AXIS2_PLACEMENT_3D ( 'NONE', #4346, #6283, #2329 ) ;
#423 = CARTESIAN_POINT ( 'NONE',  ( 0.05709925585665491500, -0.1700000000000001000, 0.1724999999999998800 ) ) ;
#424 = CARTESIAN_POINT ( 'NONE',  ( -0.2580992558566549400, -0.1760000000000001600, -0.01149999999999993200 ) ) ;
#425 = VERTEX_POINT ( 'NONE', #445 ) ;
#426 =( NAMED_UNIT ( * ) SI_UNIT ( $, .STERADIAN. ) SOLID_ANGLE_UNIT ( ) );
#427 = SURFACE_STYLE_USAGE ( .BOTH. , #5095 ) ;
#428 = EDGE_CURVE ( 'NONE', #6529, #3818, #7795, .T. ) ;
#429 = FACE_OUTER_BOUND ( 'NONE', #4624, .T. ) ;
#430 = ORIENTED_EDGE ( 'NONE', *, *, #6486, .T. ) ;
#431 = DIRECTION ( 'NONE',  ( -0.0000000000000000000, -0.0000000000000000000, -1.000000000000000000 ) ) ;
#432 = ORIENTED_EDGE ( 'NONE', *, *, #7835, .T. ) ;
#433 = ORIENTED_EDGE ( 'NONE', *, *, #6966, .F. ) ;
#434 = PRESENTATION_LAYER_ASSIGNMENT (  '', '', ( #7888 ) ) ;
#435 = EDGE_CURVE ( 'NONE', #898, #6881, #6000, .T. ) ;
#436 = PRESENTATION_STYLE_ASSIGNMENT (( #3938 ) ) ;
#437 = ORIENTED_EDGE ( 'NONE', *, *, #4982, .T. ) ;
#438 = LINE ( 'NONE', #4386, #7346 ) ;
#439 = CARTESIAN_POINT ( 'NONE',  ( 0.04800000000000000800, -1.707404996040164500E-017, 0.1724999999999999300 ) ) ;
#440 = DIRECTION ( 'NONE',  ( 0.0000000000000000000, 0.0000000000000000000, 1.000000000000000000 ) ) ;
#441 = FILL_AREA_STYLE_COLOUR ( '', #1641 ) ;
#442 = ADVANCED_FACE ( 'NONE', ( #6427 ), #8409, .F. ) ;
#443 = DIRECTION ( 'NONE',  ( 0.0000000000000000000, 0.0000000000000000000, -1.000000000000000000 ) ) ;
#444 = LINE ( 'NONE', #6054, #4824 ) ;
#445 = CARTESIAN_POINT ( 'NONE',  ( 0.3160000000000000600, -1.340010956295959200E-017, 0.1884999999999999200 ) ) ;
#446 = ORIENTED_EDGE ( 'NONE', *, *, #2987, .T. ) ;
#447 = SURFACE_STYLE_FILL_AREA ( #4723 ) ;
#448 = SURFACE_STYLE_FILL_AREA ( #5493 ) ;
#449 = STYLED_ITEM ( 'NONE', ( #2622 ), #55 ) ;
#450 = ORIENTED_EDGE ( 'NONE', *, *, #2741, .F. ) ;
#451 = FACE_OUTER_BOUND ( 'NONE', #4890, .T. ) ;
#452 = FILL_AREA_STYLE ('',( #3710 ) ) ;
#453 = CYLINDRICAL_SURFACE ( 'NONE', #2856, 0.02999999999999995400 ) ;
#454 = VERTEX_POINT ( 'NONE', #3129 ) ;
#455 = CARTESIAN_POINT ( 'NONE',  ( 0.3939999999999999600, 0.6999999999999996200, 0.8807583994195136200 ) ) ;
#456 = DIRECTION ( 'NONE',  ( -0.0000000000000000000, -0.0000000000000000000, 1.000000000000000000 ) ) ;
#457 = ORIENTED_EDGE ( 'NONE', *, *, #6663, .T. ) ;
#458 = ORIENTED_EDGE ( 'NONE', *, *, #5599, .F. ) ;
#459 = FACE_OUTER_BOUND ( 'NONE', #67, .T. ) ;
#460 = LINE ( 'NONE', #7930, #3170 ) ;
#461 = DIRECTION ( 'NONE',  ( 1.000000000000000000, 0.0000000000000000000, 0.0000000000000000000 ) ) ;
#462 = LINE ( 'NONE', #100, #3828 ) ;
#463 = VECTOR ( 'NONE', #3813, 39.37007874015748100 ) ;
#464 = FILL_AREA_STYLE ('',( #2474 ) ) ;
#465 = PLANE ( 'NONE',  #309 ) ;
#466 = ORIENTED_EDGE ( 'NONE', *, *, #747, .T. ) ;
#467 = VECTOR ( 'NONE', #541, 39.37007874015748100 ) ;
#468 = VECTOR ( 'NONE', #8213, 39.37007874015748100 ) ;
#469 = CARTESIAN_POINT ( 'NONE',  ( 0.01899999999999998900, 0.06137810283597668100, -0.08522626054648445300 ) ) ;
#470 = EDGE_CURVE ( 'NONE', #5726, #741, #4952, .T. ) ;
#471 =( NAMED_UNIT ( * ) SI_UNIT ( $, .STERADIAN. ) SOLID_ANGLE_UNIT ( ) );
#472 = FACE_OUTER_BOUND ( 'NONE', #19, .T. ) ;
#473 = DIRECTION ( 'NONE',  ( -1.000000000000000000, -0.0000000000000000000, -0.0000000000000000000 ) ) ;
#474 = DIMENSIONAL_EXPONENTS ( 1.000000000000000000, 0.0000000000000000000, 0.0000000000000000000, 0.0000000000000000000, 0.0000000000000000000, 0.0000000000000000000, 0.0000000000000000000 ) ;
#475 = DIMENSIONAL_EXPONENTS ( 1.000000000000000000, 0.0000000000000000000, 0.0000000000000000000, 0.0000000000000000000, 0.0000000000000000000, 0.0000000000000000000, 0.0000000000000000000 ) ;
#476 = AXIS2_PLACEMENT_3D ( 'NONE', #3090, #5701, #2328 ) ;
#477 = EDGE_CURVE ( 'NONE', #3761, #2891, #2726, .T. ) ;
#478 = EDGE_LOOP ( 'NONE', ( #8559, #6178, #8209, #5740, #3645, #8569 ) ) ;
#479 = EDGE_LOOP ( 'NONE', ( #1049, #5354, #2346, #6255, #3144, #7103 ) ) ;
#480 = ORIENTED_EDGE ( 'NONE', *, *, #6382, .T. ) ;
#481 = COLOUR_RGB ( '',0.2509803921568627400, 0.2509803921568627400, 0.2509803921568627400 ) ;
#482 = EDGE_CURVE ( 'NONE', #6763, #6303, #4344, .T. ) ;
#483 = SURFACE_STYLE_USAGE ( .BOTH. , #3119 ) ;
#484 = DIRECTION ( 'NONE',  ( 0.0000000000000000000, 1.000000000000000000, 2.008711760047251800E-016 ) ) ;
#485 = ORIENTED_EDGE ( 'NONE', *, *, #862, .F. ) ;
#486 = DIRECTION ( 'NONE',  ( -1.000000000000000000, -0.0000000000000000000, -0.0000000000000000000 ) ) ;
#487 =( GEOMETRIC_REPRESENTATION_CONTEXT ( 3 ) GLOBAL_UNCERTAINTY_ASSIGNED_CONTEXT ( ( #7339 ) ) GLOBAL_UNIT_ASSIGNED_CONTEXT ( ( #7618, #5596, #3631 ) ) REPRESENTATION_CONTEXT ( 'NONE', 'WORKASPACE' ) );
#488 = ORIENTED_EDGE ( 'NONE', *, *, #5337, .F. ) ;
#489 =( GEOMETRIC_REPRESENTATION_CONTEXT ( 3 ) GLOBAL_UNCERTAINTY_ASSIGNED_CONTEXT ( ( #8025 ) ) GLOBAL_UNIT_ASSIGNED_CONTEXT ( ( #6413, #7741, #6325 ) ) REPRESENTATION_CONTEXT ( 'NONE', 'WORKASPACE' ) );
#490 = ORIENTED_EDGE ( 'NONE', *, *, #3072, .F. ) ;
#491 = EDGE_CURVE ( 'NONE', #8020, #4107, #460, .T. ) ;
#492 = PLANE ( 'NONE',  #3376 ) ;
#493 = ORIENTED_EDGE ( 'NONE', *, *, #2405, .F. ) ;
#494 = CARTESIAN_POINT ( 'NONE',  ( -0.2779007441433451500, -0.1760000000000001600, -0.1885000000000000600 ) ) ;
#495 = ORIENTED_EDGE ( 'NONE', *, *, #5550, .F. ) ;
#496 = PLANE ( 'NONE',  #5859 ) ;
#497 = ORIENTED_EDGE ( 'NONE', *, *, #1352, .F. ) ;
#498 = LINE ( 'NONE', #3715, #4596 ) ;
#499 =( LENGTH_UNIT ( ) NAMED_UNIT ( * ) SI_UNIT ( $, .METRE. ) );
#500 = EDGE_CURVE ( 'NONE', #5661, #3366, #7367, .T. ) ;
#501 = CARTESIAN_POINT ( 'NONE',  ( 0.2500000000000000600, 0.1910000000000001700, 0.8807583994195136200 ) ) ;
#502 = ORIENTED_EDGE ( 'NONE', *, *, #5940, .F. ) ;
#503 = VERTEX_POINT ( 'NONE', #5218 ) ;
#504 = FILL_AREA_STYLE_COLOUR ( '', #2234 ) ;
#505 = FACE_OUTER_BOUND ( 'NONE', #141, .T. ) ;
#506 = CARTESIAN_POINT ( 'NONE',  ( 0.2300000000000000100, 0.4819999999999999800, -0.1885000000000000300 ) ) ;
#507 = CARTESIAN_POINT ( 'NONE',  ( 0.2789651548789183800, -0.1730755555389874600, -0.01149999999999994900 ) ) ;
#508 = VECTOR ( 'NONE', #7898, 39.37007874015748100 ) ;
#509 = CARTESIAN_POINT ( 'NONE',  ( 0.3540000000000000400, 0.07336898097372462900, -0.07800000000000002800 ) ) ;
#510 = ORIENTED_EDGE ( 'NONE', *, *, #2837, .T. ) ;
#511 = VECTOR ( 'NONE', #6173, 39.37007874015748100 ) ;
#512 = ADVANCED_FACE ( 'NONE', ( #4249 ), #4137, .F. ) ;
#513 = FACE_OUTER_BOUND ( 'NONE', #2184, .T. ) ;
#514 = DIRECTION ( 'NONE',  ( 1.000000000000000000, 0.0000000000000000000, 0.0000000000000000000 ) ) ;
#515 = AXIS2_PLACEMENT_3D ( 'NONE', #5470, #7526, #2046 ) ;
#516 = EDGE_CURVE ( 'NONE', #4180, #6548, #4035, .T. ) ;
#517 = EDGE_LOOP ( 'NONE', ( #342, #4242, #3858, #8456 ) ) ;
#518 = ORIENTED_EDGE ( 'NONE', *, *, #3243, .F. ) ;
#519 = PRESENTATION_STYLE_ASSIGNMENT (( #2352 ) ) ;
#520 = LENGTH_MEASURE_WITH_UNIT ( LENGTH_MEASURE( 0.02539999999999999900 ), #7919 );
#521 = AXIS2_PLACEMENT_3D ( 'NONE', #7492, #44, #4134 ) ;
#522 = DIRECTION ( 'NONE',  ( -0.3420201433256637700, 0.9396926207859100900, 0.0000000000000000000 ) ) ;
#523 = CARTESIAN_POINT ( 'NONE',  ( 0.08599999999999997900, 0.07336898097372462900, -0.1080000000000000500 ) ) ;
#524 = AXIS2_PLACEMENT_3D ( 'NONE', #2522, #7907, #1803 ) ;
#525 = CARTESIAN_POINT ( 'NONE',  ( -0.3625000000000001000, 0.1910000000000002300, -0.01150000000000003500 ) ) ;
#526 = DIRECTION ( 'NONE',  ( -1.000000000000000000, -0.0000000000000000000, 0.0000000000000000000 ) ) ;
#527 = EDGE_CURVE ( 'NONE', #1449, #8127, #5175, .T. ) ;
#528 = FACE_OUTER_BOUND ( 'NONE', #4019, .T. ) ;
#529 = EDGE_CURVE ( 'NONE', #1982, #1202, #5797, .T. ) ;
#530 = VECTOR ( 'NONE', #8632, 39.37007874015748100 ) ;
#531 = FILL_AREA_STYLE ('',( #504 ) ) ;
#532 = CARTESIAN_POINT ( 'NONE',  ( 0.2870000000000000300, 0.07336898097372462900, -0.09199999999999999800 ) ) ;
#533 = AXIS2_PLACEMENT_3D ( 'NONE', #7918, #3937, #484 ) ;
#534 = STYLED_ITEM ( 'NONE', ( #1932 ), #8563 ) ;
#535 = CARTESIAN_POINT ( 'NONE',  ( -0.3625000000000001000, 0.1910000000000002300, -0.03150000000000003500 ) ) ;
#536 = ORIENTED_EDGE ( 'NONE', *, *, #7113, .F. ) ;
#537 = EDGE_CURVE ( 'NONE', #6134, #1300, #4648, .T. ) ;
#538 = LINE ( 'NONE', #5909, #5474 ) ;
#539 = DIRECTION ( 'NONE',  ( 1.000000000000000000, 0.0000000000000000000, 0.0000000000000000000 ) ) ;
#540 = PLANE ( 'NONE',  #5591 ) ;
#541 = DIRECTION ( 'NONE',  ( 0.3420201433256637700, -0.9396926207859100900, -1.887571618202280300E-016 ) ) ;
#542 = ORIENTED_EDGE ( 'NONE', *, *, #4270, .F. ) ;
#543 = ORIENTED_EDGE ( 'NONE', *, *, #2812, .T. ) ;
#544 = ORIENTED_EDGE ( 'NONE', *, *, #643, .T. ) ;
#545 = ORIENTED_EDGE ( 'NONE', *, *, #5046, .T. ) ;
#546 = COLOUR_RGB ( '',0.2509803921568627400, 0.2509803921568627400, 0.2509803921568627400 ) ;
#547 = DIRECTION ( 'NONE',  ( 0.0000000000000000000, 2.008711760047251800E-016, -1.000000000000000000 ) ) ;
#548 = DIRECTION ( 'NONE',  ( -1.000000000000000000, -0.0000000000000000000, 0.0000000000000000000 ) ) ;
#549 = PRESENTATION_STYLE_ASSIGNMENT (( #767 ) ) ;
#550 = COLOUR_RGB ( '',0.7921568627450980000, 0.8196078431372548800, 0.9333333333333333500 ) ;
#551 = VECTOR ( 'NONE', #5498, 39.37007874015748100 ) ;
#552 = DIRECTION ( 'NONE',  ( 0.0000000000000000000, 0.0000000000000000000, -1.000000000000000000 ) ) ;
#553 = ORIENTED_EDGE ( 'NONE', *, *, #7166, .T. ) ;
#554 = EDGE_CURVE ( 'NONE', #4478, #8353, #7884, .T. ) ;
#555 = ORIENTED_EDGE ( 'NONE', *, *, #5365, .T. ) ;
#556 = FACE_OUTER_BOUND ( 'NONE', #1668, .T. ) ;
#557 = LINE ( 'NONE', #7609, #139 ) ;
#558 = CARTESIAN_POINT ( 'NONE',  ( 0.2779007441433450900, -0.1760000000000001600, -0.01149999999999993200 ) ) ;
#559 = VERTEX_POINT ( 'NONE', #2513 ) ;
#560 = VECTOR ( 'NONE', #4818, 39.37007874015748100 ) ;
#561 = CARTESIAN_POINT ( 'NONE',  ( -0.04800000000000004300, -0.1700000000000001000, 0.1884999999999998900 ) ) ;
#562 = AXIS2_PLACEMENT_3D ( 'NONE', #6743, #4166, #104 ) ;
#563 = DIRECTION ( 'NONE',  ( 0.0000000000000000000, -0.1218693434051411300, 0.9925461516413227600 ) ) ;
#564 = DIRECTION ( 'NONE',  ( 0.0000000000000000000, 0.0000000000000000000, -1.000000000000000000 ) ) ;
#565 = DIRECTION ( 'NONE',  ( -0.0000000000000000000, -0.0000000000000000000, -1.000000000000000000 ) ) ;
#566 = UNCERTAINTY_MEASURE_WITH_UNIT (LENGTH_MEASURE( 1.000000000000000100E-005 ), #3398, 'distance_accuracy_value', 'NONE');
#567 = FACE_OUTER_BOUND ( 'NONE', #6452, .T. ) ;
#568 = ORIENTED_EDGE ( 'NONE', *, *, #6642, .F. ) ;
#569 = CARTESIAN_POINT ( 'NONE',  ( 0.1150000000000000000, 0.01199087813774794700, -0.03427373945351554900 ) ) ;
#570 = CARTESIAN_POINT ( 'NONE',  ( 0.04800000000000000800, 0.1260000000000001100, -0.09200000000000001200 ) ) ;
#571 = DIRECTION ( 'NONE',  ( 0.0000000000000000000, 0.0000000000000000000, -1.000000000000000000 ) ) ;
#572 = ORIENTED_EDGE ( 'NONE', *, *, #6328, .F. ) ;
#573 = AXIS2_PLACEMENT_3D ( 'NONE', #1573, #6971, #3662 ) ;
#574 = CARTESIAN_POINT ( 'NONE',  ( -0.3939999999999999600, 0.1410000000000000700, -0.01150000000000003500 ) ) ;
#575 = CARTESIAN_POINT ( 'NONE',  ( -0.2200000000000000600, -0.1450000000000001000, 0.1884999999999998900 ) ) ;
#576 = CARTESIAN_POINT ( 'NONE',  ( -0.07690074414334510700, -0.1700000000000001000, 0.1724999999999998800 ) ) ;
#577 = EDGE_CURVE ( 'NONE', #2968, #7210, #1978, .T. ) ;
#578 = ORIENTED_EDGE ( 'NONE', *, *, #8604, .F. ) ;
#579 =( NAMED_UNIT ( * ) PLANE_ANGLE_UNIT ( ) SI_UNIT ( $, .RADIAN. ) );
#580 = EDGE_LOOP ( 'NONE', ( #4580, #4602 ) ) ;
#581 = ORIENTED_EDGE ( 'NONE', *, *, #1841, .T. ) ;
#582 = EDGE_LOOP ( 'NONE', ( #4707, #6861, #4354, #1187 ) ) ;
#583 = LINE ( 'NONE', #3346, #7927 ) ;
#584 = AXIS2_PLACEMENT_3D ( 'NONE', #6460, #381, #2415 ) ;
#585 = EDGE_CURVE ( 'NONE', #1202, #6418, #2514, .T. ) ;
#586 = ORIENTED_EDGE ( 'NONE', *, *, #5653, .T. ) ;
#587 = ORIENTED_EDGE ( 'NONE', *, *, #1855, .T. ) ;
#588 = DIRECTION ( 'NONE',  ( 1.000000000000000000, 0.0000000000000000000, 0.0000000000000000000 ) ) ;
#589 = EDGE_LOOP ( 'NONE', ( #2150, #6501, #7245, #274 ) ) ;
#590 = EDGE_LOOP ( 'NONE', ( #2790, #4933, #2337, #2398 ) ) ;
#591 = LENGTH_MEASURE_WITH_UNIT ( LENGTH_MEASURE( 0.02539999999999999900 ), #2213 );
#592 =( NAMED_UNIT ( * ) PLANE_ANGLE_UNIT ( ) SI_UNIT ( $, .RADIAN. ) );
#593 = DIRECTION ( 'NONE',  ( -1.000000000000000000, -0.0000000000000000000, -0.0000000000000000000 ) ) ;
#594 = PLANE ( 'NONE',  #195 ) ;
#595 =( GEOMETRIC_REPRESENTATION_CONTEXT ( 3 ) GLOBAL_UNCERTAINTY_ASSIGNED_CONTEXT ( ( #4458 ) ) GLOBAL_UNIT_ASSIGNED_CONTEXT ( ( #5649, #2915, #5619 ) ) REPRESENTATION_CONTEXT ( 'NONE', 'WORKASPACE' ) );
#596 = EDGE_LOOP ( 'NONE', ( #5546, #3214 ) ) ;
#597 = EDGE_CURVE ( 'NONE', #1983, #8248, #7267, .T. ) ;
#598 = CARTESIAN_POINT ( 'NONE',  ( -0.1530000000000000200, 0.01199087813774794700, -0.03427373945351554900 ) ) ;
#599 = CARTESIAN_POINT ( 'NONE',  ( 0.08599999999999997900, 0.07336898097372462900, -0.07800000000000002800 ) ) ;
#600 = ORIENTED_EDGE ( 'NONE', *, *, #2466, .T. ) ;
#601 = DIRECTION ( 'NONE',  ( 0.0000000000000000000, 0.0000000000000000000, 1.000000000000000000 ) ) ;
#602 = ORIENTED_EDGE ( 'NONE', *, *, #6767, .F. ) ;
#603 = ADVANCED_FACE ( 'NONE', ( #7997 ), #8318, .F. ) ;
#604 = ORIENTED_EDGE ( 'NONE', *, *, #228, .T. ) ;
#605 = FACE_OUTER_BOUND ( 'NONE', #8265, .T. ) ;
#606 = CARTESIAN_POINT ( 'NONE',  ( -0.3789999999999999500, 0.1410000000000000700, -0.1885000000000000300 ) ) ;
#607 = VECTOR ( 'NONE', #2462, 39.37007874015748100 ) ;
#608 = DIRECTION ( 'NONE',  ( -1.000000000000000000, -0.0000000000000000000, 0.0000000000000000000 ) ) ;
#609 = AXIS2_PLACEMENT_3D ( 'NONE', #8603, #7291, #2488 ) ;
#610 = UNCERTAINTY_MEASURE_WITH_UNIT (LENGTH_MEASURE( 1.000000000000000100E-005 ), #7890, 'distance_accuracy_value', 'NONE');
#611 = ORIENTED_EDGE ( 'NONE', *, *, #7548, .T. ) ;
#612 = DIRECTION ( 'NONE',  ( 0.0000000000000000000, 0.0000000000000000000, -1.000000000000000000 ) ) ;
#613 = CYLINDRICAL_SURFACE ( 'NONE', #5347, 0.01999999999999999000 ) ;
#614 = CIRCLE ( 'NONE', #6572, 0.01999999999999999000 ) ;
#615 = CARTESIAN_POINT ( 'NONE',  ( 0.3160000000000000600, 0.01389564612297849500, 0.1602061708076718500 ) ) ;
#616 = CARTESIAN_POINT ( 'NONE',  ( 0.3789999999999999500, 0.1260000000000001100, -0.1079999999999972800 ) ) ;
#617 = DIRECTION ( 'NONE',  ( -1.000000000000000000, 0.0000000000000000000, 0.0000000000000000000 ) ) ;
#618 = ORIENTED_EDGE ( 'NONE', *, *, #808, .F. ) ;
#619 = EDGE_LOOP ( 'NONE', ( #2914, #5016, #8398, #6571 ) ) ;
#620 = EDGE_CURVE ( 'NONE', #8558, #4956, #648, .T. ) ;
#621 = VERTEX_POINT ( 'NONE', #14 ) ;
#622 = LINE ( 'NONE', #5059, #5667 ) ;
#623 = CARTESIAN_POINT ( 'NONE',  ( 0.2199999999999999700, -0.1700000000000001000, 0.1724999999999999000 ) ) ;
#624 = VECTOR ( 'NONE', #3045, 39.37007874015748100 ) ;
#625 = EDGE_CURVE ( 'NONE', #894, #3749, #4450, .T. ) ;
#626 = LINE ( 'NONE', #2384, #8602 ) ;
#627 = ORIENTED_EDGE ( 'NONE', *, *, #8614, .F. ) ;
#628 = PRESENTATION_STYLE_ASSIGNMENT (( #155 ) ) ;
#629 = ORIENTED_EDGE ( 'NONE', *, *, #8614, .T. ) ;
#630 = ORIENTED_EDGE ( 'NONE', *, *, #4638, .F. ) ;
#631 = CARTESIAN_POINT ( 'NONE',  ( 0.3841158428473160400, 0.1410000000000000700, -0.1885000000000000300 ) ) ;
#632 = DIMENSIONAL_EXPONENTS ( 1.000000000000000000, 0.0000000000000000000, 0.0000000000000000000, 0.0000000000000000000, 0.0000000000000000000, 0.0000000000000000000, 0.0000000000000000000 ) ;
#633 = DIRECTION ( 'NONE',  ( -0.0000000000000000000, -0.0000000000000000000, 1.000000000000000000 ) ) ;
#634 = EDGE_CURVE ( 'NONE', #3922, #3109, #1570, .T. ) ;
#635 = ORIENTED_EDGE ( 'NONE', *, *, #29, .F. ) ;
#636 = VECTOR ( 'NONE', #4208, 39.37007874015748100 ) ;
#637 = EDGE_CURVE ( 'NONE', #8428, #5453, #3610, .T. ) ;
#638 = CIRCLE ( 'NONE', #1207, 0.01999999999999999000 ) ;
#639 = STYLED_ITEM ( 'NONE', ( #2409 ), #2187 ) ;
#640 = VECTOR ( 'NONE', #5465, 39.37007874015748100 ) ;
#641 = DIRECTION ( 'NONE',  ( -1.000000000000000000, 0.0000000000000000000, -0.0000000000000000000 ) ) ;
#642 = ORIENTED_EDGE ( 'NONE', *, *, #7008, .T. ) ;
#643 = EDGE_CURVE ( 'NONE', #6271, #3015, #8098, .T. ) ;
#644 = DIRECTION ( 'NONE',  ( 0.0000000000000000000, 1.000000000000000000, 0.0000000000000000000 ) ) ;
#645 = PLANE ( 'NONE',  #6590 ) ;
#646 = ADVANCED_FACE ( 'NONE', ( #1773 ), #6017, .F. ) ;
#647 =( NAMED_UNIT ( * ) PLANE_ANGLE_UNIT ( ) SI_UNIT ( $, .RADIAN. ) );
#648 = CIRCLE ( 'NONE', #1, 0.03000000000000002300 ) ;
#649 = VECTOR ( 'NONE', #280, 39.37007874015748100 ) ;
#650 = SURFACE_STYLE_FILL_AREA ( #1877 ) ;
#651 = CARTESIAN_POINT ( 'NONE',  ( 0.08599999999999997900, 0.01389564612297849500, 0.1602061708076718500 ) ) ;
#652 =( NAMED_UNIT ( * ) PLANE_ANGLE_UNIT ( ) SI_UNIT ( $, .RADIAN. ) );
#653 = ORIENTED_EDGE ( 'NONE', *, *, #8453, .F. ) ;
#654 = DIRECTION ( 'NONE',  ( -0.3420201433256637700, 0.9396926207859100900, 0.0000000000000000000 ) ) ;
#655 = DIRECTION ( 'NONE',  ( -1.000000000000000000, -0.0000000000000000000, 0.0000000000000000000 ) ) ;
#656 = PRESENTATION_STYLE_ASSIGNMENT (( #3939 ) ) ;
#657 = EDGE_CURVE ( 'NONE', #1771, #4776, #26, .T. ) ;
#658 = VECTOR ( 'NONE', #4260, 39.37007874015748100 ) ;
#659 = DIRECTION ( 'NONE',  ( -1.000000000000000000, -0.0000000000000000000, -0.0000000000000000000 ) ) ;
#660 = ADVANCED_FACE ( 'NONE', ( #8523 ), #1999, .F. ) ;
#661 = DIRECTION ( 'NONE',  ( -0.0000000000000000000, -0.0000000000000000000, -1.000000000000000000 ) ) ;
#662 = CARTESIAN_POINT ( 'NONE',  ( 0.2300000000000000100, 0.5020000000000000000, -0.1275000000000000900 ) ) ;
#663 = FACE_OUTER_BOUND ( 'NONE', #3265, .T. ) ;
#664 =( NAMED_UNIT ( * ) PLANE_ANGLE_UNIT ( ) SI_UNIT ( $, .RADIAN. ) );
#665 = CYLINDRICAL_SURFACE ( 'NONE', #2577, 0.01999999999999999000 ) ;
#666 = CARTESIAN_POINT ( 'NONE',  ( 0.1274800007018209200, -0.1852885201230315400, -0.01149999999999994900 ) ) ;
#667 = EDGE_LOOP ( 'NONE', ( #1396, #2482, #2558, #8519 ) ) ;
#668 = ORIENTED_EDGE ( 'NONE', *, *, #264, .F. ) ;
#669 = DIRECTION ( 'NONE',  ( 1.000000000000000000, 0.0000000000000000000, 0.0000000000000000000 ) ) ;
#670 = EDGE_CURVE ( 'NONE', #3634, #1980, #4739, .T. ) ;
#671 = VERTEX_POINT ( 'NONE', #1313 ) ;
#672 = DIRECTION ( 'NONE',  ( -1.000000000000000000, -0.0000000000000000000, -0.0000000000000000000 ) ) ;
#673 = ORIENTED_EDGE ( 'NONE', *, *, #8613, .F. ) ;
#674 = VECTOR ( 'NONE', #2342, 39.37007874015748100 ) ;
#675 = DIRECTION ( 'NONE',  ( 0.0000000000000000000, -0.0000000000000000000, 1.000000000000000000 ) ) ;
#676 = DIRECTION ( 'NONE',  ( 0.0000000000000000000, 0.0000000000000000000, 1.000000000000000000 ) ) ;
#677 = ADVANCED_FACE ( 'NONE', ( #6312 ), #6048, .F. ) ;
#678 = AXIS2_PLACEMENT_3D ( 'NONE', #5266, #3258, #5956 ) ;
#679 = ORIENTED_EDGE ( 'NONE', *, *, #3975, .F. ) ;
#680 = VERTEX_POINT ( 'NONE', #708 ) ;
#681 = DIRECTION ( 'NONE',  ( -1.000000000000000000, -0.0000000000000000000, 0.0000000000000000000 ) ) ;
#682 = SURFACE_STYLE_FILL_AREA ( #8175 ) ;
#683 = AXIS2_PLACEMENT_3D ( 'NONE', #6442, #5021, #8610 ) ;
#684 = VERTEX_POINT ( 'NONE', #8660 ) ;
#685 = ORIENTED_EDGE ( 'NONE', *, *, #313, .T. ) ;
#686 = FACE_OUTER_BOUND ( 'NONE', #6342, .T. ) ;
#687 = EDGE_CURVE ( 'NONE', #323, #5270, #6523, .T. ) ;
#688 = ADVANCED_FACE ( 'NONE', ( #7169 ), #2955, .F. ) ;
#689 = ORIENTED_EDGE ( 'NONE', *, *, #4317, .T. ) ;
#690 = AXIS2_PLACEMENT_3D ( 'NONE', #1551, #2155, #2924 ) ;
#691 = VERTEX_POINT ( 'NONE', #4229 ) ;
#692 = EDGE_CURVE ( 'NONE', #7251, #4819, #5888, .T. ) ;
#693 = CARTESIAN_POINT ( 'NONE',  ( -0.1405199992981791300, -0.1852885201230315400, -0.01149999999999994900 ) ) ;
#694 = CARTESIAN_POINT ( 'NONE',  ( -0.01900000000000002400, 0.07336898097372462900, -0.07800000000000002800 ) ) ;
#695 = CARTESIAN_POINT ( 'NONE',  ( -0.3789999999999999500, 0.1260000000000001100, -0.09200000000000235800 ) ) ;
#696 = FACE_OUTER_BOUND ( 'NONE', #233, .T. ) ;
#697 = ORIENTED_EDGE ( 'NONE', *, *, #8226, .F. ) ;
#698 = CARTESIAN_POINT ( 'NONE',  ( 0.04800000000000000800, 0.07336898097372462900, -0.07800000000000002800 ) ) ;
#699 = DIRECTION ( 'NONE',  ( 0.0000000000000000000, 0.0000000000000000000, 1.000000000000000000 ) ) ;
#700 = CARTESIAN_POINT ( 'NONE',  ( 0.01899999999999998900, 0.07336898097372462900, -0.1080000000000000500 ) ) ;
#701 = ADVANCED_FACE ( 'NONE', ( #950 ), #8158, .F. ) ;
#702 = ORIENTED_EDGE ( 'NONE', *, *, #3698, .F. ) ;
#703 = ORIENTED_EDGE ( 'NONE', *, *, #1663, .F. ) ;
#704 = DIRECTION ( 'NONE',  ( 0.0000000000000000000, 0.0000000000000000000, 1.000000000000000000 ) ) ;
#705 = LINE ( 'NONE', #6169, #3131 ) ;
#706 =( CONVERSION_BASED_UNIT ( 'INCH', #2171 ) LENGTH_UNIT ( ) NAMED_UNIT ( #632 ) );
#707 = VECTOR ( 'NONE', #3883, 39.37007874015748100 ) ;
#708 = CARTESIAN_POINT ( 'NONE',  ( 0.1820000000000000000, 0.02977638454923963200, 0.1621560803021541200 ) ) ;
#709 = ORIENTED_EDGE ( 'NONE', *, *, #7505, .T. ) ;
#710 = VECTOR ( 'NONE', #5287, 39.37007874015748100 ) ;
#711 = PRESENTATION_STYLE_ASSIGNMENT (( #988 ) ) ;
#712 = UNCERTAINTY_MEASURE_WITH_UNIT (LENGTH_MEASURE( 1.000000000000000100E-005 ), #4519, 'distance_accuracy_value', 'NONE');
#713 = CARTESIAN_POINT ( 'NONE',  ( -0.1150000000000000200, 0.0000000000000000000, -0.04149999999999996100 ) ) ;
#714 = VERTEX_POINT ( 'NONE', #5299 ) ;
#715 = DIRECTION ( 'NONE',  ( 1.000000000000000000, 0.0000000000000000000, -0.0000000000000000000 ) ) ;
#716 = ORIENTED_EDGE ( 'NONE', *, *, #7945, .F. ) ;
#717 = CARTESIAN_POINT ( 'NONE',  ( 0.01899999999999998900, 0.07336898097372462900, -0.1080000000000000500 ) ) ;
#718 = AXIS2_PLACEMENT_3D ( 'NONE', #6189, #2137, #903 ) ;
#719 = VECTOR ( 'NONE', #6649, 39.37007874015748100 ) ;
#720 = ADVANCED_FACE ( 'NONE', ( #1064 ), #2746, .F. ) ;
#721 = DIRECTION ( 'NONE',  ( 1.000000000000000000, 0.0000000000000000000, -0.0000000000000000000 ) ) ;
#722 = ORIENTED_EDGE ( 'NONE', *, *, #2644, .F. ) ;
#723 = CARTESIAN_POINT ( 'NONE',  ( -0.3789999999999999500, 0.1358841571526839300, -0.01150000000000003500 ) ) ;
#724 = CYLINDRICAL_SURFACE ( 'NONE', #8081, 0.01399999999999997400 ) ;
#725 =( CONVERSION_BASED_UNIT ( 'INCH', #3271 ) LENGTH_UNIT ( ) NAMED_UNIT ( #7739 ) );
#726 = CARTESIAN_POINT ( 'NONE',  ( -0.08600000000000002100, 0.05947333485074611500, -0.07970617080767200500 ) ) ;
#727 = ADVANCED_FACE ( 'NONE', ( #1865 ), #4817, .F. ) ;
#728 = CIRCLE ( 'NONE', #2878, 0.01399999999999997400 ) ;
#729 = DIRECTION ( 'NONE',  ( 0.0000000000000000000, 0.0000000000000000000, -1.000000000000000000 ) ) ;
#730 = DIRECTION ( 'NONE',  ( 1.000000000000000000, 0.0000000000000000000, 0.0000000000000000000 ) ) ;
#731 =( NAMED_UNIT ( * ) PLANE_ANGLE_UNIT ( ) SI_UNIT ( $, .RADIAN. ) );
#732 = DIRECTION ( 'NONE',  ( 0.0000000000000000000, 0.0000000000000000000, 1.000000000000000000 ) ) ;
#733 = AXIS2_PLACEMENT_3D ( 'NONE', #8416, #1040, #6473 ) ;
#734 = CARTESIAN_POINT ( 'NONE',  ( 0.2140000000000001300, 0.5020000000000000000, 0.8807583994195136200 ) ) ;
#735 = PLANE ( 'NONE',  #1479 ) ;
#736 = EDGE_CURVE ( 'NONE', #1376, #6665, #6720, .T. ) ;
#737 = CIRCLE ( 'NONE', #5450, 0.03000000000000002300 ) ;
#738 = FACE_OUTER_BOUND ( 'NONE', #4244, .T. ) ;
#739 = ORIENTED_EDGE ( 'NONE', *, *, #4585, .T. ) ;
#740 = LINE ( 'NONE', #4199, #4732 ) ;
#741 = VERTEX_POINT ( 'NONE', #2104 ) ;
#742 = DIRECTION ( 'NONE',  ( 0.0000000000000000000, -3.244104004879254200E-016, -1.000000000000000000 ) ) ;
#743 = ORIENTED_EDGE ( 'NONE', *, *, #1515, .F. ) ;
#744 = VERTEX_POINT ( 'NONE', #5473 ) ;
#745 = ORIENTED_EDGE ( 'NONE', *, *, #3061, .T. ) ;
#746 = AXIS2_PLACEMENT_3D ( 'NONE', #8455, #8403, #1708 ) ;
#747 = EDGE_CURVE ( 'NONE', #4505, #3174, #5377, .T. ) ;
#748 = CARTESIAN_POINT ( 'NONE',  ( -0.3350000000000000200, 0.1910000000000002300, -0.03150000000000002800 ) ) ;
#749 = SURFACE_STYLE_FILL_AREA ( #4849 ) ;
#750 = LINE ( 'NONE', #2286, #2842 ) ;
#751 = DIRECTION ( 'NONE',  ( -0.3420201433256634900, -0.9396926207859103200, -1.887571618202280100E-016 ) ) ;
#752 = VECTOR ( 'NONE', #563, 39.37007874015748900 ) ;
#753 = ORIENTED_EDGE ( 'NONE', *, *, #8604, .T. ) ;
#754 = ORIENTED_EDGE ( 'NONE', *, *, #8016, .F. ) ;
#755 = EDGE_LOOP ( 'NONE', ( #8401, #604, #1601, #7792, #3260, #4790 ) ) ;
#756 = DIRECTION ( 'NONE',  ( -0.3420201433256634900, -0.9396926207859103200, -1.887571618202280100E-016 ) ) ;
#757 = FACE_OUTER_BOUND ( 'NONE', #3360, .T. ) ;
#758 = CARTESIAN_POINT ( 'NONE',  ( -0.2870000000000000300, 0.02569473886660282200, -0.02601515597181902300 ) ) ;
#759 = CARTESIAN_POINT ( 'NONE',  ( 0.1150000000000000000, -0.1510000000000001300, -0.02750000000000001400 ) ) ;
#760 = LINE ( 'NONE', #2267, #1168 ) ;
#761 = EDGE_CURVE ( 'NONE', #22, #8413, #8309, .T. ) ;
#762 = ORIENTED_EDGE ( 'NONE', *, *, #949, .T. ) ;
#763 = CARTESIAN_POINT ( 'NONE',  ( 0.2199999999999999700, -0.1450000000000000700, 0.1884999999999999200 ) ) ;
#764 = CARTESIAN_POINT ( 'NONE',  ( -0.04800000000000004300, 0.1260000000000001100, -0.1080000000000000300 ) ) ;
#765 = VECTOR ( 'NONE', #7502, 39.37007874015748100 ) ;
#766 = ADVANCED_FACE ( 'NONE', ( #8196 ), #453, .T. ) ;
#767 = SURFACE_STYLE_USAGE ( .BOTH. , #3548 ) ;
#768 = VECTOR ( 'NONE', #1977, 39.37007874015748100 ) ;
#769 = CARTESIAN_POINT ( 'NONE',  ( -0.1820000000000000800, -0.1700000000000001000, 0.1884999999999998900 ) ) ;
#770 = VERTEX_POINT ( 'NONE', #4147 ) ;
#771 = AXIS2_PLACEMENT_3D ( 'NONE', #4266, #1506, #4764 ) ;
#772 = VERTEX_POINT ( 'NONE', #5505 ) ;
#773 = ADVANCED_FACE ( 'NONE', ( #8082 ), #735, .F. ) ;
#774 = CARTESIAN_POINT ( 'NONE',  ( -0.05603484512108165100, -0.1670755555389874000, 0.1724999999999999000 ) ) ;
#775 = SURFACE_SIDE_STYLE ('',( #6581 ) ) ;
#776 = VERTEX_POINT ( 'NONE', #196 ) ;
#777 = CARTESIAN_POINT ( 'NONE',  ( 0.2140000000000000000, 0.5220000000000000200, 0.8807583994195136200 ) ) ;
#778 = ORIENTED_EDGE ( 'NONE', *, *, #5646, .F. ) ;
#779 = CARTESIAN_POINT ( 'NONE',  ( 0.3160000000000000600, 0.02977638454923963200, 0.1621560803021541200 ) ) ;
#780 = PLANE ( 'NONE',  #2095 ) ;
#781 = ORIENTED_EDGE ( 'NONE', *, *, #3332, .F. ) ;
#782 = VERTEX_POINT ( 'NONE', #2167 ) ;
#783 = FACE_OUTER_BOUND ( 'NONE', #2550, .T. ) ;
#784 =( NAMED_UNIT ( * ) PLANE_ANGLE_UNIT ( ) SI_UNIT ( $, .RADIAN. ) );
#785 = AXIS2_PLACEMENT_3D ( 'NONE', #3776, #461, #3746 ) ;
#786 = PLANE ( 'NONE',  #1188 ) ;
#787 = DIRECTION ( 'NONE',  ( 1.000000000000000000, 0.0000000000000000000, 0.0000000000000000000 ) ) ;
#788 = ADVANCED_FACE ( 'NONE', ( #1054 ), #1761, .F. ) ;
#789 = EDGE_CURVE ( 'NONE', #5647, #3408, #3062, .T. ) ;
#790 = VERTEX_POINT ( 'NONE', #1567 ) ;
#791 = CARTESIAN_POINT ( 'NONE',  ( -0.3789999999999999500, 0.1260000000000001100, -0.09200000000000235800 ) ) ;
#792 = VERTEX_POINT ( 'NONE', #5035 ) ;
#793 = FILL_AREA_STYLE_COLOUR ( '', #2159 ) ;
#794 = VERTEX_POINT ( 'NONE', #7695 ) ;
#795 = EDGE_LOOP ( 'NONE', ( #5411, #6289, #3492, #7676 ) ) ;
#796 = FACE_OUTER_BOUND ( 'NONE', #478, .T. ) ;
#797 = AXIS2_PLACEMENT_3D ( 'NONE', #6434, #5813, #5107 ) ;
#798 = DIRECTION ( 'NONE',  ( -1.000000000000000000, -0.0000000000000000000, -0.0000000000000000000 ) ) ;
#799 = EDGE_CURVE ( 'NONE', #6497, #6137, #6301, .T. ) ;
#800 = CARTESIAN_POINT ( 'NONE',  ( 0.2500000000000000000, 0.4819999999999999800, -0.1275000000000000300 ) ) ;
#801 = EDGE_CURVE ( 'NONE', #3095, #5992, #638, .T. ) ;
#802 = ORIENTED_EDGE ( 'NONE', *, *, #1972, .F. ) ;
#803 = EDGE_CURVE ( 'NONE', #1904, #5338, #7057, .T. ) ;
#804 = VERTEX_POINT ( 'NONE', #8281 ) ;
#805 = MECHANICAL_DESIGN_GEOMETRIC_PRESENTATION_REPRESENTATION (  '', ( #2302 ), #6206 ) ;
#806 = CARTESIAN_POINT ( 'NONE',  ( 0.3540000000000000400, 0.07336898097372462900, -0.1080000000000000500 ) ) ;
#807 = DIRECTION ( 'NONE',  ( -0.0000000000000000000, -0.0000000000000000000, -1.000000000000000000 ) ) ;
#808 = EDGE_CURVE ( 'NONE', #8300, #3174, #2394, .T. ) ;
#809 = ADVANCED_FACE ( 'NONE', ( #3369 ), #263, .F. ) ;
#810 = ORIENTED_EDGE ( 'NONE', *, *, #5907, .F. ) ;
#811 = DIRECTION ( 'NONE',  ( 0.0000000000000000000, -1.000000000000000000, 0.0000000000000000000 ) ) ;
#812 =( NAMED_UNIT ( * ) PLANE_ANGLE_UNIT ( ) SI_UNIT ( $, .RADIAN. ) );
#813 = FACE_OUTER_BOUND ( 'NONE', #3866, .T. ) ;
#814 = DIRECTION ( 'NONE',  ( -1.000000000000000000, 0.0000000000000000000, 0.0000000000000000000 ) ) ;
#815 = CARTESIAN_POINT ( 'NONE',  ( 0.2500000000000000000, 0.4819999999999999800, -0.1275000000000000900 ) ) ;
#816 = ADVANCED_FACE ( 'NONE', ( #6834 ), #6256, .F. ) ;
#817 = CARTESIAN_POINT ( 'NONE',  ( 0.3540000000000000400, -1.707404996040164500E-017, 0.1584999999999999700 ) ) ;
#818 = VERTEX_POINT ( 'NONE', #4969 ) ;
#819 = CARTESIAN_POINT ( 'NONE',  ( 0.01899999999999998900, 0.1260000000000001100, -0.09200000000000001200 ) ) ;
#820 = EDGE_CURVE ( 'NONE', #1329, #8102, #4639, .T. ) ;
#821 = SURFACE_STYLE_FILL_AREA ( #6299 ) ;
#822 = DIRECTION ( 'NONE',  ( -0.0000000000000000000, 0.9925461516413228700, 0.1218693434051409700 ) ) ;
#823 = MANIFOLD_SOLID_BREP ( 'Cut-Extrude4', #4074 ) ;
#824 = DIRECTION ( 'NONE',  ( -0.0000000000000000000, 1.000000000000000000, 1.455174712534229700E-016 ) ) ;
#825 = CARTESIAN_POINT ( 'NONE',  ( -0.08600000000000002100, 0.07336898097372462900, -0.07800000000000002800 ) ) ;
#826 = DIMENSIONAL_EXPONENTS ( 1.000000000000000000, 0.0000000000000000000, 0.0000000000000000000, 0.0000000000000000000, 0.0000000000000000000, 0.0000000000000000000, 0.0000000000000000000 ) ;
#827 = ORIENTED_EDGE ( 'NONE', *, *, #5468, .T. ) ;
#828 = VECTOR ( 'NONE', #5031, 39.37007874015748100 ) ;
#829 = LINE ( 'NONE', #1355, #719 ) ;
#830 = ADVANCED_FACE ( 'NONE', ( #4025 ), #16, .F. ) ;
#831 = ORIENTED_EDGE ( 'NONE', *, *, #5504, .F. ) ;
#832 = FACE_OUTER_BOUND ( 'NONE', #2760, .T. ) ;
#833 = DIRECTION ( 'NONE',  ( -1.000000000000000000, -0.0000000000000000000, -0.0000000000000000000 ) ) ;
#834 = CARTESIAN_POINT ( 'NONE',  ( -0.1939999999999999200, 0.5219999999999999100, -0.1275000000000000900 ) ) ;
#835 = PRESENTATION_LAYER_ASSIGNMENT (  '', '', ( #2973 ) ) ;
#836 = AXIS2_PLACEMENT_3D ( 'NONE', #955, #6960, #925 ) ;
#837 = LENGTH_MEASURE_WITH_UNIT ( LENGTH_MEASURE( 0.02539999999999999900 ), #7198 );
#838 = LINE ( 'NONE', #6907, #1251 ) ;
#839 = DIRECTION ( 'NONE',  ( 0.0000000000000000000, -1.000000000000000000, 0.0000000000000000000 ) ) ;
#840 = CARTESIAN_POINT ( 'NONE',  ( -0.2140000000000000500, 0.5520000000000000500, 0.8807583994195136200 ) ) ;
#841 = DIRECTION ( 'NONE',  ( 0.0000000000000000000, 1.000000000000000000, 3.244104004879253700E-016 ) ) ;
#842 = ORIENTED_EDGE ( 'NONE', *, *, #2421, .F. ) ;
#843 = LENGTH_MEASURE_WITH_UNIT ( LENGTH_MEASURE( 0.02539999999999999900 ), #3616 );
#844 = FILL_AREA_STYLE ('',( #6064 ) ) ;
#845 = DIRECTION ( 'NONE',  ( 0.3420201433256637700, -0.9396926207859100900, -1.887571618202280300E-016 ) ) ;
#846 = DIRECTION ( 'NONE',  ( 0.0000000000000000000, 0.0000000000000000000, -1.000000000000000000 ) ) ;
#847 = AXIS2_PLACEMENT_3D ( 'NONE', #4399, #3002, #382 ) ;
#848 = LINE ( 'NONE', #5180, #7787 ) ;
#849 = LINE ( 'NONE', #4447, #1056 ) ;
#850 = VECTOR ( 'NONE', #3472, 39.37007874015748100 ) ;
#851 = VERTEX_POINT ( 'NONE', #2378 ) ;
#852 = DIRECTION ( 'NONE',  ( 0.0000000000000000000, 0.1218693434051409500, -0.9925461516413227600 ) ) ;
#853 = AXIS2_PLACEMENT_3D ( 'NONE', #561, #7256, #4046 ) ;
#854 = VERTEX_POINT ( 'NONE', #7112 ) ;
#855 = CARTESIAN_POINT ( 'NONE',  ( 0.07690074414334507900, -0.1700000000000001000, -0.1885000000000000600 ) ) ;
#856 = ADVANCED_FACE ( 'NONE', ( #5073 ), #934, .F. ) ;
#857 = EDGE_CURVE ( 'NONE', #8662, #5111, #4730, .T. ) ;
#858 = VECTOR ( 'NONE', #8014, 39.37007874015748100 ) ;
#859 = DIRECTION ( 'NONE',  ( 0.0000000000000000000, 0.0000000000000000000, 1.000000000000000000 ) ) ;
#860 = CIRCLE ( 'NONE', #5921, 0.01399999999999997400 ) ;
#861 = VERTEX_POINT ( 'NONE', #1109 ) ;
#862 = EDGE_CURVE ( 'NONE', #7705, #1102, #4439, .T. ) ;
#863 = CARTESIAN_POINT ( 'NONE',  ( -0.1939999999999999200, 0.5219999999999999100, -0.1275000000000000300 ) ) ;
#864 = ADVANCED_FACE ( 'NONE', ( #1345 ), #7806, .F. ) ;
#865 = LINE ( 'NONE', #2084, #4466 ) ;
#866 = CARTESIAN_POINT ( 'NONE',  ( -0.1939999999999999200, 0.5319999999999999200, -0.1885000000000000300 ) ) ;
#867 = LINE ( 'NONE', #6629, #8330 ) ;
#868 = DIRECTION ( 'NONE',  ( 0.0000000000000000000, 0.5161614676060311000, -0.8564912955534271800 ) ) ;
#869 = DIRECTION ( 'NONE',  ( -1.000000000000000000, -0.0000000000000000000, 0.0000000000000000000 ) ) ;
#870 =( LENGTH_UNIT ( ) NAMED_UNIT ( * ) SI_UNIT ( $, .METRE. ) );
#871 = DIRECTION ( 'NONE',  ( -0.0000000000000000000, -0.0000000000000000000, 1.000000000000000000 ) ) ;
#872 =( GEOMETRIC_REPRESENTATION_CONTEXT ( 3 ) GLOBAL_UNCERTAINTY_ASSIGNED_CONTEXT ( ( #7979 ) ) GLOBAL_UNIT_ASSIGNED_CONTEXT ( ( #2220, #3562, #2833 ) ) REPRESENTATION_CONTEXT ( 'NONE', 'WORKASPACE' ) );
#873 = CARTESIAN_POINT ( 'NONE',  ( -0.3789999999999999500, 0.1260000000000001100, -0.1079999999999972800 ) ) ;
#874 = UNCERTAINTY_MEASURE_WITH_UNIT (LENGTH_MEASURE( 1.000000000000000100E-005 ), #1529, 'distance_accuracy_value', 'NONE');
#875 = CARTESIAN_POINT ( 'NONE',  ( -0.3160000000000000600, -1.707404996040164500E-017, 0.1724999999999999300 ) ) ;
#876 = CYLINDRICAL_SURFACE ( 'NONE', #6690, 0.03000000000000002300 ) ;
#877 = DIRECTION ( 'NONE',  ( 0.0000000000000000000, 0.0000000000000000000, 1.000000000000000000 ) ) ;
#878 = PLANE ( 'NONE',  #718 ) ;
#879 = ORIENTED_EDGE ( 'NONE', *, *, #1887, .T. ) ;
#880 = SURFACE_SIDE_STYLE ('',( #3269 ) ) ;
#881 = ORIENTED_EDGE ( 'NONE', *, *, #692, .T. ) ;
#882 = CARTESIAN_POINT ( 'NONE',  ( -0.3939999999999999600, 0.5519999999999999400, -0.1885000000000000300 ) ) ;
#883 = DIRECTION ( 'NONE',  ( -0.3420201433256634900, -0.9396926207859103200, 0.0000000000000000000 ) ) ;
#884 = ORIENTED_EDGE ( 'NONE', *, *, #4409, .T. ) ;
#885 = ORIENTED_EDGE ( 'NONE', *, *, #3810, .T. ) ;
#886 = LINE ( 'NONE', #695, #6243 ) ;
#887 = CARTESIAN_POINT ( 'NONE',  ( -0.3540000000000000400, 0.07336898097372462900, -0.07800000000000002800 ) ) ;
#888 = DIRECTION ( 'NONE',  ( -1.000000000000000000, 0.0000000000000000000, 0.0000000000000000000 ) ) ;
#889 = VERTEX_POINT ( 'NONE', #1706 ) ;
#890 = VERTEX_POINT ( 'NONE', #5152 ) ;
#891 = ORIENTED_EDGE ( 'NONE', *, *, #5583, .F. ) ;
#892 = ORIENTED_EDGE ( 'NONE', *, *, #7272, .F. ) ;
#893 = FILL_AREA_STYLE ('',( #6174 ) ) ;
#894 = VERTEX_POINT ( 'NONE', #3087 ) ;
#895 = LINE ( 'NONE', #8060, #5834 ) ;
#896 = SURFACE_STYLE_USAGE ( .BOTH. , #5689 ) ;
#897 = MECHANICAL_DESIGN_GEOMETRIC_PRESENTATION_REPRESENTATION (  '', ( #69 ), #7864 ) ;
#898 = VERTEX_POINT ( 'NONE', #6509 ) ;
#899 = VERTEX_POINT ( 'NONE', #1757 ) ;
#900 = ADVANCED_FACE ( 'NONE', ( #1968 ), #6482, .F. ) ;
#901 = EDGE_CURVE ( 'NONE', #5721, #6431, #235, .T. ) ;
#902 = PLANE ( 'NONE',  #1463 ) ;
#903 = DIRECTION ( 'NONE',  ( -1.000000000000000000, 0.0000000000000000000, 0.0000000000000000000 ) ) ;
#904 = AXIS2_PLACEMENT_3D ( 'NONE', #3190, #7910, #8589 ) ;
#905 = ORIENTED_EDGE ( 'NONE', *, *, #4856, .T. ) ;
#906 =( CONVERSION_BASED_UNIT ( 'INCH', #4945 ) LENGTH_UNIT ( ) NAMED_UNIT ( #7247 ) );
#907 = EDGE_LOOP ( 'NONE', ( #1713, #3388, #2721, #3555, #8357, #6518 ) ) ;
#908 = EDGE_CURVE ( 'NONE', #6168, #6400, #848, .T. ) ;
#909 = ORIENTED_EDGE ( 'NONE', *, *, #4042, .F. ) ;
#910 = DIRECTION ( 'NONE',  ( 0.0000000000000000000, -1.000000000000000000, 0.0000000000000000000 ) ) ;
#911 = CARTESIAN_POINT ( 'NONE',  ( -0.04800000000000004300, 0.02977638454923963200, 0.1621560803021541200 ) ) ;
#912 = VECTOR ( 'NONE', #4038, 39.37007874015748100 ) ;
#913 = EDGE_CURVE ( 'NONE', #3109, #8680, #1858, .T. ) ;
#914 = PLANE ( 'NONE',  #4357 ) ;
#915 = PRESENTATION_LAYER_ASSIGNMENT (  '', '', ( #4689 ) ) ;
#916 =( NAMED_UNIT ( * ) PLANE_ANGLE_UNIT ( ) SI_UNIT ( $, .RADIAN. ) );
#917 = ORIENTED_EDGE ( 'NONE', *, *, #1089, .T. ) ;
#918 = AXIS2_PLACEMENT_3D ( 'NONE', #1001, #7012, #3075 ) ;
#919 = CIRCLE ( 'NONE', #5236, 0.02999999999999995400 ) ;
#920 = EDGE_CURVE ( 'NONE', #1067, #2736, #2604, .T. ) ;
#921 = DIRECTION ( 'NONE',  ( 0.0000000000000000000, -0.0000000000000000000, -1.000000000000000000 ) ) ;
#922 = SURFACE_SIDE_STYLE ('',( #5715 ) ) ;
#923 = CARTESIAN_POINT ( 'NONE',  ( -0.2490000000000000300, -0.1510000000000001300, -0.02750000000000001700 ) ) ;
#924 = EDGE_LOOP ( 'NONE', ( #6068, #1154, #4845, #3545 ) ) ;
#925 = DIRECTION ( 'NONE',  ( 0.0000000000000000000, 0.5161614676060309900, -0.8564912955534271800 ) ) ;
#926 = VECTOR ( 'NONE', #3605, 39.37007874015748100 ) ;
#927 = DIRECTION ( 'NONE',  ( 0.0000000000000000000, 1.000000000000000000, 3.244104004879253700E-016 ) ) ;
#928 = LINE ( 'NONE', #7102, #2162 ) ;
#929 = MANIFOLD_SOLID_BREP ( 'LPattern1[2]', #5555 ) ;
#930 = CARTESIAN_POINT ( 'NONE',  ( -0.2870000000000000300, 0.1260000000000001100, -0.1080000000000000300 ) ) ;
#931 = VERTEX_POINT ( 'NONE', #7139 ) ;
#932 = CARTESIAN_POINT ( 'NONE',  ( -0.2490000000000000300, 0.07336898097372462900, -0.07800000000000002800 ) ) ;
#933 = EDGE_CURVE ( 'NONE', #5179, #1182, #8608, .T. ) ;
#934 = PLANE ( 'NONE',  #6911 ) ;
#935 = LINE ( 'NONE', #2383, #4524 ) ;
#936 = COLOUR_RGB ( '',0.2509803921568627400, 0.2509803921568627400, 0.2509803921568627400 ) ;
#937 = ORIENTED_EDGE ( 'NONE', *, *, #6022, .T. ) ;
#938 = CARTESIAN_POINT ( 'NONE',  ( -0.1820000000000000800, -1.340010956295959200E-017, 0.1884999999999999200 ) ) ;
#939 = ADVANCED_FACE ( 'NONE', ( #1446 ), #3176, .F. ) ;
#940 = VECTOR ( 'NONE', #3901, 39.37007874015748900 ) ;
#941 = CIRCLE ( 'NONE', #1337, 0.01399999999999997400 ) ;
#942 =( NAMED_UNIT ( * ) PLANE_ANGLE_UNIT ( ) SI_UNIT ( $, .RADIAN. ) );
#943 = VERTEX_POINT ( 'NONE', #4455 ) ;
#944 = ORIENTED_EDGE ( 'NONE', *, *, #6382, .F. ) ;
#945 =( LENGTH_UNIT ( ) NAMED_UNIT ( * ) SI_UNIT ( $, .METRE. ) );
#946 = ORIENTED_EDGE ( 'NONE', *, *, #4366, .T. ) ;
#947 = STYLED_ITEM ( 'NONE', ( #7801 ), #4106 ) ;
#948 = DIRECTION ( 'NONE',  ( -1.000000000000000000, -0.0000000000000000000, -0.0000000000000000000 ) ) ;
#949 = EDGE_CURVE ( 'NONE', #1449, #2736, #5366, .T. ) ;
#950 = FACE_OUTER_BOUND ( 'NONE', #5657, .T. ) ;
#951 = VECTOR ( 'NONE', #6246, 39.37007874015748100 ) ;
#952 = DIRECTION ( 'NONE',  ( -0.1218693434051442300, 0.0000000000000000000, 0.9925461516413224300 ) ) ;
#953 = DIRECTION ( 'NONE',  ( -0.0000000000000000000, 0.0000000000000000000, 1.000000000000000000 ) ) ;
#954 = ORIENTED_EDGE ( 'NONE', *, *, #2870, .F. ) ;
#955 = CARTESIAN_POINT ( 'NONE',  ( -0.1150000000000000200, 0.02569473886660282200, -0.02601515597181902300 ) ) ;
#956 = ORIENTED_EDGE ( 'NONE', *, *, #1533, .F. ) ;
#957 = CARTESIAN_POINT ( 'NONE',  ( 0.01899999999999998900, -0.1510000000000001300, -0.1885000000000000600 ) ) ;
#958 = FILL_AREA_STYLE ('',( #312 ) ) ;
#959 =( GEOMETRIC_REPRESENTATION_CONTEXT ( 3 ) GLOBAL_UNCERTAINTY_ASSIGNED_CONTEXT ( ( #874 ) ) GLOBAL_UNIT_ASSIGNED_CONTEXT ( ( #1529, #4223, #4308 ) ) REPRESENTATION_CONTEXT ( 'NONE', 'WORKASPACE' ) );
#960 = SURFACE_SIDE_STYLE ('',( #7276 ) ) ;
#961 =( GEOMETRIC_REPRESENTATION_CONTEXT ( 3 ) GLOBAL_UNCERTAINTY_ASSIGNED_CONTEXT ( ( #7866 ) ) GLOBAL_UNIT_ASSIGNED_CONTEXT ( ( #3563, #8234, #4895 ) ) REPRESENTATION_CONTEXT ( 'NONE', 'WORKASPACE' ) );
#962 = VECTOR ( 'NONE', #316, 39.37007874015748100 ) ;
#963 = EDGE_CURVE ( 'NONE', #7399, #4121, #1245, .T. ) ;
#964 = EDGE_LOOP ( 'NONE', ( #5489, #3364, #5668, #1305 ) ) ;
#965 = EDGE_CURVE ( 'NONE', #8471, #4776, #7873, .T. ) ;
#966 = DIRECTION ( 'NONE',  ( 0.0000000000000000000, -0.0000000000000000000, 1.000000000000000000 ) ) ;
#967 = PRESENTATION_LAYER_ASSIGNMENT (  '', '', ( #639 ) ) ;
#968 = LINE ( 'NONE', #4940, #7497 ) ;
#969 = EDGE_CURVE ( 'NONE', #3465, #6476, #5776, .T. ) ;
#970 =( LENGTH_UNIT ( ) NAMED_UNIT ( * ) SI_UNIT ( $, .METRE. ) );
#971 = APPLICATION_PROTOCOL_DEFINITION ( 'draft international standard', 'automotive_design', 1998, #8384 ) ;
#972 = ORIENTED_EDGE ( 'NONE', *, *, #246, .T. ) ;
#973 = DIRECTION ( 'NONE',  ( -0.3420201433256637700, 0.9396926207859100900, 1.887571618202279600E-016 ) ) ;
#974 = CARTESIAN_POINT ( 'NONE',  ( 0.2199999999999999700, -1.340010956295959200E-017, 0.1884999999999999200 ) ) ;
#975 = PLANE ( 'NONE',  #8500 ) ;
#976 = CARTESIAN_POINT ( 'NONE',  ( 0.3789999999999999500, 0.1358841571526839800, -0.1885000000000000300 ) ) ;
#977 = FACE_OUTER_BOUND ( 'NONE', #2895, .T. ) ;
#978 = CARTESIAN_POINT ( 'NONE',  ( -0.01900000000000002400, 0.01199087813774794700, -0.03427373945351554900 ) ) ;
#979 = EDGE_CURVE ( 'NONE', #8662, #5618, #4540, .T. ) ;
#980 =( LENGTH_UNIT ( ) NAMED_UNIT ( * ) SI_UNIT ( $, .METRE. ) );
#981 = ADVANCED_FACE ( 'NONE', ( #7348 ), #3932, .F. ) ;
#982 = DIRECTION ( 'NONE',  ( -1.000000000000000000, -0.0000000000000000000, -0.0000000000000000000 ) ) ;
#983 = ORIENTED_EDGE ( 'NONE', *, *, #2054, .T. ) ;
#984 = ORIENTED_EDGE ( 'NONE', *, *, #482, .F. ) ;
#985 = DIRECTION ( 'NONE',  ( -0.0000000000000000000, 0.9925461516413228700, 0.1218693434051409700 ) ) ;
#986 = ORIENTED_EDGE ( 'NONE', *, *, #1181, .T. ) ;
#987 = CARTESIAN_POINT ( 'NONE',  ( -0.3841158428473160400, 0.1410000000000000700, -0.01150000000000003500 ) ) ;
#988 = SURFACE_STYLE_USAGE ( .BOTH. , #7052 ) ;
#989 = EDGE_LOOP ( 'NONE', ( #7317, #8657, #3831, #2305 ) ) ;
#990 = ORIENTED_EDGE ( 'NONE', *, *, #1469, .T. ) ;
#991 = VECTOR ( 'NONE', #149, 39.37007874015748100 ) ;
#992 = DIRECTION ( 'NONE',  ( 0.0000000000000000000, 0.0000000000000000000, 1.000000000000000000 ) ) ;
#993 = DIRECTION ( 'NONE',  ( 0.0000000000000000000, 1.000000000000000000, -3.244104004879254200E-016 ) ) ;
#994 = ORIENTED_EDGE ( 'NONE', *, *, #4585, .F. ) ;
#995 = ORIENTED_EDGE ( 'NONE', *, *, #7330, .T. ) ;
#996 = VECTOR ( 'NONE', #5404, 39.37007874015748100 ) ;
#997 = ORIENTED_EDGE ( 'NONE', *, *, #7132, .T. ) ;
#998 = ORIENTED_EDGE ( 'NONE', *, *, #4796, .T. ) ;
#999 = CARTESIAN_POINT ( 'NONE',  ( -0.04800000000000004300, 0.01389564612297849500, 0.1602061708076718500 ) ) ;
#1000 = AXIS2_PLACEMENT_3D ( 'NONE', #7925, #3853, #7287 ) ;
#1001 = CARTESIAN_POINT ( 'NONE',  ( 0.0000000000000000000, 0.0000000000000000000, 0.0000000000000000000 ) ) ;
#1002 = LINE ( 'NONE', #6322, #3435 ) ;
#1003 = EDGE_LOOP ( 'NONE', ( #5119, #1777, #536, #344 ) ) ;
#1004 =( LENGTH_UNIT ( ) NAMED_UNIT ( * ) SI_UNIT ( $, .METRE. ) );
#1005 = MECHANICAL_DESIGN_GEOMETRIC_PRESENTATION_REPRESENTATION (  '', ( #4192 ), #7929 ) ;
#1006 = ORIENTED_EDGE ( 'NONE', *, *, #6029, .F. ) ;
#1007 = DIRECTION ( 'NONE',  ( 0.3420201433256637700, -0.9396926207859100900, -1.887571618202280300E-016 ) ) ;
#1008 = DIRECTION ( 'NONE',  ( -1.000000000000000000, -0.0000000000000000000, -0.0000000000000000000 ) ) ;
#1009 = LINE ( 'NONE', #2791, #2460 ) ;
#1010 = CARTESIAN_POINT ( 'NONE',  ( -0.2490000000000000300, 0.07336898097372462900, -0.09199999999999999800 ) ) ;
#1011 = AXIS2_PLACEMENT_3D ( 'NONE', #5638, #4954, #5611 ) ;
#1012 =( NAMED_UNIT ( * ) SI_UNIT ( $, .STERADIAN. ) SOLID_ANGLE_UNIT ( ) );
#1013 = EDGE_CURVE ( 'NONE', #1904, #4610, #5680, .T. ) ;
#1014 = VERTEX_POINT ( 'NONE', #4561 ) ;
#1015 = COLOUR_RGB ( '',0.2509803921568627400, 0.2509803921568627400, 0.2509803921568627400 ) ;
#1016 = FACE_BOUND ( 'NONE', #6562, .T. ) ;
#1017 = AXIS2_PLACEMENT_3D ( 'NONE', #7292, #552, #3273 ) ;
#1018 = DIRECTION ( 'NONE',  ( 1.000000000000000000, 0.0000000000000000000, 0.0000000000000000000 ) ) ;
#1019 = EDGE_CURVE ( 'NONE', #8090, #5854, #7679, .T. ) ;
#1020 = CARTESIAN_POINT ( 'NONE',  ( 0.1530000000000000200, -2.134256245050205600E-018, -0.02749999999999999700 ) ) ;
#1021 = VERTEX_POINT ( 'NONE', #7255 ) ;
#1022 = VECTOR ( 'NONE', #1788, 39.37007874015748100 ) ;
#1023 = CARTESIAN_POINT ( 'NONE',  ( 0.2199999999999999700, -0.1450000000000000700, -0.1885000000000000600 ) ) ;
#1024 = CIRCLE ( 'NONE', #1576, 0.01399999999999997400 ) ;
#1025 = DIMENSIONAL_EXPONENTS ( 1.000000000000000000, 0.0000000000000000000, 0.0000000000000000000, 0.0000000000000000000, 0.0000000000000000000, 0.0000000000000000000, 0.0000000000000000000 ) ;
#1026 = CARTESIAN_POINT ( 'NONE',  ( 0.1530000000000000200, -0.1760000000000001600, -0.02750000000000002100 ) ) ;
#1027 = LINE ( 'NONE', #8270, #2590 ) ;
#1028 = AXIS2_PLACEMENT_3D ( 'NONE', #6778, #7496, #4141 ) ;
#1029 = CARTESIAN_POINT ( 'NONE',  ( -0.2200000000000000600, 0.1260000000000001100, -0.09200000000000001200 ) ) ;
#1030 = ORIENTED_EDGE ( 'NONE', *, *, #6880, .T. ) ;
#1031 = ORIENTED_EDGE ( 'NONE', *, *, #7425, .F. ) ;
#1032 = EDGE_CURVE ( 'NONE', #4172, #1721, #2502, .T. ) ;
#1034 = AXIS2_PLACEMENT_3D ( 'NONE', #8327, #4327, #2977 ) ;
#1033 = PRESENTATION_STYLE_ASSIGNMENT (( #1331 ) ) ;
#1035 = VECTOR ( 'NONE', #4621, 39.37007874015748100 ) ;
#1036 = SURFACE_STYLE_USAGE ( .BOTH. , #363 ) ;
#1037 = ORIENTED_EDGE ( 'NONE', *, *, #4323, .F. ) ;
#1038 = VECTOR ( 'NONE', #877, 39.37007874015748100 ) ;
#1039 = CARTESIAN_POINT ( 'NONE',  ( 0.2140000000000000000, 0.5220000000000000200, -0.1275000000000000900 ) ) ;
#1040 = DIRECTION ( 'NONE',  ( -0.0000000000000000000, -0.0000000000000000000, -1.000000000000000000 ) ) ;
#1041 = SURFACE_STYLE_USAGE ( .BOTH. , #398 ) ;
#1042 = CARTESIAN_POINT ( 'NONE',  ( -0.2490000000000000300, -0.1760000000000001600, -0.01149999999999994900 ) ) ;
#1043 = DIRECTION ( 'NONE',  ( 0.0000000000000000000, 0.0000000000000000000, -1.000000000000000000 ) ) ;
#1044 = FACE_OUTER_BOUND ( 'NONE', #3553, .T. ) ;
#1045 = CYLINDRICAL_SURFACE ( 'NONE', #3454, 0.01399999999999997400 ) ;
#1046 = LINE ( 'NONE', #2198, #6090 ) ;
#1047 = PLANE ( 'NONE',  #4254 ) ;
#1048 = DIRECTION ( 'NONE',  ( -1.000000000000000000, -0.0000000000000000000, -0.0000000000000000000 ) ) ;
#1049 = ORIENTED_EDGE ( 'NONE', *, *, #8673, .T. ) ;
#1050 = DIRECTION ( 'NONE',  ( 0.0000000000000000000, -1.000000000000000000, 0.0000000000000000000 ) ) ;
#1051 = VERTEX_POINT ( 'NONE', #7889 ) ;
#1052 = AXIS2_PLACEMENT_3D ( 'NONE', #7319, #655, #6719 ) ;
#1053 = VECTOR ( 'NONE', #2179, 39.37007874015748100 ) ;
#1054 = FACE_OUTER_BOUND ( 'NONE', #6994, .T. ) ;
#1055 =( NAMED_UNIT ( * ) PLANE_ANGLE_UNIT ( ) SI_UNIT ( $, .RADIAN. ) );
#1056 = VECTOR ( 'NONE', #927, 39.37007874015748100 ) ;
#1057 = CARTESIAN_POINT ( 'NONE',  ( -0.3540000000000000400, 0.1260000000000001100, -0.1080000000000000300 ) ) ;
#1058 = VERTEX_POINT ( 'NONE', #1870 ) ;
#1059 = ORIENTED_EDGE ( 'NONE', *, *, #5700, .F. ) ;
#1060 = ORIENTED_EDGE ( 'NONE', *, *, #5490, .T. ) ;
#1061 = CARTESIAN_POINT ( 'NONE',  ( -0.2490000000000000300, -2.134256245050205600E-018, -0.02749999999999999700 ) ) ;
#1062 =( NAMED_UNIT ( * ) SI_UNIT ( $, .STERADIAN. ) SOLID_ANGLE_UNIT ( ) );
#1063 = CYLINDRICAL_SURFACE ( 'NONE', #5552, 0.01399999999999996000 ) ;
#1064 = FACE_OUTER_BOUND ( 'NONE', #3480, .T. ) ;
#1065 = SURFACE_STYLE_FILL_AREA ( #6487 ) ;
#1066 = AXIS2_PLACEMENT_3D ( 'NONE', #2990, #4904, #1531 ) ;
#1067 = VERTEX_POINT ( 'NONE', #1185 ) ;
#1068 = EDGE_CURVE ( 'NONE', #4637, #3465, #6821, .T. ) ;
#1069 = CARTESIAN_POINT ( 'NONE',  ( -0.1150000000000000200, 0.0000000000000000000, -0.04149999999999996100 ) ) ;
#1070 = CARTESIAN_POINT ( 'NONE',  ( -0.3813772634747842300, 0.5519999999999999400, -0.1274999999999986700 ) ) ;
#1071 = VECTOR ( 'NONE', #352, 39.37007874015748100 ) ;
#1072 = DIMENSIONAL_EXPONENTS ( 1.000000000000000000, 0.0000000000000000000, 0.0000000000000000000, 0.0000000000000000000, 0.0000000000000000000, 0.0000000000000000000, 0.0000000000000000000 ) ;
#1073 = SURFACE_SIDE_STYLE ('',( #2395 ) ) ;
#1074 = DIMENSIONAL_EXPONENTS ( 1.000000000000000000, 0.0000000000000000000, 0.0000000000000000000, 0.0000000000000000000, 0.0000000000000000000, 0.0000000000000000000, 0.0000000000000000000 ) ;
#1075 = MECHANICAL_DESIGN_GEOMETRIC_PRESENTATION_REPRESENTATION (  '', ( #1227 ), #5028 ) ;
#1076 = EDGE_CURVE ( 'NONE', #3373, #5297, #4122, .T. ) ;
#1077 = CIRCLE ( 'NONE', #7879, 0.02750000000000004900 ) ;
#1078 = CARTESIAN_POINT ( 'NONE',  ( 0.3841158428473161500, 0.5511006436718883800, -0.1885000000000000300 ) ) ;
#1079 = CARTESIAN_POINT ( 'NONE',  ( 0.3160000000000000600, 0.07336898097372462900, -0.09200000000000001200 ) ) ;
#1080 = LINE ( 'NONE', #1314, #2642 ) ;
#1081 = EDGE_CURVE ( 'NONE', #1798, #6269, #3255, .T. ) ;
#1082 = EDGE_CURVE ( 'NONE', #3749, #2904, #737, .T. ) ;
#1083 = DIRECTION ( 'NONE',  ( 0.0000000000000000000, 0.0000000000000000000, -1.000000000000000000 ) ) ;
#1084 = CARTESIAN_POINT ( 'NONE',  ( -0.3160000000000000600, 0.02977638454923963200, 0.1621560803021541200 ) ) ;
#1085 = CARTESIAN_POINT ( 'NONE',  ( 0.08599999999999997900, 0.07336898097372462900, -0.09200000000000001200 ) ) ;
#1086 = AXIS2_PLACEMENT_3D ( 'NONE', #2761, #6732, #6118 ) ;
#1087 = FACE_OUTER_BOUND ( 'NONE', #3241, .T. ) ;
#1088 = ORIENTED_EDGE ( 'NONE', *, *, #3812, .T. ) ;
#1089 = EDGE_CURVE ( 'NONE', #3387, #5306, #444, .T. ) ;
#1090 =( NAMED_UNIT ( * ) PLANE_ANGLE_UNIT ( ) SI_UNIT ( $, .RADIAN. ) );
#1091 = CARTESIAN_POINT ( 'NONE',  ( -0.07499999999999999700, 0.7099999999999999600, -0.1275000000000000900 ) ) ;
#1092 = EDGE_LOOP ( 'NONE', ( #998, #5076, #7965, #7621 ) ) ;
#1093 =( BOUNDED_CURVE ( )  B_SPLINE_CURVE ( 3, ( #2834, #7487, #7541, #4215 ),
 .UNSPECIFIED., .F., .T. ) 
 B_SPLINE_CURVE_WITH_KNOTS ( ( 4, 4 ),
 ( 3.156445336534829900, 3.181131842026996700 ),
 .UNSPECIFIED. ) 
 CURVE ( )  GEOMETRIC_REPRESENTATION_ITEM ( )  RATIONAL_B_SPLINE_CURVE ( ( 1.000000000000000000, 0.9999492153486653200, 0.9999492153486653200, 1.000000000000000000 ) ) 
 REPRESENTATION_ITEM ( '' )  );
#1094 = ORIENTED_EDGE ( 'NONE', *, *, #1957, .F. ) ;
#1095 = ORIENTED_EDGE ( 'NONE', *, *, #2296, .T. ) ;
#1096 = ORIENTED_EDGE ( 'NONE', *, *, #1944, .F. ) ;
#1097 = LINE ( 'NONE', #4984, #2553 ) ;
#1098 = ORIENTED_EDGE ( 'NONE', *, *, #3926, .T. ) ;
#1099 = DIRECTION ( 'NONE',  ( 0.0000000000000000000, 0.0000000000000000000, 1.000000000000000000 ) ) ;
#1100 = EDGE_LOOP ( 'NONE', ( #8389, #4181, #7469, #5825 ) ) ;
#1101 = EDGE_CURVE ( 'NONE', #4091, #3732, #7975, .T. ) ;
#1102 = VERTEX_POINT ( 'NONE', #5127 ) ;
#1103 = ORIENTED_EDGE ( 'NONE', *, *, #4444, .T. ) ;
#1104 = PLANE ( 'NONE',  #5373 ) ;
#1105 = LENGTH_MEASURE_WITH_UNIT ( LENGTH_MEASURE( 0.02539999999999999900 ), #8539 );
#1106 = DIRECTION ( 'NONE',  ( -0.0000000000000000000, -0.0000000000000000000, -1.000000000000000000 ) ) ;
#1107 = EDGE_LOOP ( 'NONE', ( #7814, #2500, #6815, #881 ) ) ;
#1108 = CIRCLE ( 'NONE', #4672, 0.02999999999999995400 ) ;
#1109 = CARTESIAN_POINT ( 'NONE',  ( 0.08599999999999997900, -0.1450000000000000700, 0.1884999999999999200 ) ) ;
#1110 = CARTESIAN_POINT ( 'NONE',  ( -0.2490000000000000300, 0.01199087813774794700, -0.03427373945351554900 ) ) ;
#1111 = EDGE_LOOP ( 'NONE', ( #4152, #3302, #5941, #2185 ) ) ;
#1112 = PRESENTATION_STYLE_ASSIGNMENT (( #170 ) ) ;
#1113 = DIRECTION ( 'NONE',  ( 0.0000000000000000000, 0.1218693434051411300, -0.9925461516413227600 ) ) ;
#1114 = PLANE ( 'NONE',  #2160 ) ;
#1115 = CARTESIAN_POINT ( 'NONE',  ( 0.1530000000000000200, 0.02569473886660282200, -0.02601515597181902300 ) ) ;
#1116 = DIMENSIONAL_EXPONENTS ( 1.000000000000000000, 0.0000000000000000000, 0.0000000000000000000, 0.0000000000000000000, 0.0000000000000000000, 0.0000000000000000000, 0.0000000000000000000 ) ;
#1117 = VECTOR ( 'NONE', #7123, 39.37007874015748100 ) ;
#1118 = ORIENTED_EDGE ( 'NONE', *, *, #2698, .T. ) ;
#1119 = DIRECTION ( 'NONE',  ( 0.0000000000000000000, 0.0000000000000000000, -1.000000000000000000 ) ) ;
#1120 = AXIS2_PLACEMENT_3D ( 'NONE', #1023, #5677, #6383 ) ;
#1121 = VERTEX_POINT ( 'NONE', #3217 ) ;
#1122 = CARTESIAN_POINT ( 'NONE',  ( -0.3160000000000000600, 0.1260000000000001100, -0.1080000000000000300 ) ) ;
#1123 = EDGE_CURVE ( 'NONE', #6159, #8395, #6409, .T. ) ;
#1124 = ORIENTED_EDGE ( 'NONE', *, *, #5192, .F. ) ;
#1125 = ORIENTED_EDGE ( 'NONE', *, *, #6747, .F. ) ;
#1126 = FACE_OUTER_BOUND ( 'NONE', #2068, .T. ) ;
#1127 = STYLED_ITEM ( 'NONE', ( #5387 ), #6914 ) ;
#1128 = ORIENTED_EDGE ( 'NONE', *, *, #2911, .F. ) ;
#1129 =( GEOMETRIC_REPRESENTATION_CONTEXT ( 3 ) GLOBAL_UNCERTAINTY_ASSIGNED_CONTEXT ( ( #1864 ) ) GLOBAL_UNIT_ASSIGNED_CONTEXT ( ( #3676, #1523, #2157 ) ) REPRESENTATION_CONTEXT ( 'NONE', 'WORKASPACE' ) );
#1130 = PRESENTATION_STYLE_ASSIGNMENT (( #7254 ) ) ;
#1131 = SURFACE_SIDE_STYLE ('',( #5242 ) ) ;
#1132 = FACE_OUTER_BOUND ( 'NONE', #3001, .T. ) ;
#1133 = EDGE_CURVE ( 'NONE', #6159, #1182, #3052, .T. ) ;
#1134 = DIRECTION ( 'NONE',  ( 0.0000000000000000000, -1.000000000000000000, 0.0000000000000000000 ) ) ;
#1135 = CARTESIAN_POINT ( 'NONE',  ( 0.2199999999999999700, 0.05947333485074611500, -0.07970617080767200500 ) ) ;
#1136 = ORIENTED_EDGE ( 'NONE', *, *, #5475, .F. ) ;
#1137 = AXIS2_PLACEMENT_3D ( 'NONE', #4988, #2321, #7663 ) ;
#1138 = DIRECTION ( 'NONE',  ( -0.0000000000000000000, -0.0000000000000000000, 1.000000000000000000 ) ) ;
#1139 = EDGE_CURVE ( 'NONE', #7049, #2130, #3800, .T. ) ;
#1140 = ORIENTED_EDGE ( 'NONE', *, *, #5617, .T. ) ;
#1141 = LENGTH_MEASURE_WITH_UNIT ( LENGTH_MEASURE( 0.02539999999999999900 ), #1696 );
#1142 = PLANE ( 'NONE',  #7567 ) ;
#1143 =( LENGTH_UNIT ( ) NAMED_UNIT ( * ) SI_UNIT ( $, .METRE. ) );
#1144 = DIRECTION ( 'NONE',  ( 0.0000000000000000000, 0.0000000000000000000, 1.000000000000000000 ) ) ;
#1145 = CARTESIAN_POINT ( 'NONE',  ( 0.1820000000000000000, -1.707404996040164500E-017, 0.1584999999999999700 ) ) ;
#1146 = CARTESIAN_POINT ( 'NONE',  ( 0.1940000000000000100, 0.5319999999999999200, -0.1275000000000000300 ) ) ;
#1147 = COLOUR_RGB ( '',1.000000000000000000, 1.000000000000000000, 1.000000000000000000 ) ;
#1148 = ORIENTED_EDGE ( 'NONE', *, *, #6839, .T. ) ;
#1149 = FACE_BOUND ( 'NONE', #3069, .T. ) ;
#1150 = DIRECTION ( 'NONE',  ( 0.0000000000000000000, -1.000000000000000000, 0.0000000000000000000 ) ) ;
#1151 = EDGE_LOOP ( 'NONE', ( #7361, #4456, #5622, #2763 ) ) ;
#1152 = DIRECTION ( 'NONE',  ( 1.000000000000000000, 0.0000000000000000000, 0.0000000000000000000 ) ) ;
#1153 = CARTESIAN_POINT ( 'NONE',  ( 0.08599999999999997900, 0.05947333485074611500, -0.07970617080767200500 ) ) ;
#1154 = ORIENTED_EDGE ( 'NONE', *, *, #2003, .T. ) ;
#1155 = ORIENTED_EDGE ( 'NONE', *, *, #8555, .F. ) ;
#1156 = CARTESIAN_POINT ( 'NONE',  ( -0.2200000000000000600, -1.707404996040164500E-017, 0.1724999999999999300 ) ) ;
#1157 = DIMENSIONAL_EXPONENTS ( 1.000000000000000000, 0.0000000000000000000, 0.0000000000000000000, 0.0000000000000000000, 0.0000000000000000000, 0.0000000000000000000, 0.0000000000000000000 ) ;
#1158 = CARTESIAN_POINT ( 'NONE',  ( -0.08600000000000002100, 0.1260000000000001100, -0.09200000000000001200 ) ) ;
#1159 = FACE_OUTER_BOUND ( 'NONE', #4515, .T. ) ;
#1160 = VECTOR ( 'NONE', #3158, 39.37007874015748100 ) ;
#1161 = LINE ( 'NONE', #188, #5086 ) ;
#1162 = ORIENTED_EDGE ( 'NONE', *, *, #3765, .T. ) ;
#1163 = DIRECTION ( 'NONE',  ( -0.0000000000000000000, 0.0000000000000000000, 1.000000000000000000 ) ) ;
#1164 = VERTEX_POINT ( 'NONE', #7906 ) ;
#1165 = EDGE_LOOP ( 'NONE', ( #3820, #802, #7616, #3830 ) ) ;
#1166 = AXIS2_PLACEMENT_3D ( 'NONE', #4078, #2776, #2744 ) ;
#1167 = CARTESIAN_POINT ( 'NONE',  ( -0.3075000000000000000, 0.1910000000000002300, -0.03150000000000003500 ) ) ;
#1168 = VECTOR ( 'NONE', #6366, 39.37007874015748100 ) ;
#1169 = DIRECTION ( 'NONE',  ( 1.000000000000000000, 0.0000000000000000000, 0.0000000000000000000 ) ) ;
#1170 = DIRECTION ( 'NONE',  ( 0.0000000000000000000, 0.0000000000000000000, 1.000000000000000000 ) ) ;
#1171 = EDGE_LOOP ( 'NONE', ( #1700, #7035, #4004, #5446 ) ) ;
#1172 = STYLED_ITEM ( 'NONE', ( #4560 ), #6408 ) ;
#1173 = VECTOR ( 'NONE', #4369, 39.37007874015748100 ) ;
#1174 = CARTESIAN_POINT ( 'NONE',  ( -0.2499999999999999200, 0.1910000000000000900, -0.1275000000000000900 ) ) ;
#1175 = AXIS2_PLACEMENT_3D ( 'NONE', #6443, #7799, #3796 ) ;
#1176 = EDGE_CURVE ( 'NONE', #931, #684, #538, .T. ) ;
#1177 = DIRECTION ( 'NONE',  ( 0.9396926207859102000, 0.3420201433256638300, 0.0000000000000000000 ) ) ;
#1178 = FACE_OUTER_BOUND ( 'NONE', #2436, .T. ) ;
#1179 = DIRECTION ( 'NONE',  ( 0.0000000000000000000, -1.000000000000000000, 0.0000000000000000000 ) ) ;
#1180 = PRESENTATION_LAYER_ASSIGNMENT (  '', '', ( #2818 ) ) ;
#1181 = EDGE_CURVE ( 'NONE', #3373, #61, #7778, .T. ) ;
#1182 = VERTEX_POINT ( 'NONE', #1778 ) ;
#1183 = DIRECTION ( 'NONE',  ( 1.000000000000000000, 0.0000000000000000000, 0.0000000000000000000 ) ) ;
#1184 = CARTESIAN_POINT ( 'NONE',  ( -0.2139999999999999100, 0.5320000000000000300, -0.1275000000000000300 ) ) ;
#1185 = CARTESIAN_POINT ( 'NONE',  ( 0.3789999999999999500, 0.1358841571526839300, -0.01150000000000003500 ) ) ;
#1186 = PLANE ( 'NONE',  #8390 ) ;
#1187 = ORIENTED_EDGE ( 'NONE', *, *, #5540, .T. ) ;
#1188 = AXIS2_PLACEMENT_3D ( 'NONE', #4161, #125, #6771 ) ;
#1189 = EDGE_LOOP ( 'NONE', ( #879, #1963, #5080, #7640 ) ) ;
#1190 = ORIENTED_EDGE ( 'NONE', *, *, #1674, .F. ) ;
#1191 = ORIENTED_EDGE ( 'NONE', *, *, #7883, .F. ) ;
#1192 = EDGE_CURVE ( 'NONE', #4162, #2508, #5879, .T. ) ;
#1193 = DIRECTION ( 'NONE',  ( 0.0000000000000000000, -0.1218693434051411300, 0.9925461516413227600 ) ) ;
#1194 = ORIENTED_EDGE ( 'NONE', *, *, #6537, .T. ) ;
#1195 = VECTOR ( 'NONE', #6826, 39.37007874015748100 ) ;
#1196 = ADVANCED_FACE ( 'NONE', ( #1044 ), #2496, .T. ) ;
#1197 = CARTESIAN_POINT ( 'NONE',  ( -0.2200000000000000600, 0.07336898097372462900, -0.07800000000000002800 ) ) ;
#1198 = FILL_AREA_STYLE ('',( #5243 ) ) ;
#1199 = ORIENTED_EDGE ( 'NONE', *, *, #7283, .F. ) ;
#1200 = ORIENTED_EDGE ( 'NONE', *, *, #330, .F. ) ;
#1201 = ORIENTED_EDGE ( 'NONE', *, *, #3072, .T. ) ;
#1202 = VERTEX_POINT ( 'NONE', #5169 ) ;
#1203 = CIRCLE ( 'NONE', #3573, 0.03000000000000002300 ) ;
#1204 = DIRECTION ( 'NONE',  ( 0.0000000000000000000, 0.0000000000000000000, -1.000000000000000000 ) ) ;
#1205 = DIRECTION ( 'NONE',  ( -0.0000000000000000000, -0.0000000000000000000, 1.000000000000000000 ) ) ;
#1206 = LENGTH_MEASURE_WITH_UNIT ( LENGTH_MEASURE( 0.02539999999999999900 ), #7762 );
#1207 = AXIS2_PLACEMENT_3D ( 'NONE', #5592, #6934, #7054 ) ;
#1208 = ORIENTED_EDGE ( 'NONE', *, *, #527, .F. ) ;
#1209 = VERTEX_POINT ( 'NONE', #576 ) ;
#1210 = CARTESIAN_POINT ( 'NONE',  ( -0.3939999999999999600, 0.5519999999999999400, -0.1885000000000000300 ) ) ;
#1211 = LINE ( 'NONE', #7539, #5343 ) ;
#1212 = CARTESIAN_POINT ( 'NONE',  ( -0.2499999999999999200, 0.1910000000000000900, -0.1275000000000000900 ) ) ;
#1213 = COLOUR_RGB ( '',0.2509803921568627400, 0.2509803921568627400, 0.2509803921568627400 ) ;
#1214 = DIRECTION ( 'NONE',  ( -1.000000000000000000, -0.0000000000000000000, -0.0000000000000000000 ) ) ;
#1215 = ORIENTED_EDGE ( 'NONE', *, *, #5421, .T. ) ;
#1216 = LINE ( 'NONE', #5515, #5032 ) ;
#1217 = DIRECTION ( 'NONE',  ( -1.000000000000000000, -0.0000000000000000000, -0.0000000000000000000 ) ) ;
#1218 = AXIS2_PLACEMENT_3D ( 'NONE', #8506, #5125, #4418 ) ;
#1219 = FACE_OUTER_BOUND ( 'NONE', #2283, .T. ) ;
#1220 = DIRECTION ( 'NONE',  ( 0.0000000000000000000, 0.0000000000000000000, 1.000000000000000000 ) ) ;
#1221 = EDGE_CURVE ( 'NONE', #3945, #1692, #1958, .T. ) ;
#1222 = ORIENTED_EDGE ( 'NONE', *, *, #7938, .T. ) ;
#1223 = ORIENTED_EDGE ( 'NONE', *, *, #8159, .F. ) ;
#1224 = CARTESIAN_POINT ( 'NONE',  ( -0.1910992558566549600, -0.1700000000000001000, 0.1724999999999998800 ) ) ;
#1225 = COLOUR_RGB ( '',0.7921568627450980000, 0.8196078431372548800, 0.9333333333333333500 ) ;
#1226 = VECTOR ( 'NONE', #6896, 39.37007874015748100 ) ;
#1227 = STYLED_ITEM ( 'NONE', ( #656 ), #6745 ) ;
#1228 = VECTOR ( 'NONE', #1377, 39.37007874015748100 ) ;
#1229 = EDGE_CURVE ( 'NONE', #1021, #1451, #2819, .T. ) ;
#1230 = VERTEX_POINT ( 'NONE', #7241 ) ;
#1231 = DIRECTION ( 'NONE',  ( 0.0000000000000000000, 0.0000000000000000000, 1.000000000000000000 ) ) ;
#1232 = ORIENTED_EDGE ( 'NONE', *, *, #8348, .T. ) ;
#1233 = AXIS2_PLACEMENT_3D ( 'NONE', #7041, #2429, #1643 ) ;
#1234 = ORIENTED_EDGE ( 'NONE', *, *, #7217, .T. ) ;
#1235 = PLANE ( 'NONE',  #6700 ) ;
#1236 = EDGE_CURVE ( 'NONE', #2880, #5728, #6505, .T. ) ;
#1237 = LENGTH_MEASURE_WITH_UNIT ( LENGTH_MEASURE( 0.02539999999999999900 ), #6015 );
#1238 = EDGE_CURVE ( 'NONE', #1638, #5996, #6290, .T. ) ;
#1239 = ORIENTED_EDGE ( 'NONE', *, *, #2887, .T. ) ;
#1240 = VECTOR ( 'NONE', #1532, 39.37007874015748100 ) ;
#1241 = CARTESIAN_POINT ( 'NONE',  ( 0.2870000000000000300, 0.02569473886660282200, -0.02601515597181902300 ) ) ;
#1242 =( GEOMETRIC_REPRESENTATION_CONTEXT ( 3 ) GLOBAL_UNCERTAINTY_ASSIGNED_CONTEXT ( ( #2529 ) ) GLOBAL_UNIT_ASSIGNED_CONTEXT ( ( #7703, #8297, #3706 ) ) REPRESENTATION_CONTEXT ( 'NONE', 'WORKASPACE' ) );
#1243 = DIRECTION ( 'NONE',  ( 0.0000000000000000000, 0.0000000000000000000, -1.000000000000000000 ) ) ;
#1244 = EDGE_CURVE ( 'NONE', #6259, #890, #2277, .T. ) ;
#1245 = LINE ( 'NONE', #3058, #2718 ) ;
#1246 = DIRECTION ( 'NONE',  ( 0.0000000000000000000, -0.0000000000000000000, 1.000000000000000000 ) ) ;
#1247 = CARTESIAN_POINT ( 'NONE',  ( 0.2490000000000000000, 0.07336898097372462900, -0.1080000000000000500 ) ) ;
#1248 = ADVANCED_FACE ( 'NONE', ( #528 ), #1849, .F. ) ;
#1249 = PRESENTATION_STYLE_ASSIGNMENT (( #1862 ) ) ;
#1250 = ORIENTED_EDGE ( 'NONE', *, *, #5918, .F. ) ;
#1251 = VECTOR ( 'NONE', #200, 39.37007874015748100 ) ;
#1252 = ORIENTED_EDGE ( 'NONE', *, *, #4258, .F. ) ;
#1253 = VERTEX_POINT ( 'NONE', #3263 ) ;
#1254 = SURFACE_STYLE_USAGE ( .BOTH. , #7982 ) ;
#1255 = DIRECTION ( 'NONE',  ( 0.0000000000000000000, 1.000000000000000000, 2.008711760047251800E-016 ) ) ;
#1256 = ORIENTED_EDGE ( 'NONE', *, *, #5155, .F. ) ;
#1257 = CARTESIAN_POINT ( 'NONE',  ( -0.1150000000000000200, -0.1760000000000001600, -0.02750000000000002100 ) ) ;
#1258 = VECTOR ( 'NONE', #2349, 39.37007874015748100 ) ;
#1259 = ORIENTED_EDGE ( 'NONE', *, *, #6139, .T. ) ;
#1260 = CARTESIAN_POINT ( 'NONE',  ( 0.2199999999999999700, -0.1700000000000001000, 0.1724999999999999000 ) ) ;
#1261 = VERTEX_POINT ( 'NONE', #2539 ) ;
#1262 = EDGE_CURVE ( 'NONE', #3818, #22, #6077, .T. ) ;
#1263 = ORIENTED_EDGE ( 'NONE', *, *, #5692, .F. ) ;
#1264 = LINE ( 'NONE', #6294, #8203 ) ;
#1265 = CARTESIAN_POINT ( 'NONE',  ( 0.1150000000000000000, 0.07336898097372462900, -0.1080000000000000500 ) ) ;
#1266 = COLOUR_RGB ( '',0.7921568627450980000, 0.8196078431372548800, 0.9333333333333333500 ) ;
#1267 = FACE_OUTER_BOUND ( 'NONE', #3284, .T. ) ;
#1268 = CARTESIAN_POINT ( 'NONE',  ( 0.2199999999999999700, 0.07336898097372462900, -0.07800000000000002800 ) ) ;
#1269 =( LENGTH_UNIT ( ) NAMED_UNIT ( * ) SI_UNIT ( $, .METRE. ) );
#1270 = ORIENTED_EDGE ( 'NONE', *, *, #6477, .T. ) ;
#1271 = CARTESIAN_POINT ( 'NONE',  ( 0.1530000000000000200, -0.1760000000000001600, -0.01149999999999994900 ) ) ;
#1272 = VECTOR ( 'NONE', #6345, 39.37007874015748100 ) ;
#1273 = CARTESIAN_POINT ( 'NONE',  ( -0.1230348451210816600, -0.1730755555389874600, -0.01149999999999994900 ) ) ;
#1274 =( GEOMETRIC_REPRESENTATION_CONTEXT ( 3 ) GLOBAL_UNCERTAINTY_ASSIGNED_CONTEXT ( ( #5778 ) ) GLOBAL_UNIT_ASSIGNED_CONTEXT ( ( #5099, #8397, #3721 ) ) REPRESENTATION_CONTEXT ( 'NONE', 'WORKASPACE' ) );
#1275 = AXIS2_PLACEMENT_3D ( 'NONE', #229, #2325, #4996 ) ;
#1276 = CARTESIAN_POINT ( 'NONE',  ( 0.3789999999999999500, 0.1410000000000000700, -0.01150000000000003500 ) ) ;
#1277 = CIRCLE ( 'NONE', #4905, 0.01999999999999999000 ) ;
#1278 = SURFACE_SIDE_STYLE ('',( #5235 ) ) ;
#1279 = DIMENSIONAL_EXPONENTS ( 1.000000000000000000, 0.0000000000000000000, 0.0000000000000000000, 0.0000000000000000000, 0.0000000000000000000, 0.0000000000000000000, 0.0000000000000000000 ) ;
#1280 = FILL_AREA_STYLE_COLOUR ( '', #4330 ) ;
#1281 = AXIS2_PLACEMENT_3D ( 'NONE', #6406, #5786, #7860 ) ;
#1282 = DIRECTION ( 'NONE',  ( 1.000000000000000000, 0.0000000000000000000, 0.0000000000000000000 ) ) ;
#1283 = DIRECTION ( 'NONE',  ( 0.0000000000000000000, 1.000000000000000000, 2.008711760047251600E-016 ) ) ;
#1284 = AXIS2_PLACEMENT_3D ( 'NONE', #1299, #6619, #612 ) ;
#1285 = DIRECTION ( 'NONE',  ( -1.000000000000000000, -0.0000000000000000000, -0.0000000000000000000 ) ) ;
#1286 = EDGE_CURVE ( 'NONE', #6400, #2516, #7036, .T. ) ;
#1287 = ORIENTED_EDGE ( 'NONE', *, *, #2940, .T. ) ;
#1288 = ADVANCED_FACE ( 'NONE', ( #3471 ), #3207, .F. ) ;
#1289 = EDGE_LOOP ( 'NONE', ( #2711, #2326, #2, #7298, #6237, #6726 ) ) ;
#1290 = ORIENTED_EDGE ( 'NONE', *, *, #1192, .F. ) ;
#1291 = VERTEX_POINT ( 'NONE', #1847 ) ;
#1292 = CARTESIAN_POINT ( 'NONE',  ( -0.1150000000000000200, 0.1260000000000001100, -0.09200000000000001200 ) ) ;
#1293 = VECTOR ( 'NONE', #5261, 39.37007874015748100 ) ;
#1294 = EDGE_CURVE ( 'NONE', #2508, #4587, #5052, .T. ) ;
#1295 = EDGE_LOOP ( 'NONE', ( #7092, #3633, #1250, #284, #2026, #112, #5845, #2678, #3272, #2994, #7197, #2467 ) ) ;
#1296 = UNCERTAINTY_MEASURE_WITH_UNIT (LENGTH_MEASURE( 1.000000000000000100E-005 ), #7721, 'distance_accuracy_value', 'NONE');
#1297 = CARTESIAN_POINT ( 'NONE',  ( 0.3790000000000000600, 0.5520000000000000500, -0.1885000000000000300 ) ) ;
#1298 = VERTEX_POINT ( 'NONE', #6577 ) ;
#1299 = CARTESIAN_POINT ( 'NONE',  ( -0.2490000000000000300, 0.07336898097372462900, -0.07800000000000002800 ) ) ;
#1300 = VERTEX_POINT ( 'NONE', #5357 ) ;
#1301 = ORIENTED_EDGE ( 'NONE', *, *, #3515, .F. ) ;
#1302 = CYLINDRICAL_SURFACE ( 'NONE', #2809, 0.01999999999999999000 ) ;
#1303 = CARTESIAN_POINT ( 'NONE',  ( 0.2300000000000000100, 0.5020000000000000000, 0.8807583994195136200 ) ) ;
#1304 = CARTESIAN_POINT ( 'NONE',  ( 0.3540000000000000400, 0.05947333485074611500, -0.07970617080767200500 ) ) ;
#1305 = ORIENTED_EDGE ( 'NONE', *, *, #3059, .F. ) ;
#1306 = CARTESIAN_POINT ( 'NONE',  ( 0.2140000000000000000, 0.5320000000000001400, -0.1275000000000000300 ) ) ;
#1307 = FACE_OUTER_BOUND ( 'NONE', #5798, .T. ) ;
#1308 = CARTESIAN_POINT ( 'NONE',  ( -0.3939999999999999600, 0.6999999999999996200, -0.1275000000000000900 ) ) ;
#1309 = MECHANICAL_DESIGN_GEOMETRIC_PRESENTATION_REPRESENTATION (  '', ( #449 ), #3296 ) ;
#1310 = CARTESIAN_POINT ( 'NONE',  ( -0.3841158428473161500, 0.5370000000000001400, -0.1885000000000000300 ) ) ;
#1311 = VERTEX_POINT ( 'NONE', #5902 ) ;
#1312 = LINE ( 'NONE', #7099, #5223 ) ;
#1313 = CARTESIAN_POINT ( 'NONE',  ( -0.2490000000000000300, 0.0000000000000000000, -0.01149999999999994900 ) ) ;
#1314 = CARTESIAN_POINT ( 'NONE',  ( -0.07499999999999999700, 0.7099999999999999600, 0.8807583994195136200 ) ) ;
#1315 = EDGE_LOOP ( 'NONE', ( #1429, #4032, #2032, #753 ) ) ;
#1316 = DIRECTION ( 'NONE',  ( -1.000000000000000000, -0.0000000000000000000, -0.0000000000000000000 ) ) ;
#1317 = VERTEX_POINT ( 'NONE', #6630 ) ;
#1318 = CONICAL_SURFACE ( 'NONE', #3696, 0.005115842847316158000, 0.1221730476395995600 ) ;
#1319 = FACE_OUTER_BOUND ( 'NONE', #1107, .T. ) ;
#1320 = AXIS2_PLACEMENT_3D ( 'NONE', #8451, #7083, #7755 ) ;
#1321 = DIRECTION ( 'NONE',  ( -1.000000000000000000, -0.0000000000000000000, -0.0000000000000000000 ) ) ;
#1322 = ORIENTED_EDGE ( 'NONE', *, *, #8393, .F. ) ;
#1323 = CARTESIAN_POINT ( 'NONE',  ( 0.2500000000000000600, 0.1910000000000001700, -0.1885000000000000300 ) ) ;
#1324 = FACE_OUTER_BOUND ( 'NONE', #5589, .T. ) ;
#1325 = FACE_OUTER_BOUND ( 'NONE', #87, .T. ) ;
#1326 = DIRECTION ( 'NONE',  ( 1.000000000000000000, -0.0000000000000000000, 0.0000000000000000000 ) ) ;
#1327 = ADVANCED_FACE ( 'NONE', ( #6180 ), #3156, .F. ) ;
#1328 = ORIENTED_EDGE ( 'NONE', *, *, #5968, .F. ) ;
#1329 = VERTEX_POINT ( 'NONE', #1308 ) ;
#1330 = SURFACE_STYLE_USAGE ( .BOTH. , #1278 ) ;
#1331 = SURFACE_STYLE_USAGE ( .BOTH. , #5413 ) ;
#1332 = STYLED_ITEM ( 'NONE', ( #1112 ), #4727 ) ;
#1333 = CARTESIAN_POINT ( 'NONE',  ( -0.01900000000000002400, 0.01199087813774794300, -0.03427373945351554900 ) ) ;
#1334 = CIRCLE ( 'NONE', #4968, 0.03000000000000001300 ) ;
#1335 = EDGE_CURVE ( 'NONE', #1121, #6134, #4423, .T. ) ;
#1336 = EDGE_LOOP ( 'NONE', ( #5170, #4591, #6209, #7304 ) ) ;
#1337 = AXIS2_PLACEMENT_3D ( 'NONE', #3924, #7135, #5227 ) ;
#1338 = VECTOR ( 'NONE', #6103, 39.37007874015748100 ) ;
#1339 = EDGE_CURVE ( 'NONE', #3242, #5222, #2706, .T. ) ;
#1340 = PLANE ( 'NONE',  #8161 ) ;
#1341 = DIRECTION ( 'NONE',  ( 0.0000000000000000000, -0.0000000000000000000, 1.000000000000000000 ) ) ;
#1342 = CARTESIAN_POINT ( 'NONE',  ( -0.08600000000000002100, -1.707404996040164500E-017, 0.1584999999999999700 ) ) ;
#1343 = EDGE_CURVE ( 'NONE', #3559, #559, #5255, .T. ) ;
#1344 = EDGE_LOOP ( 'NONE', ( #1006, #7097, #7177, #446, #7204, #5382, #4521, #2256 ) ) ;
#1345 = FACE_OUTER_BOUND ( 'NONE', #4986, .T. ) ;
#1346 = LENGTH_MEASURE_WITH_UNIT ( LENGTH_MEASURE( 0.02539999999999999900 ), #1269 );
#1347 = DIRECTION ( 'NONE',  ( -1.000000000000000000, -0.0000000000000000000, -0.0000000000000000000 ) ) ;
#1348 = AXIS2_PLACEMENT_3D ( 'NONE', #599, #4626, #1362 ) ;
#1349 = CIRCLE ( 'NONE', #7514, 0.01399999999999997400 ) ;
#1350 = CARTESIAN_POINT ( 'NONE',  ( -0.2870000000000000300, 0.06137810283597668100, -0.08522626054648445300 ) ) ;
#1351 = EDGE_LOOP ( 'NONE', ( #4799, #6496, #497, #3037 ) ) ;
#1352 = EDGE_CURVE ( 'NONE', #7706, #8418, #8601, .T. ) ;
#1353 = LINE ( 'NONE', #8052, #6521 ) ;
#1354 = SURFACE_SIDE_STYLE ('',( #8198 ) ) ;
#1355 = CARTESIAN_POINT ( 'NONE',  ( -0.01900000000000002400, 0.02569473886660282200, -0.02601515597181902300 ) ) ;
#1356 = DIRECTION ( 'NONE',  ( -0.0000000000000000000, -0.0000000000000000000, -1.000000000000000000 ) ) ;
#1357 = VECTOR ( 'NONE', #6553, 39.37007874015748100 ) ;
#1358 = CIRCLE ( 'NONE', #7715, 0.01499999999999997700 ) ;
#1359 = FACE_OUTER_BOUND ( 'NONE', #5790, .T. ) ;
#1360 = ORIENTED_EDGE ( 'NONE', *, *, #5865, .T. ) ;
#1361 = CARTESIAN_POINT ( 'NONE',  ( 0.1150000000000000000, 0.07336898097372462900, -0.07800000000000002800 ) ) ;
#1362 = DIRECTION ( 'NONE',  ( 0.0000000000000000000, 0.0000000000000000000, -1.000000000000000000 ) ) ;
#1363 = ORIENTED_EDGE ( 'NONE', *, *, #5940, .T. ) ;
#1364 = ADVANCED_FACE ( 'NONE', ( #5464 ), #724, .F. ) ;
#1365 = DIRECTION ( 'NONE',  ( 0.0000000000000000000, -3.244104004879254200E-016, 1.000000000000000000 ) ) ;
#1366 = LINE ( 'NONE', #1057, #4045 ) ;
#1367 = CARTESIAN_POINT ( 'NONE',  ( 0.2870000000000000300, -0.1760000000000001600, -0.01149999999999994900 ) ) ;
#1368 = EDGE_CURVE ( 'NONE', #3584, #2655, #7865, .T. ) ;
#1369 = ORIENTED_EDGE ( 'NONE', *, *, #1262, .T. ) ;
#1370 = ADVANCED_FACE ( 'NONE', ( #4714 ), #2941, .F. ) ;
#1371 = CARTESIAN_POINT ( 'NONE',  ( -0.2499999999999999200, 0.1910000000000000900, -0.1275000000000000300 ) ) ;
#1372 = CARTESIAN_POINT ( 'NONE',  ( 0.04800000000000000800, 0.01389564612297849500, 0.1602061708076718500 ) ) ;
#1373 = FACE_OUTER_BOUND ( 'NONE', #667, .T. ) ;
#1374 = CARTESIAN_POINT ( 'NONE',  ( 0.2015304645313331900, -0.01766364454451666700, -0.02750000000000000000 ) ) ;
#1375 = CARTESIAN_POINT ( 'NONE',  ( -0.3790000000000000600, 0.5520000000000000500, -0.1275000000000000300 ) ) ;
#1376 = VERTEX_POINT ( 'NONE', #2048 ) ;
#1377 = DIRECTION ( 'NONE',  ( -1.000000000000000000, -0.0000000000000000000, -0.0000000000000000000 ) ) ;
#1378 = AXIS2_PLACEMENT_3D ( 'NONE', #6337, #4339, #2292 ) ;
#1379 =( NAMED_UNIT ( * ) SI_UNIT ( $, .STERADIAN. ) SOLID_ANGLE_UNIT ( ) );
#1380 = DIRECTION ( 'NONE',  ( 0.0000000000000000000, 0.0000000000000000000, 1.000000000000000000 ) ) ;
#1381 = VERTEX_POINT ( 'NONE', #4051 ) ;
#1382 = ADVANCED_FACE ( 'NONE', ( #3249 ), #7343, .T. ) ;
#1383 = EDGE_CURVE ( 'NONE', #4481, #1449, #5767, .T. ) ;
#1384 = DIRECTION ( 'NONE',  ( 0.0000000000000000000, 0.0000000000000000000, -1.000000000000000000 ) ) ;
#1385 = VERTEX_POINT ( 'NONE', #6071 ) ;
#1386 = VECTOR ( 'NONE', #1587, 39.37007874015748100 ) ;
#1387 = FILL_AREA_STYLE ('',( #74 ) ) ;
#1388 = AXIS2_PLACEMENT_3D ( 'NONE', #3569, #7642, #8308 ) ;
#1389 = EDGE_LOOP ( 'NONE', ( #1804, #1583, #1256, #5168 ) ) ;
#1390 = ORIENTED_EDGE ( 'NONE', *, *, #6502, .F. ) ;
#1391 = ORIENTED_EDGE ( 'NONE', *, *, #3177, .T. ) ;
#1392 = DIRECTION ( 'NONE',  ( 0.0000000000000000000, 0.0000000000000000000, -1.000000000000000000 ) ) ;
#1393 = VECTOR ( 'NONE', #4205, 39.37007874015748100 ) ;
#1394 = PRESENTATION_LAYER_ASSIGNMENT (  '', '', ( #4854 ) ) ;
#1395 = EDGE_LOOP ( 'NONE', ( #4340, #6559, #7967, #3703, #5570 ) ) ;
#1396 = ORIENTED_EDGE ( 'NONE', *, *, #4267, .F. ) ;
#1397 = VECTOR ( 'NONE', #6176, 39.37007874015748100 ) ;
#1398 = EDGE_CURVE ( 'NONE', #5270, #425, #4328, .T. ) ;
#1399 = EDGE_CURVE ( 'NONE', #2896, #8558, #5564, .T. ) ;
#1400 = ORIENTED_EDGE ( 'NONE', *, *, #1343, .F. ) ;
#1401 = AXIS2_PLACEMENT_3D ( 'NONE', #7335, #644, #1246 ) ;
#1402 = DIRECTION ( 'NONE',  ( 1.000000000000000000, 0.0000000000000000000, 0.0000000000000000000 ) ) ;
#1403 = AXIS2_PLACEMENT_3D ( 'NONE', #7596, #3587, #6883 ) ;
#1404 = LENGTH_MEASURE_WITH_UNIT ( LENGTH_MEASURE( 0.02539999999999999900 ), #2013 );
#1405 = EDGE_LOOP ( 'NONE', ( #2548, #4169, #4372, #7954 ) ) ;
#1406 = EDGE_CURVE ( 'NONE', #6714, #931, #3902, .T. ) ;
#1407 = ADVANCED_FACE ( 'NONE', ( #2049 ), #4196, .F. ) ;
#1408 = CARTESIAN_POINT ( 'NONE',  ( -0.3540000000000000400, -1.707404996040164500E-017, 0.1584999999999999700 ) ) ;
#1409 = CARTESIAN_POINT ( 'NONE',  ( -0.3350000000000000200, 0.1910000000000002300, -0.03150000000000003500 ) ) ;
#1410 = DIRECTION ( 'NONE',  ( 0.0000000000000000000, 0.0000000000000000000, -1.000000000000000000 ) ) ;
#1411 = EDGE_LOOP ( 'NONE', ( #2452, #3570, #3707, #7578 ) ) ;
#1412 = DIRECTION ( 'NONE',  ( 0.0000000000000000000, 1.000000000000000000, 3.244104004879253700E-016 ) ) ;
#1413 = CARTESIAN_POINT ( 'NONE',  ( -0.04800000000000004300, 0.07336898097372462900, -0.1080000000000000500 ) ) ;
#1414 = ADVANCED_FACE ( 'NONE', ( #7239 ), #1501, .F. ) ;
#1415 = VERTEX_POINT ( 'NONE', #1475 ) ;
#1416 = CARTESIAN_POINT ( 'NONE',  ( 0.3842756254779640100, 0.5269987658978572100, -0.01280132509716856700 ) ) ;
#1417 = VECTOR ( 'NONE', #5372, 39.37007874015748100 ) ;
#1418 = CARTESIAN_POINT ( 'NONE',  ( 0.3160000000000000600, 0.1260000000000001100, -0.09200000000000001200 ) ) ;
#1419 = DIRECTION ( 'NONE',  ( 0.0000000000000000000, 0.5161614676060311000, -0.8564912955534271800 ) ) ;
#1420 = EDGE_CURVE ( 'NONE', #2855, #8317, #2747, .T. ) ;
#1421 = CIRCLE ( 'NONE', #115, 0.02999999999999995400 ) ;
#1422 = DIRECTION ( 'NONE',  ( 0.0000000000000000000, 0.0000000000000000000, 1.000000000000000000 ) ) ;
#1423 = ORIENTED_EDGE ( 'NONE', *, *, #3627, .T. ) ;
#1424 = LINE ( 'NONE', #8232, #3992 ) ;
#1425 = LINE ( 'NONE', #8475, #7543 ) ;
#1426 = LINE ( 'NONE', #1596, #3898 ) ;
#1427 = DIRECTION ( 'NONE',  ( -1.000000000000000000, -0.0000000000000000000, -0.0000000000000000000 ) ) ;
#1428 = ORIENTED_EDGE ( 'NONE', *, *, #5415, .F. ) ;
#1429 = ORIENTED_EDGE ( 'NONE', *, *, #2692, .T. ) ;
#1430 = PRESENTATION_STYLE_ASSIGNMENT (( #6335 ) ) ;
#1431 = FACE_OUTER_BOUND ( 'NONE', #1619, .T. ) ;
#1432 = VERTEX_POINT ( 'NONE', #8184 ) ;
#1433 = DIRECTION ( 'NONE',  ( 0.0000000000000000000, 1.000000000000000000, 3.244104004879253700E-016 ) ) ;
#1434 = CARTESIAN_POINT ( 'NONE',  ( 0.2490000000000000000, -2.134256245050205600E-018, -0.02749999999999999700 ) ) ;
#1435 = EDGE_LOOP ( 'NONE', ( #7824, #6552, #3748, #6155 ) ) ;
#1436 = VECTOR ( 'NONE', #5295, 39.37007874015748100 ) ;
#1437 = CARTESIAN_POINT ( 'NONE',  ( 0.2870000000000000300, -0.1760000000000001600, -0.01149999999999994900 ) ) ;
#1438 = CYLINDRICAL_SURFACE ( 'NONE', #1017, 0.01999999999999999000 ) ;
#1439 =( CONVERSION_BASED_UNIT ( 'INCH', #1466 ) LENGTH_UNIT ( ) NAMED_UNIT ( #8433 ) );
#1440 = CYLINDRICAL_SURFACE ( 'NONE', #5267, 0.01499999999999990800 ) ;
#1441 = CARTESIAN_POINT ( 'NONE',  ( 0.1530000000000000200, 0.01199087813774794300, -0.03427373945351554900 ) ) ;
#1442 = AXIS2_PLACEMENT_3D ( 'NONE', #3047, #1695, #4441 ) ;
#1443 = ADVANCED_FACE ( 'NONE', ( #4007 ), #878, .T. ) ;
#1444 =( LENGTH_UNIT ( ) NAMED_UNIT ( * ) SI_UNIT ( $, .METRE. ) );
#1445 = EDGE_CURVE ( 'NONE', #6041, #6729, #8495, .T. ) ;
#1446 = FACE_OUTER_BOUND ( 'NONE', #6359, .T. ) ;
#1447 = VECTOR ( 'NONE', #7881, 39.37007874015748100 ) ;
#1448 = UNCERTAINTY_MEASURE_WITH_UNIT (LENGTH_MEASURE( 1.000000000000000100E-005 ), #3847, 'distance_accuracy_value', 'NONE');
#1449 = VERTEX_POINT ( 'NONE', #4227 ) ;
#1450 = CARTESIAN_POINT ( 'NONE',  ( 0.3540000000000000400, 0.01389564612297849500, 0.1602061708076718500 ) ) ;
#1451 = VERTEX_POINT ( 'NONE', #1563 ) ;
#1452 = ORIENTED_EDGE ( 'NONE', *, *, #3968, .F. ) ;
#1453 = AXIS2_PLACEMENT_3D ( 'NONE', #3198, #5840, #6488 ) ;
#1454 = ORIENTED_EDGE ( 'NONE', *, *, #7150, .F. ) ;
#1455 = EDGE_CURVE ( 'NONE', #1822, #400, #5154, .T. ) ;
#1456 = LINE ( 'NONE', #6082, #3599 ) ;
#1457 = ADVANCED_FACE ( 'NONE', ( #6701 ), #7720, .F. ) ;
#1458 = SURFACE_STYLE_USAGE ( .BOTH. , #6113 ) ;
#1459 = FILL_AREA_STYLE ('',( #4887 ) ) ;
#1460 = ORIENTED_EDGE ( 'NONE', *, *, #3081, .F. ) ;
#1461 = ORIENTED_EDGE ( 'NONE', *, *, #3581, .F. ) ;
#1462 = VECTOR ( 'NONE', #3674, 39.37007874015748100 ) ;
#1463 = AXIS2_PLACEMENT_3D ( 'NONE', #1562, #2078, #1667 ) ;
#1464 = LINE ( 'NONE', #6437, #3074 ) ;
#1465 = CARTESIAN_POINT ( 'NONE',  ( 0.07796515487891837700, -0.1670755555389874000, 0.1724999999999999000 ) ) ;
#1466 = LENGTH_MEASURE_WITH_UNIT ( LENGTH_MEASURE( 0.02539999999999999900 ), #4838 );
#1467 = CARTESIAN_POINT ( 'NONE',  ( -0.01900000000000002400, -2.134256245050205600E-018, -0.02749999999999999700 ) ) ;
#1468 = SURFACE_SIDE_STYLE ('',( #682 ) ) ;
#1469 = EDGE_CURVE ( 'NONE', #66, #3070, #2699, .T. ) ;
#1470 = AXIS2_PLACEMENT_3D ( 'NONE', #2059, #7509, #3489 ) ;
#1471 = EDGE_LOOP ( 'NONE', ( #3315, #7908, #4663, #2257, #7153 ) ) ;
#1472 = DIRECTION ( 'NONE',  ( -1.000000000000000000, -0.0000000000000000000, -0.0000000000000000000 ) ) ;
#1473 = DIRECTION ( 'NONE',  ( -0.0000000000000000000, 0.9925461516413224300, 0.1218693434051442100 ) ) ;
#1474 = LINE ( 'NONE', #5702, #7903 ) ;
#1475 = CARTESIAN_POINT ( 'NONE',  ( 0.3160000000000000600, -1.707404996040164500E-017, 0.1724999999999999300 ) ) ;
#1476 = DIRECTION ( 'NONE',  ( 0.0000000000000000000, -1.000000000000000000, -3.244104004879254200E-016 ) ) ;
#1477 = VECTOR ( 'NONE', #8380, 39.37007874015748100 ) ;
#1478 = DIRECTION ( 'NONE',  ( -1.000000000000000000, -0.0000000000000000000, -0.0000000000000000000 ) ) ;
#1479 = AXIS2_PLACEMENT_3D ( 'NONE', #5445, #822, #2140 ) ;
#1480 =( CONVERSION_BASED_UNIT ( 'INCH', #591 ) LENGTH_UNIT ( ) NAMED_UNIT ( #3743 ) );
#1481 = CARTESIAN_POINT ( 'NONE',  ( 0.04800000000000000800, -0.1450000000000001000, 0.1724999999999999300 ) ) ;
#1482 = CARTESIAN_POINT ( 'NONE',  ( -0.3075000000000000000, 0.1910000000000002300, -0.01150000000000003500 ) ) ;
#1483 = ADVANCED_FACE ( 'NONE', ( #7445 ), #4452, .T. ) ;
#1484 = VERTEX_POINT ( 'NONE', #5067 ) ;
#1485 = DIRECTION ( 'NONE',  ( -0.7071067811865465700, 0.7071067811865483500, 0.0000000000000000000 ) ) ;
#1486 =( NAMED_UNIT ( * ) SI_UNIT ( $, .STERADIAN. ) SOLID_ANGLE_UNIT ( ) );
#1487 = VERTEX_POINT ( 'NONE', #2293 ) ;
#1488 = DIRECTION ( 'NONE',  ( -0.0000000000000000000, -0.0000000000000000000, -1.000000000000000000 ) ) ;
#1489 = ORIENTED_EDGE ( 'NONE', *, *, #1082, .T. ) ;
#1490 = ORIENTED_EDGE ( 'NONE', *, *, #4084, .T. ) ;
#1491 = STYLED_ITEM ( 'NONE', ( #4498 ), #4286 ) ;
#1492 = CARTESIAN_POINT ( 'NONE',  ( 0.08599999999999997900, 0.07336898097372462900, -0.07800000000000002800 ) ) ;
#1493 = DIRECTION ( 'NONE',  ( 0.0000000000000000000, -1.455174712534229700E-016, 1.000000000000000000 ) ) ;
#1494 = ADVANCED_FACE ( 'NONE', ( #4322 ), #1676, .F. ) ;
#1495 = EDGE_CURVE ( 'NONE', #4505, #899, #2596, .T. ) ;
#1496 = ORIENTED_EDGE ( 'NONE', *, *, #516, .T. ) ;
#1497 = CARTESIAN_POINT ( 'NONE',  ( -0.2299999999999999300, 0.5019999999999998900, -0.1885000000000000300 ) ) ;
#1498 = PLANE ( 'NONE',  #7953 ) ;
#1499 = VERTEX_POINT ( 'NONE', #987 ) ;
#1500 = LINE ( 'NONE', #5517, #7631 ) ;
#1501 = PLANE ( 'NONE',  #3727 ) ;
#1502 = ORIENTED_EDGE ( 'NONE', *, *, #857, .F. ) ;
#1503 = ORIENTED_EDGE ( 'NONE', *, *, #5038, .T. ) ;
#1504 = LINE ( 'NONE', #4271, #6148 ) ;
#1505 = AXIS2_PLACEMENT_3D ( 'NONE', #5467, #1990, #5408 ) ;
#1506 = DIRECTION ( 'NONE',  ( 0.0000000000000000000, -3.244104004879254200E-016, 1.000000000000000000 ) ) ;
#1507 = EDGE_CURVE ( 'NONE', #7222, #6041, #7767, .T. ) ;
#1508 = DIRECTION ( 'NONE',  ( 0.0000000000000000000, 0.0000000000000000000, 1.000000000000000000 ) ) ;
#1509 = VERTEX_POINT ( 'NONE', #1627 ) ;
#1510 = CARTESIAN_POINT ( 'NONE',  ( 0.3540000000000000400, 0.01389564612297849500, 0.1602061708076718500 ) ) ;
#1511 = DIMENSIONAL_EXPONENTS ( 1.000000000000000000, 0.0000000000000000000, 0.0000000000000000000, 0.0000000000000000000, 0.0000000000000000000, 0.0000000000000000000, 0.0000000000000000000 ) ;
#1512 = EDGE_CURVE ( 'NONE', #346, #1261, #3462, .T. ) ;
#1513 = ORIENTED_EDGE ( 'NONE', *, *, #5852, .T. ) ;
#1514 = DIRECTION ( 'NONE',  ( -1.000000000000000000, 0.0000000000000000000, 0.0000000000000000000 ) ) ;
#1515 = EDGE_CURVE ( 'NONE', #6269, #776, #3977, .T. ) ;
#1516 = DIRECTION ( 'NONE',  ( 1.000000000000000000, 0.0000000000000000000, 0.0000000000000000000 ) ) ;
#1517 = STYLED_ITEM ( 'NONE', ( #628 ), #2683 ) ;
#1518 =( LENGTH_UNIT ( ) NAMED_UNIT ( * ) SI_UNIT ( $, .METRE. ) );
#1519 = EDGE_CURVE ( 'NONE', #6308, #5719, #5761, .T. ) ;
#1520 = ORIENTED_EDGE ( 'NONE', *, *, #212, .T. ) ;
#1521 = ORIENTED_EDGE ( 'NONE', *, *, #371, .T. ) ;
#1522 = FILL_AREA_STYLE_COLOUR ( '', #546 ) ;
#1523 =( NAMED_UNIT ( * ) PLANE_ANGLE_UNIT ( ) SI_UNIT ( $, .RADIAN. ) );
#1524 = CARTESIAN_POINT ( 'NONE',  ( -0.3940000000000000200, 0.5370000000000001400, -0.01150000000000003500 ) ) ;
#1525 = FACE_OUTER_BOUND ( 'NONE', #3450, .T. ) ;
#1526 = VECTOR ( 'NONE', #3461, 39.37007874015748900 ) ;
#1527 = FILL_AREA_STYLE ('',( #8364 ) ) ;
#1528 = CARTESIAN_POINT ( 'NONE',  ( -0.01900000000000002400, -0.1510000000000001300, -0.02750000000000001400 ) ) ;
#1529 =( CONVERSION_BASED_UNIT ( 'INCH', #4740 ) LENGTH_UNIT ( ) NAMED_UNIT ( #3528 ) );
#1530 = ORIENTED_EDGE ( 'NONE', *, *, #808, .T. ) ;
#1531 = DIRECTION ( 'NONE',  ( 0.0000000000000000000, 0.0000000000000000000, 1.000000000000000000 ) ) ;
#1532 = DIRECTION ( 'NONE',  ( -1.000000000000000000, -0.0000000000000000000, -0.0000000000000000000 ) ) ;
#1533 = EDGE_CURVE ( 'NONE', #2508, #1014, #8688, .T. ) ;
#1534 = LINE ( 'NONE', #3407, #7447 ) ;
#1535 = DIRECTION ( 'NONE',  ( 0.0000000000000000000, 2.008711760047251800E-016, -1.000000000000000000 ) ) ;
#1536 = VECTOR ( 'NONE', #6244, 39.37007874015748100 ) ;
#1537 = PLANE ( 'NONE',  #6323 ) ;
#1538 = DIRECTION ( 'NONE',  ( -1.000000000000000000, -0.0000000000000000000, 0.0000000000000000000 ) ) ;
#1539 = ORIENTED_EDGE ( 'NONE', *, *, #1352, .T. ) ;
#1540 = EDGE_LOOP ( 'NONE', ( #6464, #8021, #3960, #1784 ) ) ;
#1541 = CARTESIAN_POINT ( 'NONE',  ( -0.04800000000000004300, -1.707404996040164500E-017, 0.1724999999999999300 ) ) ;
#1542 = ADVANCED_FACE ( 'NONE', ( #5557 ), #5045, .F. ) ;
#1543 = SURFACE_STYLE_FILL_AREA ( #7201 ) ;
#1544 = VERTEX_POINT ( 'NONE', #6453 ) ;
#1545 = CARTESIAN_POINT ( 'NONE',  ( -0.3733576178099094500, 0.5379167735659118300, -0.01280132509716861200 ) ) ;
#1546 = SURFACE_STYLE_FILL_AREA ( #7075 ) ;
#1547 = DIRECTION ( 'NONE',  ( 0.0000000000000000000, 2.008711760047251800E-016, -1.000000000000000000 ) ) ;
#1548 = ORIENTED_EDGE ( 'NONE', *, *, #7615, .F. ) ;
#1549 = AXIS2_PLACEMENT_3D ( 'NONE', #5047, #2386, #3093 ) ;
#1550 = VECTOR ( 'NONE', #4552, 39.37007874015748100 ) ;
#1551 = CARTESIAN_POINT ( 'NONE',  ( -0.2490000000000000300, 0.1260000000000001100, -0.1080000000000000300 ) ) ;
#1552 = EDGE_CURVE ( 'NONE', #7536, #1487, #2151, .T. ) ;
#1553 = CIRCLE ( 'NONE', #1348, 0.03000000000000002300 ) ;
#1554 = CARTESIAN_POINT ( 'NONE',  ( 0.3160000000000000600, -1.707404996040164500E-017, 0.1584999999999999700 ) ) ;
#1555 = SURFACE_SIDE_STYLE ('',( #8551 ) ) ;
#1556 = DIRECTION ( 'NONE',  ( 0.0000000000000000000, 0.0000000000000000000, 1.000000000000000000 ) ) ;
#1557 = VERTEX_POINT ( 'NONE', #3143 ) ;
#1558 = CARTESIAN_POINT ( 'NONE',  ( 0.1150000000000000000, 0.0000000000000000000, -0.04149999999999996100 ) ) ;
#1559 = SURFACE_STYLE_FILL_AREA ( #3307 ) ;
#1560 = MANIFOLD_SOLID_BREP ( 'LPattern1[4]', #7370 ) ;
#1561 = PLANE ( 'NONE',  #1378 ) ;
#1562 = CARTESIAN_POINT ( 'NONE',  ( -0.2490000000000000300, 0.02569473886660282200, -0.02601515597181902300 ) ) ;
#1563 = CARTESIAN_POINT ( 'NONE',  ( -0.3160000000000000600, 0.07336898097372462900, -0.1080000000000000500 ) ) ;
#1564 = ORIENTED_EDGE ( 'NONE', *, *, #6806, .T. ) ;
#1565 = AXIS2_PLACEMENT_3D ( 'NONE', #2317, #8387, #3135 ) ;
#1566 = ORIENTED_EDGE ( 'NONE', *, *, #3821, .F. ) ;
#1567 = CARTESIAN_POINT ( 'NONE',  ( -0.1820000000000000800, 0.04359259642448493800, -0.08165608030215425200 ) ) ;
#1568 = EDGE_CURVE ( 'NONE', #1253, #2012, #6395, .T. ) ;
#1569 = LENGTH_MEASURE_WITH_UNIT ( LENGTH_MEASURE( 0.02539999999999999900 ), #7441 );
#1570 = CIRCLE ( 'NONE', #5724, 0.05999999999999997700 ) ;
#1571 = CARTESIAN_POINT ( 'NONE',  ( 0.04800000000000000800, 0.07336898097372462900, -0.1080000000000000500 ) ) ;
#1572 = VECTOR ( 'NONE', #4782, 39.37007874015748100 ) ;
#1573 = CARTESIAN_POINT ( 'NONE',  ( 0.2500000000000000000, 0.4819999999999999800, -0.1275000000000000300 ) ) ;
#1574 = AXIS2_PLACEMENT_3D ( 'NONE', #5001, #6433, #993 ) ;
#1575 = ORIENTED_EDGE ( 'NONE', *, *, #1139, .T. ) ;
#1576 = AXIS2_PLACEMENT_3D ( 'NONE', #337, #6361, #4901 ) ;
#1577 = VERTEX_POINT ( 'NONE', #3173 ) ;
#1578 = VERTEX_POINT ( 'NONE', #1135 ) ;
#1579 = EDGE_CURVE ( 'NONE', #4172, #6698, #6691, .T. ) ;
#1580 = DIRECTION ( 'NONE',  ( -1.000000000000000000, -0.0000000000000000000, -0.0000000000000000000 ) ) ;
#1581 = LINE ( 'NONE', #7758, #1880 ) ;
#1582 = LINE ( 'NONE', #651, #7693 ) ;
#1583 = ORIENTED_EDGE ( 'NONE', *, *, #8288, .F. ) ;
#1584 = DIRECTION ( 'NONE',  ( 0.0000000000000000000, 0.0000000000000000000, 1.000000000000000000 ) ) ;
#1585 =( NAMED_UNIT ( * ) SI_UNIT ( $, .STERADIAN. ) SOLID_ANGLE_UNIT ( ) );
#1586 = LINE ( 'NONE', #2823, #8639 ) ;
#1587 = DIRECTION ( 'NONE',  ( -0.0000000000000000000, -0.0000000000000000000, 1.000000000000000000 ) ) ;
#1588 = CARTESIAN_POINT ( 'NONE',  ( 0.1150000000000000000, -0.1510000000000001300, -0.01149999999999994900 ) ) ;
#1589 = LINE ( 'NONE', #2108, #6224 ) ;
#1590 =( LENGTH_UNIT ( ) NAMED_UNIT ( * ) SI_UNIT ( $, .METRE. ) );
#1591 = MECHANICAL_DESIGN_GEOMETRIC_PRESENTATION_REPRESENTATION (  '', ( #8683 ), #3414 ) ;
#1592 = CARTESIAN_POINT ( 'NONE',  ( 0.3540000000000000400, -1.340010956295959200E-017, 0.1884999999999999200 ) ) ;
#1593 = ADVANCED_FACE ( 'NONE', ( #4413 ), #613, .T. ) ;
#1594 = CARTESIAN_POINT ( 'NONE',  ( 0.2870000000000000300, 0.07336898097372462900, -0.1080000000000000500 ) ) ;
#1595 =( LENGTH_UNIT ( ) NAMED_UNIT ( * ) SI_UNIT ( $, .METRE. ) );
#1596 = CARTESIAN_POINT ( 'NONE',  ( -0.2490000000000000300, 0.02569473886660282200, -0.02601515597181902300 ) ) ;
#1597 = ORIENTED_EDGE ( 'NONE', *, *, #6953, .T. ) ;
#1598 =( NAMED_UNIT ( * ) PLANE_ANGLE_UNIT ( ) SI_UNIT ( $, .RADIAN. ) );
#1599 = VERTEX_POINT ( 'NONE', #1241 ) ;
#1600 = CARTESIAN_POINT ( 'NONE',  ( -0.2499999999999999200, 0.1910000000000000900, -0.1885000000000000300 ) ) ;
#1601 = ORIENTED_EDGE ( 'NONE', *, *, #8056, .F. ) ;
#1602 = VECTOR ( 'NONE', #334, 39.37007874015748100 ) ;
#1603 = AXIS2_PLACEMENT_3D ( 'NONE', #5232, #8480, #1756 ) ;
#1604 = CARTESIAN_POINT ( 'NONE',  ( -0.2299999999999999300, 0.5019999999999998900, -0.1275000000000000300 ) ) ;
#1605 =( NAMED_UNIT ( * ) SI_UNIT ( $, .STERADIAN. ) SOLID_ANGLE_UNIT ( ) );
#1606 = EDGE_LOOP ( 'NONE', ( #7688, #8672, #702, #1597 ) ) ;
#1607 = EDGE_LOOP ( 'NONE', ( #909, #8526, #6319, #8080, #2468, #954, #7403, #6950, #2674, #2280, #175, #410 ) ) ;
#1608 = CARTESIAN_POINT ( 'NONE',  ( -0.2870000000000000300, 0.02569473886660282200, -0.02601515597181902300 ) ) ;
#1609 = EDGE_LOOP ( 'NONE', ( #1369, #1709, #315, #1222 ) ) ;
#1610 = FACE_OUTER_BOUND ( 'NONE', #2381, .T. ) ;
#1611 = ORIENTED_EDGE ( 'NONE', *, *, #7272, .T. ) ;
#1612 = ORIENTED_EDGE ( 'NONE', *, *, #321, .T. ) ;
#1613 = VECTOR ( 'NONE', #7453, 39.37007874015748100 ) ;
#1614 = UNCERTAINTY_MEASURE_WITH_UNIT (LENGTH_MEASURE( 1.000000000000000100E-005 ), #1699, 'distance_accuracy_value', 'NONE');
#1615 = PRESENTATION_LAYER_ASSIGNMENT (  '', '', ( #3102 ) ) ;
#1616 = ORIENTED_EDGE ( 'NONE', *, *, #3332, .T. ) ;
#1617 = DIRECTION ( 'NONE',  ( 0.0000000000000000000, -1.000000000000000000, 0.0000000000000000000 ) ) ;
#1618 = FILL_AREA_STYLE_COLOUR ( '', #6673 ) ;
#1619 = EDGE_LOOP ( 'NONE', ( #5895, #542, #3769, #2659 ) ) ;
#1620 = AXIS2_PLACEMENT_3D ( 'NONE', #7602, #5660, #1556 ) ;
#1621 = EDGE_LOOP ( 'NONE', ( #2033, #4081, #3908, #7408, #1741, #4363, #8121, #1232, #5219, #1753, #7100, #5472 ) ) ;
#1622 = DIRECTION ( 'NONE',  ( -0.9396926207859102000, 0.3420201433256638300, 0.0000000000000000000 ) ) ;
#1623 = SURFACE_STYLE_FILL_AREA ( #5624 ) ;
#1624 = DIRECTION ( 'NONE',  ( -1.000000000000000000, 0.0000000000000000000, -0.0000000000000000000 ) ) ;
#1625 = EDGE_CURVE ( 'NONE', #2913, #1644, #2921, .T. ) ;
#1626 = SURFACE_STYLE_USAGE ( .BOTH. , #960 ) ;
#1627 = CARTESIAN_POINT ( 'NONE',  ( 0.08599999999999997900, 0.04359259642448493800, -0.08165608030215425200 ) ) ;
#1628 = AXIS2_PLACEMENT_3D ( 'NONE', #7808, #6344, #412 ) ;
#1629 = ORIENTED_EDGE ( 'NONE', *, *, #4000, .F. ) ;
#1630 = EDGE_CURVE ( 'NONE', #7124, #2613, #4814, .T. ) ;
#1631 = EDGE_LOOP ( 'NONE', ( #5014, #6659, #3192, #4376 ) ) ;
#1632 = PLANE ( 'NONE',  #584 ) ;
#1633 = CARTESIAN_POINT ( 'NONE',  ( -0.2570348451210816600, -0.1730755555389874600, -0.01149999999999994900 ) ) ;
#1634 = VECTOR ( 'NONE', #7353, 39.37007874015748100 ) ;
#1635 = FILL_AREA_STYLE ('',( #441 ) ) ;
#1636 = ADVANCED_FACE ( 'NONE', ( #1324 ), #4, .F. ) ;
#1637 = DIRECTION ( 'NONE',  ( 1.000000000000000000, 0.0000000000000000000, 0.0000000000000000000 ) ) ;
#1638 = VERTEX_POINT ( 'NONE', #1297 ) ;
#1639 = VECTOR ( 'NONE', #1485, 39.37007874015748900 ) ;
#1640 = EDGE_CURVE ( 'NONE', #8413, #5262, #919, .T. ) ;
#1641 = COLOUR_RGB ( '',0.2509803921568627400, 0.2509803921568627400, 0.2509803921568627400 ) ;
#1642 = CARTESIAN_POINT ( 'NONE',  ( 0.3540000000000000400, -0.1450000000000000700, 0.1884999999999999200 ) ) ;
#1643 = DIRECTION ( 'NONE',  ( 0.0000000000000000000, 0.0000000000000000000, 1.000000000000000000 ) ) ;
#1644 = VERTEX_POINT ( 'NONE', #4066 ) ;
#1645 = PLANE ( 'NONE',  #836 ) ;
#1646 = LINE ( 'NONE', #2043, #4001 ) ;
#1647 = DIRECTION ( 'NONE',  ( 0.0000000000000000000, 0.0000000000000000000, -1.000000000000000000 ) ) ;
#1648 = CARTESIAN_POINT ( 'NONE',  ( -0.3075000000000000000, 0.1910000000000002300, -0.01150000000000003500 ) ) ;
#1649 = ORIENTED_EDGE ( 'NONE', *, *, #4908, .F. ) ;
#1650 = VECTOR ( 'NONE', #3725, 39.37007874015748100 ) ;
#1651 = VERTEX_POINT ( 'NONE', #3252 ) ;
#1652 = CARTESIAN_POINT ( 'NONE',  ( -0.1150000000000000200, 0.0000000000000000000, -0.04149999999999996100 ) ) ;
#1653 = DIRECTION ( 'NONE',  ( -0.0000000000000000000, -0.5161614676060311000, 0.8564912955534271800 ) ) ;
#1654 =( CONVERSION_BASED_UNIT ( 'INCH', #3995 ) LENGTH_UNIT ( ) NAMED_UNIT ( #4612 ) );
#1655 = DIRECTION ( 'NONE',  ( 1.000000000000000000, 0.0000000000000000000, 0.0000000000000000000 ) ) ;
#1656 = ORIENTED_EDGE ( 'NONE', *, *, #5635, .F. ) ;
#1657 = EDGE_LOOP ( 'NONE', ( #1452, #4234, #4894, #6217, #1390, #8048, #5151, #8176, #6718, #5239, #7089, #8139 ) ) ;
#1658 =( LENGTH_UNIT ( ) NAMED_UNIT ( * ) SI_UNIT ( $, .METRE. ) );
#1659 = MECHANICAL_DESIGN_GEOMETRIC_PRESENTATION_REPRESENTATION (  '', ( #1491 ), #3041 ) ;
#1660 = VERTEX_POINT ( 'NONE', #8004 ) ;
#1661 = ORIENTED_EDGE ( 'NONE', *, *, #3177, .F. ) ;
#1662 = VECTOR ( 'NONE', #3763, 39.37007874015748100 ) ;
#1663 = EDGE_CURVE ( 'NONE', #1230, #3441, #4314, .T. ) ;
#1664 = VECTOR ( 'NONE', #7614, 39.37007874015748100 ) ;
#1665 = CARTESIAN_POINT ( 'NONE',  ( 0.2199999999999999700, 0.1260000000000001100, -0.09200000000000001200 ) ) ;
#1666 =( NAMED_UNIT ( * ) PLANE_ANGLE_UNIT ( ) SI_UNIT ( $, .RADIAN. ) );
#1667 = DIRECTION ( 'NONE',  ( 0.0000000000000000000, 0.5161614676060309900, -0.8564912955534271800 ) ) ;
#1668 = EDGE_LOOP ( 'NONE', ( #2053, #7481, #6340, #2004 ) ) ;
#1669 = CARTESIAN_POINT ( 'NONE',  ( -0.2870000000000000300, -0.1510000000000001300, -0.07800000000000002800 ) ) ;
#1670 = DIMENSIONAL_EXPONENTS ( 1.000000000000000000, 0.0000000000000000000, 0.0000000000000000000, 0.0000000000000000000, 0.0000000000000000000, 0.0000000000000000000, 0.0000000000000000000 ) ;
#1671 = DIRECTION ( 'NONE',  ( -1.000000000000000000, -0.0000000000000000000, 0.0000000000000000000 ) ) ;
#1672 = AXIS2_PLACEMENT_3D ( 'NONE', #6364, #1647, #1624 ) ;
#1673 = VECTOR ( 'NONE', #6789, 39.37007874015748100 ) ;
#1674 = EDGE_CURVE ( 'NONE', #2371, #4587, #6801, .T. ) ;
#1675 = VECTOR ( 'NONE', #846, 39.37007874015748100 ) ;
#1676 = PLANE ( 'NONE',  #2793 ) ;
#1677 = AXIS2_PLACEMENT_3D ( 'NONE', #1889, #1177, #7939 ) ;
#1678 = LINE ( 'NONE', #8631, #3942 ) ;
#1679 = DIRECTION ( 'NONE',  ( 0.0000000000000000000, 0.0000000000000000000, -1.000000000000000000 ) ) ;
#1680 = EDGE_CURVE ( 'NONE', #1703, #281, #2372, .T. ) ;
#1681 = ORIENTED_EDGE ( 'NONE', *, *, #268, .T. ) ;
#1682 = EDGE_CURVE ( 'NONE', #684, #7124, #6917, .T. ) ;
#1683 = PLANE ( 'NONE',  #1838 ) ;
#1684 = DIRECTION ( 'NONE',  ( -1.000000000000000000, -0.0000000000000000000, -0.0000000000000000000 ) ) ;
#1685 = CARTESIAN_POINT ( 'NONE',  ( 0.1530000000000000200, -0.1760000000000001600, -0.02750000000000002100 ) ) ;
#1686 = VECTOR ( 'NONE', #2271, 39.37007874015748100 ) ;
#1687 = EDGE_CURVE ( 'NONE', #4107, #804, #8162, .T. ) ;
#1688 = CARTESIAN_POINT ( 'NONE',  ( -0.1820000000000000800, 0.01389564612297850000, 0.1602061708076718500 ) ) ;
#1689 = DIRECTION ( 'NONE',  ( 0.0000000000000000000, -1.000000000000000000, 3.244104004879253700E-016 ) ) ;
#1690 = CIRCLE ( 'NONE', #6253, 0.01999999999999999000 ) ;
#1691 = FACE_OUTER_BOUND ( 'NONE', #4775, .T. ) ;
#1692 = VERTEX_POINT ( 'NONE', #4010 ) ;
#1693 = CARTESIAN_POINT ( 'NONE',  ( -0.2490000000000000300, 0.02569473886660282200, -0.02601515597181902300 ) ) ;
#1694 = CARTESIAN_POINT ( 'NONE',  ( 0.2580992558566548900, -0.1760000000000001600, -0.1885000000000000600 ) ) ;
#1695 = DIRECTION ( 'NONE',  ( -0.0000000000000000000, -0.0000000000000000000, -1.000000000000000000 ) ) ;
#1696 =( LENGTH_UNIT ( ) NAMED_UNIT ( * ) SI_UNIT ( $, .METRE. ) );
#1697 = EDGE_CURVE ( 'NONE', #804, #1121, #4211, .T. ) ;
#1698 = DIRECTION ( 'NONE',  ( 0.0000000000000000000, 0.0000000000000000000, 1.000000000000000000 ) ) ;
#1699 =( CONVERSION_BASED_UNIT ( 'INCH', #8616 ) LENGTH_UNIT ( ) NAMED_UNIT ( #6196 ) );
#1700 = ORIENTED_EDGE ( 'NONE', *, *, #761, .T. ) ;
#1701 = CARTESIAN_POINT ( 'NONE',  ( -0.3160000000000000600, -1.707404996040164500E-017, 0.1584999999999999700 ) ) ;
#1702 = ORIENTED_EDGE ( 'NONE', *, *, #3872, .T. ) ;
#1703 = VERTEX_POINT ( 'NONE', #8617 ) ;
#1704 = VERTEX_POINT ( 'NONE', #2672 ) ;
#1705 = VECTOR ( 'NONE', #4128, 39.37007874015748100 ) ;
#1706 = CARTESIAN_POINT ( 'NONE',  ( 0.3540000000000000400, 0.02977638454923963200, 0.1621560803021541200 ) ) ;
#1707 = PLANE ( 'NONE',  #1574 ) ;
#1708 = DIRECTION ( 'NONE',  ( 0.0000000000000000000, -0.0000000000000000000, 1.000000000000000000 ) ) ;
#1709 = ORIENTED_EDGE ( 'NONE', *, *, #7882, .F. ) ;
#1710 = CARTESIAN_POINT ( 'NONE',  ( 0.2580992558566548900, -0.1760000000000001600, -0.02750000000000001400 ) ) ;
#1711 = ORIENTED_EDGE ( 'NONE', *, *, #3836, .F. ) ;
#1712 = LINE ( 'NONE', #4896, #6885 ) ;
#1713 = ORIENTED_EDGE ( 'NONE', *, *, #7390, .T. ) ;
#1714 = PLANE ( 'NONE',  #1549 ) ;
#1715 = ORIENTED_EDGE ( 'NONE', *, *, #8609, .T. ) ;
#1716 = PRESENTATION_STYLE_ASSIGNMENT (( #483 ) ) ;
#1717 = ADVANCED_FACE ( 'NONE', ( #2268 ), #93, .T. ) ;
#1718 = CARTESIAN_POINT ( 'NONE',  ( -0.2140000000000000500, 0.5019999999999998900, -0.1275000000000000300 ) ) ;
#1719 = UNCERTAINTY_MEASURE_WITH_UNIT (LENGTH_MEASURE( 1.000000000000000100E-005 ), #706, 'distance_accuracy_value', 'NONE');
#1720 = ORIENTED_EDGE ( 'NONE', *, *, #1076, .F. ) ;
#1721 = VERTEX_POINT ( 'NONE', #5259 ) ;
#1722 = AXIS2_PLACEMENT_3D ( 'NONE', #6578, #7928, #7289 ) ;
#1723 = ORIENTED_EDGE ( 'NONE', *, *, #4151, .F. ) ;
#1724 = DIRECTION ( 'NONE',  ( -1.000000000000000000, -0.0000000000000000000, -0.0000000000000000000 ) ) ;
#1725 = PRESENTATION_STYLE_ASSIGNMENT (( #3013 ) ) ;
#1726 = DIRECTION ( 'NONE',  ( 1.000000000000000000, 0.0000000000000000000, 0.0000000000000000000 ) ) ;
#1727 = SURFACE_STYLE_USAGE ( .BOTH. , #1073 ) ;
#1728 = EDGE_CURVE ( 'NONE', #6507, #3979, #1831, .T. ) ;
#1729 = ORIENTED_EDGE ( 'NONE', *, *, #6591, .T. ) ;
#1730 = ORIENTED_EDGE ( 'NONE', *, *, #1687, .T. ) ;
#1731 = DIRECTION ( 'NONE',  ( -0.0000000000000000000, -0.0000000000000000000, 1.000000000000000000 ) ) ;
#1732 = DIRECTION ( 'NONE',  ( 0.0000000000000000000, 0.0000000000000000000, 1.000000000000000000 ) ) ;
#1733 = VECTOR ( 'NONE', #868, 39.37007874015748100 ) ;
#1734 = AXIS2_PLACEMENT_3D ( 'NONE', #4256, #2869, #6832 ) ;
#1735 = DIRECTION ( 'NONE',  ( -1.000000000000000000, -0.0000000000000000000, -0.0000000000000000000 ) ) ;
#1736 = CYLINDRICAL_SURFACE ( 'NONE', #5084, 0.01099999999999998000 ) ;
#1737 = EDGE_CURVE ( 'NONE', #7468, #8620, #5658, .T. ) ;
#1738 = DIRECTION ( 'NONE',  ( -0.0000000000000000000, -0.0000000000000000000, 1.000000000000000000 ) ) ;
#1739 = DIRECTION ( 'NONE',  ( -0.3420201433256637700, 0.9396926207859100900, 0.0000000000000000000 ) ) ;
#1740 = DIRECTION ( 'NONE',  ( 0.0000000000000000000, -1.000000000000000000, 3.244104004879253700E-016 ) ) ;
#1741 = ORIENTED_EDGE ( 'NONE', *, *, #6483, .T. ) ;
#1742 = VECTOR ( 'NONE', #6772, 39.37007874015748100 ) ;
#1743 = EDGE_LOOP ( 'NONE', ( #1290, #7926, #432, #3667 ) ) ;
#1744 = AXIS2_PLACEMENT_3D ( 'NONE', #7771, #7874, #522 ) ;
#1745 = CARTESIAN_POINT ( 'NONE',  ( 0.1150000000000000000, 0.07336898097372462900, -0.1080000000000000500 ) ) ;
#1746 = CARTESIAN_POINT ( 'NONE',  ( -0.04800000000000004300, 0.04359259642448493800, -0.08165608030215425200 ) ) ;
#1747 = DIRECTION ( 'NONE',  ( 1.000000000000000000, 0.0000000000000000000, 0.0000000000000000000 ) ) ;
#1748 = ORIENTED_EDGE ( 'NONE', *, *, #4360, .T. ) ;
#1749 = CARTESIAN_POINT ( 'NONE',  ( 0.08599999999999997900, -1.340010956295959200E-017, 0.1884999999999999200 ) ) ;
#1750 = DIMENSIONAL_EXPONENTS ( 1.000000000000000000, 0.0000000000000000000, 0.0000000000000000000, 0.0000000000000000000, 0.0000000000000000000, 0.0000000000000000000, 0.0000000000000000000 ) ;
#1751 =( LENGTH_UNIT ( ) NAMED_UNIT ( * ) SI_UNIT ( $, .METRE. ) );
#1752 = COLOUR_RGB ( '',0.2509803921568627400, 0.2509803921568627400, 0.2509803921568627400 ) ;
#1753 = ORIENTED_EDGE ( 'NONE', *, *, #4197, .T. ) ;
#1754 = LINE ( 'NONE', #4076, #5165 ) ;
#1755 = CARTESIAN_POINT ( 'NONE',  ( -0.1150000000000000200, 0.1260000000000001100, -0.09200000000000001200 ) ) ;
#1756 = DIRECTION ( 'NONE',  ( 0.0000000000000000000, 0.0000000000000000000, 1.000000000000000000 ) ) ;
#1757 = CARTESIAN_POINT ( 'NONE',  ( 0.1530000000000000200, 0.07336898097372462900, -0.09199999999999999800 ) ) ;
#1758 = ORIENTED_EDGE ( 'NONE', *, *, #2051, .F. ) ;
#1759 = STYLED_ITEM ( 'NONE', ( #3918 ), #929 ) ;
#1760 = UNCERTAINTY_MEASURE_WITH_UNIT (LENGTH_MEASURE( 1.000000000000000100E-005 ), #6492, 'distance_accuracy_value', 'NONE');
#1761 = CYLINDRICAL_SURFACE ( 'NONE', #1920, 0.01399999999999999000 ) ;
#1762 = SURFACE_SIDE_STYLE ('',( #7876 ) ) ;
#1763 = FILL_AREA_STYLE_COLOUR ( '', #2380 ) ;
#1764 = CARTESIAN_POINT ( 'NONE',  ( 0.3789999999999999500, 0.1260000000000001100, -0.09200000000000235800 ) ) ;
#1765 = FACE_OUTER_BOUND ( 'NONE', #3697, .T. ) ;
#1766 = EDGE_LOOP ( 'NONE', ( #5720, #2670, #5138, #5584 ) ) ;
#1767 = ORIENTED_EDGE ( 'NONE', *, *, #2820, .F. ) ;
#1768 = ORIENTED_EDGE ( 'NONE', *, *, #3209, .T. ) ;
#1769 = FILL_AREA_STYLE ('',( #3152 ) ) ;
#1770 = CARTESIAN_POINT ( 'NONE',  ( 0.2490000000000000000, 0.1260000000000001100, -0.09200000000000001200 ) ) ;
#1771 = VERTEX_POINT ( 'NONE', #4158 ) ;
#1772 = SURFACE_STYLE_FILL_AREA ( #2696 ) ;
#1773 = FACE_OUTER_BOUND ( 'NONE', #3745, .T. ) ;
#1774 = LINE ( 'NONE', #4486, #3384 ) ;
#1775 = EDGE_LOOP ( 'NONE', ( #6056, #2080, #8026, #2243 ) ) ;
#1776 = AXIS2_PLACEMENT_3D ( 'NONE', #8512, #8485, #5234 ) ;
#1777 = ORIENTED_EDGE ( 'NONE', *, *, #6647, .F. ) ;
#1778 = CARTESIAN_POINT ( 'NONE',  ( 0.2500000000000000000, 0.4819999999999999800, -0.1885000000000000300 ) ) ;
#1779 = EDGE_CURVE ( 'NONE', #7706, #3775, #5240, .T. ) ;
#1780 = DIRECTION ( 'NONE',  ( -1.000000000000000000, -0.0000000000000000000, 0.0000000000000000000 ) ) ;
#1781 = VECTOR ( 'NONE', #4871, 39.37007874015748100 ) ;
#1782 = CARTESIAN_POINT ( 'NONE',  ( 0.2199999999999999700, 0.04359259642448493800, -0.08165608030215425200 ) ) ;
#1783 = AXIS2_PLACEMENT_3D ( 'NONE', #4487, #2300, #1739 ) ;
#1784 = ORIENTED_EDGE ( 'NONE', *, *, #3327, .F. ) ;
#1785 = EDGE_CURVE ( 'NONE', #1577, #6529, #3452, .T. ) ;
#1786 = DIRECTION ( 'NONE',  ( -1.000000000000000000, -0.0000000000000000000, -0.0000000000000000000 ) ) ;
#1787 = LINE ( 'NONE', #2087, #7501 ) ;
#1788 = DIRECTION ( 'NONE',  ( 0.3420201433256635500, 0.9396926207859103200, 1.887571618202280300E-016 ) ) ;
#1789 = CARTESIAN_POINT ( 'NONE',  ( 0.2140000000000001300, 0.5020000000000000000, 0.8807583994195136200 ) ) ;
#1790 = EDGE_CURVE ( 'NONE', #5371, #6568, #8586, .T. ) ;
#1791 = PLANE ( 'NONE',  #8005 ) ;
#1792 = AXIS2_PLACEMENT_3D ( 'NONE', #6282, #4939, #859 ) ;
#1793 = EDGE_CURVE ( 'NONE', #1798, #4481, #7566, .T. ) ;
#1794 = DIMENSIONAL_EXPONENTS ( 1.000000000000000000, 0.0000000000000000000, 0.0000000000000000000, 0.0000000000000000000, 0.0000000000000000000, 0.0000000000000000000, 0.0000000000000000000 ) ;
#1795 = DIMENSIONAL_EXPONENTS ( 1.000000000000000000, 0.0000000000000000000, 0.0000000000000000000, 0.0000000000000000000, 0.0000000000000000000, 0.0000000000000000000, 0.0000000000000000000 ) ;
#1796 = DIRECTION ( 'NONE',  ( 0.0000000000000000000, -1.000000000000000000, 3.244104004879253700E-016 ) ) ;
#1797 = ORIENTED_EDGE ( 'NONE', *, *, #1533, .T. ) ;
#1798 = VERTEX_POINT ( 'NONE', #7450 ) ;
#1799 = LINE ( 'NONE', #1694, #1602 ) ;
#1800 = CARTESIAN_POINT ( 'NONE',  ( -0.3939999999999999600, 0.5519999999999999400, 0.8807583994195136200 ) ) ;
#1801 = PLANE ( 'NONE',  #2367 ) ;
#1802 = ORIENTED_EDGE ( 'NONE', *, *, #5172, .F. ) ;
#1803 = DIRECTION ( 'NONE',  ( 0.0000000000000000000, 1.000000000000000000, -3.244104004879254200E-016 ) ) ;
#1804 = ORIENTED_EDGE ( 'NONE', *, *, #6702, .T. ) ;
#1805 = CIRCLE ( 'NONE', #1175, 0.02999999999999995400 ) ;
#1806 = ORIENTED_EDGE ( 'NONE', *, *, #6238, .T. ) ;
#1807 = ORIENTED_EDGE ( 'NONE', *, *, #2410, .F. ) ;
#1808 = DIRECTION ( 'NONE',  ( 1.000000000000000000, 0.0000000000000000000, 0.0000000000000000000 ) ) ;
#1809 = CARTESIAN_POINT ( 'NONE',  ( 0.2199999999999999700, 0.01389564612297850000, 0.1602061708076718500 ) ) ;
#1810 = CARTESIAN_POINT ( 'NONE',  ( 0.3789999999999999500, 0.1410000000000000700, -0.1079999999999972800 ) ) ;
#1811 = ORIENTED_EDGE ( 'NONE', *, *, #4303, .T. ) ;
#1812 = ORIENTED_EDGE ( 'NONE', *, *, #7557, .F. ) ;
#1813 = COLOUR_RGB ( '',0.2509803921568627400, 0.2509803921568627400, 0.2509803921568627400 ) ;
#1814 = DIRECTION ( 'NONE',  ( 0.0000000000000000000, -0.1218693434051411300, 0.9925461516413227600 ) ) ;
#1815 = ORIENTED_EDGE ( 'NONE', *, *, #1383, .T. ) ;
#1816 = CARTESIAN_POINT ( 'NONE',  ( 0.3160000000000000600, 0.1260000000000001100, -0.1080000000000000300 ) ) ;
#1817 = CARTESIAN_POINT ( 'NONE',  ( -0.3540000000000000400, -0.1450000000000001000, 0.1724999999999999300 ) ) ;
#1818 = SURFACE_SIDE_STYLE ('',( #8272 ) ) ;
#1819 = VECTOR ( 'NONE', #1217, 39.37007874015748100 ) ;
#1820 = PLANE ( 'NONE',  #7494 ) ;
#1821 = AXIS2_PLACEMENT_3D ( 'NONE', #5718, #7780, #4508 ) ;
#1822 = VERTEX_POINT ( 'NONE', #62 ) ;
#1823 = EDGE_CURVE ( 'NONE', #1451, #1983, #1216, .T. ) ;
#1824 = ORIENTED_EDGE ( 'NONE', *, *, #8047, .T. ) ;
#1825 = LINE ( 'NONE', #4919, #3663 ) ;
#1826 = DIRECTION ( 'NONE',  ( -0.0000000000000000000, -1.000000000000000000, -0.0000000000000000000 ) ) ;
#1827 = AXIS2_PLACEMENT_3D ( 'NONE', #3720, #4989, #1043 ) ;
#1828 = SURFACE_STYLE_USAGE ( .BOTH. , #3920 ) ;
#1829 = ORIENTED_EDGE ( 'NONE', *, *, #4153, .F. ) ;
#1830 = AXIS2_PLACEMENT_3D ( 'NONE', #7678, #4350, #1655 ) ;
#1831 = CIRCLE ( 'NONE', #1086, 0.01399999999999996600 ) ;
#1832 = CARTESIAN_POINT ( 'NONE',  ( 0.3910790458119938800, 0.5459905955325171600, -0.09908491201458803600 ) ) ;
#1833 = LINE ( 'NONE', #2284, #4103 ) ;
#1834 = EDGE_CURVE ( 'NONE', #5281, #5167, #5448, .T. ) ;
#1835 = CIRCLE ( 'NONE', #2153, 0.01999999999999999000 ) ;
#1836 = EDGE_CURVE ( 'NONE', #2723, #943, #5549, .T. ) ;
#1837 = SURFACE_STYLE_USAGE ( .BOTH. , #6592 ) ;
#1838 = AXIS2_PLACEMENT_3D ( 'NONE', #8454, #3694, #7085 ) ;
#1839 = ORIENTED_EDGE ( 'NONE', *, *, #2477, .T. ) ;
#1840 = DIRECTION ( 'NONE',  ( -1.000000000000000000, -0.0000000000000000000, -0.0000000000000000000 ) ) ;
#1841 = EDGE_CURVE ( 'NONE', #6241, #4162, #4806, .T. ) ;
#1842 = CIRCLE ( 'NONE', #3580, 0.07499999999999999700 ) ;
#1843 =( NAMED_UNIT ( * ) SI_UNIT ( $, .STERADIAN. ) SOLID_ANGLE_UNIT ( ) );
#1844 = CARTESIAN_POINT ( 'NONE',  ( 0.08599999999999997900, -1.707404996040164500E-017, 0.1584999999999999700 ) ) ;
#1845 = ORIENTED_EDGE ( 'NONE', *, *, #577, .T. ) ;
#1846 =( NAMED_UNIT ( * ) SI_UNIT ( $, .STERADIAN. ) SOLID_ANGLE_UNIT ( ) );
#1847 = CARTESIAN_POINT ( 'NONE',  ( -0.2299999999999999300, 0.5019999999999998900, -0.1275000000000000900 ) ) ;
#1848 = CARTESIAN_POINT ( 'NONE',  ( -0.1150000000000000200, 0.1260000000000001100, -0.1080000000000000300 ) ) ;
#1849 = CYLINDRICAL_SURFACE ( 'NONE', #2501, 0.01399999999999997400 ) ;
#1850 = VECTOR ( 'NONE', #350, 39.37007874015748100 ) ;
#1851 = DIRECTION ( 'NONE',  ( -1.000000000000000000, -0.0000000000000000000, -0.0000000000000000000 ) ) ;
#1852 = VERTEX_POINT ( 'NONE', #4279 ) ;
#1853 = FACE_OUTER_BOUND ( 'NONE', #5115, .T. ) ;
#1854 = FILL_AREA_STYLE ('',( #2453 ) ) ;
#1855 = EDGE_CURVE ( 'NONE', #396, #6248, #318, .T. ) ;
#1856 = ORIENTED_EDGE ( 'NONE', *, *, #6759, .F. ) ;
#1857 = DIRECTION ( 'NONE',  ( 0.0000000000000000000, 1.000000000000000000, 3.244104004879253700E-016 ) ) ;
#1858 = LINE ( 'NONE', #3878, #2287 ) ;
#1859 = ORIENTED_EDGE ( 'NONE', *, *, #3983, .T. ) ;
#1860 = FACE_OUTER_BOUND ( 'NONE', #590, .T. ) ;
#1861 = CARTESIAN_POINT ( 'NONE',  ( 0.3858072634978771400, 0.5503664192538791900, -0.1141955524855212100 ) ) ;
#1862 = SURFACE_STYLE_USAGE ( .BOTH. , #7942 ) ;
#1863 = PRESENTATION_STYLE_ASSIGNMENT (( #6288 ) ) ;
#1864 = UNCERTAINTY_MEASURE_WITH_UNIT (LENGTH_MEASURE( 1.000000000000000100E-005 ), #3676, 'distance_accuracy_value', 'NONE');
#1865 = FACE_OUTER_BOUND ( 'NONE', #7791, .T. ) ;
#1866 = DIRECTION ( 'NONE',  ( -1.000000000000000000, -0.0000000000000000000, -0.0000000000000000000 ) ) ;
#1867 = LINE ( 'NONE', #3742, #4641 ) ;
#1868 = CARTESIAN_POINT ( 'NONE',  ( 0.2500000000000000000, 0.4819999999999999800, 0.8807583994195136200 ) ) ;
#1869 = ORIENTED_EDGE ( 'NONE', *, *, #4102, .T. ) ;
#1870 = CARTESIAN_POINT ( 'NONE',  ( -0.3540000000000000400, 0.02977638454923963200, 0.1621560803021541200 ) ) ;
#1871 = DIRECTION ( 'NONE',  ( -0.0000000000000000000, -0.0000000000000000000, -1.000000000000000000 ) ) ;
#1872 = ORIENTED_EDGE ( 'NONE', *, *, #7560, .F. ) ;
#1873 = ORIENTED_EDGE ( 'NONE', *, *, #2114, .T. ) ;
#1874 = MECHANICAL_DESIGN_GEOMETRIC_PRESENTATION_REPRESENTATION (  '', ( #415 ), #5082 ) ;
#1875 = ORIENTED_EDGE ( 'NONE', *, *, #8007, .T. ) ;
#1876 = AXIS2_PLACEMENT_3D ( 'NONE', #8481, #1924, #3310 ) ;
#1877 = FILL_AREA_STYLE ('',( #5954 ) ) ;
#1878 = DIRECTION ( 'NONE',  ( 1.000000000000000000, 0.0000000000000000000, 0.0000000000000000000 ) ) ;
#1879 =( NAMED_UNIT ( * ) SI_UNIT ( $, .STERADIAN. ) SOLID_ANGLE_UNIT ( ) );
#1880 = VECTOR ( 'NONE', #8488, 39.37007874015748100 ) ;
#1881 = LINE ( 'NONE', #2845, #468 ) ;
#1882 =( NAMED_UNIT ( * ) PLANE_ANGLE_UNIT ( ) SI_UNIT ( $, .RADIAN. ) );
#1883 = EDGE_LOOP ( 'NONE', ( #3006, #5729, #944, #4857, #218, #3099 ) ) ;
#1884 = CYLINDRICAL_SURFACE ( 'NONE', #422, 0.03000000000000001300 ) ;
#1885 = AXIS2_PLACEMENT_3D ( 'NONE', #2533, #6510, #3933 ) ;
#1886 = CARTESIAN_POINT ( 'NONE',  ( 0.2870000000000000300, 0.04767424210712179600, -0.09348484402818098300 ) ) ;
#1887 = EDGE_CURVE ( 'NONE', #1300, #6884, #1424, .T. ) ;
#1888 = ADVANCED_FACE ( 'NONE', ( #1525 ), #6387, .F. ) ;
#1889 = CARTESIAN_POINT ( 'NONE',  ( -0.08600000000000002100, -0.1450000000000001000, -0.1885000000000000600 ) ) ;
#1890 = COLOUR_RGB ( '',0.2509803921568627400, 0.2509803921568627400, 0.2509803921568627400 ) ;
#1891 = DIRECTION ( 'NONE',  ( 1.000000000000000000, 0.0000000000000000000, 0.0000000000000000000 ) ) ;
#1892 = LINE ( 'NONE', #6908, #1995 ) ;
#1893 = AXIS2_PLACEMENT_3D ( 'NONE', #509, #5898, #6546 ) ;
#1894 = EDGE_CURVE ( 'NONE', #1329, #7124, #4101, .T. ) ;
#1895 = EDGE_LOOP ( 'NONE', ( #2517, #2057, #1322, #4028 ) ) ;
#1896 = LINE ( 'NONE', #3736, #674 ) ;
#1897 = DIRECTION ( 'NONE',  ( -1.000000000000000000, 0.0000000000000000000, 0.0000000000000000000 ) ) ;
#1898 =( NAMED_UNIT ( * ) SI_UNIT ( $, .STERADIAN. ) SOLID_ANGLE_UNIT ( ) );
#1899 = DIRECTION ( 'NONE',  ( 0.0000000000000000000, 0.0000000000000000000, 1.000000000000000000 ) ) ;
#1900 = VERTEX_POINT ( 'NONE', #3672 ) ;
#1901 = CARTESIAN_POINT ( 'NONE',  ( -0.04800000000000004300, -1.707404996040164500E-017, 0.1584999999999999700 ) ) ;
#1902 = AXIS2_PLACEMENT_3D ( 'NONE', #3798, #4412, #1726 ) ;
#1903 = ORIENTED_EDGE ( 'NONE', *, *, #2602, .T. ) ;
#1904 = VERTEX_POINT ( 'NONE', #180 ) ;
#1905 = EDGE_CURVE ( 'NONE', #8680, #1317, #2143, .T. ) ;
#1906 = DIRECTION ( 'NONE',  ( 0.0000000000000000000, 0.0000000000000000000, 1.000000000000000000 ) ) ;
#1907 = ORIENTED_EDGE ( 'NONE', *, *, #197, .T. ) ;
#1908 = LINE ( 'NONE', #37, #168 ) ;
#1909 = DIRECTION ( 'NONE',  ( -1.000000000000000000, 0.0000000000000000000, 0.0000000000000000000 ) ) ;
#1910 = DIRECTION ( 'NONE',  ( 0.3420201433256637700, 0.9396926207859100900, 0.0000000000000000000 ) ) ;
#1911 = VERTEX_POINT ( 'NONE', #6330 ) ;
#1912 = ORIENTED_EDGE ( 'NONE', *, *, #2570, .T. ) ;
#1913 = DIRECTION ( 'NONE',  ( -0.9396926207859102000, 0.3420201433256638300, 0.0000000000000000000 ) ) ;
#1914 = ORIENTED_EDGE ( 'NONE', *, *, #5977, .T. ) ;
#1915 = ORIENTED_EDGE ( 'NONE', *, *, #969, .F. ) ;
#1916 = DIRECTION ( 'NONE',  ( 0.0000000000000000000, 0.0000000000000000000, -1.000000000000000000 ) ) ;
#1917 = ORIENTED_EDGE ( 'NONE', *, *, #6522, .T. ) ;
#1918 = DIRECTION ( 'NONE',  ( 0.0000000000000000000, 1.000000000000000000, 2.008711760047251600E-016 ) ) ;
#1919 = DIMENSIONAL_EXPONENTS ( 1.000000000000000000, 0.0000000000000000000, 0.0000000000000000000, 0.0000000000000000000, 0.0000000000000000000, 0.0000000000000000000, 0.0000000000000000000 ) ;
#1920 = AXIS2_PLACEMENT_3D ( 'NONE', #6843, #106, #3509 ) ;
#1921 = ORIENTED_EDGE ( 'NONE', *, *, #1495, .F. ) ;
#1922 = ORIENTED_EDGE ( 'NONE', *, *, #6693, .T. ) ;
#1923 = UNCERTAINTY_MEASURE_WITH_UNIT (LENGTH_MEASURE( 1.000000000000000100E-005 ), #2930, 'distance_accuracy_value', 'NONE');
#1924 = DIRECTION ( 'NONE',  ( 0.9396926207859102000, 0.3420201433256638300, 0.0000000000000000000 ) ) ;
#1925 = DIRECTION ( 'NONE',  ( -1.000000000000000000, -0.0000000000000000000, -0.0000000000000000000 ) ) ;
#1926 = CARTESIAN_POINT ( 'NONE',  ( -0.1910992558566549600, -0.1700000000000001000, -0.1885000000000000600 ) ) ;
#1927 = ADVANCED_FACE ( 'NONE', ( #7231 ), #2219, .F. ) ;
#1928 = CARTESIAN_POINT ( 'NONE',  ( 0.3160000000000000600, -0.1450000000000001000, -0.1885000000000000600 ) ) ;
#1929 = ORIENTED_EDGE ( 'NONE', *, *, #527, .T. ) ;
#1930 = VECTOR ( 'NONE', #2830, 39.37007874015748100 ) ;
#1931 = DIRECTION ( 'NONE',  ( 1.000000000000000000, 0.0000000000000000000, -0.0000000000000000000 ) ) ;
#1932 = PRESENTATION_STYLE_ASSIGNMENT (( #4176 ) ) ;
#1933 = DIRECTION ( 'NONE',  ( 0.0000000000000000000, -1.000000000000000000, -2.008711760047251600E-016 ) ) ;
#1934 = AXIS2_PLACEMENT_3D ( 'NONE', #5258, #2040, #65 ) ;
#1935 = FACE_OUTER_BOUND ( 'NONE', #1609, .T. ) ;
#1936 = CARTESIAN_POINT ( 'NONE',  ( -0.2490000000000000300, 0.07336898097372462900, -0.1080000000000000500 ) ) ;
#1937 = EDGE_CURVE ( 'NONE', #6768, #3373, #8385, .T. ) ;
#1938 = ORIENTED_EDGE ( 'NONE', *, *, #3292, .F. ) ;
#1939 = DIRECTION ( 'NONE',  ( 0.0000000000000000000, 0.0000000000000000000, 1.000000000000000000 ) ) ;
#1940 = VECTOR ( 'NONE', #2802, 39.37007874015748900 ) ;
#1941 = DIRECTION ( 'NONE',  ( -1.000000000000000000, 0.0000000000000000000, 0.0000000000000000000 ) ) ;
#1942 = AXIS2_PLACEMENT_3D ( 'NONE', #873, #1473, #2841 ) ;
#1943 = VECTOR ( 'NONE', #2903, 39.37007874015748900 ) ;
#1944 = EDGE_CURVE ( 'NONE', #2233, #2723, #5139, .T. ) ;
#1945 = ADVANCED_FACE ( 'NONE', ( #7024 ), #7014, .F. ) ;
#1946 = CARTESIAN_POINT ( 'NONE',  ( 0.1820000000000000000, -0.1450000000000001000, -0.07800000000000002800 ) ) ;
#1947 = ORIENTED_EDGE ( 'NONE', *, *, #8453, .T. ) ;
#1948 = DIRECTION ( 'NONE',  ( -1.000000000000000000, -0.0000000000000000000, -0.0000000000000000000 ) ) ;
#1949 = EDGE_LOOP ( 'NONE', ( #2173, #6422, #6764, #1287 ) ) ;
#1950 = EDGE_CURVE ( 'NONE', #1164, #890, #3236, .T. ) ;
#1951 = EDGE_CURVE ( 'NONE', #3732, #6586, #6164, .T. ) ;
#1952 = LINE ( 'NONE', #2963, #7565 ) ;
#1953 = PRESENTATION_LAYER_ASSIGNMENT (  '', '', ( #7386 ) ) ;
#1954 = VERTEX_POINT ( 'NONE', #1745 ) ;
#1955 = AXIS2_PLACEMENT_3D ( 'NONE', #5012, #7066, #273 ) ;
#1956 = DIRECTION ( 'NONE',  ( -1.000000000000000000, -0.0000000000000000000, -0.0000000000000000000 ) ) ;
#1957 = EDGE_CURVE ( 'NONE', #6162, #6872, #4611, .T. ) ;
#1958 = LINE ( 'NONE', #8554, #1550 ) ;
#1959 = PLANE ( 'NONE',  #5759 ) ;
#1960 = DIRECTION ( 'NONE',  ( -0.0000000000000000000, 0.0000000000000000000, 1.000000000000000000 ) ) ;
#1961 = LINE ( 'NONE', #3030, #7572 ) ;
#1962 = FACE_OUTER_BOUND ( 'NONE', #6887, .T. ) ;
#1963 = ORIENTED_EDGE ( 'NONE', *, *, #5739, .F. ) ;
#1964 = FACE_OUTER_BOUND ( 'NONE', #6961, .T. ) ;
#1965 = CARTESIAN_POINT ( 'NONE',  ( 0.4006021017022735100, -0.01696177787387360300, 0.1884999999999999200 ) ) ;
#1966 = CARTESIAN_POINT ( 'NONE',  ( 0.3790000000000000600, 0.5370000000000001400, -0.01150000000000003500 ) ) ;
#1967 = ORIENTED_EDGE ( 'NONE', *, *, #1834, .F. ) ;
#1968 = FACE_OUTER_BOUND ( 'NONE', #1540, .T. ) ;
#1969 = LINE ( 'NONE', #3023, #3713 ) ;
#1970 = LINE ( 'NONE', #7391, #4842 ) ;
#1971 = EDGE_LOOP ( 'NONE', ( #1162, #4581, #7323, #5985 ) ) ;
#1972 = EDGE_CURVE ( 'NONE', #1209, #4683, #2799, .T. ) ;
#1973 = ORIENTED_EDGE ( 'NONE', *, *, #3690, .T. ) ;
#1974 = LINE ( 'NONE', #7409, #5887 ) ;
#1975 = ADVANCED_FACE ( 'NONE', ( #3025 ), #2315, .F. ) ;
#1976 = UNCERTAINTY_MEASURE_WITH_UNIT (LENGTH_MEASURE( 1.000000000000000100E-005 ), #4446, 'distance_accuracy_value', 'NONE');
#1977 = DIRECTION ( 'NONE',  ( -0.0000000000000000000, 1.000000000000000000, 1.455174712534229700E-016 ) ) ;
#1978 = LINE ( 'NONE', #7209, #2190 ) ;
#1979 = FACE_OUTER_BOUND ( 'NONE', #4888, .T. ) ;
#1980 = VERTEX_POINT ( 'NONE', #2427 ) ;
#1981 = CARTESIAN_POINT ( 'NONE',  ( -0.1150000000000000200, 0.1260000000000001100, -0.1080000000000000300 ) ) ;
#1982 = VERTEX_POINT ( 'NONE', #7707 ) ;
#1983 = VERTEX_POINT ( 'NONE', #6390 ) ;
#1984 = DIRECTION ( 'NONE',  ( -0.0000000000000000000, -1.000000000000000000, -0.0000000000000000000 ) ) ;
#1985 = LINE ( 'NONE', #7809, #137 ) ;
#1986 = PLANE ( 'NONE',  #5690 ) ;
#1987 = COLOUR_RGB ( '',1.000000000000000000, 1.000000000000000000, 1.000000000000000000 ) ;
#1988 = AXIS2_PLACEMENT_3D ( 'NONE', #4400, #4492, #7233 ) ;
#1989 = DIRECTION ( 'NONE',  ( -1.000000000000000000, 0.0000000000000000000, 0.0000000000000000000 ) ) ;
#1990 = DIRECTION ( 'NONE',  ( 0.0000000000000000000, -0.9925461516413228700, -0.1218693434051411500 ) ) ;
#1991 = ADVANCED_FACE ( 'NONE', ( #605 ), #1318, .T. ) ;
#1992 = EDGE_CURVE ( 'NONE', #8057, #4180, #6909, .T. ) ;
#1993 = VECTOR ( 'NONE', #6695, 39.37007874015748100 ) ;
#1994 = CARTESIAN_POINT ( 'NONE',  ( -0.2870000000000000300, 0.04767424210712179600, -0.09348484402818098300 ) ) ;
#1995 = VECTOR ( 'NONE', #2784, 39.37007874015748100 ) ;
#1996 =( NAMED_UNIT ( * ) SI_UNIT ( $, .STERADIAN. ) SOLID_ANGLE_UNIT ( ) );
#1997 = CARTESIAN_POINT ( 'NONE',  ( -0.2140000000000000500, 0.5019999999999998900, -0.1275000000000000300 ) ) ;
#1998 = PRESENTATION_LAYER_ASSIGNMENT (  '', '', ( #1127 ) ) ;
#1999 = PLANE ( 'NONE',  #8429 ) ;
#2000 = CARTESIAN_POINT ( 'NONE',  ( -0.2140000000000000500, 0.5520000000000000500, -0.1275000000000000900 ) ) ;
#2001 = AXIS2_PLACEMENT_3D ( 'NONE', #7875, #1780, #5283 ) ;
#2002 = ORIENTED_EDGE ( 'NONE', *, *, #5433, .F. ) ;
#2003 = EDGE_CURVE ( 'NONE', #4826, #3460, #4405, .T. ) ;
#2004 = ORIENTED_EDGE ( 'NONE', *, *, #8118, .F. ) ;
#2005 = STYLED_ITEM ( 'NONE', ( #6316 ), #2249 ) ;
#2006 = VERTEX_POINT ( 'NONE', #3754 ) ;
#2007 = ORIENTED_EDGE ( 'NONE', *, *, #7557, .T. ) ;
#2008 = LINE ( 'NONE', #455, #60 ) ;
#2009 = EDGE_CURVE ( 'NONE', #5513, #401, #8482, .T. ) ;
#2010 = ADVANCED_FACE ( 'NONE', ( #6480 ), #1683, .F. ) ;
#2011 = ORIENTED_EDGE ( 'NONE', *, *, #4631, .T. ) ;
#2012 = VERTEX_POINT ( 'NONE', #7117 ) ;
#2013 =( LENGTH_UNIT ( ) NAMED_UNIT ( * ) SI_UNIT ( $, .METRE. ) );
#2014 = VERTEX_POINT ( 'NONE', #439 ) ;
#2015 = VERTEX_POINT ( 'NONE', #411 ) ;
#2016 = LINE ( 'NONE', #1110, #4680 ) ;
#2017 = CARTESIAN_POINT ( 'NONE',  ( -0.08600000000000002100, -2.134256245050205600E-017, 0.1884999999999999200 ) ) ;
#2018 = CARTESIAN_POINT ( 'NONE',  ( -0.1530000000000000200, -0.1760000000000001600, -0.01149999999999994900 ) ) ;
#2019 = ADVANCED_FACE ( 'NONE', ( #8092 ), #5132, .F. ) ;
#2020 = CARTESIAN_POINT ( 'NONE',  ( -0.3540000000000000400, 0.1260000000000001100, -0.1080000000000000300 ) ) ;
#2021 = ORIENTED_EDGE ( 'NONE', *, *, #4682, .F. ) ;
#2022 = DIRECTION ( 'NONE',  ( -1.000000000000000000, -0.0000000000000000000, -0.0000000000000000000 ) ) ;
#2023 = CARTESIAN_POINT ( 'NONE',  ( -0.3789999999999999500, 0.1410000000000000700, -0.01150000000000003500 ) ) ;
#2024 = FACE_OUTER_BOUND ( 'NONE', #5282, .T. ) ;
#2025 = AXIS2_PLACEMENT_3D ( 'NONE', #1554, #869, #2191 ) ;
#2026 = ORIENTED_EDGE ( 'NONE', *, *, #6634, .F. ) ;
#2027 = VECTOR ( 'NONE', #4777, 39.37007874015748100 ) ;
#2028 = CARTESIAN_POINT ( 'NONE',  ( 0.2199999999999999700, 0.07336898097372462900, -0.07800000000000002800 ) ) ;
#2029 = PLANE ( 'NONE',  #4355 ) ;
#2030 = PRESENTATION_STYLE_ASSIGNMENT (( #2250 ) ) ;
#2031 = ORIENTED_EDGE ( 'NONE', *, *, #6131, .T. ) ;
#2032 = ORIENTED_EDGE ( 'NONE', *, *, #2588, .F. ) ;
#2033 = ORIENTED_EDGE ( 'NONE', *, *, #3401, .T. ) ;
#2034 = CARTESIAN_POINT ( 'NONE',  ( -0.3789999999999999500, 0.1410000000000000700, -0.1079999999999972800 ) ) ;
#2035 = PRESENTATION_STYLE_ASSIGNMENT (( #1330 ) ) ;
#2036 = AXIS2_PLACEMENT_3D ( 'NONE', #8216, #2235, #6932 ) ;
#2037 = CARTESIAN_POINT ( 'NONE',  ( -0.2139999999999999100, 0.5219999999999999100, -0.1885000000000000300 ) ) ;
#2038 = ORIENTED_EDGE ( 'NONE', *, *, #7121, .F. ) ;
#2039 = CARTESIAN_POINT ( 'NONE',  ( -0.2490000000000000300, 0.1260000000000001100, -0.09200000000000001200 ) ) ;
#2040 = DIRECTION ( 'NONE',  ( 1.000000000000000000, 0.0000000000000000000, 0.0000000000000000000 ) ) ;
#2041 = LINE ( 'NONE', #7325, #8269 ) ;
#2042 = VECTOR ( 'NONE', #6841, 39.37007874015748100 ) ;
#2043 = CARTESIAN_POINT ( 'NONE',  ( 0.3939999999999999600, 0.5520000000000000500, -0.1275000000000000900 ) ) ;
#2044 = ORIENTED_EDGE ( 'NONE', *, *, #1495, .T. ) ;
#2045 = ORIENTED_EDGE ( 'NONE', *, *, #4737, .T. ) ;
#2046 = DIRECTION ( 'NONE',  ( 0.0000000000000000000, 0.0000000000000000000, -1.000000000000000000 ) ) ;
#2047 = DIRECTION ( 'NONE',  ( -1.000000000000000000, -0.0000000000000000000, -0.0000000000000000000 ) ) ;
#2048 = CARTESIAN_POINT ( 'NONE',  ( 0.2779007441433450900, -0.1760000000000001600, -0.02750000000000001400 ) ) ;
#2049 = FACE_OUTER_BOUND ( 'NONE', #1657, .T. ) ;
#2050 = ADVANCED_FACE ( 'NONE', ( #5482 ), #1707, .F. ) ;
#2051 = EDGE_CURVE ( 'NONE', #7257, #7062, #2612, .T. ) ;
#2052 = LINE ( 'NONE', #734, #3141 ) ;
#2053 = ORIENTED_EDGE ( 'NONE', *, *, #4042, .T. ) ;
#2054 = EDGE_CURVE ( 'NONE', #861, #6580, #935, .T. ) ;
#2055 = ADVANCED_FACE ( 'NONE', ( #8406 ), #2999, .T. ) ;
#2056 = FACE_OUTER_BOUND ( 'NONE', #5051, .T. ) ;
#2057 = ORIENTED_EDGE ( 'NONE', *, *, #8474, .F. ) ;
#2058 = DIRECTION ( 'NONE',  ( -0.0000000000000000000, -0.0000000000000000000, -1.000000000000000000 ) ) ;
#2059 = CARTESIAN_POINT ( 'NONE',  ( 0.01899999999999998900, 0.02569473886660282200, -0.02601515597181902300 ) ) ;
#2060 = CARTESIAN_POINT ( 'NONE',  ( 0.2500000000000000000, 0.4819999999999999800, -0.1885000000000000300 ) ) ;
#2061 = ORIENTED_EDGE ( 'NONE', *, *, #2100, .T. ) ;
#2062 = VECTOR ( 'NONE', #7746, 39.37007874015748100 ) ;
#2063 = LINE ( 'NONE', #3221, #1447 ) ;
#2064 = EDGE_LOOP ( 'NONE', ( #1124, #5828, #2399, #4493, #7262, #4958, #4744, #689, #1616, #8027, #3864, #2787 ) ) ;
#2065 = STYLED_ITEM ( 'NONE', ( #3914 ), #2710 ) ;
#2066 = FACE_OUTER_BOUND ( 'NONE', #2120, .T. ) ;
#2067 = DIRECTION ( 'NONE',  ( 0.0000000000000000000, 0.1218693434051440200, 0.9925461516413225400 ) ) ;
#2068 = EDGE_LOOP ( 'NONE', ( #1829, #3303, #5104, #3984 ) ) ;
#2069 = CARTESIAN_POINT ( 'NONE',  ( -0.1900348451210816800, -0.1670755555389874000, 0.1724999999999999000 ) ) ;
#2070 = EDGE_CURVE ( 'NONE', #3465, #300, #5598, .T. ) ;
#2071 = DIRECTION ( 'NONE',  ( 0.0000000000000000000, 1.000000000000000000, 3.244104004879253700E-016 ) ) ;
#2072 = DIRECTION ( 'NONE',  ( 1.000000000000000000, 1.365923996832131600E-016, -0.0000000000000000000 ) ) ;
#2073 = FILL_AREA_STYLE ('',( #4623 ) ) ;
#2074 = ADVANCED_FACE ( 'NONE', ( #27 ), #5040, .F. ) ;
#2075 = VECTOR ( 'NONE', #3996, 39.37007874015748900 ) ;
#2076 = VECTOR ( 'NONE', #1106, 39.37007874015748100 ) ;
#2077 = ORIENTED_EDGE ( 'NONE', *, *, #2820, .T. ) ;
#2078 = DIRECTION ( 'NONE',  ( 0.0000000000000000000, -0.8564912955534272900, -0.5161614676060311000 ) ) ;
#2079 =( NAMED_UNIT ( * ) SI_UNIT ( $, .STERADIAN. ) SOLID_ANGLE_UNIT ( ) );
#2080 = ORIENTED_EDGE ( 'NONE', *, *, #7956, .F. ) ;
#2081 = VERTEX_POINT ( 'NONE', #6459 ) ;
#2082 = UNCERTAINTY_MEASURE_WITH_UNIT (LENGTH_MEASURE( 1.000000000000000100E-005 ), #95, 'distance_accuracy_value', 'NONE');
#2083 = LINE ( 'NONE', #1764, #6007 ) ;
#2084 = CARTESIAN_POINT ( 'NONE',  ( -0.1150000000000000200, 0.07336898097372462900, -0.1080000000000000500 ) ) ;
#2085 = VECTOR ( 'NONE', #2630, 39.37007874015748100 ) ;
#2086 = ORIENTED_EDGE ( 'NONE', *, *, #3510, .F. ) ;
#2087 = CARTESIAN_POINT ( 'NONE',  ( -0.3160000000000000600, 0.1260000000000001100, -0.1080000000000000300 ) ) ;
#2088 = DIRECTION ( 'NONE',  ( -0.0000000000000000000, -0.0000000000000000000, -1.000000000000000000 ) ) ;
#2089 = CIRCLE ( 'NONE', #6125, 0.03000000000000001300 ) ;
#2090 = ADVANCED_FACE ( 'NONE', ( #6525 ), #4855, .F. ) ;
#2091 = DIRECTION ( 'NONE',  ( -1.000000000000000000, -0.0000000000000000000, 0.0000000000000000000 ) ) ;
#2092 = VECTOR ( 'NONE', #8135, 39.37007874015748100 ) ;
#2093 = FILL_AREA_STYLE_COLOUR ( '', #3971 ) ;
#2094 = CARTESIAN_POINT ( 'NONE',  ( 0.1820000000000000000, 0.1260000000000001100, -0.1080000000000000300 ) ) ;
#2095 = AXIS2_PLACEMENT_3D ( 'NONE', #1409, #6240, #6121 ) ;
#2096 = DIRECTION ( 'NONE',  ( -0.0000000000000000000, -0.0000000000000000000, -1.000000000000000000 ) ) ;
#2097 = ORIENTED_EDGE ( 'NONE', *, *, #2750, .T. ) ;
#2098 = ADVANCED_FACE ( 'NONE', ( #6958 ), #1142, .F. ) ;
#2099 = CARTESIAN_POINT ( 'NONE',  ( 0.2490000000000000000, -0.1510000000000001300, -0.02750000000000001400 ) ) ;
#2100 = EDGE_CURVE ( 'NONE', #7222, #4121, #8208, .T. ) ;
#2101 = DIRECTION ( 'NONE',  ( 0.0000000000000000000, -2.008711760047251600E-016, 1.000000000000000000 ) ) ;
#2102 = DIRECTION ( 'NONE',  ( 0.0000000000000000000, 0.0000000000000000000, 1.000000000000000000 ) ) ;
#2103 = AXIS2_PLACEMENT_3D ( 'NONE', #7393, #4049, #669 ) ;
#2104 = CARTESIAN_POINT ( 'NONE',  ( 0.01899999999999998900, 0.1260000000000001100, -0.09200000000000001200 ) ) ;
#2105 = EDGE_CURVE ( 'NONE', #77, #6775, #4743, .T. ) ;
#2106 = EDGE_LOOP ( 'NONE', ( #8243, #6106, #3024, #5335 ) ) ;
#2107 = ORIENTED_EDGE ( 'NONE', *, *, #1790, .F. ) ;
#2108 = CARTESIAN_POINT ( 'NONE',  ( 0.3540000000000000400, 0.05947333485074611500, -0.07970617080767200500 ) ) ;
#2109 = AXIS2_PLACEMENT_3D ( 'NONE', #2754, #172, #4118 ) ;
#2110 = EDGE_LOOP ( 'NONE', ( #2557, #5516, #4899, #151, #4488, #6840, #3900, #4667, #8132, #4534, #3657, #3953, #7195, #5641 ) ) ;
#2111 = ORIENTED_EDGE ( 'NONE', *, *, #4537, .T. ) ;
#2112 = VECTOR ( 'NONE', #4185, 39.37007874015748100 ) ;
#2113 = EDGE_CURVE ( 'NONE', #1385, #5896, #3829, .T. ) ;
#2114 = EDGE_CURVE ( 'NONE', #2891, #7452, #4955, .T. ) ;
#2115 = ADVANCED_FACE ( 'NONE', ( #3280 ), #1791, .F. ) ;
#2116 = ORIENTED_EDGE ( 'NONE', *, *, #585, .F. ) ;
#2117 = PRESENTATION_LAYER_ASSIGNMENT (  '', '', ( #2005 ) ) ;
#2118 = CARTESIAN_POINT ( 'NONE',  ( -0.2490000000000000300, 0.07336898097372462900, -0.1080000000000000500 ) ) ;
#2119 = CARTESIAN_POINT ( 'NONE',  ( -0.1820000000000000800, -1.707404996040164500E-017, 0.1584999999999999700 ) ) ;
#2120 = EDGE_LOOP ( 'NONE', ( #6632, #6307, #3499, #7061, #6829, #8233, #3016, #493, #4240, #3811, #6254, #6199 ) ) ;
#2121 = VECTOR ( 'NONE', #6892, 39.37007874015748100 ) ;
#2122 = ORIENTED_EDGE ( 'NONE', *, *, #4650, .T. ) ;
#2123 = EDGE_CURVE ( 'NONE', #621, #4126, #8525, .T. ) ;
#2124 = EDGE_LOOP ( 'NONE', ( #3210, #4140, #2796, #6386 ) ) ;
#2125 = FACE_OUTER_BOUND ( 'NONE', #8469, .T. ) ;
#2126 = CARTESIAN_POINT ( 'NONE',  ( -0.2200000000000000600, 0.1260000000000001100, -0.1080000000000000300 ) ) ;
#2127 = ORIENTED_EDGE ( 'NONE', *, *, #1081, .F. ) ;
#2128 = CARTESIAN_POINT ( 'NONE',  ( -0.1530000000000000200, -0.1510000000000001300, -0.01149999999999994900 ) ) ;
#2129 = CARTESIAN_POINT ( 'NONE',  ( 0.2199999999999999700, 0.05947333485074611500, -0.07970617080767200500 ) ) ;
#2130 = VERTEX_POINT ( 'NONE', #1816 ) ;
#2131 = DIRECTION ( 'NONE',  ( 0.0000000000000000000, 0.0000000000000000000, 1.000000000000000000 ) ) ;
#2132 = SURFACE_SIDE_STYLE ('',( #8524 ) ) ;
#2133 = UNCERTAINTY_MEASURE_WITH_UNIT (LENGTH_MEASURE( 1.000000000000000100E-005 ), #3227, 'distance_accuracy_value', 'NONE');
#2134 = ORIENTED_EDGE ( 'NONE', *, *, #7221, .F. ) ;
#2135 = CARTESIAN_POINT ( 'NONE',  ( 0.2500000000000000600, 0.1910000000000001700, -0.1275000000000000900 ) ) ;
#2136 = SURFACE_SIDE_STYLE ('',( #6080 ) ) ;
#2137 = DIRECTION ( 'NONE',  ( 0.0000000000000000000, -0.9925461516413225400, 0.1218693434051440200 ) ) ;
#2138 = EDGE_CURVE ( 'NONE', #7251, #790, #8630, .T. ) ;
#2139 = ADVANCED_FACE ( 'NONE', ( #7886 ), #3233, .F. ) ;
#2140 = DIRECTION ( 'NONE',  ( 0.0000000000000000000, -0.1218693434051409500, 0.9925461516413227600 ) ) ;
#2141 = ORIENTED_EDGE ( 'NONE', *, *, #5872, .F. ) ;
#2142 = SURFACE_SIDE_STYLE ('',( #120 ) ) ;
#2143 = CIRCLE ( 'NONE', #8618, 0.05999999999999997700 ) ;
#2144 = FACE_OUTER_BOUND ( 'NONE', #7396, .T. ) ;
#2145 = FACE_OUTER_BOUND ( 'NONE', #3659, .T. ) ;
#2146 = CARTESIAN_POINT ( 'NONE',  ( -0.3540000000000000400, 0.1260000000000001100, -0.09200000000000001200 ) ) ;
#2147 = ADVANCED_FACE ( 'NONE', ( #1267 ), #2958, .T. ) ;
#2148 = DIRECTION ( 'NONE',  ( -1.000000000000000000, -0.0000000000000000000, -0.0000000000000000000 ) ) ;
#2149 = DIRECTION ( 'NONE',  ( -1.000000000000000000, -0.0000000000000000000, -0.0000000000000000000 ) ) ;
#2150 = ORIENTED_EDGE ( 'NONE', *, *, #5918, .T. ) ;
#2151 = LINE ( 'NONE', #2499, #6281 ) ;
#2152 = STYLED_ITEM ( 'NONE', ( #1130 ), #1593 ) ;
#2153 = AXIS2_PLACEMENT_3D ( 'NONE', #5083, #2422, #7122 ) ;
#2154 = LENGTH_MEASURE_WITH_UNIT ( LENGTH_MEASURE( 0.02539999999999999900 ), #1595 );
#2155 = DIRECTION ( 'NONE',  ( 0.0000000000000000000, -1.000000000000000000, 0.0000000000000000000 ) ) ;
#2156 =( LENGTH_UNIT ( ) NAMED_UNIT ( * ) SI_UNIT ( $, .METRE. ) );
#2157 =( NAMED_UNIT ( * ) SI_UNIT ( $, .STERADIAN. ) SOLID_ANGLE_UNIT ( ) );
#2158 = ORIENTED_EDGE ( 'NONE', *, *, #3689, .F. ) ;
#2159 = COLOUR_RGB ( '',0.2509803921568627400, 0.2509803921568627400, 0.2509803921568627400 ) ;
#2160 = AXIS2_PLACEMENT_3D ( 'NONE', #7143, #6462, #2385 ) ;
#2161 = VERTEX_POINT ( 'NONE', #5263 ) ;
#2162 = VECTOR ( 'NONE', #3048, 39.37007874015748100 ) ;
#2163 = DIRECTION ( 'NONE',  ( 0.0000000000000000000, 0.0000000000000000000, 1.000000000000000000 ) ) ;
#2164 = DIRECTION ( 'NONE',  ( -1.000000000000000000, 0.0000000000000000000, -0.0000000000000000000 ) ) ;
#2165 = AXIS2_PLACEMENT_3D ( 'NONE', #3142, #2281, #676 ) ;
#2166 = CARTESIAN_POINT ( 'NONE',  ( -0.07690074414334510700, -0.1700000000000001000, -0.1885000000000000600 ) ) ;
#2167 = CARTESIAN_POINT ( 'NONE',  ( -0.2299999999999999300, 0.5019999999999998900, -0.1885000000000000300 ) ) ;
#2168 = EDGE_CURVE ( 'NONE', #2551, #861, #1774, .T. ) ;
#2169 = VECTOR ( 'NONE', #4593, 39.37007874015748100 ) ;
#2170 = SURFACE_STYLE_FILL_AREA ( #2073 ) ;
#2171 = LENGTH_MEASURE_WITH_UNIT ( LENGTH_MEASURE( 0.02539999999999999900 ), #3994 );
#2172 = DIRECTION ( 'NONE',  ( -1.000000000000000000, -1.365923996832131600E-016, 0.0000000000000000000 ) ) ;
#2173 = ORIENTED_EDGE ( 'NONE', *, *, #1785, .T. ) ;
#2174 = ORIENTED_EDGE ( 'NONE', *, *, #8673, .F. ) ;
#2175 = AXIS2_PLACEMENT_3D ( 'NONE', #5455, #4063, #8079 ) ;
#2176 = EDGE_LOOP ( 'NONE', ( #7313, #4209, #6808, #7645 ) ) ;
#2177 = EDGE_CURVE ( 'NONE', #3174, #389, #5087, .T. ) ;
#2178 = CARTESIAN_POINT ( 'NONE',  ( -0.1820000000000000800, -0.1450000000000001000, 0.1724999999999999000 ) ) ;
#2179 = DIRECTION ( 'NONE',  ( -1.000000000000000000, -0.0000000000000000000, -0.0000000000000000000 ) ) ;
#2180 = ORIENTED_EDGE ( 'NONE', *, *, #5256, .T. ) ;
#2181 = VECTOR ( 'NONE', #3534, 39.37007874015748100 ) ;
#2182 = ORIENTED_EDGE ( 'NONE', *, *, #2350, .F. ) ;
#2183 = DIRECTION ( 'NONE',  ( 0.0000000000000000000, -1.000000000000000000, 3.244104004879253700E-016 ) ) ;
#2184 = EDGE_LOOP ( 'NONE', ( #810, #2077, #4062, #6722 ) ) ;
#2185 = ORIENTED_EDGE ( 'NONE', *, *, #643, .F. ) ;
#2186 = B_SPLINE_CURVE_WITH_KNOTS ( 'NONE', 3,
 ( #8611, #5973, #6535, #5946, #2494, #7218, #7277, #8641 ),
 .UNSPECIFIED., .F., .F.,
 ( 4, 2, 2, 4 ),
 ( 0.0000000000000000000, 0.0001828119866143404500, 0.0003656239732286808900, 0.0007312479464573627600 ),
 .UNSPECIFIED. ) ;
#2187 = ADVANCED_FACE ( 'NONE', ( #1979 ), #5811, .T. ) ;
#2188 = LINE ( 'NONE', #6355, #242 ) ;
#2189 = COLOUR_RGB ( '',0.2509803921568627400, 0.2509803921568627400, 0.2509803921568627400 ) ;
#2190 = VECTOR ( 'NONE', #1220, 39.37007874015748100 ) ;
#2191 = DIRECTION ( 'NONE',  ( 0.0000000000000000000, 0.0000000000000000000, 1.000000000000000000 ) ) ;
#2192 = FACE_OUTER_BOUND ( 'NONE', #6124, .T. ) ;
#2193 = DIRECTION ( 'NONE',  ( -0.0000000000000000000, -0.0000000000000000000, -1.000000000000000000 ) ) ;
#2194 = CARTESIAN_POINT ( 'NONE',  ( 0.2140000000000001300, 0.5020000000000000000, -0.1275000000000000300 ) ) ;
#2195 = EDGE_LOOP ( 'NONE', ( #6526, #4411, #892, #7517 ) ) ;
#2196 = PRESENTATION_LAYER_ASSIGNMENT (  '', '', ( #449 ) ) ;
#2197 = ORIENTED_EDGE ( 'NONE', *, *, #8171, .F. ) ;
#2198 = CARTESIAN_POINT ( 'NONE',  ( -0.3250992558566549500, -0.1700000000000001000, -0.1885000000000000600 ) ) ;
#2199 = PLANE ( 'NONE',  #3400 ) ;
#2200 = ADVANCED_FACE ( 'NONE', ( #1359 ), #2648, .F. ) ;
#2201 = DIRECTION ( 'NONE',  ( -1.000000000000000000, -0.0000000000000000000, -0.0000000000000000000 ) ) ;
#2202 = CARTESIAN_POINT ( 'NONE',  ( 0.1820000000000000000, 0.04359259642448493800, -0.08165608030215425200 ) ) ;
#2203 = DIRECTION ( 'NONE',  ( 1.000000000000000000, 1.365923996832131600E-016, -0.0000000000000000000 ) ) ;
#2204 = FACE_OUTER_BOUND ( 'NONE', #1766, .T. ) ;
#2205 = CARTESIAN_POINT ( 'NONE',  ( 0.3858072634978771400, 0.5503664192538791900, -0.1141955524855212100 ) ) ;
#2206 = LINE ( 'NONE', #8151, #3722 ) ;
#2207 = FILL_AREA_STYLE ('',( #230 ) ) ;
#2208 = FILL_AREA_STYLE ('',( #4296 ) ) ;
#2209 = VECTOR ( 'NONE', #4766, 39.37007874015748100 ) ;
#2210 = DIMENSIONAL_EXPONENTS ( 1.000000000000000000, 0.0000000000000000000, 0.0000000000000000000, 0.0000000000000000000, 0.0000000000000000000, 0.0000000000000000000, 0.0000000000000000000 ) ;
#2211 = LINE ( 'NONE', #2000, #7375 ) ;
#2212 = PRESENTATION_LAYER_ASSIGNMENT (  '', '', ( #1759 ) ) ;
#2213 =( LENGTH_UNIT ( ) NAMED_UNIT ( * ) SI_UNIT ( $, .METRE. ) );
#2214 = CARTESIAN_POINT ( 'NONE',  ( -0.3735022702666221400, 0.5271434183545700100, -0.01531998759375073500 ) ) ;
#2215 = DIRECTION ( 'NONE',  ( -0.0000000000000000000, -1.000000000000000000, -0.0000000000000000000 ) ) ;
#2216 = DIRECTION ( 'NONE',  ( -1.000000000000000000, -0.0000000000000000000, -0.0000000000000000000 ) ) ;
#2217 = ORIENTED_EDGE ( 'NONE', *, *, #3347, .T. ) ;
#2218 = ORIENTED_EDGE ( 'NONE', *, *, #7321, .T. ) ;
#2219 = PLANE ( 'NONE',  #690 ) ;
#2220 =( CONVERSION_BASED_UNIT ( 'INCH', #2836 ) LENGTH_UNIT ( ) NAMED_UNIT ( #3785 ) );
#2221 = CARTESIAN_POINT ( 'NONE',  ( 0.08599999999999997900, 0.1260000000000001100, -0.1080000000000000300 ) ) ;
#2222 = ORIENTED_EDGE ( 'NONE', *, *, #6966, .T. ) ;
#2223 = ORIENTED_EDGE ( 'NONE', *, *, #2113, .T. ) ;
#2224 = FACE_OUTER_BOUND ( 'NONE', #2465, .T. ) ;
#2225 = CARTESIAN_POINT ( 'NONE',  ( 0.1530000000000000200, 0.06137810283597668100, -0.08522626054648445300 ) ) ;
#2226 = STYLED_ITEM ( 'NONE', ( #1716 ), #4906 ) ;
#2227 = DIRECTION ( 'NONE',  ( 0.0000000000000000000, -0.0000000000000000000, -1.000000000000000000 ) ) ;
#2228 = DIRECTION ( 'NONE',  ( -1.000000000000000000, -0.0000000000000000000, -0.0000000000000000000 ) ) ;
#2229 = EDGE_CURVE ( 'NONE', #4683, #6497, #4453, .T. ) ;
#2230 = EDGE_LOOP ( 'NONE', ( #7161, #3354, #8030, #997 ) ) ;
#2231 = CARTESIAN_POINT ( 'NONE',  ( 0.3160000000000000600, -0.1450000000000001000, -0.07800000000000002800 ) ) ;
#2232 = DIRECTION ( 'NONE',  ( 0.0000000000000000000, -1.000000000000000000, -2.008711760047251600E-016 ) ) ;
#2233 = VERTEX_POINT ( 'NONE', #7284 ) ;
#2234 = COLOUR_RGB ( '',0.2509803921568627400, 0.2509803921568627400, 0.2509803921568627400 ) ;
#2235 = DIRECTION ( 'NONE',  ( 1.000000000000000000, 0.0000000000000000000, 0.0000000000000000000 ) ) ;
#2236 = PLANE ( 'NONE',  #2449 ) ;
#2237 = VERTEX_POINT ( 'NONE', #615 ) ;
#2238 = ORIENTED_EDGE ( 'NONE', *, *, #378, .T. ) ;
#2239 = MECHANICAL_DESIGN_GEOMETRIC_PRESENTATION_REPRESENTATION (  '', ( #8107 ), #8564 ) ;
#2240 = CARTESIAN_POINT ( 'NONE',  ( 0.3540000000000000400, 0.1260000000000001100, -0.09200000000000001200 ) ) ;
#2241 = EDGE_CURVE ( 'NONE', #899, #3224, #860, .T. ) ;
#2242 = SURFACE_STYLE_USAGE ( .BOTH. , #8221 ) ;
#2243 = ORIENTED_EDGE ( 'NONE', *, *, #142, .T. ) ;
#2244 = CARTESIAN_POINT ( 'NONE',  ( -0.04800000000000004300, -1.340010956295959200E-017, 0.1884999999999999200 ) ) ;
#2245 = LINE ( 'NONE', #5920, #3005 ) ;
#2246 = EDGE_CURVE ( 'NONE', #7452, #1058, #4252, .T. ) ;
#2247 = ORIENTED_EDGE ( 'NONE', *, *, #7726, .T. ) ;
#2248 = VECTOR ( 'NONE', #6983, 39.37007874015748900 ) ;
#2249 = ADVANCED_FACE ( 'NONE', ( #6216 ), #8417, .T. ) ;
#2250 = SURFACE_STYLE_USAGE ( .BOTH. , #4944 ) ;
#2251 = AXIS2_PLACEMENT_3D ( 'NONE', #6741, #8659, #675 ) ;
#2252 = CARTESIAN_POINT ( 'NONE',  ( 0.1530000000000000200, 0.07336898097372462900, -0.09199999999999999800 ) ) ;
#2253 = MECHANICAL_DESIGN_GEOMETRIC_PRESENTATION_REPRESENTATION (  '', ( #8114 ), #1242 ) ;
#2254 = EDGE_CURVE ( 'NONE', #1771, #3095, #1970, .T. ) ;
#2255 = VECTOR ( 'NONE', #1796, 39.37007874015748100 ) ;
#2256 = ORIENTED_EDGE ( 'NONE', *, *, #7115, .T. ) ;
#2257 = ORIENTED_EDGE ( 'NONE', *, *, #5583, .T. ) ;
#2258 = CARTESIAN_POINT ( 'NONE',  ( 0.2490000000000000000, 0.01199087813774794300, -0.03427373945351554900 ) ) ;
#2259 = ORIENTED_EDGE ( 'NONE', *, *, #920, .F. ) ;
#2260 = CARTESIAN_POINT ( 'NONE',  ( -0.08600000000000002100, 0.07336898097372462900, -0.1080000000000000500 ) ) ;
#2261 = FILL_AREA_STYLE ('',( #1618 ) ) ;
#2262 = LINE ( 'NONE', #1292, #4306 ) ;
#2263 = CARTESIAN_POINT ( 'NONE',  ( 0.2490000000000000000, 0.1260000000000001100, -0.09200000000000001200 ) ) ;
#2264 = VECTOR ( 'NONE', #6519, 39.37007874015748100 ) ;
#2265 = DIRECTION ( 'NONE',  ( 0.0000000000000000000, -1.000000000000000000, -2.008711760047251600E-016 ) ) ;
#2266 = ORIENTED_EDGE ( 'NONE', *, *, #8404, .F. ) ;
#2267 = CARTESIAN_POINT ( 'NONE',  ( -0.3160000000000000600, 0.01389564612297849500, 0.1602061708076718500 ) ) ;
#2268 = FACE_OUTER_BOUND ( 'NONE', #1607, .T. ) ;
#2269 = VECTOR ( 'NONE', #7133, 39.37007874015748100 ) ;
#2270 = VECTOR ( 'NONE', #6465, 39.37007874015748100 ) ;
#2271 = DIRECTION ( 'NONE',  ( -1.000000000000000000, -0.0000000000000000000, -0.0000000000000000000 ) ) ;
#2272 = ORIENTED_EDGE ( 'NONE', *, *, #5433, .T. ) ;
#2273 = VECTOR ( 'NONE', #1048, 39.37007874015748100 ) ;
#2274 = DIRECTION ( 'NONE',  ( -1.000000000000000000, -0.0000000000000000000, -0.0000000000000000000 ) ) ;
#2275 = LENGTH_MEASURE_WITH_UNIT ( LENGTH_MEASURE( 0.02539999999999999900 ), #1143 );
#2276 = AXIS2_PLACEMENT_3D ( 'NONE', #158, #4812, #7495 ) ;
#2277 = LINE ( 'NONE', #1886, #6708 ) ;
#2278 = FACE_OUTER_BOUND ( 'NONE', #3869, .T. ) ;
#2279 = EDGE_CURVE ( 'NONE', #5661, #5306, #4241, .T. ) ;
#2280 = ORIENTED_EDGE ( 'NONE', *, *, #6999, .F. ) ;
#2281 = DIRECTION ( 'NONE',  ( -1.000000000000000000, -0.0000000000000000000, -0.0000000000000000000 ) ) ;
#2282 = DIRECTION ( 'NONE',  ( 0.0000000000000000000, 0.0000000000000000000, 1.000000000000000000 ) ) ;
#2283 = EDGE_LOOP ( 'NONE', ( #743, #7242, #177, #7680 ) ) ;
#2284 = CARTESIAN_POINT ( 'NONE',  ( 0.2199999999999999700, -2.134256245050205600E-017, 0.1884999999999999200 ) ) ;
#2285 = ADVANCED_FACE ( 'NONE', ( #1765 ), #1959, .F. ) ;
#2286 = CARTESIAN_POINT ( 'NONE',  ( 0.2870000000000000300, 0.01199087813774794300, -0.03427373945351554900 ) ) ;
#2287 = VECTOR ( 'NONE', #1138, 39.37007874015748100 ) ;
#2288 = VECTOR ( 'NONE', #7904, 39.37007874015748100 ) ;
#2289 = EDGE_LOOP ( 'NONE', ( #4881, #6528, #4882, #6788 ) ) ;
#2290 = PRESENTATION_STYLE_ASSIGNMENT (( #2242 ) ) ;
#2291 = ORIENTED_EDGE ( 'NONE', *, *, #3121, .F. ) ;
#2292 = DIRECTION ( 'NONE',  ( 1.000000000000000000, 0.0000000000000000000, -0.0000000000000000000 ) ) ;
#2293 = CARTESIAN_POINT ( 'NONE',  ( 0.1910992558566549100, -0.1700000000000001000, 0.1884999999999999200 ) ) ;
#2294 = AXIS2_PLACEMENT_3D ( 'NONE', #6384, #1637, #4273 ) ;
#2295 = VERTEX_POINT ( 'NONE', #4715 ) ;
#2296 = EDGE_CURVE ( 'NONE', #6147, #5647, #4139, .T. ) ;
#2297 = VECTOR ( 'NONE', #751, 39.37007874015748900 ) ;
#2298 = EDGE_CURVE ( 'NONE', #2919, #3103, #5891, .T. ) ;
#2299 = VECTOR ( 'NONE', #3416, 39.37007874015748100 ) ;
#2300 = DIRECTION ( 'NONE',  ( 0.9396926207859102000, 0.3420201433256638300, 0.0000000000000000000 ) ) ;
#2301 = LINE ( 'NONE', #7078, #1258 ) ;
#2302 = STYLED_ITEM ( 'NONE', ( #3337 ), #1991 ) ;
#2303 = VECTOR ( 'NONE', #4754, 39.37007874015748100 ) ;
#2304 = ORIENTED_EDGE ( 'NONE', *, *, #2051, .T. ) ;
#2305 = ORIENTED_EDGE ( 'NONE', *, *, #657, .T. ) ;
#2306 = ORIENTED_EDGE ( 'NONE', *, *, #190, .F. ) ;
#2307 = EDGE_CURVE ( 'NONE', #2561, #1771, #6617, .T. ) ;
#2308 = CARTESIAN_POINT ( 'NONE',  ( 0.3619700643203998000, 0.5156112124083476200, 0.07860229271103672000 ) ) ;
#2309 = CARTESIAN_POINT ( 'NONE',  ( -0.1150000000000000200, 0.02569473886660282200, -0.02601515597181902300 ) ) ;
#2310 = DIRECTION ( 'NONE',  ( 0.0000000000000000000, -1.000000000000000000, 0.0000000000000000000 ) ) ;
#2311 = SURFACE_SIDE_STYLE ('',( #4605 ) ) ;
#2312 = FACE_OUTER_BOUND ( 'NONE', #4539, .T. ) ;
#2313 = LINE ( 'NONE', #6837, #5397 ) ;
#2314 = ORIENTED_EDGE ( 'NONE', *, *, #1244, .F. ) ;
#2315 = PLANE ( 'NONE',  #4860 ) ;
#2316 = DIRECTION ( 'NONE',  ( 0.0000000000000000000, -1.000000000000000000, -2.008711760047251600E-016 ) ) ;
#2317 = CARTESIAN_POINT ( 'NONE',  ( -0.1820000000000000800, 0.05947333485074611500, -0.07970617080767200500 ) ) ;
#2318 = SURFACE_SIDE_STYLE ('',( #3009 ) ) ;
#2319 = CARTESIAN_POINT ( 'NONE',  ( -0.3789999999999999500, 0.1358841571526839800, -0.1885000000000000300 ) ) ;
#2320 = EDGE_CURVE ( 'NONE', #889, #4834, #7987, .T. ) ;
#2321 = DIRECTION ( 'NONE',  ( -0.0000000000000000000, 0.8564912955534271800, 0.5161614676060311000 ) ) ;
#2322 = CARTESIAN_POINT ( 'NONE',  ( 0.3841158428473162600, 0.5332541197852104200, -0.01150000000000003500 ) ) ;
#2323 = FILL_AREA_STYLE ('',( #6963 ) ) ;
#2324 = LINE ( 'NONE', #7475, #3621 ) ;
#2325 = DIRECTION ( 'NONE',  ( 0.0000000000000000000, 0.0000000000000000000, -1.000000000000000000 ) ) ;
#2326 = ORIENTED_EDGE ( 'NONE', *, *, #8103, .T. ) ;
#2327 = CARTESIAN_POINT ( 'NONE',  ( -0.1820000000000000800, -0.1700000000000001000, 0.1884999999999998900 ) ) ;
#2328 = DIRECTION ( 'NONE',  ( 0.0000000000000000000, 0.0000000000000000000, 1.000000000000000000 ) ) ;
#2329 = DIRECTION ( 'NONE',  ( 0.0000000000000000000, 0.0000000000000000000, 1.000000000000000000 ) ) ;
#2330 =( GEOMETRIC_REPRESENTATION_CONTEXT ( 3 ) GLOBAL_UNCERTAINTY_ASSIGNED_CONTEXT ( ( #2361 ) ) GLOBAL_UNIT_ASSIGNED_CONTEXT ( ( #8507, #7854, #7224 ) ) REPRESENTATION_CONTEXT ( 'NONE', 'WORKASPACE' ) );
#2331 = DIMENSIONAL_EXPONENTS ( 1.000000000000000000, 0.0000000000000000000, 0.0000000000000000000, 0.0000000000000000000, 0.0000000000000000000, 0.0000000000000000000, 0.0000000000000000000 ) ;
#2332 = CARTESIAN_POINT ( 'NONE',  ( -0.1530000000000000200, -2.134256245050205600E-018, -0.02749999999999999700 ) ) ;
#2333 =( GEOMETRIC_REPRESENTATION_CONTEXT ( 3 ) GLOBAL_UNCERTAINTY_ASSIGNED_CONTEXT ( ( #1296 ) ) GLOBAL_UNIT_ASSIGNED_CONTEXT ( ( #7721, #8342, #5670 ) ) REPRESENTATION_CONTEXT ( 'NONE', 'WORKASPACE' ) );
#2334 = ORIENTED_EDGE ( 'NONE', *, *, #4982, .F. ) ;
#2335 = VERTEX_POINT ( 'NONE', #3500 ) ;
#2336 = ORIENTED_EDGE ( 'NONE', *, *, #8576, .T. ) ;
#2337 = ORIENTED_EDGE ( 'NONE', *, *, #2254, .T. ) ;
#2338 = FACE_OUTER_BOUND ( 'NONE', #3638, .T. ) ;
#2339 = AXIS2_PLACEMENT_3D ( 'NONE', #7901, #571, #8268 ) ;
#2340 = DIRECTION ( 'NONE',  ( 0.0000000000000000000, -1.000000000000000000, 0.0000000000000000000 ) ) ;
#2341 = ORIENTED_EDGE ( 'NONE', *, *, #692, .F. ) ;
#2342 = DIRECTION ( 'NONE',  ( -0.0000000000000000000, -1.000000000000000000, -0.0000000000000000000 ) ) ;
#2343 = ORIENTED_EDGE ( 'NONE', *, *, #4475, .F. ) ;
#2344 = FILL_AREA_STYLE_COLOUR ( '', #3585 ) ;
#2345 = ORIENTED_EDGE ( 'NONE', *, *, #7045, .T. ) ;
#2346 = ORIENTED_EDGE ( 'NONE', *, *, #1552, .F. ) ;
#2347 =( LENGTH_UNIT ( ) NAMED_UNIT ( * ) SI_UNIT ( $, .METRE. ) );
#2348 = LINE ( 'NONE', #1604, #3870 ) ;
#2349 = DIRECTION ( 'NONE',  ( -1.000000000000000000, -0.0000000000000000000, -0.0000000000000000000 ) ) ;
#2350 = EDGE_CURVE ( 'NONE', #2081, #943, #7358, .T. ) ;
#2351 = VERTEX_POINT ( 'NONE', #763 ) ;
#2352 = SURFACE_STYLE_USAGE ( .BOTH. , #6367 ) ;
#2353 = AXIS2_PLACEMENT_3D ( 'NONE', #7859, #4541, #4513 ) ;
#2354 = PRESENTATION_STYLE_ASSIGNMENT (( #7186 ) ) ;
#2355 = ORIENTED_EDGE ( 'NONE', *, *, #5635, .T. ) ;
#2356 = EDGE_CURVE ( 'NONE', #8395, #3945, #7790, .T. ) ;
#2357 = VERTEX_POINT ( 'NONE', #4133 ) ;
#2358 = DIRECTION ( 'NONE',  ( -0.0000000000000000000, 1.000000000000000000, 0.0000000000000000000 ) ) ;
#2359 = LENGTH_MEASURE_WITH_UNIT ( LENGTH_MEASURE( 0.02539999999999999900 ), #1658 );
#2360 = SURFACE_SIDE_STYLE ('',( #407 ) ) ;
#2361 = UNCERTAINTY_MEASURE_WITH_UNIT (LENGTH_MEASURE( 1.000000000000000100E-005 ), #8507, 'distance_accuracy_value', 'NONE');
#2362 = STYLED_ITEM ( 'NONE', ( #8073 ), #3038 ) ;
#2363 = CARTESIAN_POINT ( 'NONE',  ( 0.01899999999999998900, 0.1260000000000001100, -0.1080000000000000300 ) ) ;
#2364 = EDGE_LOOP ( 'NONE', ( #8244, #2664, #2197, #2647, #2002, #2979 ) ) ;
#2365 = EDGE_CURVE ( 'NONE', #6729, #6197, #5993, .T. ) ;
#2366 = LINE ( 'NONE', #1042, #4406 ) ;
#2367 = AXIS2_PLACEMENT_3D ( 'NONE', #7156, #8693, #3336 ) ;
#2368 = LINE ( 'NONE', #5730, #2270 ) ;
#2369 = CARTESIAN_POINT ( 'NONE',  ( -0.2299999999999999300, 0.5019999999999998900, 0.8807583994195136200 ) ) ;
#2370 = CARTESIAN_POINT ( 'NONE',  ( -0.08600000000000002100, -0.1450000000000001000, 0.1724999999999999300 ) ) ;
#2371 = VERTEX_POINT ( 'NONE', #186 ) ;
#2372 = LINE ( 'NONE', #6706, #3999 ) ;
#2373 = CARTESIAN_POINT ( 'NONE',  ( -0.2490000000000000300, 0.0000000000000000000, -0.04149999999999996100 ) ) ;
#2374 = CARTESIAN_POINT ( 'NONE',  ( -0.01900000000000002400, 0.1260000000000001100, -0.1080000000000000300 ) ) ;
#2375 = LINE ( 'NONE', #4926, #5050 ) ;
#2376 = CARTESIAN_POINT ( 'NONE',  ( 0.3540000000000000400, 0.1260000000000001100, -0.1080000000000000300 ) ) ;
#2377 = EDGE_LOOP ( 'NONE', ( #984, #5497, #2620, #1539, #7659, #4753, #8046, #457, #2007, #7448, #5884, #7644 ) ) ;
#2378 = CARTESIAN_POINT ( 'NONE',  ( -0.1150000000000000200, 0.07336898097372462900, -0.09199999999999999800 ) ) ;
#2379 = AXIS2_PLACEMENT_3D ( 'NONE', #3688, #7669, #4365 ) ;
#2380 = COLOUR_RGB ( '',1.000000000000000000, 1.000000000000000000, 1.000000000000000000 ) ;
#2381 = EDGE_LOOP ( 'NONE', ( #3475, #6060, #7205, #295 ) ) ;
#2382 = LINE ( 'NONE', #8313, #1038 ) ;
#2383 = CARTESIAN_POINT ( 'NONE',  ( 0.08599999999999997900, -0.1450000000000001000, -0.07800000000000002800 ) ) ;
#2384 = CARTESIAN_POINT ( 'NONE',  ( -0.3160000000000000600, 0.04359259642448493800, -0.08165608030215425200 ) ) ;
#2385 = DIRECTION ( 'NONE',  ( -0.3420201433256637700, 0.9396926207859100900, 0.0000000000000000000 ) ) ;
#2386 = DIRECTION ( 'NONE',  ( 0.0000000000000000000, 0.0000000000000000000, -1.000000000000000000 ) ) ;
#2387 = CARTESIAN_POINT ( 'NONE',  ( -0.1150000000000000200, 0.07336898097372462900, -0.07800000000000002800 ) ) ;
#2388 = CIRCLE ( 'NONE', #904, 0.01999999999999999000 ) ;
#2389 = DIRECTION ( 'NONE',  ( 0.0000000000000000000, -1.000000000000000000, -2.008711760047251600E-016 ) ) ;
#2390 = ORIENTED_EDGE ( 'NONE', *, *, #803, .T. ) ;
#2391 = AXIS2_PLACEMENT_3D ( 'NONE', #5204, #5861, #1183 ) ;
#2392 = EDGE_LOOP ( 'NONE', ( #3375, #2097, #6026, #7823, #1136, #5789 ) ) ;
#2393 = EDGE_CURVE ( 'NONE', #1704, #794, #6835, .T. ) ;
#2394 = LINE ( 'NONE', #2912, #5991 ) ;
#2395 = SURFACE_STYLE_FILL_AREA ( #8476 ) ;
#2396 = PLANE ( 'NONE',  #5914 ) ;
#2397 = LINE ( 'NONE', #4836, #850 ) ;
#2398 = ORIENTED_EDGE ( 'NONE', *, *, #3121, .T. ) ;
#2399 = ORIENTED_EDGE ( 'NONE', *, *, #1728, .T. ) ;
#2400 = ORIENTED_EDGE ( 'NONE', *, *, #4807, .T. ) ;
#2401 = DIRECTION ( 'NONE',  ( 0.0000000000000000000, 0.0000000000000000000, 1.000000000000000000 ) ) ;
#2402 = DIRECTION ( 'NONE',  ( -1.000000000000000000, -0.0000000000000000000, -0.0000000000000000000 ) ) ;
#2403 = AXIS2_PLACEMENT_3D ( 'NONE', #700, #2740, #8095 ) ;
#2404 = LINE ( 'NONE', #7658, #1462 ) ;
#2405 = EDGE_CURVE ( 'NONE', #5126, #1577, #4642, .T. ) ;
#2406 = LINE ( 'NONE', #1746, #7168 ) ;
#2407 = CARTESIAN_POINT ( 'NONE',  ( 0.2870000000000000300, 0.1260000000000001100, -0.1080000000000000300 ) ) ;
#2408 = CYLINDRICAL_SURFACE ( 'NONE', #8607, 0.03000000000000001300 ) ;
#2409 = PRESENTATION_STYLE_ASSIGNMENT (( #3150 ) ) ;
#2410 = EDGE_CURVE ( 'NONE', #3115, #503, #2616, .T. ) ;
#2411 = FILL_AREA_STYLE ('',( #4511 ) ) ;
#2412 = ORIENTED_EDGE ( 'NONE', *, *, #6871, .T. ) ;
#2413 = EDGE_CURVE ( 'NONE', #4956, #5330, #2397, .T. ) ;
#2414 = DIRECTION ( 'NONE',  ( 0.0000000000000000000, 0.0000000000000000000, -1.000000000000000000 ) ) ;
#2415 = DIRECTION ( 'NONE',  ( 0.0000000000000000000, -0.5161614676060311000, 0.8564912955534271800 ) ) ;
#2416 = DIRECTION ( 'NONE',  ( -1.000000000000000000, -0.0000000000000000000, -0.0000000000000000000 ) ) ;
#2418 = AXIS2_PLACEMENT_3D ( 'NONE', #6964, #6249, #2232 ) ;
#2417 = SURFACE_STYLE_FILL_AREA ( #4170 ) ;
#2419 = VECTOR ( 'NONE', #7119, 39.37007874015748100 ) ;
#2420 = LINE ( 'NONE', #6900, #2965 ) ;
#2421 = EDGE_CURVE ( 'NONE', #4779, #5931, #7160, .T. ) ;
#2422 = DIRECTION ( 'NONE',  ( 0.0000000000000000000, 0.0000000000000000000, 1.000000000000000000 ) ) ;
#2423 = ADVANCED_FACE ( 'NONE', ( #5787 ), #786, .F. ) ;
#2424 = DIRECTION ( 'NONE',  ( 0.0000000000000000000, 0.0000000000000000000, -1.000000000000000000 ) ) ;
#2425 = CARTESIAN_POINT ( 'NONE',  ( -0.1353978982977265500, -0.01696177787387360300, 0.1884999999999999200 ) ) ;
#2426 = LINE ( 'NONE', #3487, #3731 ) ;
#2427 = CARTESIAN_POINT ( 'NONE',  ( -0.1439007441433451100, -0.1760000000000001600, -0.02750000000000001400 ) ) ;
#2428 = CARTESIAN_POINT ( 'NONE',  ( -0.3250992558566549500, -0.1700000000000001000, 0.1724999999999998800 ) ) ;
#2429 = DIRECTION ( 'NONE',  ( -1.000000000000000000, -0.0000000000000000000, -0.0000000000000000000 ) ) ;
#2430 = EDGE_CURVE ( 'NONE', #8264, #4320, #3602, .T. ) ;
#2431 = DIRECTION ( 'NONE',  ( 0.0000000000000000000, -1.000000000000000000, -1.455174712534229700E-016 ) ) ;
#2432 = ORIENTED_EDGE ( 'NONE', *, *, #371, .F. ) ;
#2433 = FILL_AREA_STYLE_COLOUR ( '', #1225 ) ;
#2434 = CARTESIAN_POINT ( 'NONE',  ( 0.3540000000000000400, -2.134256245050205600E-017, 0.1884999999999999200 ) ) ;
#2435 = ORIENTED_EDGE ( 'NONE', *, *, #4218, .F. ) ;
#2436 = EDGE_LOOP ( 'NONE', ( #301, #716, #4640, #7268 ) ) ;
#2437 = CYLINDRICAL_SURFACE ( 'NONE', #1233, 0.03000000000000002300 ) ;
#2438 = DIRECTION ( 'NONE',  ( -1.000000000000000000, -0.0000000000000000000, -0.0000000000000000000 ) ) ;
#2439 = DIRECTION ( 'NONE',  ( -0.0000000000000000000, 0.0000000000000000000, 1.000000000000000000 ) ) ;
#2440 = ORIENTED_EDGE ( 'NONE', *, *, #6036, .T. ) ;
#2441 = CARTESIAN_POINT ( 'NONE',  ( -0.2299999999999999300, 0.5019999999999998900, -0.1275000000000000300 ) ) ;
#2442 = VERTEX_POINT ( 'NONE', #5521 ) ;
#2443 = VECTOR ( 'NONE', #7542, 39.37007874015748100 ) ;
#2444 = ORIENTED_EDGE ( 'NONE', *, *, #8669, .F. ) ;
#2445 = DIRECTION ( 'NONE',  ( 0.0000000000000000000, 0.0000000000000000000, 1.000000000000000000 ) ) ;
#2446 = ORIENTED_EDGE ( 'NONE', *, *, #7727, .T. ) ;
#2447 = LINE ( 'NONE', #3879, #6666 ) ;
#2448 = CARTESIAN_POINT ( 'NONE',  ( -0.1939999999999999200, 0.5220000000000000200, -0.1275000000000000900 ) ) ;
#2449 = AXIS2_PLACEMENT_3D ( 'NONE', #3477, #8155, #6190 ) ;
#2450 = CARTESIAN_POINT ( 'NONE',  ( -0.2490000000000000300, -0.1760000000000001600, -0.02750000000000002100 ) ) ;
#2451 = EDGE_CURVE ( 'NONE', #2081, #1644, #7477, .T. ) ;
#2452 = ORIENTED_EDGE ( 'NONE', *, *, #3698, .T. ) ;
#2453 = FILL_AREA_STYLE_COLOUR ( '', #936 ) ;
#2454 = FACE_OUTER_BOUND ( 'NONE', #5435, .T. ) ;
#2455 = ORIENTED_EDGE ( 'NONE', *, *, #2870, .T. ) ;
#2456 = LINE ( 'NONE', #2069, #8040 ) ;
#2457 = AXIS2_PLACEMENT_3D ( 'NONE', #4391, #6336, #6399 ) ;
#2458 =( CONVERSION_BASED_UNIT ( 'INCH', #3377 ) LENGTH_UNIT ( ) NAMED_UNIT ( #1670 ) );
#2459 = DIRECTION ( 'NONE',  ( -1.000000000000000000, -0.0000000000000000000, -0.0000000000000000000 ) ) ;
#2460 = VECTOR ( 'NONE', #239, 39.37007874015748100 ) ;
#2461 = PRESENTATION_LAYER_ASSIGNMENT (  '', '', ( #5479 ) ) ;
#2462 = DIRECTION ( 'NONE',  ( -1.000000000000000000, 0.0000000000000000000, 0.0000000000000000000 ) ) ;
#2463 =( NAMED_UNIT ( * ) SI_UNIT ( $, .STERADIAN. ) SOLID_ANGLE_UNIT ( ) );
#2464 = DIMENSIONAL_EXPONENTS ( 1.000000000000000000, 0.0000000000000000000, 0.0000000000000000000, 0.0000000000000000000, 0.0000000000000000000, 0.0000000000000000000, 0.0000000000000000000 ) ;
#2465 = EDGE_LOOP ( 'NONE', ( #4721, #6672, #2519, #8017, #1611, #2653, #1118, #7673, #7946, #4114, #8567, #4283 ) ) ;
#2466 = EDGE_CURVE ( 'NONE', #776, #8494, #7582, .T. ) ;
#2467 = ORIENTED_EDGE ( 'NONE', *, *, #6263, .F. ) ;
#2468 = ORIENTED_EDGE ( 'NONE', *, *, #3169, .F. ) ;
#2469 = DIRECTION ( 'NONE',  ( 0.0000000000000000000, -1.000000000000000000, 3.244104004879253700E-016 ) ) ;
#2470 = FILL_AREA_STYLE_COLOUR ( '', #2587 ) ;
#2471 =( GEOMETRIC_REPRESENTATION_CONTEXT ( 3 ) GLOBAL_UNCERTAINTY_ASSIGNED_CONTEXT ( ( #4247 ) ) GLOBAL_UNIT_ASSIGNED_CONTEXT ( ( #3256, #7364, #5384 ) ) REPRESENTATION_CONTEXT ( 'NONE', 'WORKASPACE' ) );
#2472 = LINE ( 'NONE', #7443, #4094 ) ;
#2473 = AXIS2_PLACEMENT_3D ( 'NONE', #2034, #6699, #4745 ) ;
#2474 = FILL_AREA_STYLE_COLOUR ( '', #7148 ) ;
#2475 = CARTESIAN_POINT ( 'NONE',  ( 0.1530000000000000200, 0.07336898097372462900, -0.1080000000000000500 ) ) ;
#2476 = LINE ( 'NONE', #5933, #3231 ) ;
#2477 = EDGE_CURVE ( 'NONE', #3115, #6271, #18, .T. ) ;
#2478 = DIRECTION ( 'NONE',  ( -1.000000000000000000, -0.0000000000000000000, -0.0000000000000000000 ) ) ;
#2479 = CARTESIAN_POINT ( 'NONE',  ( -0.3310853089505939000, -0.02987660912856076500, -0.02750000000000000000 ) ) ;
#2480 = CARTESIAN_POINT ( 'NONE',  ( -0.1530000000000000200, 0.0000000000000000000, -0.01149999999999994900 ) ) ;
#2481 = MANIFOLD_SOLID_BREP ( 'Boss-Extrude2', #6730 ) ;
#2482 = ORIENTED_EDGE ( 'NONE', *, *, #4084, .F. ) ;
#2483 = VECTOR ( 'NONE', #5807, 39.37007874015748100 ) ;
#2484 = DIRECTION ( 'NONE',  ( 1.000000000000000000, 0.0000000000000000000, 0.0000000000000000000 ) ) ;
#2485 = LINE ( 'NONE', #368, #6791 ) ;
#2486 = FILL_AREA_STYLE ('',( #416 ) ) ;
#2487 = LINE ( 'NONE', #8279, #7756 ) ;
#2488 = DIRECTION ( 'NONE',  ( 0.0000000000000000000, 0.0000000000000000000, -1.000000000000000000 ) ) ;
#2489 = VERTEX_POINT ( 'NONE', #8210 ) ;
#2490 = VERTEX_POINT ( 'NONE', #7579 ) ;
#2491 = CARTESIAN_POINT ( 'NONE',  ( 0.1150000000000000000, -0.1760000000000001600, -0.01149999999999994900 ) ) ;
#2492 = PRESENTATION_LAYER_ASSIGNMENT (  '', '', ( #3597 ) ) ;
#2493 = CARTESIAN_POINT ( 'NONE',  ( 0.2140000000000000000, 0.5320000000000001400, -0.1275000000000000300 ) ) ;
#2494 = CARTESIAN_POINT ( 'NONE',  ( -0.3911036256600996500, 0.5459576583625488400, -0.09903195879868069400 ) ) ;
#2495 = DIRECTION ( 'NONE',  ( 0.0000000000000000000, 0.1218693434051409500, -0.9925461516413227600 ) ) ;
#2496 = CYLINDRICAL_SURFACE ( 'NONE', #4615, 0.03000000000000001300 ) ;
#2497 = ORIENTED_EDGE ( 'NONE', *, *, #2054, .F. ) ;
#2498 = CARTESIAN_POINT ( 'NONE',  ( 0.01899999999999998900, 0.1260000000000001100, -0.09200000000000001200 ) ) ;
#2499 = CARTESIAN_POINT ( 'NONE',  ( 0.2199999999999999700, -0.1700000000000001000, 0.1884999999999998900 ) ) ;
#2500 = ORIENTED_EDGE ( 'NONE', *, *, #7045, .F. ) ;
#2501 = AXIS2_PLACEMENT_3D ( 'NONE', #3330, #659, #5960 ) ;
#2502 = LINE ( 'NONE', #5320, #2828 ) ;
#2503 = DIRECTION ( 'NONE',  ( 0.0000000000000000000, -0.0000000000000000000, 1.000000000000000000 ) ) ;
#2504 = DIRECTION ( 'NONE',  ( 0.0000000000000000000, 0.0000000000000000000, -1.000000000000000000 ) ) ;
#2505 = LINE ( 'NONE', #2491, #3479 ) ;
#2506 = CARTESIAN_POINT ( 'NONE',  ( -0.3540000000000000400, 0.1260000000000001100, -0.09200000000000001200 ) ) ;
#2507 = EDGE_LOOP ( 'NONE', ( #5229, #2762, #437, #7858 ) ) ;
#2508 = VERTEX_POINT ( 'NONE', #6218 ) ;
#2509 = ORIENTED_EDGE ( 'NONE', *, *, #4650, .F. ) ;
#2510 = CARTESIAN_POINT ( 'NONE',  ( -0.1820000000000000800, 0.1260000000000001100, -0.1080000000000000300 ) ) ;
#2511 = CARTESIAN_POINT ( 'NONE',  ( -0.1820000000000000800, 0.02977638454923963200, 0.1621560803021541200 ) ) ;
#2512 = PRESENTATION_LAYER_ASSIGNMENT (  '', '', ( #1172 ) ) ;
#2513 = CARTESIAN_POINT ( 'NONE',  ( 0.1150000000000000000, 0.04767424210712179600, -0.09348484402818098300 ) ) ;
#2514 = LINE ( 'NONE', #494, #247 ) ;
#2515 = LENGTH_MEASURE_WITH_UNIT ( LENGTH_MEASURE( 0.02539999999999999900 ), #6648 );
#2516 = VERTEX_POINT ( 'NONE', #2737 ) ;
#2517 = ORIENTED_EDGE ( 'NONE', *, *, #1236, .T. ) ;
#2518 = AXIS2_PLACEMENT_3D ( 'NONE', #3554, #206, #5602 ) ;
#2519 = ORIENTED_EDGE ( 'NONE', *, *, #6225, .T. ) ;
#2520 = DIRECTION ( 'NONE',  ( -0.0000000000000000000, -0.0000000000000000000, -1.000000000000000000 ) ) ;
#2521 = EDGE_CURVE ( 'NONE', #1980, #5167, #7060, .T. ) ;
#2522 = CARTESIAN_POINT ( 'NONE',  ( 0.1530000000000000200, 0.1260000000000001100, -0.09200000000000001200 ) ) ;
#2523 = SURFACE_STYLE_FILL_AREA ( #7285 ) ;
#2524 = FACE_OUTER_BOUND ( 'NONE', #582, .T. ) ;
#2525 = DIRECTION ( 'NONE',  ( -0.0000000000000000000, -0.0000000000000000000, -1.000000000000000000 ) ) ;
#2526 = AXIS2_PLACEMENT_3D ( 'NONE', #1260, #2544, #7869 ) ;
#2527 = EDGE_LOOP ( 'NONE', ( #164, #7931, #4282, #6922, #3108, #1496 ) ) ;
#2528 = EDGE_CURVE ( 'NONE', #6612, #1852, #8619, .T. ) ;
#2529 = UNCERTAINTY_MEASURE_WITH_UNIT (LENGTH_MEASURE( 1.000000000000000100E-005 ), #7703, 'distance_accuracy_value', 'NONE');
#2530 = SURFACE_SIDE_STYLE ('',( #4702 ) ) ;
#2531 = LINE ( 'NONE', #2244, #48 ) ;
#2532 = DIRECTION ( 'NONE',  ( 0.0000000000000000000, 0.0000000000000000000, 1.000000000000000000 ) ) ;
#2533 = CARTESIAN_POINT ( 'NONE',  ( -0.1820000000000000800, 0.1260000000000001100, -0.1080000000000000300 ) ) ;
#2534 = CARTESIAN_POINT ( 'NONE',  ( 0.2870000000000000300, -2.134256245050205600E-018, -0.02749999999999999700 ) ) ;
#2535 = CARTESIAN_POINT ( 'NONE',  ( 0.3540000000000000400, -0.1450000000000001000, 0.1724999999999999000 ) ) ;
#2536 = AXIS2_PLACEMENT_3D ( 'NONE', #7532, #4852, #1508 ) ;
#2537 = LINE ( 'NONE', #5398, #768 ) ;
#2538 = EDGE_CURVE ( 'NONE', #157, #6308, #1046, .T. ) ;
#2539 = CARTESIAN_POINT ( 'NONE',  ( 0.2199999999999999700, 0.01389564612297849500, 0.1602061708076718500 ) ) ;
#2540 = DIRECTION ( 'NONE',  ( -1.000000000000000000, -0.0000000000000000000, -0.0000000000000000000 ) ) ;
#2541 = ORIENTED_EDGE ( 'NONE', *, *, #6425, .F. ) ;
#2542 = CARTESIAN_POINT ( 'NONE',  ( -0.1150000000000000200, 0.0000000000000000000, -0.01149999999999994900 ) ) ;
#2543 = VECTOR ( 'NONE', #6357, 39.37007874015748100 ) ;
#2544 = DIRECTION ( 'NONE',  ( 0.0000000000000000000, -2.008711760047251600E-016, 1.000000000000000000 ) ) ;
#2545 = DIRECTION ( 'NONE',  ( -0.0000000000000000000, -0.0000000000000000000, 1.000000000000000000 ) ) ;
#2546 = VERTEX_POINT ( 'NONE', #6924 ) ;
#2547 = PLANE ( 'NONE',  #524 ) ;
#2548 = ORIENTED_EDGE ( 'NONE', *, *, #979, .F. ) ;
#2549 = ORIENTED_EDGE ( 'NONE', *, *, #4874, .T. ) ;
#2550 = EDGE_LOOP ( 'NONE', ( #7513, #3887, #7039, #5324 ) ) ;
#2551 = VERTEX_POINT ( 'NONE', #3567 ) ;
#2552 = PLANE ( 'NONE',  #6879 ) ;
#2553 = VECTOR ( 'NONE', #4923, 39.37007874015748100 ) ;
#2554 = DIMENSIONAL_EXPONENTS ( 1.000000000000000000, 0.0000000000000000000, 0.0000000000000000000, 0.0000000000000000000, 0.0000000000000000000, 0.0000000000000000000, 0.0000000000000000000 ) ;
#2555 = CARTESIAN_POINT ( 'NONE',  ( 0.2119651548789183700, -0.1670755555389874000, 0.1724999999999999000 ) ) ;
#2556 = AXIS2_PLACEMENT_3D ( 'NONE', #6904, #6130, #8219 ) ;
#2557 = ORIENTED_EDGE ( 'NONE', *, *, #7008, .F. ) ;
#2558 = ORIENTED_EDGE ( 'NONE', *, *, #5709, .T. ) ;
#2559 = DIRECTION ( 'NONE',  ( 0.0000000000000000000, 0.0000000000000000000, -1.000000000000000000 ) ) ;
#2560 = EDGE_LOOP ( 'NONE', ( #7515, #6278, #2038, #1973 ) ) ;
#2561 = VERTEX_POINT ( 'NONE', #2905 ) ;
#2562 = LINE ( 'NONE', #863, #6467 ) ;
#2563 = DIRECTION ( 'NONE',  ( 0.0000000000000000000, 0.0000000000000000000, -1.000000000000000000 ) ) ;
#2564 =( NAMED_UNIT ( * ) PLANE_ANGLE_UNIT ( ) SI_UNIT ( $, .RADIAN. ) );
#2565 = CARTESIAN_POINT ( 'NONE',  ( 0.3459651548789184300, -0.1670755555389874000, 0.1724999999999999000 ) ) ;
#2566 = CARTESIAN_POINT ( 'NONE',  ( -0.1150000000000000200, -0.1760000000000001600, -0.01149999999999994900 ) ) ;
#2567 = SURFACE_SIDE_STYLE ('',( #3429 ) ) ;
#2568 = AXIS2_PLACEMENT_3D ( 'NONE', #7281, #4750, #7418 ) ;
#2569 = ORIENTED_EDGE ( 'NONE', *, *, #7278, .T. ) ;
#2570 = EDGE_CURVE ( 'NONE', #4522, #401, #8311, .T. ) ;
#2571 = ORIENTED_EDGE ( 'NONE', *, *, #3456, .F. ) ;
#2572 = SHAPE_DEFINITION_REPRESENTATION ( #4789, #3088 ) ;
#2573 = CARTESIAN_POINT ( 'NONE',  ( -0.3790000000000000600, 0.5520000000000000500, -0.1885000000000000300 ) ) ;
#2574 = AXIS2_PLACEMENT_3D ( 'NONE', #5554, #3502, #6833 ) ;
#2575 = EDGE_CURVE ( 'NONE', #8315, #1381, #7050, .T. ) ;
#2576 = ORIENTED_EDGE ( 'NONE', *, *, #5533, .T. ) ;
#2577 = AXIS2_PLACEMENT_3D ( 'NONE', #2493, #5824, #3949 ) ;
#2578 = SURFACE_STYLE_FILL_AREA ( #452 ) ;
#2579 = DIRECTION ( 'NONE',  ( 0.0000000000000000000, -1.000000000000000000, -3.244104004879254200E-016 ) ) ;
#2580 = LINE ( 'NONE', #4928, #4518 ) ;
#2581 = EDGE_CURVE ( 'NONE', #7442, #1385, #7980, .T. ) ;
#2582 = VECTOR ( 'NONE', #7646, 39.37007874015748100 ) ;
#2583 = EDGE_CURVE ( 'NONE', #5896, #8286, #740, .T. ) ;
#2584 = AXIS2_PLACEMENT_3D ( 'NONE', #2327, #4427, #966 ) ;
#2585 = ORIENTED_EDGE ( 'NONE', *, *, #2637, .T. ) ;
#2586 = DIRECTION ( 'NONE',  ( 0.0000000000000000000, -3.244104004879254200E-016, 1.000000000000000000 ) ) ;
#2587 = COLOUR_RGB ( '',0.2509803921568627400, 0.2509803921568627400, 0.2509803921568627400 ) ;
#2588 = EDGE_CURVE ( 'NONE', #5931, #118, #3481, .T. ) ;
#2589 = VECTOR ( 'NONE', #2072, 39.37007874015748100 ) ;
#2590 = VECTOR ( 'NONE', #4957, 39.37007874015748100 ) ;
#2591 = CARTESIAN_POINT ( 'NONE',  ( -0.1150000000000000200, 0.04767424210712179600, -0.09348484402818098300 ) ) ;
#2592 = DIRECTION ( 'NONE',  ( 0.0000000000000000000, 0.0000000000000000000, -1.000000000000000000 ) ) ;
#2593 = ORIENTED_EDGE ( 'NONE', *, *, #8226, .T. ) ;
#2594 = DIRECTION ( 'NONE',  ( 0.0000000000000000000, 0.1218693434051411300, -0.9925461516413227600 ) ) ;
#2595 = DIMENSIONAL_EXPONENTS ( 1.000000000000000000, 0.0000000000000000000, 0.0000000000000000000, 0.0000000000000000000, 0.0000000000000000000, 0.0000000000000000000, 0.0000000000000000000 ) ;
#2596 = LINE ( 'NONE', #317, #828 ) ;
#2597 = CIRCLE ( 'NONE', #4087, 0.02750000000000004900 ) ;
#2598 = CARTESIAN_POINT ( 'NONE',  ( 0.1940000000000000100, 0.5319999999999999200, 0.8807583994195136200 ) ) ;
#2599 = ORIENTED_EDGE ( 'NONE', *, *, #3113, .F. ) ;
#2600 = CIRCLE ( 'NONE', #8408, 0.07499999999999999700 ) ;
#2601 = CARTESIAN_POINT ( 'NONE',  ( -0.3790000000000000600, 0.1358841571526839800, -0.1885000000000000300 ) ) ;
#2602 = EDGE_CURVE ( 'NONE', #2012, #2233, #1349, .T. ) ;
#2603 = DIRECTION ( 'NONE',  ( 0.0000000000000000000, 0.0000000000000000000, 1.000000000000000000 ) ) ;
#2604 = CIRCLE ( 'NONE', #1320, 0.005115842847316158000 ) ;
#2605 = ADVANCED_FACE ( 'NONE', ( #2066 ), #6258, .T. ) ;
#2606 = CIRCLE ( 'NONE', #140, 0.01399999999999997400 ) ;
#2607 = CARTESIAN_POINT ( 'NONE',  ( -0.3939999999999999600, 0.1410000000000000700, -0.09200000000000277400 ) ) ;
#2608 = ORIENTED_EDGE ( 'NONE', *, *, #7560, .T. ) ;
#2609 = DIRECTION ( 'NONE',  ( -0.3420201433256634900, -0.9396926207859103200, -1.887571618202280100E-016 ) ) ;
#2610 = VERTEX_POINT ( 'NONE', #6873 ) ;
#2611 = LINE ( 'NONE', #8352, #4851 ) ;
#2612 = LINE ( 'NONE', #2969, #116 ) ;
#2613 = VERTEX_POINT ( 'NONE', #882 ) ;
#2614 = LINE ( 'NONE', #5886, #8415 ) ;
#2615 = DIRECTION ( 'NONE',  ( 0.0000000000000000000, 0.0000000000000000000, -1.000000000000000000 ) ) ;
#2616 = LINE ( 'NONE', #6831, #640 ) ;
#2617 = ORIENTED_EDGE ( 'NONE', *, *, #5060, .F. ) ;
#2618 = CARTESIAN_POINT ( 'NONE',  ( -0.3240348451210816600, -0.1670755555389874000, 0.1724999999999999000 ) ) ;
#2619 = ORIENTED_EDGE ( 'NONE', *, *, #4378, .F. ) ;
#2620 = ORIENTED_EDGE ( 'NONE', *, *, #5593, .T. ) ;
#2621 = PRESENTATION_LAYER_ASSIGNMENT (  '', '', ( #6731 ) ) ;
#2622 = PRESENTATION_STYLE_ASSIGNMENT (( #5608 ) ) ;
#2623 = STYLED_ITEM ( 'NONE', ( #421 ), #3507 ) ;
#2624 =( CONVERSION_BASED_UNIT ( 'INCH', #3076 ) LENGTH_UNIT ( ) NAMED_UNIT ( #1794 ) );
#2625 = CARTESIAN_POINT ( 'NONE',  ( -0.2490000000000000300, 0.01199087813774794300, -0.03427373945351554900 ) ) ;
#2626 = ADVANCED_FACE ( 'NONE', ( #3704 ), #6193, .T. ) ;
#2627 = VECTOR ( 'NONE', #8522, 39.37007874015748100 ) ;
#2628 = FACE_OUTER_BOUND ( 'NONE', #8053, .T. ) ;
#2629 = VECTOR ( 'NONE', #4014, 39.37007874015748100 ) ;
#2630 = DIRECTION ( 'NONE',  ( 0.3420201433256635500, 0.9396926207859103200, 1.887571618202280300E-016 ) ) ;
#2631 = CARTESIAN_POINT ( 'NONE',  ( 0.01899999999999998900, 0.01199087813774794300, -0.03427373945351554900 ) ) ;
#2632 = EDGE_LOOP ( 'NONE', ( #5827, #6566, #4070, #1194 ) ) ;
#2633 = AXIS2_PLACEMENT_3D ( 'NONE', #3264, #2540, #3239 ) ;
#2634 = VECTOR ( 'NONE', #1392, 39.37007874015748100 ) ;
#2635 = CIRCLE ( 'NONE', #3051, 0.02999999999999995400 ) ;
#2636 = AXIS2_PLACEMENT_3D ( 'NONE', #4011, #2586, #5951 ) ;
#2637 = EDGE_CURVE ( 'NONE', #3103, #4320, #6304, .T. ) ;
#2638 = MANIFOLD_SOLID_BREP ( 'Cut-Extrude2[1]', #5346 ) ;
#2639 = DIRECTION ( 'NONE',  ( -0.0000000000000000000, -0.0000000000000000000, 1.000000000000000000 ) ) ;
#2640 = VECTOR ( 'NONE', #5705, 39.37007874015748100 ) ;
#2641 = CARTESIAN_POINT ( 'NONE',  ( -0.2139999999999999100, 0.5320000000000000300, -0.1885000000000000300 ) ) ;
#2642 = VECTOR ( 'NONE', #2687, 39.37007874015748100 ) ;
#2643 = AXIS2_PLACEMENT_3D ( 'NONE', #2119, #7510, #3617 ) ;
#2644 = EDGE_CURVE ( 'NONE', #3761, #5964, #838, .T. ) ;
#2645 =( NAMED_UNIT ( * ) SI_UNIT ( $, .STERADIAN. ) SOLID_ANGLE_UNIT ( ) );
#2646 = LENGTH_MEASURE_WITH_UNIT ( LENGTH_MEASURE( 0.02539999999999999900 ), #5224 );
#2647 = ORIENTED_EDGE ( 'NONE', *, *, #6439, .T. ) ;
#2648 = PLANE ( 'NONE',  #1401 ) ;
#2649 = DIRECTION ( 'NONE',  ( -0.9396926207859103200, 0.3420201433256634900, 0.0000000000000000000 ) ) ;
#2650 = CLOSED_SHELL ( 'NONE', ( #4154, #5509, #7296, #864, #7553, #2010, #6047, #7996, #830, #4145, #5491, #4870, #8652, #2693, #8034, #84 ) ) ;
#2651 = ADVANCED_FACE ( 'NONE', ( #1860 ), #1537, .T. ) ;
#2652 = CARTESIAN_POINT ( 'NONE',  ( -0.3790000000000000600, 0.5520000000000000500, -0.1885000000000000300 ) ) ;
#2653 = ORIENTED_EDGE ( 'NONE', *, *, #1507, .T. ) ;
#2654 = CARTESIAN_POINT ( 'NONE',  ( -0.3940000000000000200, 0.5520000000000002700, -0.1275000000000000300 ) ) ;
#2655 = VERTEX_POINT ( 'NONE', #1600 ) ;
#2656 = FACE_OUTER_BOUND ( 'NONE', #5676, .T. ) ;
#2657 = DIRECTION ( 'NONE',  ( -0.3420201433256637700, 0.9396926207859100900, 1.367416939322673900E-016 ) ) ;
#2658 = AXIS2_PLACEMENT_3D ( 'NONE', #5020, #3735, #394 ) ;
#2659 = ORIENTED_EDGE ( 'NONE', *, *, #3053, .T. ) ;
#2660 = ORIENTED_EDGE ( 'NONE', *, *, #5256, .F. ) ;
#2661 = PLANE ( 'NONE',  #2981 ) ;
#2662 = LENGTH_MEASURE_WITH_UNIT ( LENGTH_MEASURE( 0.02539999999999999900 ), #4830 );
#2663 = EDGE_LOOP ( 'NONE', ( #543, #2898, #4909, #1929 ) ) ;
#2664 = ORIENTED_EDGE ( 'NONE', *, *, #4157, .T. ) ;
#2665 = VECTOR ( 'NONE', #5894, 39.37007874015748100 ) ;
#2666 = CARTESIAN_POINT ( 'NONE',  ( -0.2499999999999999200, 0.1910000000000000900, -0.1275000000000000300 ) ) ;
#2667 = ORIENTED_EDGE ( 'NONE', *, *, #4323, .T. ) ;
#2668 = DIRECTION ( 'NONE',  ( -0.0000000000000000000, -0.5161614676060311000, 0.8564912955534271800 ) ) ;
#2669 = AXIS2_PLACEMENT_3D ( 'NONE', #3229, #8571, #3955 ) ;
#2670 = ORIENTED_EDGE ( 'NONE', *, *, #625, .F. ) ;
#2671 = LINE ( 'NONE', #4383, #3215 ) ;
#2672 = CARTESIAN_POINT ( 'NONE',  ( -0.08600000000000002100, -1.340010956295959200E-017, 0.1884999999999999200 ) ) ;
#2673 = FACE_OUTER_BOUND ( 'NONE', #7439, .T. ) ;
#2674 = ORIENTED_EDGE ( 'NONE', *, *, #3943, .F. ) ;
#2675 = DIRECTION ( 'NONE',  ( 0.0000000000000000000, -0.1218693434051409500, 0.9925461516413227600 ) ) ;
#2676 = CARTESIAN_POINT ( 'NONE',  ( -0.3350000000000000200, 0.1910000000000002300, -0.01150000000000003500 ) ) ;
#2677 = PLANE ( 'NONE',  #8339 ) ;
#2678 = ORIENTED_EDGE ( 'NONE', *, *, #1887, .F. ) ;
#2679 = ORIENTED_EDGE ( 'NONE', *, *, #6067, .T. ) ;
#2680 = LINE ( 'NONE', #7569, #3565 ) ;
#2681 = CARTESIAN_POINT ( 'NONE',  ( -0.1150000000000000200, 0.01199087813774794300, -0.03427373945351554900 ) ) ;
#2682 = LENGTH_MEASURE_WITH_UNIT ( LENGTH_MEASURE( 0.02539999999999999900 ), #8545 );
#2683 = ADVANCED_FACE ( 'NONE', ( #8188 ), #5876, .T. ) ;
#2684 = CARTESIAN_POINT ( 'NONE',  ( 0.2870000000000000300, 0.1260000000000001100, -0.1080000000000000300 ) ) ;
#2685 = EDGE_CURVE ( 'NONE', #3979, #4396, #333, .T. ) ;
#2686 = ORIENTED_EDGE ( 'NONE', *, *, #6212, .F. ) ;
#2687 = DIRECTION ( 'NONE',  ( -0.0000000000000000000, -0.0000000000000000000, -1.000000000000000000 ) ) ;
#2688 = VECTOR ( 'NONE', #4688, 39.37007874015748900 ) ;
#2689 = FACE_OUTER_BOUND ( 'NONE', #1315, .T. ) ;
#2690 = PRESENTATION_LAYER_ASSIGNMENT (  '', '', ( #6750 ) ) ;
#2691 = LINE ( 'NONE', #3656, #5961 ) ;
#2692 = EDGE_CURVE ( 'NONE', #6137, #101, #3693, .T. ) ;
#2693 = ADVANCED_FACE ( 'NONE', ( #1962 ), #7315, .F. ) ;
#2694 = CARTESIAN_POINT ( 'NONE',  ( -0.2299999999999999300, 0.5019999999999998900, -0.1275000000000000900 ) ) ;
#2695 = ORIENTED_EDGE ( 'NONE', *, *, #5161, .F. ) ;
#2696 = FILL_AREA_STYLE ('',( #4800 ) ) ;
#2697 = ORIENTED_EDGE ( 'NONE', *, *, #4685, .F. ) ;
#2698 = EDGE_CURVE ( 'NONE', #6041, #454, #5469, .T. ) ;
#2699 = LINE ( 'NONE', #7667, #7857 ) ;
#2700 = LINE ( 'NONE', #4261, #6928 ) ;
#2701 = CARTESIAN_POINT ( 'NONE',  ( 0.3939999999999999600, 0.5370000000000001400, -0.09202750207090758200 ) ) ;
#2702 = AXIS2_PLACEMENT_3D ( 'NONE', #4110, #5527, #3505 ) ;
#2703 = DIRECTION ( 'NONE',  ( 0.0000000000000000000, 0.0000000000000000000, 1.000000000000000000 ) ) ;
#2704 = DIRECTION ( 'NONE',  ( -2.346948448165176000E-016, 1.000000000000000000, -0.0000000000000000000 ) ) ;
#2705 = EDGE_CURVE ( 'NONE', #1509, #5563, #1553, .T. ) ;
#2706 = CIRCLE ( 'NONE', #562, 0.03000000000000001300 ) ;
#2707 = DIRECTION ( 'NONE',  ( 0.0000000000000000000, 0.0000000000000000000, 1.000000000000000000 ) ) ;
#2708 = DIRECTION ( 'NONE',  ( -0.0000000000000000000, -0.0000000000000000000, -1.000000000000000000 ) ) ;
#2709 = CARTESIAN_POINT ( 'NONE',  ( -0.1150000000000000200, 0.07336898097372462900, -0.1080000000000000500 ) ) ;
#2710 = ADVANCED_FACE ( 'NONE', ( #7459 ), #1440, .T. ) ;
#2711 = ORIENTED_EDGE ( 'NONE', *, *, #670, .T. ) ;
#2712 = LENGTH_MEASURE_WITH_UNIT ( LENGTH_MEASURE( 0.02539999999999999900 ), #4226 );
#2713 = CARTESIAN_POINT ( 'NONE',  ( -0.3160000000000000600, 0.07336898097372462900, -0.09200000000000001200 ) ) ;
#2714 = DIRECTION ( 'NONE',  ( 0.0000000000000000000, 0.0000000000000000000, 1.000000000000000000 ) ) ;
#2715 = DIRECTION ( 'NONE',  ( 0.0000000000000000000, 0.0000000000000000000, 1.000000000000000000 ) ) ;
#2716 = ORIENTED_EDGE ( 'NONE', *, *, #7283, .T. ) ;
#2717 = DIRECTION ( 'NONE',  ( -1.000000000000000000, -0.0000000000000000000, -0.0000000000000000000 ) ) ;
#2718 = VECTOR ( 'NONE', #7947, 39.37007874015748900 ) ;
#2719 = LINE ( 'NONE', #7189, #7260 ) ;
#2720 = ORIENTED_EDGE ( 'NONE', *, *, #268, .F. ) ;
#2721 = ORIENTED_EDGE ( 'NONE', *, *, #5810, .F. ) ;
#2722 = DIRECTION ( 'NONE',  ( -1.000000000000000000, -0.0000000000000000000, -0.0000000000000000000 ) ) ;
#2723 = VERTEX_POINT ( 'NONE', #5959 ) ;
#2724 = AXIS2_PLACEMENT_3D ( 'NONE', #4729, #6073, #601 ) ;
#2725 = DIRECTION ( 'NONE',  ( -1.000000000000000000, -0.0000000000000000000, 0.0000000000000000000 ) ) ;
#2726 = CIRCLE ( 'NONE', #7535, 0.01399999999999999000 ) ;
#2727 = CARTESIAN_POINT ( 'NONE',  ( -0.3160000000000000600, -1.707404996040164500E-017, 0.1584999999999999700 ) ) ;
#2728 = ORIENTED_EDGE ( 'NONE', *, *, #3285, .T. ) ;
#2729 = ORIENTED_EDGE ( 'NONE', *, *, #7505, .F. ) ;
#2730 = ORIENTED_EDGE ( 'NONE', *, *, #4136, .F. ) ;
#2731 = ADVANCED_FACE ( 'NONE', ( #3592 ), #8037, .F. ) ;
#2732 = VECTOR ( 'NONE', #8148, 39.37007874015748100 ) ;
#2733 = CARTESIAN_POINT ( 'NONE',  ( 0.01899999999999998900, -0.1510000000000001300, -0.07800000000000002800 ) ) ;
#2734 = CARTESIAN_POINT ( 'NONE',  ( 0.08599999999999997900, -1.707404996040164500E-017, 0.1724999999999999300 ) ) ;
#2735 = CIRCLE ( 'NONE', #360, 0.02999999999999995400 ) ;
#2736 = VERTEX_POINT ( 'NONE', #6657 ) ;
#2737 = CARTESIAN_POINT ( 'NONE',  ( 0.04800000000000000800, 0.07336898097372462900, -0.09200000000000001200 ) ) ;
#2738 = CARTESIAN_POINT ( 'NONE',  ( 0.2500000000000000600, 0.1910000000000001700, -0.1885000000000000300 ) ) ;
#2739 = ADVANCED_FACE ( 'NONE', ( #1853 ), #12, .T. ) ;
#2740 = DIRECTION ( 'NONE',  ( 0.0000000000000000000, -3.244104004879254200E-016, 1.000000000000000000 ) ) ;
#2741 = EDGE_CURVE ( 'NONE', #6250, #861, #6816, .T. ) ;
#2742 = DIRECTION ( 'NONE',  ( 1.000000000000000000, 1.365923996832131600E-016, -0.0000000000000000000 ) ) ;
#2743 = LINE ( 'NONE', #3782, #146 ) ;
#2744 = DIRECTION ( 'NONE',  ( 1.000000000000000000, 0.0000000000000000000, 0.0000000000000000000 ) ) ;
#2745 = MECHANICAL_DESIGN_GEOMETRIC_PRESENTATION_REPRESENTATION (  '', ( #1127 ), #3216 ) ;
#2746 = PLANE ( 'NONE',  #2556 ) ;
#2747 =( BOUNDED_CURVE ( )  B_SPLINE_CURVE ( 3, ( #4312, #6252, #8246, #2205 ),
 .UNSPECIFIED., .F., .T. ) 
 B_SPLINE_CURVE_WITH_KNOTS ( ( 4, 4 ),
 ( 0.0000000000000000000, 0.4710448201493147600 ),
 .UNSPECIFIED. ) 
 CURVE ( )  GEOMETRIC_REPRESENTATION_ITEM ( )  RATIONAL_B_SPLINE_CURVE ( ( 1.000000000000000000, 0.9815950460741185200, 0.9815950460741185200, 1.000000000000000000 ) ) 
 REPRESENTATION_ITEM ( '' )  );
#2748 = LINE ( 'NONE', #1946, #7388 ) ;
#2749 = PRESENTATION_LAYER_ASSIGNMENT (  '', '', ( #5751 ) ) ;
#2750 = EDGE_CURVE ( 'NONE', #6665, #6890, #1754, .T. ) ;
#2751 = EDGE_CURVE ( 'NONE', #5972, #3775, #6293, .T. ) ;
#2752 = ORIENTED_EDGE ( 'NONE', *, *, #2114, .F. ) ;
#2753 = ADVANCED_FACE ( 'NONE', ( #8402 ), #1498, .F. ) ;
#2754 = CARTESIAN_POINT ( 'NONE',  ( 0.3939999999999999600, 0.5520000000000000500, 0.8807583994195136200 ) ) ;
#2755 = AXIS2_PLACEMENT_3D ( 'NONE', #3123, #4597, #8486 ) ;
#2756 = CARTESIAN_POINT ( 'NONE',  ( 0.2199999999999999700, 0.1260000000000001100, -0.1080000000000000300 ) ) ;
#2757 = FACE_OUTER_BOUND ( 'NONE', #7877, .T. ) ;
#2758 =( GEOMETRIC_REPRESENTATION_CONTEXT ( 3 ) GLOBAL_UNCERTAINTY_ASSIGNED_CONTEXT ( ( #1976 ) ) GLOBAL_UNIT_ASSIGNED_CONTEXT ( ( #4446, #7802, #426 ) ) REPRESENTATION_CONTEXT ( 'NONE', 'WORKASPACE' ) );
#2759 = EDGE_CURVE ( 'NONE', #4320, #6400, #3251, .T. ) ;
#2760 = EDGE_LOOP ( 'NONE', ( #1612, #7300, #4499, #5823, #6653, #2774 ) ) ;
#2761 = CARTESIAN_POINT ( 'NONE',  ( 0.01899999999999998900, 0.0000000000000000000, -0.04149999999999996100 ) ) ;
#2762 = ORIENTED_EDGE ( 'NONE', *, *, #5303, .T. ) ;
#2763 = ORIENTED_EDGE ( 'NONE', *, *, #6647, .T. ) ;
#2764 = ORIENTED_EDGE ( 'NONE', *, *, #2298, .F. ) ;
#2765 = ORIENTED_EDGE ( 'NONE', *, *, #1286, .T. ) ;
#2766 = FACE_OUTER_BOUND ( 'NONE', #4387, .T. ) ;
#2767 =( NAMED_UNIT ( * ) SI_UNIT ( $, .STERADIAN. ) SOLID_ANGLE_UNIT ( ) );
#2768 = DIRECTION ( 'NONE',  ( 1.000000000000000000, 0.0000000000000000000, 0.0000000000000000000 ) ) ;
#2769 = CARTESIAN_POINT ( 'NONE',  ( -0.3160000000000000600, -0.1450000000000001000, 0.1724999999999999000 ) ) ;
#2770 = CARTESIAN_POINT ( 'NONE',  ( -0.1820000000000000800, -0.1450000000000000700, 0.1884999999999999200 ) ) ;
#2771 = ORIENTED_EDGE ( 'NONE', *, *, #105, .T. ) ;
#2772 = CARTESIAN_POINT ( 'NONE',  ( 0.01899999999999998900, 0.01199087813774794700, -0.03427373945351554900 ) ) ;
#2773 = CARTESIAN_POINT ( 'NONE',  ( -0.3790000000000000600, 0.5370000000000001400, -0.01150000000000003500 ) ) ;
#2774 = ORIENTED_EDGE ( 'NONE', *, *, #5114, .T. ) ;
#2775 = LINE ( 'NONE', #2498, #4889 ) ;
#2776 = DIRECTION ( 'NONE',  ( -0.0000000000000000000, -0.0000000000000000000, 1.000000000000000000 ) ) ;
#2777 = EDGE_CURVE ( 'NONE', #8127, #395, #7252, .T. ) ;
#2778 = CARTESIAN_POINT ( 'NONE',  ( 0.2870000000000000300, 0.02569473886660282200, -0.02601515597181902300 ) ) ;
#2779 = ORIENTED_EDGE ( 'NONE', *, *, #4856, .F. ) ;
#2780 = VERTEX_POINT ( 'NONE', #7461 ) ;
#2781 = CIRCLE ( 'NONE', #1442, 0.01999999999999999000 ) ;
#2782 = ADVANCED_FACE ( 'NONE', ( #4938 ), #5055, .T. ) ;
#2783 = CARTESIAN_POINT ( 'NONE',  ( 0.1530000000000000200, 0.1260000000000001100, -0.09200000000000001200 ) ) ;
#2784 = DIRECTION ( 'NONE',  ( 0.0000000000000000000, 1.000000000000000000, 2.008711760047251600E-016 ) ) ;
#2785 = CYLINDRICAL_SURFACE ( 'NONE', #8041, 0.01499999999999997700 ) ;
#2786 = EDGE_LOOP ( 'NONE', ( #2455, #3588, #8655, #2390 ) ) ;
#2787 = ORIENTED_EDGE ( 'NONE', *, *, #7736, .T. ) ;
#2788 = ADVANCED_FACE ( 'NONE', ( #5672, #1149, #7040 ), #5471, .T. ) ;
#2789 = CARTESIAN_POINT ( 'NONE',  ( -0.05709925585665495000, -0.1700000000000001000, 0.1884999999999999200 ) ) ;
#2790 = ORIENTED_EDGE ( 'NONE', *, *, #7232, .F. ) ;
#2791 = CARTESIAN_POINT ( 'NONE',  ( 0.08599999999999997900, 0.04359259642448493800, -0.08165608030215425200 ) ) ;
#2792 = VECTOR ( 'NONE', #2022, 39.37007874015748100 ) ;
#2793 = AXIS2_PLACEMENT_3D ( 'NONE', #7781, #7082, #7023 ) ;
#2794 =( GEOMETRIC_REPRESENTATION_CONTEXT ( 3 ) GLOBAL_UNCERTAINTY_ASSIGNED_CONTEXT ( ( #8472 ) ) GLOBAL_UNIT_ASSIGNED_CONTEXT ( ( #1654, #1090, #6346 ) ) REPRESENTATION_CONTEXT ( 'NONE', 'WORKASPACE' ) );
#2795 = CARTESIAN_POINT ( 'NONE',  ( 0.3160000000000000600, 0.07336898097372462900, -0.07800000000000002800 ) ) ;
#2796 = ORIENTED_EDGE ( 'NONE', *, *, #8463, .F. ) ;
#2797 = DIRECTION ( 'NONE',  ( 0.0000000000000000000, -0.0000000000000000000, 1.000000000000000000 ) ) ;
#2798 = CARTESIAN_POINT ( 'NONE',  ( 0.04800000000000000800, -2.134256245050205600E-017, 0.1884999999999999200 ) ) ;
#2799 = LINE ( 'NONE', #5711, #202 ) ;
#2800 = FACE_OUTER_BOUND ( 'NONE', #41, .T. ) ;
#2801 = CARTESIAN_POINT ( 'NONE',  ( 0.01096515487891834400, -0.1730755555389874600, -0.01149999999999994900 ) ) ;
#2802 = DIRECTION ( 'NONE',  ( 0.0000000000000000000, -0.1218693434051411300, 0.9925461516413227600 ) ) ;
#2803 = CARTESIAN_POINT ( 'NONE',  ( 0.2870000000000000300, 0.0000000000000000000, -0.04149999999999996100 ) ) ;
#2804 = PRESENTATION_LAYER_ASSIGNMENT (  '', '', ( #4192 ) ) ;
#2805 = ORIENTED_EDGE ( 'NONE', *, *, #7665, .T. ) ;
#2806 = DIRECTION ( 'NONE',  ( -1.000000000000000000, -0.0000000000000000000, -0.0000000000000000000 ) ) ;
#2807 = SURFACE_STYLE_USAGE ( .BOTH. , #2136 ) ;
#2808 = CARTESIAN_POINT ( 'NONE',  ( -0.04800000000000004300, 0.1260000000000001100, -0.09200000000000001200 ) ) ;
#2809 = AXIS2_PLACEMENT_3D ( 'NONE', #6320, #6912, #1514 ) ;
#2810 = PRESENTATION_STYLE_ASSIGNMENT (( #3844 ) ) ;
#2811 = VECTOR ( 'NONE', #5580, 39.37007874015748100 ) ;
#2812 = EDGE_CURVE ( 'NONE', #8127, #7732, #5568, .T. ) ;
#2813 = LINE ( 'NONE', #1310, #5147 ) ;
#2814 = FILL_AREA_STYLE_COLOUR ( '', #6412 ) ;
#2815 = FILL_AREA_STYLE ('',( #4911 ) ) ;
#2816 = ORIENTED_EDGE ( 'NONE', *, *, #529, .F. ) ;
#2817 = ORIENTED_EDGE ( 'NONE', *, *, #7109, .T. ) ;
#2818 = STYLED_ITEM ( 'NONE', ( #5866 ), #7606 ) ;
#2819 = CIRCLE ( 'NONE', #5512, 0.03000000000000002300 ) ;
#2820 = EDGE_CURVE ( 'NONE', #6872, #6162, #2600, .T. ) ;
#2821 = LINE ( 'NONE', #2479, #1035 ) ;
#2822 = ORIENTED_EDGE ( 'NONE', *, *, #1399, .T. ) ;
#2823 = CARTESIAN_POINT ( 'NONE',  ( 0.2870000000000000300, 0.1260000000000001100, -0.1080000000000000300 ) ) ;
#2824 = VECTOR ( 'NONE', #5616, 39.37007874015748900 ) ;
#2825 = CARTESIAN_POINT ( 'NONE',  ( -0.2499999999999999200, 0.4819999999999999300, -0.1275000000000000900 ) ) ;
#2826 = PRODUCT ( 'NDJ11', 'NDJ11', '', ( #7765 ) ) ;
#2827 = ADVANCED_FACE ( 'NONE', ( #3 ), #8181, .F. ) ;
#2828 = VECTOR ( 'NONE', #5924, 39.37007874015748100 ) ;
#2829 = COLOUR_RGB ( '',0.2509803921568627400, 0.2509803921568627400, 0.2509803921568627400 ) ;
#2830 = DIRECTION ( 'NONE',  ( -0.3420201433256637700, -0.9396926207859100900, -1.367416939322673900E-016 ) ) ;
#2831 = PRESENTATION_LAYER_ASSIGNMENT (  '', '', ( #1517 ) ) ;
#2832 = ORIENTED_EDGE ( 'NONE', *, *, #1568, .T. ) ;
#2833 =( NAMED_UNIT ( * ) SI_UNIT ( $, .STERADIAN. ) SOLID_ANGLE_UNIT ( ) );
#2834 = CARTESIAN_POINT ( 'NONE',  ( -0.3940000000000000200, 0.5367231404198931100, -0.09200000000000277400 ) ) ;
#2835 = EDGE_LOOP ( 'NONE', ( #3297, #8193, #4645, #891 ) ) ;
#2836 = LENGTH_MEASURE_WITH_UNIT ( LENGTH_MEASURE( 0.02539999999999999900 ), #4214 );
#2837 = EDGE_CURVE ( 'NONE', #3929, #1509, #8498, .T. ) ;
#2838 = STYLED_ITEM ( 'NONE', ( #6310 ), #161 ) ;
#2839 = VERTEX_POINT ( 'NONE', #5556 ) ;
#2840 = ADVANCED_FACE ( 'NONE', ( #5867 ), #4760, .F. ) ;
#2841 = DIRECTION ( 'NONE',  ( 1.000000000000000000, 0.0000000000000000000, 0.0000000000000000000 ) ) ;
#2842 = VECTOR ( 'NONE', #3082, 39.37007874015748100 ) ;
#2843 = VECTOR ( 'NONE', #2071, 39.37007874015748100 ) ;
#2844 = ORIENTED_EDGE ( 'NONE', *, *, #7570, .T. ) ;
#2845 = CARTESIAN_POINT ( 'NONE',  ( -0.01900000000000002400, 0.1260000000000001100, -0.1080000000000000300 ) ) ;
#2846 =( CONVERSION_BASED_UNIT ( 'INCH', #2712 ) LENGTH_UNIT ( ) NAMED_UNIT ( #3237 ) );
#2847 = DIRECTION ( 'NONE',  ( -1.000000000000000000, -0.0000000000000000000, -0.0000000000000000000 ) ) ;
#2848 = ORIENTED_EDGE ( 'NONE', *, *, #3014, .F. ) ;
#2849 = ORIENTED_EDGE ( 'NONE', *, *, #3510, .T. ) ;
#2850 =( CONVERSION_BASED_UNIT ( 'INCH', #8515 ) LENGTH_UNIT ( ) NAMED_UNIT ( #7849 ) );
#2851 = VECTOR ( 'NONE', #6385, 39.37007874015748100 ) ;
#2852 = SURFACE_STYLE_USAGE ( .BOTH. , #2142 ) ;
#2853 = FACE_OUTER_BOUND ( 'NONE', #7745, .T. ) ;
#2854 = DIMENSIONAL_EXPONENTS ( 1.000000000000000000, 0.0000000000000000000, 0.0000000000000000000, 0.0000000000000000000, 0.0000000000000000000, 0.0000000000000000000, 0.0000000000000000000 ) ;
#2855 = VERTEX_POINT ( 'NONE', #8214 ) ;
#2856 = AXIS2_PLACEMENT_3D ( 'NONE', #6161, #798, #1422 ) ;
#2857 = DIRECTION ( 'NONE',  ( -0.0000000000000000000, -0.0000000000000000000, 1.000000000000000000 ) ) ;
#2858 = SURFACE_SIDE_STYLE ('',( #7355 ) ) ;
#2859 = CARTESIAN_POINT ( 'NONE',  ( -0.2870000000000000300, 0.1260000000000001100, -0.09200000000000001200 ) ) ;
#2860 = LINE ( 'NONE', #4974, #6742 ) ;
#2861 =( NAMED_UNIT ( * ) PLANE_ANGLE_UNIT ( ) SI_UNIT ( $, .RADIAN. ) );
#2862 = PRESENTATION_STYLE_ASSIGNMENT (( #326 ) ) ;
#2863 = FILL_AREA_STYLE ('',( #2982 ) ) ;
#2864 = CARTESIAN_POINT ( 'NONE',  ( 0.3540000000000000400, 0.07336898097372462900, -0.09200000000000001200 ) ) ;
#2865 = FACE_OUTER_BOUND ( 'NONE', #5994, .T. ) ;
#2866 = DIRECTION ( 'NONE',  ( 0.3420201433256637700, 0.9396926207859100900, 0.0000000000000000000 ) ) ;
#2867 = AXIS2_PLACEMENT_3D ( 'NONE', #3655, #3684, #6279 ) ;
#2868 = DIRECTION ( 'NONE',  ( -0.0000000000000000000, -0.0000000000000000000, 1.000000000000000000 ) ) ;
#2869 = DIRECTION ( 'NONE',  ( 0.0000000000000000000, -3.244104004879254200E-016, 1.000000000000000000 ) ) ;
#2870 = EDGE_CURVE ( 'NONE', #5338, #3418, #7666, .T. ) ;
#2871 = UNCERTAINTY_MEASURE_WITH_UNIT (LENGTH_MEASURE( 1.000000000000000100E-005 ), #2846, 'distance_accuracy_value', 'NONE');
#2872 = PLANE ( 'NONE',  #5296 ) ;
#2873 = FACE_OUTER_BOUND ( 'NONE', #1165, .T. ) ;
#2874 = CARTESIAN_POINT ( 'NONE',  ( 0.2140000000000001300, 0.5520000000000000500, -0.1275000000000000900 ) ) ;
#2875 =( NAMED_UNIT ( * ) PLANE_ANGLE_UNIT ( ) SI_UNIT ( $, .RADIAN. ) );
#2876 = DIRECTION ( 'NONE',  ( -0.0000000000000000000, -0.0000000000000000000, 1.000000000000000000 ) ) ;
#2877 = ADVANCED_FACE ( 'NONE', ( #8294 ), #6799, .F. ) ;
#2878 = AXIS2_PLACEMENT_3D ( 'NONE', #4398, #1684, #2504 ) ;
#2879 = EDGE_CURVE ( 'NONE', #5883, #324, #4224, .T. ) ;
#2880 = VERTEX_POINT ( 'NONE', #7584 ) ;
#2881 = CARTESIAN_POINT ( 'NONE',  ( -0.3449007441433451500, -0.1700000000000001000, 0.1724999999999998800 ) ) ;
#2882 = EDGE_LOOP ( 'NONE', ( #885, #5648, #6669, #1768 ) ) ;
#2883 = DIRECTION ( 'NONE',  ( 0.0000000000000000000, 0.0000000000000000000, -1.000000000000000000 ) ) ;
#2884 = ORIENTED_EDGE ( 'NONE', *, *, #2168, .F. ) ;
#2885 = ORIENTED_EDGE ( 'NONE', *, *, #1568, .F. ) ;
#2886 = VECTOR ( 'NONE', #1871, 39.37007874015748100 ) ;
#2887 = EDGE_CURVE ( 'NONE', #4377, #6147, #1952, .T. ) ;
#2888 = PLANE ( 'NONE',  #8217 ) ;
#2889 = EDGE_CURVE ( 'NONE', #6308, #2610, #5361, .T. ) ;
#2890 = ADVANCED_FACE ( 'NONE', ( #832 ), #7611, .F. ) ;
#2891 = VERTEX_POINT ( 'NONE', #3604 ) ;
#2892 =( GEOMETRIC_REPRESENTATION_CONTEXT ( 3 ) GLOBAL_UNCERTAINTY_ASSIGNED_CONTEXT ( ( #4978 ) ) GLOBAL_UNIT_ASSIGNED_CONTEXT ( ( #725, #5436, #1379 ) ) REPRESENTATION_CONTEXT ( 'NONE', 'WORKASPACE' ) );
#2893 = FILL_AREA_STYLE_COLOUR ( '', #3495 ) ;
#2894 = CARTESIAN_POINT ( 'NONE',  ( -0.2140000000000000500, 0.5520000000000000500, -0.1885000000000000300 ) ) ;
#2895 = EDGE_LOOP ( 'NONE', ( #485, #2291, #4098, #4733 ) ) ;
#2896 = VERTEX_POINT ( 'NONE', #7643 ) ;
#2897 = EDGE_CURVE ( 'NONE', #5330, #4505, #2382, .T. ) ;
#2898 = ORIENTED_EDGE ( 'NONE', *, *, #4571, .T. ) ;
#2899 = VERTEX_POINT ( 'NONE', #2874 ) ;
#2900 = DIRECTION ( 'NONE',  ( 0.0000000000000000000, 0.0000000000000000000, -1.000000000000000000 ) ) ;
#2901 = DIRECTION ( 'NONE',  ( 0.9925461516413226500, -1.711796220315992900E-016, 0.1218693434051425500 ) ) ;
#2902 = VECTOR ( 'NONE', #7051, 39.37007874015748100 ) ;
#2903 = DIRECTION ( 'NONE',  ( 0.0000000000000000000, -0.1218693434051442300, 0.9925461516413224300 ) ) ;
#2904 = VERTEX_POINT ( 'NONE', #4311 ) ;
#2905 = CARTESIAN_POINT ( 'NONE',  ( 0.2500000000000000000, 0.4819999999999999800, -0.1275000000000000300 ) ) ;
#2906 = CARTESIAN_POINT ( 'NONE',  ( -0.1150000000000000200, 0.02569473886660282200, -0.02601515597181902300 ) ) ;
#2907 = LINE ( 'NONE', #2864, #6362 ) ;
#2908 = SURFACE_STYLE_USAGE ( .BOTH. , #2132 ) ;
#2909 = DIRECTION ( 'NONE',  ( 0.0000000000000000000, 0.0000000000000000000, -1.000000000000000000 ) ) ;
#2910 = FACE_OUTER_BOUND ( 'NONE', #1151, .T. ) ;
#2911 = EDGE_CURVE ( 'NONE', #5434, #5007, #2700, .T. ) ;
#2912 = CARTESIAN_POINT ( 'NONE',  ( 0.1150000000000000000, 0.1260000000000001100, -0.1080000000000000300 ) ) ;
#2913 = VERTEX_POINT ( 'NONE', #259 ) ;
#2914 = ORIENTED_EDGE ( 'NONE', *, *, #2538, .F. ) ;
#2915 =( NAMED_UNIT ( * ) PLANE_ANGLE_UNIT ( ) SI_UNIT ( $, .RADIAN. ) );
#2916 = FACE_OUTER_BOUND ( 'NONE', #2952, .T. ) ;
#2917 = DIRECTION ( 'NONE',  ( -1.000000000000000000, -0.0000000000000000000, 0.0000000000000000000 ) ) ;
#2918 = CARTESIAN_POINT ( 'NONE',  ( -0.2870000000000000300, -2.134256245050205600E-018, -0.02749999999999999700 ) ) ;
#2919 = VERTEX_POINT ( 'NONE', #4964 ) ;
#2920 = CARTESIAN_POINT ( 'NONE',  ( 0.3789999999999999500, 0.1410000000000000700, -0.1885000000000000300 ) ) ;
#2921 = LINE ( 'NONE', #4479, #3137 ) ;
#2922 = MECHANICAL_DESIGN_GEOMETRIC_PRESENTATION_REPRESENTATION (  '', ( #7147 ), #5679 ) ;
#2923 = CYLINDRICAL_SURFACE ( 'NONE', #7917, 0.01399999999999996000 ) ;
#2924 = DIRECTION ( 'NONE',  ( 0.0000000000000000000, -0.0000000000000000000, -1.000000000000000000 ) ) ;
#2925 = EDGE_CURVE ( 'NONE', #6375, #8317, #6405, .T. ) ;
#2926 = DIRECTION ( 'NONE',  ( 0.0000000000000000000, -1.000000000000000000, -2.008711760047251600E-016 ) ) ;
#2927 = SURFACE_STYLE_USAGE ( .BOTH. , #1555 ) ;
#2928 = DIRECTION ( 'NONE',  ( 0.0000000000000000000, 0.0000000000000000000, -1.000000000000000000 ) ) ;
#2929 = ORIENTED_EDGE ( 'NONE', *, *, #4674, .T. ) ;
#2930 =( CONVERSION_BASED_UNIT ( 'INCH', #6172 ) LENGTH_UNIT ( ) NAMED_UNIT ( #1919 ) );
#2931 = SURFACE_STYLE_FILL_AREA ( #8314 ) ;
#2932 = DIRECTION ( 'NONE',  ( -1.000000000000000000, -0.0000000000000000000, -0.0000000000000000000 ) ) ;
#2933 = ADVANCED_FACE ( 'NONE', ( #6187 ), #902, .F. ) ;
#2934 = CARTESIAN_POINT ( 'NONE',  ( -0.3789999999999999500, 0.1410000000000000700, -0.09200000000000274600 ) ) ;
#2935 = STYLED_ITEM ( 'NONE', ( #130 ), #7079 ) ;
#2936 = CARTESIAN_POINT ( 'NONE',  ( -0.1820000000000000800, -0.1700000000000001000, 0.1724999999999999000 ) ) ;
#2937 = DIRECTION ( 'NONE',  ( -1.724651511151681200E-016, -1.000000000000000000, 0.0000000000000000000 ) ) ;
#2938 = MECHANICAL_DESIGN_GEOMETRIC_PRESENTATION_REPRESENTATION (  '', ( #4854 ), #4735 ) ;
#2939 =( NAMED_UNIT ( * ) SI_UNIT ( $, .STERADIAN. ) SOLID_ANGLE_UNIT ( ) );
#2940 = EDGE_CURVE ( 'NONE', #3991, #1577, #928, .T. ) ;
#2941 = CYLINDRICAL_SURFACE ( 'NONE', #3253, 0.01399999999999997400 ) ;
#2942 = ORIENTED_EDGE ( 'NONE', *, *, #2521, .F. ) ;
#2943 = DIRECTION ( 'NONE',  ( 0.0000000000000000000, -0.0000000000000000000, -1.000000000000000000 ) ) ;
#2944 = ORIENTED_EDGE ( 'NONE', *, *, #3644, .T. ) ;
#2945 = EDGE_CURVE ( 'NONE', #7536, #2351, #6705, .T. ) ;
#2946 = PLANE ( 'NONE',  #4630 ) ;
#2947 =( LENGTH_UNIT ( ) NAMED_UNIT ( * ) SI_UNIT ( $, .METRE. ) );
#2948 = VECTOR ( 'NONE', #4510, 39.37007874015748100 ) ;
#2949 = VECTOR ( 'NONE', #4635, 39.37007874015748100 ) ;
#2950 = CARTESIAN_POINT ( 'NONE',  ( -0.1820000000000000800, -0.1700000000000001000, 0.1724999999999999000 ) ) ;
#2951 = SURFACE_STYLE_FILL_AREA ( #7558 ) ;
#2952 = EDGE_LOOP ( 'NONE', ( #2011, #7307, #3579, #3660 ) ) ;
#2953 = VERTEX_POINT ( 'NONE', #4443 ) ;
#2954 = FACE_OUTER_BOUND ( 'NONE', #5666, .T. ) ;
#2955 = CYLINDRICAL_SURFACE ( 'NONE', #2724, 0.01399999999999997400 ) ;
#2956 = DIRECTION ( 'NONE',  ( 1.000000000000000000, 0.0000000000000000000, 0.0000000000000000000 ) ) ;
#2957 = CARTESIAN_POINT ( 'NONE',  ( 0.1530000000000000200, -0.1510000000000001300, -0.01149999999999993200 ) ) ;
#2958 = CYLINDRICAL_SURFACE ( 'NONE', #209, 0.03000000000000001300 ) ;
#2959 = ORIENTED_EDGE ( 'NONE', *, *, #3576, .T. ) ;
#2960 = DIRECTION ( 'NONE',  ( 0.0000000000000000000, 0.0000000000000000000, 1.000000000000000000 ) ) ;
#2961 = AXIS2_PLACEMENT_3D ( 'NONE', #4119, #6755, #3459 ) ;
#2962 = ORIENTED_EDGE ( 'NONE', *, *, #2741, .T. ) ;
#2963 = CARTESIAN_POINT ( 'NONE',  ( -0.1820000000000000800, 0.1260000000000001100, -0.09200000000000001200 ) ) ;
#2964 = VECTOR ( 'NONE', #7895, 39.37007874015748100 ) ;
#2965 = VECTOR ( 'NONE', #5439, 39.37007874015748100 ) ;
#2966 = CARTESIAN_POINT ( 'NONE',  ( 0.3940000000000000200, 0.5370000000000001400, -0.1079999999999972800 ) ) ;
#2967 = CARTESIAN_POINT ( 'NONE',  ( -0.1820000000000000800, 0.05947333485074611500, -0.07970617080767200500 ) ) ;
#2968 = VERTEX_POINT ( 'NONE', #3772 ) ;
#2969 = CARTESIAN_POINT ( 'NONE',  ( 0.01899999999999998900, -0.1760000000000001600, -0.01149999999999994900 ) ) ;
#2970 = FACE_OUTER_BOUND ( 'NONE', #6939, .T. ) ;
#2971 = CARTESIAN_POINT ( 'NONE',  ( -0.2870000000000000300, 0.1260000000000001100, -0.09200000000000001200 ) ) ;
#2972 = VECTOR ( 'NONE', #5041, 39.37007874015748100 ) ;
#2973 = STYLED_ITEM ( 'NONE', ( #2810 ), #1560 ) ;
#2974 = DIRECTION ( 'NONE',  ( -0.3420201433256634900, -0.9396926207859103200, 0.0000000000000000000 ) ) ;
#2975 = ADVANCED_FACE ( 'NONE', ( #4426 ), #6419, .F. ) ;
#2976 = CARTESIAN_POINT ( 'NONE',  ( -0.2490000000000000300, 0.07336898097372462900, -0.09199999999999999800 ) ) ;
#2977 = DIRECTION ( 'NONE',  ( 1.000000000000000000, 0.0000000000000000000, 0.0000000000000000000 ) ) ;
#2978 = APPLICATION_PROTOCOL_DEFINITION ( 'draft international standard', 'automotive_design', 1998, #4375 ) ;
#2979 = ORIENTED_EDGE ( 'NONE', *, *, #4976, .T. ) ;
#2980 = ORIENTED_EDGE ( 'NONE', *, *, #6603, .F. ) ;
#2981 = AXIS2_PLACEMENT_3D ( 'NONE', #4113, #5418, #6689 ) ;
#2982 = FILL_AREA_STYLE_COLOUR ( '', #481 ) ;
#2983 = DIRECTION ( 'NONE',  ( 1.000000000000000000, 0.0000000000000000000, 0.0000000000000000000 ) ) ;
#2984 = CARTESIAN_POINT ( 'NONE',  ( -0.01900000000000002400, 0.07336898097372462900, -0.09199999999999999800 ) ) ;
#2985 = AXIS2_PLACEMENT_3D ( 'NONE', #5784, #1735, #3178 ) ;
#2986 = SURFACE_SIDE_STYLE ('',( #821 ) ) ;
#2987 = EDGE_CURVE ( 'NONE', #1499, #4347, #5770, .T. ) ;
#2988 = VERTEX_POINT ( 'NONE', #6445 ) ;
#2989 = ORIENTED_EDGE ( 'NONE', *, *, #364, .F. ) ;
#2990 = CARTESIAN_POINT ( 'NONE',  ( 0.2870000000000000300, 0.07336898097372462900, -0.07800000000000002800 ) ) ;
#2991 = ORIENTED_EDGE ( 'NONE', *, *, #5804, .T. ) ;
#2992 = CARTESIAN_POINT ( 'NONE',  ( 0.2199999999999999700, 0.07336898097372462900, -0.07800000000000002800 ) ) ;
#2993 = DIRECTION ( 'NONE',  ( -0.9925461516413224300, 1.711796220315992400E-016, 0.1218693434051442100 ) ) ;
#2994 = ORIENTED_EDGE ( 'NONE', *, *, #1335, .F. ) ;
#2995 = ORIENTED_EDGE ( 'NONE', *, *, #8514, .F. ) ;
#2996 = LINE ( 'NONE', #1434, #991 ) ;
#2997 = STYLED_ITEM ( 'NONE', ( #436 ), #7651 ) ;
#2998 = EDGE_CURVE ( 'NONE', #2490, #396, #622, .T. ) ;
#2999 = PLANE ( 'NONE',  #7619 ) ;
#3000 = PLANE ( 'NONE',  #746 ) ;
#3001 = EDGE_LOOP ( 'NONE', ( #1575, #8138, #7613, #2218 ) ) ;
#3002 = DIRECTION ( 'NONE',  ( 1.000000000000000000, 0.0000000000000000000, 0.0000000000000000000 ) ) ;
#3003 = ORIENTED_EDGE ( 'NONE', *, *, #4204, .T. ) ;
#3004 = ORIENTED_EDGE ( 'NONE', *, *, #2698, .F. ) ;
#3005 = VECTOR ( 'NONE', #2704, 39.37007874015748100 ) ;
#3006 = ORIENTED_EDGE ( 'NONE', *, *, #3936, .T. ) ;
#3007 = PLANE ( 'NONE',  #243 ) ;
#3008 = EDGE_CURVE ( 'NONE', #7752, #8383, #438, .T. ) ;
#3009 = SURFACE_STYLE_FILL_AREA ( #2261 ) ;
#3010 = CARTESIAN_POINT ( 'NONE',  ( 0.1820000000000000000, 0.05947333485074611500, -0.07970617080767200500 ) ) ;
#3011 = AXIS2_PLACEMENT_3D ( 'NONE', #3107, #3739, #7712 ) ;
#3012 = CARTESIAN_POINT ( 'NONE',  ( 0.08599999999999997900, -0.1700000000000001000, 0.1884999999999998900 ) ) ;
#3013 = SURFACE_STYLE_USAGE ( .BOTH. , #2311 ) ;
#3014 = EDGE_CURVE ( 'NONE', #5942, #2546, #6499, .T. ) ;
#3015 = VERTEX_POINT ( 'NONE', #7773 ) ;
#3016 = ORIENTED_EDGE ( 'NONE', *, *, #1785, .F. ) ;
#3017 = EDGE_LOOP ( 'NONE', ( #6766, #7822, #3961, #1088, #4348, #1824 ) ) ;
#3018 = PLANE ( 'NONE',  #4927 ) ;
#3019 = EDGE_LOOP ( 'NONE', ( #58, #5460, #7766, #5079, #4332, #1715, #6652, #2122, #7588, #4030, #3493, #7421 ) ) ;
#3020 = VECTOR ( 'NONE', #8170, 39.37007874015748100 ) ;
#3021 = LENGTH_MEASURE_WITH_UNIT ( LENGTH_MEASURE( 0.02539999999999999900 ), #4075 );
#3022 = DIRECTION ( 'NONE',  ( 0.3420201433256637700, -0.9396926207859100900, -1.887571618202280300E-016 ) ) ;
#3023 = CARTESIAN_POINT ( 'NONE',  ( 0.1820000000000000000, -0.1700000000000001000, 0.1724999999999999000 ) ) ;
#3024 = ORIENTED_EDGE ( 'NONE', *, *, #321, .F. ) ;
#3025 = FACE_OUTER_BOUND ( 'NONE', #755, .T. ) ;
#3026 =( LENGTH_UNIT ( ) NAMED_UNIT ( * ) SI_UNIT ( $, .METRE. ) );
#3027 = FACE_OUTER_BOUND ( 'NONE', #1471, .T. ) ;
#3028 = DIRECTION ( 'NONE',  ( 1.000000000000000000, 0.0000000000000000000, 0.0000000000000000000 ) ) ;
#3029 = STYLED_ITEM ( 'NONE', ( #6615 ), #823 ) ;
#3030 = CARTESIAN_POINT ( 'NONE',  ( -0.2499999999999999200, 0.1910000000000000900, -0.1885000000000000300 ) ) ;
#3031 = EDGE_LOOP ( 'NONE', ( #3180, #8479, #3531, #2440 ) ) ;
#3032 = COLOUR_RGB ( '',0.2509803921568627400, 0.2509803921568627400, 0.2509803921568627400 ) ;
#3033 = CARTESIAN_POINT ( 'NONE',  ( -0.3841158428473162000, 0.5332541197852106500, -0.01150000000000003500 ) ) ;
#3034 = LINE ( 'NONE', #726, #1940 ) ;
#3035 =( CONVERSION_BASED_UNIT ( 'INCH', #6013 ) LENGTH_UNIT ( ) NAMED_UNIT ( #2210 ) );
#3036 = LINE ( 'NONE', #6687, #8282 ) ;
#3037 = ORIENTED_EDGE ( 'NONE', *, *, #1779, .T. ) ;
#3038 = MANIFOLD_SOLID_BREP ( 'LPattern1[5]', #391 ) ;
#3039 = CARTESIAN_POINT ( 'NONE',  ( -0.05709925585665495000, -0.1700000000000001000, 0.1724999999999998800 ) ) ;
#3040 = ORIENTED_EDGE ( 'NONE', *, *, #4431, .F. ) ;
#3041 =( GEOMETRIC_REPRESENTATION_CONTEXT ( 3 ) GLOBAL_UNCERTAINTY_ASSIGNED_CONTEXT ( ( #7126 ) ) GLOBAL_UNIT_ASSIGNED_CONTEXT ( ( #7852, #4713, #5231 ) ) REPRESENTATION_CONTEXT ( 'NONE', 'WORKASPACE' ) );
#3042 =( CONVERSION_BASED_UNIT ( 'INCH', #419 ) LENGTH_UNIT ( ) NAMED_UNIT ( #5873 ) );
#3043 = EDGE_CURVE ( 'NONE', #1311, #5996, #7141, .T. ) ;
#3044 = VECTOR ( 'NONE', #6930, 39.37007874015748100 ) ;
#3045 = DIRECTION ( 'NONE',  ( -0.0000000000000000000, -0.0000000000000000000, 1.000000000000000000 ) ) ;
#3046 = DIRECTION ( 'NONE',  ( 0.0000000000000000000, -1.000000000000000000, 0.0000000000000000000 ) ) ;
#3047 = CARTESIAN_POINT ( 'NONE',  ( 0.2140000000000000000, 0.5220000000000000200, -0.1885000000000000300 ) ) ;
#3048 = DIRECTION ( 'NONE',  ( -1.000000000000000000, -0.0000000000000000000, -0.0000000000000000000 ) ) ;
#3049 = SURFACE_STYLE_USAGE ( .BOTH. , #1131 ) ;
#3050 = CARTESIAN_POINT ( 'NONE',  ( 0.01899999999999998900, 0.07336898097372462900, -0.1080000000000000500 ) ) ;
#3051 = AXIS2_PLACEMENT_3D ( 'NONE', #1901, #6651, #5930 ) ;
#3052 = LINE ( 'NONE', #3832, #8186 ) ;
#3053 = EDGE_CURVE ( 'NONE', #6560, #5905, #8492, .T. ) ;
#3054 = ORIENTED_EDGE ( 'NONE', *, *, #537, .T. ) ;
#3055 = DIRECTION ( 'NONE',  ( 1.000000000000000000, 0.0000000000000000000, 0.0000000000000000000 ) ) ;
#3056 = PRESENTATION_LAYER_ASSIGNMENT (  '', '', ( #3391 ) ) ;
#3057 = ORIENTED_EDGE ( 'NONE', *, *, #8493, .T. ) ;
#3058 = CARTESIAN_POINT ( 'NONE',  ( 0.1820000000000000000, 0.01389564612297850000, 0.1602061708076718500 ) ) ;
#3059 = EDGE_CURVE ( 'NONE', #7257, #6877, #7034, .T. ) ;
#3060 = ORIENTED_EDGE ( 'NONE', *, *, #634, .F. ) ;
#3061 = EDGE_CURVE ( 'NONE', #6698, #1164, #5251, .T. ) ;
#3062 = LINE ( 'NONE', #2967, #6946 ) ;
#3063 = CARTESIAN_POINT ( 'NONE',  ( -0.3625000000000001000, 0.1910000000000002300, -0.03150000000000003500 ) ) ;
#3064 = CARTESIAN_POINT ( 'NONE',  ( -0.3160000000000000600, -0.1700000000000001000, 0.1884999999999998900 ) ) ;
#3065 = CYLINDRICAL_SURFACE ( 'NONE', #6803, 0.02999999999999995400 ) ;
#3066 =( GEOMETRIC_REPRESENTATION_CONTEXT ( 3 ) GLOBAL_UNCERTAINTY_ASSIGNED_CONTEXT ( ( #3539 ) ) GLOBAL_UNIT_ASSIGNED_CONTEXT ( ( #2624, #592, #1898 ) ) REPRESENTATION_CONTEXT ( 'NONE', 'WORKASPACE' ) );
#3067 = ORIENTED_EDGE ( 'NONE', *, *, #2229, .T. ) ;
#3068 = VECTOR ( 'NONE', #7522, 39.37007874015748100 ) ;
#3069 = EDGE_LOOP ( 'NONE', ( #5621, #2989 ) ) ;
#3070 = VERTEX_POINT ( 'NONE', #6094 ) ;
#3071 = ORIENTED_EDGE ( 'NONE', *, *, #3393, .F. ) ;
#3072 = EDGE_CURVE ( 'NONE', #6197, #2161, #4416, .T. ) ;
#3073 = CARTESIAN_POINT ( 'NONE',  ( 0.01899999999999998900, 0.07336898097372462900, -0.07800000000000002800 ) ) ;
#3074 = VECTOR ( 'NONE', #5085, 39.37007874015748100 ) ;
#3075 = DIRECTION ( 'NONE',  ( 1.000000000000000000, 0.0000000000000000000, 0.0000000000000000000 ) ) ;
#3076 = LENGTH_MEASURE_WITH_UNIT ( LENGTH_MEASURE( 0.02539999999999999900 ), #8516 );
#3077 = ORIENTED_EDGE ( 'NONE', *, *, #5756, .T. ) ;
#3078 = CARTESIAN_POINT ( 'NONE',  ( 0.1530000000000000200, 0.07336898097372462900, -0.07800000000000002800 ) ) ;
#3079 = LINE ( 'NONE', #911, #5703 ) ;
#3080 = DIRECTION ( 'NONE',  ( 0.0000000000000000000, 1.000000000000000000, 3.244104004879253700E-016 ) ) ;
#3081 = EDGE_CURVE ( 'NONE', #3235, #4489, #1027, .T. ) ;
#3082 = DIRECTION ( 'NONE',  ( 0.0000000000000000000, 0.5161614676060311000, -0.8564912955534271800 ) ) ;
#3083 = DIRECTION ( 'NONE',  ( 0.0000000000000000000, 0.0000000000000000000, 1.000000000000000000 ) ) ;
#3084 = LINE ( 'NONE', #3010, #8536 ) ;
#3085 = CARTESIAN_POINT ( 'NONE',  ( -0.3940000000000000200, 0.5370000000000001400, -0.1079999999999972800 ) ) ;
#3086 = VECTOR ( 'NONE', #4056, 39.37007874015748100 ) ;
#3087 = CARTESIAN_POINT ( 'NONE',  ( -0.2490000000000000300, 0.04767424210712179600, -0.09348484402818098300 ) ) ;
#3088 = ADVANCED_BREP_SHAPE_REPRESENTATION ( 'NDJ11', ( #2481, #2638, #7192, #6914, #929, #7449, #1560, #3038, #314, #5514, #3151, #5362, #823, #7079, #918 ), #489 ) ;
#3089 = DIRECTION ( 'NONE',  ( 0.0000000000000000000, 0.0000000000000000000, -1.000000000000000000 ) ) ;
#3090 = CARTESIAN_POINT ( 'NONE',  ( 0.1530000000000000200, 0.0000000000000000000, -0.04149999999999996100 ) ) ;
#3091 = CIRCLE ( 'NONE', #4031, 0.01399999999999996600 ) ;
#3092 = AXIS2_PLACEMENT_3D ( 'NONE', #3085, #3685, #4966 ) ;
#3093 = DIRECTION ( 'NONE',  ( -1.000000000000000000, 0.0000000000000000000, -0.0000000000000000000 ) ) ;
#3094 = CARTESIAN_POINT ( 'NONE',  ( -0.3940000000000000200, 0.5377569909352640800, -0.01150000000000003500 ) ) ;
#3095 = VERTEX_POINT ( 'NONE', #2194 ) ;
#3096 = CARTESIAN_POINT ( 'NONE',  ( 0.1150000000000000000, -2.134256245050205600E-018, -0.02749999999999999700 ) ) ;
#3097 = EDGE_LOOP ( 'NONE', ( #629, #2848, #7635, #2180 ) ) ;
#3098 = ORIENTED_EDGE ( 'NONE', *, *, #3277, .F. ) ;
#3099 = ORIENTED_EDGE ( 'NONE', *, *, #6545, .T. ) ;
#3100 = LINE ( 'NONE', #2733, #8658 ) ;
#3101 = CARTESIAN_POINT ( 'NONE',  ( -0.04800000000000004300, -2.134256245050205600E-017, 0.1884999999999999200 ) ) ;
#3102 = STYLED_ITEM ( 'NONE', ( #2354 ), #6053 ) ;
#3103 = VERTEX_POINT ( 'NONE', #6770 ) ;
#3104 = DIRECTION ( 'NONE',  ( 0.0000000000000000000, 0.0000000000000000000, -1.000000000000000000 ) ) ;
#3105 = ORIENTED_EDGE ( 'NONE', *, *, #1680, .F. ) ;
#3106 = PRESENTATION_STYLE_ASSIGNMENT (( #1837 ) ) ;
#3107 = CARTESIAN_POINT ( 'NONE',  ( 0.2870000000000000300, 0.1260000000000001100, -0.09200000000000001200 ) ) ;
#3108 = ORIENTED_EDGE ( 'NONE', *, *, #3223, .F. ) ;
#3109 = VERTEX_POINT ( 'NONE', #8305 ) ;
#3110 = COLOUR_RGB ( '',0.2509803921568627400, 0.2509803921568627400, 0.2509803921568627400 ) ;
#3111 = DIMENSIONAL_EXPONENTS ( 1.000000000000000000, 0.0000000000000000000, 0.0000000000000000000, 0.0000000000000000000, 0.0000000000000000000, 0.0000000000000000000, 0.0000000000000000000 ) ;
#3112 = DIRECTION ( 'NONE',  ( -1.000000000000000000, -0.0000000000000000000, -0.0000000000000000000 ) ) ;
#3113 = EDGE_CURVE ( 'NONE', #5519, #6133, #4922, .T. ) ;
#3114 = DIRECTION ( 'NONE',  ( 1.000000000000000000, 0.0000000000000000000, 0.0000000000000000000 ) ) ;
#3115 = VERTEX_POINT ( 'NONE', #4284 ) ;
#3116 = AXIS2_PLACEMENT_3D ( 'NONE', #6182, #5437, #1380 ) ;
#3117 = CIRCLE ( 'NONE', #5736, 0.01399999999999997400 ) ;
#3118 = CARTESIAN_POINT ( 'NONE',  ( 0.2500000000000000000, 0.4819999999999999800, -0.1885000000000000300 ) ) ;
#3119 = SURFACE_SIDE_STYLE ('',( #3547 ) ) ;
#3120 = VERTEX_POINT ( 'NONE', #978 ) ;
#3121 = EDGE_CURVE ( 'NONE', #3095, #7705, #7243, .T. ) ;
#3122 = COLOUR_RGB ( '',0.2509803921568627400, 0.2509803921568627400, 0.2509803921568627400 ) ;
#3123 = CARTESIAN_POINT ( 'NONE',  ( -0.2139999999999999100, 0.5219999999999999100, 0.8807583994195136200 ) ) ;
#3124 = PLANE ( 'NONE',  #1628 ) ;
#3125 = DIRECTION ( 'NONE',  ( 0.0000000000000000000, 1.000000000000000000, 2.008711760047251600E-016 ) ) ;
#3126 = SURFACE_STYLE_USAGE ( .BOTH. , #5008 ) ;
#3127 = CARTESIAN_POINT ( 'NONE',  ( 0.2500000000000000000, 0.4819999999999999800, -0.1275000000000000900 ) ) ;
#3128 = ORIENTED_EDGE ( 'NONE', *, *, #6076, .T. ) ;
#3129 = CARTESIAN_POINT ( 'NONE',  ( 0.2199999999999999700, 0.1260000000000001100, -0.1080000000000000300 ) ) ;
#3130 = ORIENTED_EDGE ( 'NONE', *, *, #5208, .F. ) ;
#3131 = VECTOR ( 'NONE', #6268, 39.37007874015748100 ) ;
#3132 = PRESENTATION_LAYER_ASSIGNMENT (  '', '', ( #2838 ) ) ;
#3133 = VECTOR ( 'NONE', #7701, 39.37007874015748100 ) ;
#3134 = DIRECTION ( 'NONE',  ( 1.000000000000000000, -3.794233324533702900E-016, -0.0000000000000000000 ) ) ;
#3135 = DIRECTION ( 'NONE',  ( 0.0000000000000000000, 0.1218693434051411300, -0.9925461516413227600 ) ) ;
#3136 = ORIENTED_EDGE ( 'NONE', *, *, #7266, .F. ) ;
#3137 = VECTOR ( 'NONE', #5950, 39.37007874015748100 ) ;
#3138 = CARTESIAN_POINT ( 'NONE',  ( -0.04800000000000004300, 0.01389564612297850000, 0.1602061708076718500 ) ) ;
#3139 = VECTOR ( 'NONE', #3501, 39.37007874015748100 ) ;
#3140 = CARTESIAN_POINT ( 'NONE',  ( -0.2490000000000000300, 0.1260000000000001100, -0.09200000000000001200 ) ) ;
#3141 = VECTOR ( 'NONE', #6016, 39.37007874015748100 ) ;
#3142 = CARTESIAN_POINT ( 'NONE',  ( 0.2870000000000000300, 0.07336898097372462900, -0.07800000000000002800 ) ) ;
#3143 = CARTESIAN_POINT ( 'NONE',  ( 0.2580992558566548900, -0.1760000000000001600, -0.01149999999999993200 ) ) ;
#3144 = ORIENTED_EDGE ( 'NONE', *, *, #8109, .F. ) ;
#3145 = DIRECTION ( 'NONE',  ( -1.000000000000000000, -0.0000000000000000000, -0.0000000000000000000 ) ) ;
#3146 = CARTESIAN_POINT ( 'NONE',  ( 0.3540000000000000400, -1.340010956295959200E-017, 0.1884999999999999200 ) ) ;
#3147 = AXIS2_PLACEMENT_3D ( 'NONE', #4536, #7914, #7973 ) ;
#3148 = VECTOR ( 'NONE', #5385, 39.37007874015748100 ) ;
#3149 = ORIENTED_EDGE ( 'NONE', *, *, #5540, .F. ) ;
#3150 = SURFACE_STYLE_USAGE ( .BOTH. , #7179 ) ;
#3151 = MANIFOLD_SOLID_BREP ( 'LPattern2[3]', #2650 ) ;
#3152 = FILL_AREA_STYLE_COLOUR ( '', #1213 ) ;
#3153 = DIMENSIONAL_EXPONENTS ( 1.000000000000000000, 0.0000000000000000000, 0.0000000000000000000, 0.0000000000000000000, 0.0000000000000000000, 0.0000000000000000000, 0.0000000000000000000 ) ;
#3154 = DIMENSIONAL_EXPONENTS ( 1.000000000000000000, 0.0000000000000000000, 0.0000000000000000000, 0.0000000000000000000, 0.0000000000000000000, 0.0000000000000000000, 0.0000000000000000000 ) ;
#3155 = CARTESIAN_POINT ( 'NONE',  ( 0.1530000000000000200, 0.07336898097372462900, -0.1080000000000000500 ) ) ;
#3156 = CYLINDRICAL_SURFACE ( 'NONE', #1166, 0.02750000000000004900 ) ;
#3157 = FACE_OUTER_BOUND ( 'NONE', #7696, .T. ) ;
#3158 = DIRECTION ( 'NONE',  ( 0.0000000000000000000, 0.0000000000000000000, 1.000000000000000000 ) ) ;
#3159 = COLOUR_RGB ( '',0.2509803921568627400, 0.2509803921568627400, 0.2509803921568627400 ) ;
#3160 = ORIENTED_EDGE ( 'NONE', *, *, #3449, .T. ) ;
#3161 = AXIS2_PLACEMENT_3D ( 'NONE', #8325, #4324, #5654 ) ;
#3162 = ORIENTED_EDGE ( 'NONE', *, *, #7736, .F. ) ;
#3163 = EDGE_CURVE ( 'NONE', #3634, #1660, #5350, .T. ) ;
#3164 = LINE ( 'NONE', #6640, #4632 ) ;
#3165 = CARTESIAN_POINT ( 'NONE',  ( 0.2199999999999999700, 0.05947333485074611500, -0.07970617080767200500 ) ) ;
#3166 = ORIENTED_EDGE ( 'NONE', *, *, #5593, .F. ) ;
#3167 = DIRECTION ( 'NONE',  ( -1.000000000000000000, -0.0000000000000000000, -0.0000000000000000000 ) ) ;
#3168 = DIRECTION ( 'NONE',  ( -1.000000000000000000, -0.0000000000000000000, -0.0000000000000000000 ) ) ;
#3169 = EDGE_CURVE ( 'NONE', #3418, #323, #8596, .T. ) ;
#3170 = VECTOR ( 'NONE', #5906, 39.37007874015748100 ) ;
#3171 = DIRECTION ( 'NONE',  ( -1.000000000000000000, -0.0000000000000000000, -0.0000000000000000000 ) ) ;
#3172 = FACE_OUTER_BOUND ( 'NONE', #241, .T. ) ;
#3173 = CARTESIAN_POINT ( 'NONE',  ( -0.2200000000000000600, 0.1260000000000001100, -0.1080000000000000300 ) ) ;
#3174 = VERTEX_POINT ( 'NONE', #7638 ) ;
#3175 = ORIENTED_EDGE ( 'NONE', *, *, #1682, .F. ) ;
#3176 = PLANE ( 'NONE',  #5290 ) ;
#3177 = EDGE_CURVE ( 'NONE', #5130, #2655, #3577, .T. ) ;
#3178 = DIRECTION ( 'NONE',  ( 0.0000000000000000000, 0.0000000000000000000, -1.000000000000000000 ) ) ;
#3179 = ORIENTED_EDGE ( 'NONE', *, *, #5653, .F. ) ;
#3180 = ORIENTED_EDGE ( 'NONE', *, *, #5646, .T. ) ;
#3181 = CARTESIAN_POINT ( 'NONE',  ( -0.3841158428473160400, 0.1410000000000000700, -0.1885000000000000300 ) ) ;
#3182 = VECTOR ( 'NONE', #3504, 39.37007874015748100 ) ;
#3183 = EDGE_CURVE ( 'NONE', #1451, #1300, #4213, .T. ) ;
#3184 = DIRECTION ( 'NONE',  ( -0.9396926207859103200, 0.3420201433256634900, 0.0000000000000000000 ) ) ;
#3185 = EDGE_LOOP ( 'NONE', ( #6463, #3325, #4686, #972 ) ) ;
#3186 = DIRECTION ( 'NONE',  ( -0.0000000000000000000, -0.0000000000000000000, 1.000000000000000000 ) ) ;
#3187 = DIRECTION ( 'NONE',  ( -0.0000000000000000000, -0.0000000000000000000, -1.000000000000000000 ) ) ;
#3188 = CARTESIAN_POINT ( 'NONE',  ( -0.2870000000000000300, 0.01199087813774794300, -0.03427373945351554900 ) ) ;
#3189 = ADVANCED_FACE ( 'NONE', ( #1431 ), #1645, .F. ) ;
#3190 = CARTESIAN_POINT ( 'NONE',  ( -0.2139999999999999100, 0.5219999999999999100, -0.1275000000000000300 ) ) ;
#3191 = AXIS2_PLACEMENT_3D ( 'NONE', #408, #5809, #5783 ) ;
#3192 = ORIENTED_EDGE ( 'NONE', *, *, #7374, .T. ) ;
#3193 = SURFACE_SIDE_STYLE ('',( #3552 ) ) ;
#3194 = VERTEX_POINT ( 'NONE', #2263 ) ;
#3195 = CARTESIAN_POINT ( 'NONE',  ( -0.01900000000000002400, -0.1510000000000001300, -0.07800000000000002800 ) ) ;
#3196 = DIRECTION ( 'NONE',  ( 0.0000000000000000000, -1.000000000000000000, -3.244104004879254200E-016 ) ) ;
#3197 = FILL_AREA_STYLE_COLOUR ( '', #7999 ) ;
#3198 = CARTESIAN_POINT ( 'NONE',  ( 0.3790000000000000600, 0.5370000000000001400, -0.1885000000000000300 ) ) ;
#3199 = ORIENTED_EDGE ( 'NONE', *, *, #482, .T. ) ;
#3200 = DIRECTION ( 'NONE',  ( 1.000000000000000000, 0.0000000000000000000, 0.0000000000000000000 ) ) ;
#3201 = EDGE_LOOP ( 'NONE', ( #4294, #4942, #4177, #3345 ) ) ;
#3202 = ORIENTED_EDGE ( 'NONE', *, *, #6022, .F. ) ;
#3203 = ORIENTED_EDGE ( 'NONE', *, *, #1793, .T. ) ;
#3204 = DIRECTION ( 'NONE',  ( -0.3420201433256634900, -0.9396926207859103200, 0.0000000000000000000 ) ) ;
#3205 = ORIENTED_EDGE ( 'NONE', *, *, #3881, .T. ) ;
#3206 = LINE ( 'NONE', #7948, #1293 ) ;
#3207 = PLANE ( 'NONE',  #6116 ) ;
#3208 = MECHANICAL_DESIGN_GEOMETRIC_PRESENTATION_REPRESENTATION (  '', ( #947 ), #6179 ) ;
#3209 = EDGE_CURVE ( 'NONE', #7084, #4117, #5560, .T. ) ;
#3210 = ORIENTED_EDGE ( 'NONE', *, *, #5155, .T. ) ;
#3211 =( NAMED_UNIT ( * ) SI_UNIT ( $, .STERADIAN. ) SOLID_ANGLE_UNIT ( ) );
#3212 = ORIENTED_EDGE ( 'NONE', *, *, #2356, .F. ) ;
#3213 = FACE_OUTER_BOUND ( 'NONE', #4299, .T. ) ;
#3214 = ORIENTED_EDGE ( 'NONE', *, *, #7601, .T. ) ;
#3215 = VECTOR ( 'NONE', #4356, 39.37007874015748100 ) ;
#3216 =( GEOMETRIC_REPRESENTATION_CONTEXT ( 3 ) GLOBAL_UNCERTAINTY_ASSIGNED_CONTEXT ( ( #6203 ) ) GLOBAL_UNIT_ASSIGNED_CONTEXT ( ( #1439, #8274, #5614 ) ) REPRESENTATION_CONTEXT ( 'NONE', 'WORKASPACE' ) );
#3217 = CARTESIAN_POINT ( 'NONE',  ( -0.3540000000000000400, 0.01389564612297849500, 0.1602061708076718500 ) ) ;
#3218 = SURFACE_SIDE_STYLE ('',( #8341 ) ) ;
#3219 = AXIS2_PLACEMENT_3D ( 'NONE', #6558, #3278, #7846 ) ;
#3220 = DIRECTION ( 'NONE',  ( -1.000000000000000000, -0.0000000000000000000, -0.0000000000000000000 ) ) ;
#3221 = CARTESIAN_POINT ( 'NONE',  ( -0.2739999999999999100, 0.8199999999999999500, 0.8807583994195136200 ) ) ;
#3222 = VECTOR ( 'NONE', #5816, 39.37007874015748100 ) ;
#3223 = EDGE_CURVE ( 'NONE', #4180, #6303, #2375, .T. ) ;
#3224 = VERTEX_POINT ( 'NONE', #2225 ) ;
#3225 = EDGE_CURVE ( 'NONE', #6696, #714, #614, .T. ) ;
#3226 = ORIENTED_EDGE ( 'NONE', *, *, #3985, .F. ) ;
#3227 =( CONVERSION_BASED_UNIT ( 'INCH', #4385 ) LENGTH_UNIT ( ) NAMED_UNIT ( #1279 ) );
#3228 = PRESENTATION_LAYER_ASSIGNMENT (  '', '', ( #5651 ) ) ;
#3229 = CARTESIAN_POINT ( 'NONE',  ( -0.2490000000000000300, 0.0000000000000000000, -0.04149999999999996100 ) ) ;
#3230 = DIRECTION ( 'NONE',  ( 0.3420201433256637700, 0.9396926207859100900, 0.0000000000000000000 ) ) ;
#3231 = VECTOR ( 'NONE', #1193, 39.37007874015748900 ) ;
#3232 = EDGE_CURVE ( 'NONE', #3431, #6725, #3245, .T. ) ;
#3233 = PLANE ( 'NONE',  #533 ) ;
#3234 = DIRECTION ( 'NONE',  ( 0.9396926207859102000, 0.3420201433256638300, 0.0000000000000000000 ) ) ;
#3235 = VERTEX_POINT ( 'NONE', #7687 ) ;
#3236 = LINE ( 'NONE', #2258, #1733 ) ;
#3237 = DIMENSIONAL_EXPONENTS ( 1.000000000000000000, 0.0000000000000000000, 0.0000000000000000000, 0.0000000000000000000, 0.0000000000000000000, 0.0000000000000000000, 0.0000000000000000000 ) ;
#3238 = FACE_OUTER_BOUND ( 'NONE', #964, .T. ) ;
#3239 = DIRECTION ( 'NONE',  ( 0.0000000000000000000, 0.0000000000000000000, 1.000000000000000000 ) ) ;
#3240 = FACE_OUTER_BOUND ( 'NONE', #4472, .T. ) ;
#3241 = EDGE_LOOP ( 'NONE', ( #6713, #986, #7458, #2432, #572, #8592 ) ) ;
#3242 = VERTEX_POINT ( 'NONE', #6334 ) ;
#3243 = EDGE_CURVE ( 'NONE', #6241, #5513, #3036, .T. ) ;
#3244 = LINE ( 'NONE', #8178, #213 ) ;
#3245 = LINE ( 'NONE', #6296, #4618 ) ;
#3246 = VERTEX_POINT ( 'NONE', #1997 ) ;
#3247 = ORIENTED_EDGE ( 'NONE', *, *, #8165, .F. ) ;
#3248 = DIRECTION ( 'NONE',  ( 0.0000000000000000000, 0.0000000000000000000, 1.000000000000000000 ) ) ;
#3249 = FACE_OUTER_BOUND ( 'NONE', #5539, .T. ) ;
#3250 = FACE_OUTER_BOUND ( 'NONE', #7400, .T. ) ;
#3251 = LINE ( 'NONE', #47, #3363 ) ;
#3252 = CARTESIAN_POINT ( 'NONE',  ( 0.2500000000000000600, 0.1910000000000001700, -0.1275000000000000900 ) ) ;
#3253 = AXIS2_PLACEMENT_3D ( 'NONE', #6686, #5442, #2715 ) ;
#3254 = AXIS2_PLACEMENT_3D ( 'NONE', #4565, #3822, #5273 ) ;
#3255 = LINE ( 'NONE', #5893, #2062 ) ;
#3256 =( CONVERSION_BASED_UNIT ( 'INCH', #2515 ) LENGTH_UNIT ( ) NAMED_UNIT ( #2331 ) );
#3257 = FILL_AREA_STYLE_COLOUR ( '', #4525 ) ;
#3258 = DIRECTION ( 'NONE',  ( 0.0000000000000000000, 2.008711760047251800E-016, -1.000000000000000000 ) ) ;
#3259 = ORIENTED_EDGE ( 'NONE', *, *, #3232, .F. ) ;
#3260 = ORIENTED_EDGE ( 'NONE', *, *, #105, .F. ) ;
#3261 = CARTESIAN_POINT ( 'NONE',  ( 0.2199999999999999700, 0.01389564612297849500, 0.1602061708076718500 ) ) ;
#3262 =( CONVERSION_BASED_UNIT ( 'INCH', #8505 ) LENGTH_UNIT ( ) NAMED_UNIT ( #3282 ) );
#3263 = CARTESIAN_POINT ( 'NONE',  ( 0.2870000000000000300, 0.07336898097372462900, -0.09199999999999999800 ) ) ;
#3264 = CARTESIAN_POINT ( 'NONE',  ( -0.04800000000000004300, 0.07336898097372462900, -0.07800000000000002800 ) ) ;
#3265 = EDGE_LOOP ( 'NONE', ( #7114, #7549, #1460, #30, #2444, #7527, #627, #8640, #5368, #4998, #495, #5131 ) ) ;
#3266 = LINE ( 'NONE', #8168, #7985 ) ;
#3267 =( GEOMETRIC_REPRESENTATION_CONTEXT ( 3 ) GLOBAL_UNCERTAINTY_ASSIGNED_CONTEXT ( ( #7769 ) ) GLOBAL_UNIT_ASSIGNED_CONTEXT ( ( #6974, #4326, #1605 ) ) REPRESENTATION_CONTEXT ( 'NONE', 'WORKASPACE' ) );
#3268 = DIRECTION ( 'NONE',  ( -1.000000000000000000, 0.0000000000000000000, 0.0000000000000000000 ) ) ;
#3269 = SURFACE_STYLE_FILL_AREA ( #2207 ) ;
#3270 = CIRCLE ( 'NONE', #5195, 0.01399999999999996600 ) ;
#3271 = LENGTH_MEASURE_WITH_UNIT ( LENGTH_MEASURE( 0.02539999999999999900 ), #4105 );
#3272 = ORIENTED_EDGE ( 'NONE', *, *, #537, .F. ) ;
#3273 = DIRECTION ( 'NONE',  ( -1.000000000000000000, 0.0000000000000000000, 0.0000000000000000000 ) ) ;
#3274 = AXIS2_PLACEMENT_3D ( 'NONE', #6707, #1925, #8059 ) ;
#3275 = VERTEX_POINT ( 'NONE', #4053 ) ;
#3276 = FACE_OUTER_BOUND ( 'NONE', #1743, .T. ) ;
#3277 = EDGE_CURVE ( 'NONE', #3613, #1599, #8690, .T. ) ;
#3278 = DIRECTION ( 'NONE',  ( -1.000000000000000000, -0.0000000000000000000, -0.0000000000000000000 ) ) ;
#3279 = VECTOR ( 'NONE', #1356, 39.37007874015748100 ) ;
#3280 = FACE_OUTER_BOUND ( 'NONE', #2392, .T. ) ;
#3281 = DIRECTION ( 'NONE',  ( -0.0000000000000000000, -0.0000000000000000000, -1.000000000000000000 ) ) ;
#3282 = DIMENSIONAL_EXPONENTS ( 1.000000000000000000, 0.0000000000000000000, 0.0000000000000000000, 0.0000000000000000000, 0.0000000000000000000, 0.0000000000000000000, 0.0000000000000000000 ) ;
#3283 = DIRECTION ( 'NONE',  ( 0.0000000000000000000, 0.0000000000000000000, 1.000000000000000000 ) ) ;
#3284 = EDGE_LOOP ( 'NONE', ( #3054, #4613, #5915, #611 ) ) ;
#3285 = EDGE_CURVE ( 'NONE', #6561, #4746, #2813, .T. ) ;
#3286 = DIRECTION ( 'NONE',  ( -1.000000000000000000, 0.0000000000000000000, 0.0000000000000000000 ) ) ;
#3287 = VECTOR ( 'NONE', #165, 39.37007874015748900 ) ;
#3288 = CARTESIAN_POINT ( 'NONE',  ( 0.01899999999999998900, 0.01199087813774794300, -0.03427373945351554900 ) ) ;
#3289 = DIRECTION ( 'NONE',  ( -0.0000000000000000000, 0.9925461516413228700, 0.1218693434051409700 ) ) ;
#3290 = ADVANCED_FACE ( 'NONE', ( #429 ), #7430, .F. ) ;
#3291 = VECTOR ( 'NONE', #8195, 39.37007874015748100 ) ;
#3292 = EDGE_CURVE ( 'NONE', #3120, #2489, #6919, .T. ) ;
#3293 = DIRECTION ( 'NONE',  ( 0.0000000000000000000, 0.0000000000000000000, -1.000000000000000000 ) ) ;
#3294 =( NAMED_UNIT ( * ) PLANE_ANGLE_UNIT ( ) SI_UNIT ( $, .RADIAN. ) );
#3295 = VECTOR ( 'NONE', #1283, 39.37007874015748100 ) ;
#3296 =( GEOMETRIC_REPRESENTATION_CONTEXT ( 3 ) GLOBAL_UNCERTAINTY_ASSIGNED_CONTEXT ( ( #5627 ) ) GLOBAL_UNIT_ASSIGNED_CONTEXT ( ( #3620, #2861, #1585 ) ) REPRESENTATION_CONTEXT ( 'NONE', 'WORKASPACE' ) );
#3297 = ORIENTED_EDGE ( 'NONE', *, *, #5865, .F. ) ;
#3298 = DIRECTION ( 'NONE',  ( 0.0000000000000000000, -0.0000000000000000000, -1.000000000000000000 ) ) ;
#3299 = CARTESIAN_POINT ( 'NONE',  ( 0.2739999999999999100, 0.8199999999999999500, -0.1275000000000000900 ) ) ;
#3300 = ORIENTED_EDGE ( 'NONE', *, *, #7462, .F. ) ;
#3301 = CARTESIAN_POINT ( 'NONE',  ( 0.2500000000000000000, 0.4819999999999999800, -0.1275000000000000300 ) ) ;
#3302 = ORIENTED_EDGE ( 'NONE', *, *, #2410, .T. ) ;
#3303 = ORIENTED_EDGE ( 'NONE', *, *, #207, .F. ) ;
#3304 = ORIENTED_EDGE ( 'NONE', *, *, #6999, .T. ) ;
#3305 = CARTESIAN_POINT ( 'NONE',  ( 0.1150000000000000000, 0.1260000000000001100, -0.1080000000000000300 ) ) ;
#3306 = LINE ( 'NONE', #7574, #8238 ) ;
#3307 = FILL_AREA_STYLE ('',( #3981 ) ) ;
#3308 =( GEOMETRIC_REPRESENTATION_CONTEXT ( 3 ) GLOBAL_UNCERTAINTY_ASSIGNED_CONTEXT ( ( #7718 ) ) GLOBAL_UNIT_ASSIGNED_CONTEXT ( ( #2850, #6804, #4876 ) ) REPRESENTATION_CONTEXT ( 'NONE', 'WORKASPACE' ) );
#3309 = EDGE_LOOP ( 'NONE', ( #1252, #544, #244, #2995 ) ) ;
#3310 = DIRECTION ( 'NONE',  ( -0.3420201433256637700, 0.9396926207859100900, 0.0000000000000000000 ) ) ;
#3311 = ORIENTED_EDGE ( 'NONE', *, *, #264, .T. ) ;
#3312 = CARTESIAN_POINT ( 'NONE',  ( -0.2490000000000000300, -2.134256245050205600E-018, -0.02749999999999999700 ) ) ;
#3313 = PLANE ( 'NONE',  #2636 ) ;
#3314 = VERTEX_POINT ( 'NONE', #5394 ) ;
#3315 = ORIENTED_EDGE ( 'NONE', *, *, #2279, .T. ) ;
#3316 = VECTOR ( 'NONE', #1814, 39.37007874015748900 ) ;
#3317 = DIRECTION ( 'NONE',  ( -0.0000000000000000000, -1.000000000000000000, -0.0000000000000000000 ) ) ;
#3318 = SURFACE_SIDE_STYLE ('',( #2523 ) ) ;
#3319 = ORIENTED_EDGE ( 'NONE', *, *, #913, .F. ) ;
#3320 = CARTESIAN_POINT ( 'NONE',  ( -0.1820000000000000800, 0.07336898097372462900, -0.1080000000000000500 ) ) ;
#3321 = DIMENSIONAL_EXPONENTS ( 1.000000000000000000, 0.0000000000000000000, 0.0000000000000000000, 0.0000000000000000000, 0.0000000000000000000, 0.0000000000000000000, 0.0000000000000000000 ) ;
#3322 = DIRECTION ( 'NONE',  ( 0.0000000000000000000, 1.000000000000000000, 3.244104004879253700E-016 ) ) ;
#3323 = CIRCLE ( 'NONE', #4131, 0.01999999999999999000 ) ;
#3324 = PRESENTATION_LAYER_ASSIGNMENT (  '', '', ( #69 ) ) ;
#3325 = ORIENTED_EDGE ( 'NONE', *, *, #6036, .F. ) ;
#3326 = DIRECTION ( 'NONE',  ( 0.0000000000000000000, -1.000000000000000000, 0.0000000000000000000 ) ) ;
#3327 = EDGE_CURVE ( 'NONE', #7360, #1692, #2052, .T. ) ;
#3328 = FACE_OUTER_BOUND ( 'NONE', #3931, .T. ) ;
#3329 = CARTESIAN_POINT ( 'NONE',  ( 0.2870000000000000300, 0.04767424210712179600, -0.09348484402818098300 ) ) ;
#3330 = CARTESIAN_POINT ( 'NONE',  ( -0.04800000000000004300, -1.707404996040164500E-017, 0.1584999999999999700 ) ) ;
#3331 = ORIENTED_EDGE ( 'NONE', *, *, #1133, .F. ) ;
#3332 = EDGE_CURVE ( 'NONE', #1230, #6104, #3788, .T. ) ;
#3333 = ADVANCED_FACE ( 'NONE', ( #6805 ), #2923, .F. ) ;
#3334 = CARTESIAN_POINT ( 'NONE',  ( -0.2140000000000000500, 0.5019999999999998900, -0.1275000000000000900 ) ) ;
#3335 = ORIENTED_EDGE ( 'NONE', *, *, #7587, .F. ) ;
#3336 = DIRECTION ( 'NONE',  ( 0.0000000000000000000, 0.0000000000000000000, 1.000000000000000000 ) ) ;
#3337 = PRESENTATION_STYLE_ASSIGNMENT (( #1036 ) ) ;
#3338 = CARTESIAN_POINT ( 'NONE',  ( 0.3540000000000000400, 0.02977638454923963200, 0.1621560803021541200 ) ) ;
#3339 = VECTOR ( 'NONE', #8263, 39.37007874015748100 ) ;
#3340 = EDGE_CURVE ( 'NONE', #4948, #2551, #3904, .T. ) ;
#3341 = LINE ( 'NONE', #3728, #3133 ) ;
#3342 = EDGE_CURVE ( 'NONE', #1209, #409, #3779, .T. ) ;
#3343 = DIRECTION ( 'NONE',  ( -0.0000000000000000000, -0.0000000000000000000, -1.000000000000000000 ) ) ;
#3344 =( GEOMETRIC_REPRESENTATION_CONTEXT ( 3 ) GLOBAL_UNCERTAINTY_ASSIGNED_CONTEXT ( ( #4864 ) ) GLOBAL_UNIT_ASSIGNED_CONTEXT ( ( #3262, #3294, #7957 ) ) REPRESENTATION_CONTEXT ( 'NONE', 'WORKASPACE' ) );
#3345 = ORIENTED_EDGE ( 'NONE', *, *, #83, .T. ) ;
#3346 = CARTESIAN_POINT ( 'NONE',  ( 0.009900744143345076600, -0.1760000000000001600, -0.1885000000000000600 ) ) ;
#3347 = EDGE_CURVE ( 'NONE', #5065, #4522, #2487, .T. ) ;
#3348 = VECTOR ( 'NONE', #5522, 39.37007874015748100 ) ;
#3349 = VECTOR ( 'NONE', #5640, 39.37007874015748100 ) ;
#3350 = DIRECTION ( 'NONE',  ( -0.3420201433256637700, -0.9396926207859100900, -1.367416939322673900E-016 ) ) ;
#3351 = CARTESIAN_POINT ( 'NONE',  ( -0.01900000000000002400, 0.07336898097372462900, -0.07800000000000002800 ) ) ;
#3352 = ADVANCED_FACE ( 'NONE', ( #5553 ), #2236, .F. ) ;
#3353 = ORIENTED_EDGE ( 'NONE', *, *, #1737, .F. ) ;
#3354 = ORIENTED_EDGE ( 'NONE', *, *, #6591, .F. ) ;
#3355 = DIRECTION ( 'NONE',  ( -1.000000000000000000, -0.0000000000000000000, -0.0000000000000000000 ) ) ;
#3356 = DIRECTION ( 'NONE',  ( -1.000000000000000000, -0.0000000000000000000, 0.0000000000000000000 ) ) ;
#3357 =( CONVERSION_BASED_UNIT ( 'INCH', #1237 ) LENGTH_UNIT ( ) NAMED_UNIT ( #3839 ) );
#3358 = FACE_OUTER_BOUND ( 'NONE', #619, .T. ) ;
#3359 = DIRECTION ( 'NONE',  ( 0.0000000000000000000, 0.0000000000000000000, -1.000000000000000000 ) ) ;
#3360 = EDGE_LOOP ( 'NONE', ( #4379, #4420, #1461, #2991 ) ) ;
#3361 = DIRECTION ( 'NONE',  ( -1.000000000000000000, -0.0000000000000000000, 0.0000000000000000000 ) ) ;
#3362 = EDGE_CURVE ( 'NONE', #5854, #7062, #6389, .T. ) ;
#3363 = VECTOR ( 'NONE', #2714, 39.37007874015748100 ) ;
#3364 = ORIENTED_EDGE ( 'NONE', *, *, #4090, .F. ) ;
#3365 = CARTESIAN_POINT ( 'NONE',  ( 0.2490000000000000000, 0.1260000000000001100, -0.1080000000000000300 ) ) ;
#3366 = VERTEX_POINT ( 'NONE', #7529 ) ;
#3367 = ORIENTED_EDGE ( 'NONE', *, *, #8638, .T. ) ;
#3368 = ADVANCED_FACE ( 'NONE', ( #3671 ), #8247, .F. ) ;
#3369 = FACE_OUTER_BOUND ( 'NONE', #7357, .T. ) ;
#3370 = LENGTH_MEASURE_WITH_UNIT ( LENGTH_MEASURE( 0.02539999999999999900 ), #1751 );
#3371 = VECTOR ( 'NONE', #6859, 39.37007874015748100 ) ;
#3372 = CARTESIAN_POINT ( 'NONE',  ( -0.2200000000000000600, 0.07336898097372462900, -0.1080000000000000500 ) ) ;
#3373 = VERTEX_POINT ( 'NONE', #6993 ) ;
#3374 =( NAMED_UNIT ( * ) SI_UNIT ( $, .STERADIAN. ) SOLID_ANGLE_UNIT ( ) );
#3375 = ORIENTED_EDGE ( 'NONE', *, *, #736, .T. ) ;
#3376 = AXIS2_PLACEMENT_3D ( 'NONE', #5241, #3184, #3204 ) ;
#3377 = LENGTH_MEASURE_WITH_UNIT ( LENGTH_MEASURE( 0.02539999999999999900 ), #4706 );
#3378 = DIRECTION ( 'NONE',  ( -1.000000000000000000, -0.0000000000000000000, -0.0000000000000000000 ) ) ;
#3379 = ADVANCED_FACE ( 'NONE', ( #1219 ), #6341, .F. ) ;
#3380 = DIRECTION ( 'NONE',  ( -0.0000000000000000000, -0.0000000000000000000, 1.000000000000000000 ) ) ;
#3381 = EDGE_CURVE ( 'NONE', #7084, #6517, #7026, .T. ) ;
#3382 = VECTOR ( 'NONE', #5682, 39.37007874015748100 ) ;
#3383 = FACE_OUTER_BOUND ( 'NONE', #1003, .T. ) ;
#3384 = VECTOR ( 'NONE', #7836, 39.37007874015748100 ) ;
#3385 = ORIENTED_EDGE ( 'NONE', *, *, #1019, .T. ) ;
#3386 = DIRECTION ( 'NONE',  ( -1.000000000000000000, 0.0000000000000000000, 0.0000000000000000000 ) ) ;
#3387 = VERTEX_POINT ( 'NONE', #345 ) ;
#3388 = ORIENTED_EDGE ( 'NONE', *, *, #7462, .T. ) ;
#3389 = LINE ( 'NONE', #6012, #8531 ) ;
#3390 = DIRECTION ( 'NONE',  ( 1.000000000000000000, 3.794233324533701400E-016, -0.0000000000000000000 ) ) ;
#3391 = STYLED_ITEM ( 'NONE', ( #4370 ), #5367 ) ;
#3392 = LINE ( 'NONE', #2231, #962 ) ;
#3393 = EDGE_CURVE ( 'NONE', #4445, #5281, #2691, .T. ) ;
#3394 = ORIENTED_EDGE ( 'NONE', *, *, #1836, .F. ) ;
#3395 = DIRECTION ( 'NONE',  ( 1.000000000000000000, 0.0000000000000000000, 0.0000000000000000000 ) ) ;
#3396 = CIRCLE ( 'NONE', #5307, 0.01999999999999999000 ) ;
#3397 = AXIS2_PLACEMENT_3D ( 'NONE', #6039, #1326, #4047 ) ;
#3398 =( CONVERSION_BASED_UNIT ( 'INCH', #1569 ) LENGTH_UNIT ( ) NAMED_UNIT ( #3111 ) );
#3399 = LINE ( 'NONE', #769, #765 ) ;
#3400 = AXIS2_PLACEMENT_3D ( 'NONE', #8338, #7044, #2227 ) ;
#3401 = EDGE_CURVE ( 'NONE', #4834, #77, #7960, .T. ) ;
#3402 = CARTESIAN_POINT ( 'NONE',  ( -0.2140000000000000500, 0.5520000000000000500, -0.1275000000000000300 ) ) ;
#3403 =( LENGTH_UNIT ( ) NAMED_UNIT ( * ) SI_UNIT ( $, .METRE. ) );
#3404 = PRESENTATION_STYLE_ASSIGNMENT (( #3865 ) ) ;
#3405 = SURFACE_STYLE_USAGE ( .BOTH. , #3193 ) ;
#3406 = ORIENTED_EDGE ( 'NONE', *, *, #687, .T. ) ;
#3407 = CARTESIAN_POINT ( 'NONE',  ( -0.1939999999999999200, 0.5220000000000000200, -0.1275000000000000300 ) ) ;
#3408 = VERTEX_POINT ( 'NONE', #4480 ) ;
#3409 = PLANE ( 'NONE',  #1505 ) ;
#3410 = ORIENTED_EDGE ( 'NONE', *, *, #1420, .F. ) ;
#3411 = CIRCLE ( 'NONE', #683, 0.03000000000000002300 ) ;
#3412 = DIRECTION ( 'NONE',  ( 0.0000000000000000000, -1.000000000000000000, 0.0000000000000000000 ) ) ;
#3413 =( CONVERSION_BASED_UNIT ( 'INCH', #4820 ) LENGTH_UNIT ( ) NAMED_UNIT ( #1116 ) );
#3414 =( GEOMETRIC_REPRESENTATION_CONTEXT ( 3 ) GLOBAL_UNCERTAINTY_ASSIGNED_CONTEXT ( ( #33 ) ) GLOBAL_UNIT_ASSIGNED_CONTEXT ( ( #329, #942, #7568 ) ) REPRESENTATION_CONTEXT ( 'NONE', 'WORKASPACE' ) );
#3415 = ADVANCED_FACE ( 'NONE', ( #2145 ), #6454, .F. ) ;
#3416 = DIRECTION ( 'NONE',  ( -1.000000000000000000, -0.0000000000000000000, -0.0000000000000000000 ) ) ;
#3417 = ORIENTED_EDGE ( 'NONE', *, *, #4674, .F. ) ;
#3418 = VERTEX_POINT ( 'NONE', #1079 ) ;
#3419 = DIRECTION ( 'NONE',  ( 0.0000000000000000000, 1.000000000000000000, 2.008711760047251600E-016 ) ) ;
#3420 = LENGTH_MEASURE_WITH_UNIT ( LENGTH_MEASURE( 0.02539999999999999900 ), #3595 );
#3421 = ORIENTED_EDGE ( 'NONE', *, *, #152, .F. ) ;
#3422 = VERTEX_POINT ( 'NONE', #4972 ) ;
#3423 = LINE ( 'NONE', #666, #4883 ) ;
#3424 = ADVANCED_FACE ( 'NONE', ( #4318, #4104 ), #8299, .F. ) ;
#3425 = PLANE ( 'NONE',  #4579 ) ;
#3426 = ORIENTED_EDGE ( 'NONE', *, *, #4962, .F. ) ;
#3427 = CARTESIAN_POINT ( 'NONE',  ( -0.3789999999999999500, 0.1260000000000001100, -0.1079999999999972800 ) ) ;
#3428 = ORIENTED_EDGE ( 'NONE', *, *, #8298, .F. ) ;
#3429 = SURFACE_STYLE_FILL_AREA ( #1198 ) ;
#3430 = MECHANICAL_DESIGN_GEOMETRIC_PRESENTATION_REPRESENTATION (  '', ( #2152 ), #4460 ) ;
#3431 = VERTEX_POINT ( 'NONE', #2881 ) ;
#3432 = VECTOR ( 'NONE', #8361, 39.37007874015748100 ) ;
#3433 = CARTESIAN_POINT ( 'NONE',  ( -0.3540000000000000400, 0.05947333485074611500, -0.07970617080767200500 ) ) ;
#3434 = DIRECTION ( 'NONE',  ( 0.0000000000000000000, -1.000000000000000000, -2.008711760047251600E-016 ) ) ;
#3435 = VECTOR ( 'NONE', #6266, 39.37007874015748100 ) ;
#3436 = ORIENTED_EDGE ( 'NONE', *, *, #554, .F. ) ;
#3437 = CLOSED_SHELL ( 'NONE', ( #646, #2975, #4116, #6787, #6945, #6183, #2731, #2115, #5144, #7474, #4816, #727, #4665, #2098, #6576, #4190 ) ) ;
#3438 = DIRECTION ( 'NONE',  ( 0.0000000000000000000, -0.0000000000000000000, 1.000000000000000000 ) ) ;
#3439 = CARTESIAN_POINT ( 'NONE',  ( 0.07499999999999999700, 0.7099999999999999600, -0.1275000000000000900 ) ) ;
#3440 = MECHANICAL_DESIGN_GEOMETRIC_PRESENTATION_REPRESENTATION (  '', ( #1172 ), #4783 ) ;
#3441 = VERTEX_POINT ( 'NONE', #2984 ) ;
#3442 = CARTESIAN_POINT ( 'NONE',  ( -0.04800000000000004300, -0.1700000000000001000, 0.1724999999999999000 ) ) ;
#3443 = CIRCLE ( 'NONE', #2473, 0.01499999999999997700 ) ;
#3444 = DIRECTION ( 'NONE',  ( 0.0000000000000000000, 0.0000000000000000000, 1.000000000000000000 ) ) ;
#3445 = FILL_AREA_STYLE_COLOUR ( '', #1752 ) ;
#3446 = AXIS2_PLACEMENT_3D ( 'NONE', #3649, #5022, #7637 ) ;
#3447 = PRESENTATION_STYLE_ASSIGNMENT (( #5215 ) ) ;
#3448 = CARTESIAN_POINT ( 'NONE',  ( 0.2300000000000000100, 0.4819999999999999800, -0.1275000000000000900 ) ) ;
#3449 = EDGE_CURVE ( 'NONE', #772, #134, #1426, .T. ) ;
#3450 = EDGE_LOOP ( 'NONE', ( #7577, #7470, #2929, #1807 ) ) ;
#3451 =( NAMED_UNIT ( * ) PLANE_ANGLE_UNIT ( ) SI_UNIT ( $, .RADIAN. ) );
#3452 = LINE ( 'NONE', #2126, #3668 ) ;
#3453 = LENGTH_MEASURE_WITH_UNIT ( LENGTH_MEASURE( 0.02539999999999999900 ), #2347 );
#3454 = AXIS2_PLACEMENT_3D ( 'NONE', #5280, #4572, #5220 ) ;
#3455 = LINE ( 'NONE', #8579, #7545 ) ;
#3456 = EDGE_CURVE ( 'NONE', #6132, #2880, #7235, .T. ) ;
#3457 = DIRECTION ( 'NONE',  ( -0.0000000000000000000, -0.0000000000000000000, -1.000000000000000000 ) ) ;
#3458 = ORIENTED_EDGE ( 'NONE', *, *, #5323, .F. ) ;
#3459 = DIRECTION ( 'NONE',  ( 0.0000000000000000000, -0.1218693434051409500, 0.9925461516413227600 ) ) ;
#3460 = VERTEX_POINT ( 'NONE', #8197 ) ;
#3461 = DIRECTION ( 'NONE',  ( 0.1218693434051442400, 0.0000000000000000000, 0.9925461516413224300 ) ) ;
#3462 = CIRCLE ( 'NONE', #1603, 0.01399999999999997400 ) ;
#3463 = EDGE_CURVE ( 'NONE', #5799, #770, #3455, .T. ) ;
#3464 = ADVANCED_FACE ( 'NONE', ( #5755 ), #7030, .F. ) ;
#3465 = VERTEX_POINT ( 'NONE', #1061 ) ;
#3466 = DIRECTION ( 'NONE',  ( 1.000000000000000000, 0.0000000000000000000, 0.0000000000000000000 ) ) ;
#3467 = MECHANICAL_DESIGN_GEOMETRIC_PRESENTATION_REPRESENTATION (  '', ( #4689 ), #595 ) ;
#3468 = DIRECTION ( 'NONE',  ( -0.0000000000000000000, -0.0000000000000000000, 1.000000000000000000 ) ) ;
#3469 = DIRECTION ( 'NONE',  ( -1.000000000000000000, -0.0000000000000000000, -0.0000000000000000000 ) ) ;
#3470 = EDGE_CURVE ( 'NONE', #1291, #237, #1835, .T. ) ;
#3471 = FACE_OUTER_BOUND ( 'NONE', #479, .T. ) ;
#3472 = DIRECTION ( 'NONE',  ( 0.0000000000000000000, 1.000000000000000000, 3.244104004879253700E-016 ) ) ;
#3473 = CARTESIAN_POINT ( 'NONE',  ( 0.0000000000000000000, 0.7099999999999999600, -0.1885000000000000300 ) ) ;
#3474 = ADVANCED_FACE ( 'NONE', ( #5244 ), #3007, .F. ) ;
#3475 = ORIENTED_EDGE ( 'NONE', *, *, #1855, .F. ) ;
#3476 = CARTESIAN_POINT ( 'NONE',  ( 0.08599999999999997900, 0.01389564612297850000, 0.1602061708076718500 ) ) ;
#3477 = CARTESIAN_POINT ( 'NONE',  ( -0.1150000000000000200, 0.1260000000000001100, -0.1080000000000000300 ) ) ;
#3478 = CARTESIAN_POINT ( 'NONE',  ( 0.2870000000000000300, -0.1760000000000001600, -0.02750000000000002100 ) ) ;
#3479 = VECTOR ( 'NONE', #1826, 39.37007874015748100 ) ;
#3480 = EDGE_LOOP ( 'NONE', ( #2697, #1914, #8445, #6466, #3410, #7586, #8599, #630 ) ) ;
#3481 = LINE ( 'NONE', #6194, #7682 ) ;
#3482 = ORIENTED_EDGE ( 'NONE', *, *, #7055, .F. ) ;
#3483 = PLANE ( 'NONE',  #5962 ) ;
#3484 = CLOSED_SHELL ( 'NONE', ( #4286, #1382, #7606, #4106 ) ) ;
#3485 = AXIS2_PLACEMENT_3D ( 'NONE', #4435, #8468, #3789 ) ;
#3486 = LINE ( 'NONE', #5765, #1662 ) ;
#3487 = CARTESIAN_POINT ( 'NONE',  ( 0.2870000000000000300, -0.1760000000000001600, -0.01149999999999994900 ) ) ;
#3488 = VECTOR ( 'NONE', #5559, 39.37007874015748100 ) ;
#3489 = DIRECTION ( 'NONE',  ( 0.0000000000000000000, 0.5161614676060309900, -0.8564912955534271800 ) ) ;
#3490 = CARTESIAN_POINT ( 'NONE',  ( 0.2870000000000000300, 0.07336898097372462900, -0.1080000000000000500 ) ) ;
#3491 = ORIENTED_EDGE ( 'NONE', *, *, #2945, .F. ) ;
#3492 = ORIENTED_EDGE ( 'NONE', *, *, #1737, .T. ) ;
#3493 = ORIENTED_EDGE ( 'NONE', *, *, #7848, .T. ) ;
#3494 = DIRECTION ( 'NONE',  ( 0.0000000000000000000, 0.0000000000000000000, 1.000000000000000000 ) ) ;
#3495 = COLOUR_RGB ( '',0.7921568627450980000, 0.8196078431372548800, 0.9333333333333333500 ) ;
#3496 =( NAMED_UNIT ( * ) SI_UNIT ( $, .STERADIAN. ) SOLID_ANGLE_UNIT ( ) );
#3497 = FACE_OUTER_BOUND ( 'NONE', #2176, .T. ) ;
#3498 = AXIS2_PLACEMENT_3D ( 'NONE', #8012, #5958, #2594 ) ;
#3499 = ORIENTED_EDGE ( 'NONE', *, *, #1640, .F. ) ;
#3500 = CARTESIAN_POINT ( 'NONE',  ( -0.1820000000000000800, -1.340010956295959200E-017, 0.1884999999999999200 ) ) ;
#3501 = DIRECTION ( 'NONE',  ( 0.0000000000000000000, -1.000000000000000000, 3.244104004879253700E-016 ) ) ;
#3502 = DIRECTION ( 'NONE',  ( -1.000000000000000000, -0.0000000000000000000, 0.0000000000000000000 ) ) ;
#3503 = EDGE_CURVE ( 'NONE', #4522, #4654, #2368, .T. ) ;
#3504 = DIRECTION ( 'NONE',  ( -0.1209742911513497800, -0.1209742911513481100, 0.9852565360152943900 ) ) ;
#3505 = DIRECTION ( 'NONE',  ( 0.0000000000000000000, 0.0000000000000000000, 1.000000000000000000 ) ) ;
#3506 = CARTESIAN_POINT ( 'NONE',  ( 0.2739999999999999100, 0.8199999999999999500, -0.1885000000000000300 ) ) ;
#3507 = ADVANCED_FACE ( 'NONE', ( #3240 ), #1736, .T. ) ;
#3508 = MECHANICAL_DESIGN_GEOMETRIC_PRESENTATION_REPRESENTATION (  '', ( #5644 ), #3974 ) ;
#3509 = DIRECTION ( 'NONE',  ( 0.0000000000000000000, 0.0000000000000000000, 1.000000000000000000 ) ) ;
#3510 = EDGE_CURVE ( 'NONE', #324, #8286, #3341, .T. ) ;
#3511 = DIRECTION ( 'NONE',  ( 0.0000000000000000000, 0.0000000000000000000, -1.000000000000000000 ) ) ;
#3512 = VECTOR ( 'NONE', #7064, 39.37007874015748100 ) ;
#3513 = PRESENTATION_LAYER_ASSIGNMENT (  '', '', ( #3867 ) ) ;
#3514 = ORIENTED_EDGE ( 'NONE', *, *, #1192, .T. ) ;
#3515 = EDGE_CURVE ( 'NONE', #1484, #5779, #6485, .T. ) ;
#3516 = EDGE_CURVE ( 'NONE', #7433, #3387, #7617, .T. ) ;
#3517 = ORIENTED_EDGE ( 'NONE', *, *, #3857, .F. ) ;
#3518 = ADVANCED_FACE ( 'NONE', ( #1319 ), #5109, .F. ) ;
#3519 = DIRECTION ( 'NONE',  ( -0.0000000000000000000, -0.5161614676060311000, 0.8564912955534271800 ) ) ;
#3520 = CARTESIAN_POINT ( 'NONE',  ( 0.2679999999999999600, 0.3339194916336046800, -0.03150000000000003500 ) ) ;
#3521 = DIRECTION ( 'NONE',  ( 0.0000000000000000000, 0.0000000000000000000, 1.000000000000000000 ) ) ;
#3522 = LENGTH_MEASURE_WITH_UNIT ( LENGTH_MEASURE( 0.02539999999999999900 ), #7636 );
#3523 = PRODUCT_RELATED_PRODUCT_CATEGORY ( 'part', '', ( #2826 ) ) ;
#3524 = EDGE_CURVE ( 'NONE', #7138, #300, #3664, .T. ) ;
#3525 = ORIENTED_EDGE ( 'NONE', *, *, #1244, .T. ) ;
#3526 = DIRECTION ( 'NONE',  ( -1.000000000000000000, -0.0000000000000000000, 0.0000000000000000000 ) ) ;
#3527 = ORIENTED_EDGE ( 'NONE', *, *, #6980, .T. ) ;
#3528 = DIMENSIONAL_EXPONENTS ( 1.000000000000000000, 0.0000000000000000000, 0.0000000000000000000, 0.0000000000000000000, 0.0000000000000000000, 0.0000000000000000000, 0.0000000000000000000 ) ;
#3529 = CARTESIAN_POINT ( 'NONE',  ( -0.2200000000000000600, -1.340010956295959200E-017, 0.1884999999999999200 ) ) ;
#3530 = DIRECTION ( 'NONE',  ( 0.0000000000000000000, -0.1218693434051411300, 0.9925461516413227600 ) ) ;
#3531 = ORIENTED_EDGE ( 'NONE', *, *, #2413, .F. ) ;
#3532 = EDGE_LOOP ( 'NONE', ( #1140, #3149, #7922, #5530 ) ) ;
#3533 = LINE ( 'NONE', #1273, #6655 ) ;
#3534 = DIRECTION ( 'NONE',  ( 0.0000000000000000000, 1.000000000000000000, -0.0000000000000000000 ) ) ;
#3535 = DIRECTION ( 'NONE',  ( 1.000000000000000000, -3.794233324533703800E-016, 0.0000000000000000000 ) ) ;
#3536 = CARTESIAN_POINT ( 'NONE',  ( -0.2490000000000000300, 0.07336898097372462900, -0.1080000000000000500 ) ) ;
#3537 = ADVANCED_FACE ( 'NONE', ( #6381 ), #1714, .F. ) ;
#3538 = VERTEX_POINT ( 'NONE', #3784 ) ;
#3539 = UNCERTAINTY_MEASURE_WITH_UNIT (LENGTH_MEASURE( 1.000000000000000100E-005 ), #2624, 'distance_accuracy_value', 'NONE');
#3540 = DIRECTION ( 'NONE',  ( 0.0000000000000000000, 1.000000000000000000, 2.008711760047251600E-016 ) ) ;
#3541 = CARTESIAN_POINT ( 'NONE',  ( -0.3160000000000000600, -1.707404996040164500E-017, 0.1584999999999999700 ) ) ;
#3542 = ORIENTED_EDGE ( 'NONE', *, *, #8275, .T. ) ;
#3543 = EDGE_CURVE ( 'NONE', #8236, #3120, #8684, .T. ) ;
#3544 = CARTESIAN_POINT ( 'NONE',  ( 0.2140000000000000000, 0.5320000000000001400, -0.1885000000000000300 ) ) ;
#3545 = ORIENTED_EDGE ( 'NONE', *, *, #2123, .F. ) ;
#3546 = VERTEX_POINT ( 'NONE', #5704 ) ;
#3547 = SURFACE_STYLE_FILL_AREA ( #2411 ) ;
#3548 = SURFACE_SIDE_STYLE ('',( #749 ) ) ;
#3549 = DIRECTION ( 'NONE',  ( 0.0000000000000000000, 1.000000000000000000, 2.008711760047251600E-016 ) ) ;
#3550 = ORIENTED_EDGE ( 'NONE', *, *, #3717, .T. ) ;
#3551 = CARTESIAN_POINT ( 'NONE',  ( 0.3731978351792617500, 0.5377569909352639700, -0.01150000000000003500 ) ) ;
#3552 = SURFACE_STYLE_FILL_AREA ( #7253 ) ;
#3553 = EDGE_LOOP ( 'NONE', ( #4676, #354, #7013, #3367 ) ) ;
#3554 = CARTESIAN_POINT ( 'NONE',  ( -0.3841158428473162000, 0.5370000000000001400, -0.01150000000000003500 ) ) ;
#3555 = ORIENTED_EDGE ( 'NONE', *, *, #4914, .T. ) ;
#3556 = DIRECTION ( 'NONE',  ( -1.000000000000000000, -0.0000000000000000000, -0.0000000000000000000 ) ) ;
#3557 = PLANE ( 'NONE',  #1403 ) ;
#3558 = ADVANCED_FACE ( 'NONE', ( #1935 ), #8154, .F. ) ;
#3559 = VERTEX_POINT ( 'NONE', #569 ) ;
#3560 = DIRECTION ( 'NONE',  ( -0.0000000000000000000, -0.0000000000000000000, -1.000000000000000000 ) ) ;
#3561 = ORIENTED_EDGE ( 'NONE', *, *, #8001, .F. ) ;
#3562 =( NAMED_UNIT ( * ) PLANE_ANGLE_UNIT ( ) SI_UNIT ( $, .RADIAN. ) );
#3563 =( CONVERSION_BASED_UNIT ( 'INCH', #6758 ) LENGTH_UNIT ( ) NAMED_UNIT ( #4530 ) );
#3564 = CARTESIAN_POINT ( 'NONE',  ( -0.2870000000000000300, -0.1510000000000001300, -0.01149999999999994900 ) ) ;
#3565 = VECTOR ( 'NONE', #2216, 39.37007874015748100 ) ;
#3566 = FACE_OUTER_BOUND ( 'NONE', #8489, .T. ) ;
#3567 = CARTESIAN_POINT ( 'NONE',  ( 0.07690074414334507900, -0.1700000000000001000, 0.1884999999999999200 ) ) ;
#3568 = ADVANCED_FACE ( 'NONE', ( #2916 ), #5345, .T. ) ;
#3569 = CARTESIAN_POINT ( 'NONE',  ( -0.2200000000000000600, -1.707404996040164500E-017, 0.1584999999999999700 ) ) ;
#3570 = ORIENTED_EDGE ( 'NONE', *, *, #8442, .T. ) ;
#3571 =( NAMED_UNIT ( * ) PLANE_ANGLE_UNIT ( ) SI_UNIT ( $, .RADIAN. ) );
#3572 =( CONVERSION_BASED_UNIT ( 'INCH', #5358 ) LENGTH_UNIT ( ) NAMED_UNIT ( #7899 ) );
#3573 = AXIS2_PLACEMENT_3D ( 'NONE', #5714, #6332, #2928 ) ;
#3574 = LINE ( 'NONE', #1413, #7963 ) ;
#3575 = CARTESIAN_POINT ( 'NONE',  ( -0.1150000000000000200, 0.07336898097372462900, -0.1080000000000000500 ) ) ;
#3576 = EDGE_CURVE ( 'NONE', #1317, #8680, #4512, .T. ) ;
#3577 = LINE ( 'NONE', #308, #3349 ) ;
#3578 = DIRECTION ( 'NONE',  ( 0.0000000000000000000, 0.0000000000000000000, -1.000000000000000000 ) ) ;
#3579 = ORIENTED_EDGE ( 'NONE', *, *, #8164, .F. ) ;
#3580 = AXIS2_PLACEMENT_3D ( 'NONE', #3473, #4809, #787 ) ;
#3581 = EDGE_CURVE ( 'NONE', #5416, #1822, #205, .T. ) ;
#3582 = DIRECTION ( 'NONE',  ( -0.9396926207859103200, 0.3420201433256634900, 0.0000000000000000000 ) ) ;
#3583 = SURFACE_STYLE_FILL_AREA ( #8517 ) ;
#3584 = VERTEX_POINT ( 'NONE', #7862 ) ;
#3585 = COLOUR_RGB ( '',0.7921568627450980000, 0.8196078431372548800, 0.9333333333333333500 ) ;
#3586 = DIRECTION ( 'NONE',  ( 0.0000000000000000000, -2.008711760047251600E-016, 1.000000000000000000 ) ) ;
#3587 = DIRECTION ( 'NONE',  ( 1.000000000000000000, 0.0000000000000000000, 0.0000000000000000000 ) ) ;
#3588 = ORIENTED_EDGE ( 'NONE', *, *, #4532, .F. ) ;
#3589 = VECTOR ( 'NONE', #1419, 39.37007874015748100 ) ;
#3590 = VECTOR ( 'NONE', #4368, 39.37007874015748100 ) ;
#3591 = UNCERTAINTY_MEASURE_WITH_UNIT (LENGTH_MEASURE( 1.000000000000000100E-005 ), #5869, 'distance_accuracy_value', 'NONE');
#3592 = FACE_OUTER_BOUND ( 'NONE', #3888, .T. ) ;
#3593 = CARTESIAN_POINT ( 'NONE',  ( 0.2199999999999999700, -0.1450000000000001000, 0.1724999999999999000 ) ) ;
#3594 = CARTESIAN_POINT ( 'NONE',  ( -0.1939999999999999200, 0.5219999999999999100, -0.1885000000000000300 ) ) ;
#3595 =( LENGTH_UNIT ( ) NAMED_UNIT ( * ) SI_UNIT ( $, .METRE. ) );
#3596 = CARTESIAN_POINT ( 'NONE',  ( 0.2140000000000001300, 0.5020000000000000000, -0.1275000000000000300 ) ) ;
#3597 = STYLED_ITEM ( 'NONE', ( #6213 ), #171 ) ;
#3598 = EDGE_LOOP ( 'NONE', ( #2304, #1059, #3247, #5318 ) ) ;
#3599 = VECTOR ( 'NONE', #2215, 39.37007874015748100 ) ;
#3600 = CARTESIAN_POINT ( 'NONE',  ( 0.1150000000000000000, -0.1510000000000001300, -0.1885000000000000600 ) ) ;
#3601 =( LENGTH_UNIT ( ) NAMED_UNIT ( * ) SI_UNIT ( $, .METRE. ) );
#3602 = LINE ( 'NONE', #6095, #551 ) ;
#3603 = ORIENTED_EDGE ( 'NONE', *, *, #901, .T. ) ;
#3604 = CARTESIAN_POINT ( 'NONE',  ( -0.3160000000000000600, 0.05947333485074611500, -0.07970617080767200500 ) ) ;
#3605 = DIRECTION ( 'NONE',  ( 0.0000000000000000000, 0.5161614676060311000, -0.8564912955534271800 ) ) ;
#3606 = ORIENTED_EDGE ( 'NONE', *, *, #24, .T. ) ;
#3607 = VERTEX_POINT ( 'NONE', #8464 ) ;
#3608 = SURFACE_STYLE_USAGE ( .BOTH. , #880 ) ;
#3609 = SURFACE_STYLE_FILL_AREA ( #3892 ) ;
#3610 = LINE ( 'NONE', #6633, #3928 ) ;
#3611 = VERTEX_POINT ( 'NONE', #5901 ) ;
#3612 = VERTEX_POINT ( 'NONE', #1115 ) ;
#3613 = VERTEX_POINT ( 'NONE', #6604 ) ;
#3614 = CARTESIAN_POINT ( 'NONE',  ( 0.3841158428473160400, 0.1410000000000000700, -0.1885000000000000300 ) ) ;
#3615 = ADVANCED_FACE ( 'NONE', ( #3566 ), #7429, .F. ) ;
#3616 =( LENGTH_UNIT ( ) NAMED_UNIT ( * ) SI_UNIT ( $, .METRE. ) );
#3617 = DIRECTION ( 'NONE',  ( 0.0000000000000000000, 0.0000000000000000000, -1.000000000000000000 ) ) ;
#3618 = LINE ( 'NONE', #4759, #4150 ) ;
#3619 = VERTEX_POINT ( 'NONE', #5187 ) ;
#3620 =( CONVERSION_BASED_UNIT ( 'INCH', #8423 ) LENGTH_UNIT ( ) NAMED_UNIT ( #3153 ) );
#3621 = VECTOR ( 'NONE', #8228, 39.37007874015748100 ) ;
#3622 = CARTESIAN_POINT ( 'NONE',  ( 0.0000000000000000000, 0.7099999999999999600, -0.1885000000000000300 ) ) ;
#3623 = CARTESIAN_POINT ( 'NONE',  ( 0.1910992558566549100, -0.1700000000000001000, -0.1885000000000000600 ) ) ;
#3624 = PRESENTATION_LAYER_ASSIGNMENT (  '', '', ( #2226 ) ) ;
#3625 = PLANE ( 'NONE',  #6429 ) ;
#3626 = SURFACE_SIDE_STYLE ('',( #8426 ) ) ;
#3627 = EDGE_CURVE ( 'NONE', #3991, #4377, #4608, .T. ) ;
#3628 = AXIS2_PLACEMENT_3D ( 'NONE', #7837, #3850, #5184 ) ;
#3629 = EDGE_CURVE ( 'NONE', #7911, #5779, #2476, .T. ) ;
#3630 = ORIENTED_EDGE ( 'NONE', *, *, #4095, .F. ) ;
#3631 =( NAMED_UNIT ( * ) SI_UNIT ( $, .STERADIAN. ) SOLID_ANGLE_UNIT ( ) );
#3632 = CARTESIAN_POINT ( 'NONE',  ( 0.3540000000000000400, 0.01389564612297850000, 0.1602061708076718500 ) ) ;
#3633 = ORIENTED_EDGE ( 'NONE', *, *, #1951, .F. ) ;
#3634 = VERTEX_POINT ( 'NONE', #7185 ) ;
#3635 = EDGE_CURVE ( 'NONE', #1660, #5167, #6275, .T. ) ;
#3636 = PLANE ( 'NONE',  #3161 ) ;
#3637 = CARTESIAN_POINT ( 'NONE',  ( -0.3789999999999999500, 0.1410000000000000700, -0.01150000000000003500 ) ) ;
#3638 = EDGE_LOOP ( 'NONE', ( #2585, #6298, #1802, #1520 ) ) ;
#3639 = AXIS2_PLACEMENT_3D ( 'NONE', #2773, #2163, #8101 ) ;
#3640 =( NAMED_UNIT ( * ) SI_UNIT ( $, .STERADIAN. ) SOLID_ANGLE_UNIT ( ) );
#3641 = DIRECTION ( 'NONE',  ( -0.0000000000000000000, -0.5161614676060311000, 0.8564912955534271800 ) ) ;
#3642 = EDGE_LOOP ( 'NONE', ( #3130, #3385, #2720, #6033, #4108, #635, #5892, #1629, #5984, #6836, #1938, #6579 ) ) ;
#3643 = ORIENTED_EDGE ( 'NONE', *, *, #8344, .F. ) ;
#3644 = EDGE_CURVE ( 'NONE', #680, #8520, #1421, .T. ) ;
#3645 = ORIENTED_EDGE ( 'NONE', *, *, #8316, .F. ) ;
#3646 = LINE ( 'NONE', #4562, #2665 ) ;
#3647 = ORIENTED_EDGE ( 'NONE', *, *, #5773, .F. ) ;
#3648 = CARTESIAN_POINT ( 'NONE',  ( 0.3939999999999999600, 0.5520000000000000500, 0.8807583994195136200 ) ) ;
#3649 = CARTESIAN_POINT ( 'NONE',  ( 0.3789999999999999500, 0.1410000000000000700, -0.1079999999999972800 ) ) ;
#3650 = FACE_OUTER_BOUND ( 'NONE', #8654, .T. ) ;
#3651 = ORIENTED_EDGE ( 'NONE', *, *, #2246, .F. ) ;
#3652 = PLANE ( 'NONE',  #6543 ) ;
#3653 = LINE ( 'NONE', #307, #4994 ) ;
#3654 = ADVANCED_FACE ( 'NONE', ( #1126 ), #492, .F. ) ;
#3655 = CARTESIAN_POINT ( 'NONE',  ( 0.04800000000000000800, 0.07336898097372462900, -0.07800000000000002800 ) ) ;
#3656 = CARTESIAN_POINT ( 'NONE',  ( -0.1530000000000000200, -0.1510000000000001300, -0.07800000000000002800 ) ) ;
#3657 = ORIENTED_EDGE ( 'NONE', *, *, #7278, .F. ) ;
#3658 =( GEOMETRIC_REPRESENTATION_CONTEXT ( 3 ) GLOBAL_UNCERTAINTY_ASSIGNED_CONTEXT ( ( #1448 ) ) GLOBAL_UNIT_ASSIGNED_CONTEXT ( ( #3847, #8511, #5102 ) ) REPRESENTATION_CONTEXT ( 'NONE', 'WORKASPACE' ) );
#3659 = EDGE_LOOP ( 'NONE', ( #5878, #4594, #5717, #5136 ) ) ;
#3660 = ORIENTED_EDGE ( 'NONE', *, *, #5202, .T. ) ;
#3661 =( LENGTH_UNIT ( ) NAMED_UNIT ( * ) SI_UNIT ( $, .METRE. ) );
#3662 = DIRECTION ( 'NONE',  ( 2.346948448165176500E-016, -1.000000000000000000, 0.0000000000000000000 ) ) ;
#3663 = VECTOR ( 'NONE', #145, 39.37007874015748100 ) ;
#3664 = LINE ( 'NONE', #4349, #8378 ) ;
#3665 = FILL_AREA_STYLE_COLOUR ( '', #1890 ) ;
#3666 = DIRECTION ( 'NONE',  ( -1.000000000000000000, 1.724651511151681200E-016, 0.0000000000000000000 ) ) ;
#3667 = ORIENTED_EDGE ( 'NONE', *, *, #1294, .F. ) ;
#3668 = VECTOR ( 'NONE', #4711, 39.37007874015748100 ) ;
#3669 = PRESENTATION_STYLE_ASSIGNMENT (( #3049 ) ) ;
#3670 = AXIS2_PLACEMENT_3D ( 'NONE', #1361, #6069, #3293 ) ;
#3671 = FACE_OUTER_BOUND ( 'NONE', #8462, .T. ) ;
#3672 = CARTESIAN_POINT ( 'NONE',  ( 0.01899999999999998900, -0.1510000000000001300, -0.02750000000000001700 ) ) ;
#3673 = EDGE_CURVE ( 'NONE', #6104, #3546, #3891, .T. ) ;
#3674 = DIRECTION ( 'NONE',  ( -0.0000000000000000000, -0.0000000000000000000, -1.000000000000000000 ) ) ;
#3675 = ORIENTED_EDGE ( 'NONE', *, *, #2105, .F. ) ;
#3676 =( CONVERSION_BASED_UNIT ( 'INCH', #3522 ) LENGTH_UNIT ( ) NAMED_UNIT ( #5597 ) );
#3677 = ORIENTED_EDGE ( 'NONE', *, *, #7435, .T. ) ;
#3678 = DIRECTION ( 'NONE',  ( -0.0000000000000000000, -1.000000000000000000, -0.0000000000000000000 ) ) ;
#3679 = SURFACE_STYLE_FILL_AREA ( #4362 ) ;
#3680 = CARTESIAN_POINT ( 'NONE',  ( -0.04800000000000004300, -0.1700000000000001000, 0.1884999999999998900 ) ) ;
#3681 = LINE ( 'NONE', #8120, #1742 ) ;
#3682 = AXIS2_PLACEMENT_3D ( 'NONE', #7714, #1671, #8368 ) ;
#3683 = PRESENTATION_STYLE_ASSIGNMENT (( #896 ) ) ;
#3684 = DIRECTION ( 'NONE',  ( -1.000000000000000000, -0.0000000000000000000, 0.0000000000000000000 ) ) ;
#3685 = DIRECTION ( 'NONE',  ( 0.9925461516413224300, 1.711796220315992400E-016, 0.1218693434051442100 ) ) ;
#3686 = MECHANICAL_DESIGN_GEOMETRIC_PRESENTATION_REPRESENTATION (  '', ( #5751 ), #4419 ) ;
#3687 = FILL_AREA_STYLE ('',( #6369 ) ) ;
#3688 = CARTESIAN_POINT ( 'NONE',  ( -0.08600000000000002100, -1.707404996040164500E-017, 0.1584999999999999700 ) ) ;
#3689 = EDGE_CURVE ( 'NONE', #5992, #1102, #5025, .T. ) ;
#3690 = EDGE_CURVE ( 'NONE', #6515, #5126, #5850, .T. ) ;
#3691 = LINE ( 'NONE', #7027, #1850 ) ;
#3692 = ORIENTED_EDGE ( 'NONE', *, *, #2879, .F. ) ;
#3693 = LINE ( 'NONE', #4671, #3804 ) ;
#3694 = DIRECTION ( 'NONE',  ( 0.0000000000000000000, 0.0000000000000000000, -1.000000000000000000 ) ) ;
#3695 = CARTESIAN_POINT ( 'NONE',  ( -0.2200000000000000600, 0.1260000000000001100, -0.09200000000000001200 ) ) ;
#3696 = AXIS2_PLACEMENT_3D ( 'NONE', #5089, #7095, #1941 ) ;
#3697 = EDGE_LOOP ( 'NONE', ( #2355, #8136, #4404, #4089 ) ) ;
#3698 = EDGE_CURVE ( 'NONE', #395, #6133, #5443, .T. ) ;
#3699 = DIRECTION ( 'NONE',  ( -1.000000000000000000, -0.0000000000000000000, -0.0000000000000000000 ) ) ;
#3700 = ADVANCED_FACE ( 'NONE', ( #7020 ), #4722, .F. ) ;
#3701 = VECTOR ( 'NONE', #7216, 39.37007874015748900 ) ;
#3702 = FACE_OUTER_BOUND ( 'NONE', #1971, .T. ) ;
#3703 = ORIENTED_EDGE ( 'NONE', *, *, #5977, .F. ) ;
#3704 = FACE_OUTER_BOUND ( 'NONE', #7990, .T. ) ;
#3705 = CLOSED_SHELL ( 'NONE', ( #5339, #2423, #788, #6814, #6703, #809, #442, #4797, #1364, #2285, #1196, #4960, #5226, #6848, #7423, #2840 ) ) ;
#3706 =( NAMED_UNIT ( * ) SI_UNIT ( $, .STERADIAN. ) SOLID_ANGLE_UNIT ( ) );
#3707 = ORIENTED_EDGE ( 'NONE', *, *, #2812, .F. ) ;
#3708 = CONICAL_SURFACE ( 'NONE', #6154, 0.01499999999999997700, 0.1221730476395997800 ) ;
#3709 = LINE ( 'NONE', #2118, #636 ) ;
#3710 = FILL_AREA_STYLE_COLOUR ( '', #1015 ) ;
#3711 = VECTOR ( 'NONE', #6870, 39.37007874015748900 ) ;
#3712 = DIRECTION ( 'NONE',  ( 0.0000000000000000000, 0.0000000000000000000, 1.000000000000000000 ) ) ;
#3713 = VECTOR ( 'NONE', #3774, 39.37007874015748100 ) ;
#3714 = DIRECTION ( 'NONE',  ( 0.0000000000000000000, 0.0000000000000000000, 1.000000000000000000 ) ) ;
#3715 = CARTESIAN_POINT ( 'NONE',  ( 0.2870000000000000300, 0.1260000000000001100, -0.09200000000000001200 ) ) ;
#3716 = EDGE_LOOP ( 'NONE', ( #7308, #4171, #995, #254 ) ) ;
#3717 = EDGE_CURVE ( 'NONE', #1911, #8322, #1678, .T. ) ;
#3718 = ORIENTED_EDGE ( 'NONE', *, *, #634, .T. ) ;
#3719 = DIRECTION ( 'NONE',  ( -1.000000000000000000, -0.0000000000000000000, -0.0000000000000000000 ) ) ;
#3720 = CARTESIAN_POINT ( 'NONE',  ( 0.2199999999999999700, -1.707404996040164500E-017, 0.1584999999999999700 ) ) ;
#3721 =( NAMED_UNIT ( * ) SI_UNIT ( $, .STERADIAN. ) SOLID_ANGLE_UNIT ( ) );
#3722 = VECTOR ( 'NONE', #6222, 39.37007874015748100 ) ;
#3723 = DIRECTION ( 'NONE',  ( 0.0000000000000000000, -0.1218693434051411300, 0.9925461516413227600 ) ) ;
#3724 = ORIENTED_EDGE ( 'NONE', *, *, #933, .T. ) ;
#3725 = DIRECTION ( 'NONE',  ( 0.3420201433256637700, -0.9396926207859100900, 0.0000000000000000000 ) ) ;
#3726 = DIRECTION ( 'NONE',  ( -1.000000000000000000, -0.0000000000000000000, -0.0000000000000000000 ) ) ;
#3727 = AXIS2_PLACEMENT_3D ( 'NONE', #2808, #6903, #2164 ) ;
#3728 = CARTESIAN_POINT ( 'NONE',  ( -0.1820000000000000800, -1.707404996040164500E-017, 0.1724999999999999300 ) ) ;
#3729 = DIRECTION ( 'NONE',  ( 0.0000000000000000000, 0.0000000000000000000, -1.000000000000000000 ) ) ;
#3730 = PRESENTATION_LAYER_ASSIGNMENT (  '', '', ( #8491 ) ) ;
#3731 = VECTOR ( 'NONE', #109, 39.37007874015748100 ) ;
#3732 = VERTEX_POINT ( 'NONE', #6715 ) ;
#3733 = ORIENTED_EDGE ( 'NONE', *, *, #15, .F. ) ;
#3734 = AXIS2_PLACEMENT_3D ( 'NONE', #8105, #742, #5447 ) ;
#3735 = DIRECTION ( 'NONE',  ( -0.9396926207859102000, 0.3420201433256638300, 0.0000000000000000000 ) ) ;
#3736 = CARTESIAN_POINT ( 'NONE',  ( -0.2490000000000000300, -0.1760000000000001600, -0.01149999999999994900 ) ) ;
#3737 = DIRECTION ( 'NONE',  ( -0.7071067811865484600, -0.7071067811865466800, 0.0000000000000000000 ) ) ;
#3738 = LINE ( 'NONE', #6416, #7087 ) ;
#3739 = DIRECTION ( 'NONE',  ( 0.0000000000000000000, -3.244104004879254200E-016, -1.000000000000000000 ) ) ;
#3740 = AXIS2_PLACEMENT_3D ( 'NONE', #7389, #5321, #6150 ) ;
#3741 = ADVANCED_FACE ( 'NONE', ( #4353 ), #6014, .F. ) ;
#3742 = CARTESIAN_POINT ( 'NONE',  ( 0.3160000000000000600, 0.01389564612297850000, 0.1602061708076718500 ) ) ;
#3743 = DIMENSIONAL_EXPONENTS ( 1.000000000000000000, 0.0000000000000000000, 0.0000000000000000000, 0.0000000000000000000, 0.0000000000000000000, 0.0000000000000000000, 0.0000000000000000000 ) ;
#3744 = EDGE_CURVE ( 'NONE', #3929, #166, #1582, .T. ) ;
#3745 = EDGE_LOOP ( 'NONE', ( #8449, #4143, #1723, #6969 ) ) ;
#3746 = DIRECTION ( 'NONE',  ( 0.0000000000000000000, 0.0000000000000000000, -1.000000000000000000 ) ) ;
#3747 = ORIENTED_EDGE ( 'NONE', *, *, #6131, .F. ) ;
#3748 = ORIENTED_EDGE ( 'NONE', *, *, #5872, .T. ) ;
#3749 = VERTEX_POINT ( 'NONE', #1994 ) ;
#3750 = FACE_OUTER_BOUND ( 'NONE', #6650, .T. ) ;
#3751 = AXIS2_PLACEMENT_3D ( 'NONE', #3064, #2358, #3781 ) ;
#3752 = EDGE_CURVE ( 'NONE', #3612, #2371, #262, .T. ) ;
#3753 = UNCERTAINTY_MEASURE_WITH_UNIT (LENGTH_MEASURE( 1.000000000000000100E-005 ), #7180, 'distance_accuracy_value', 'NONE');
#3754 = CARTESIAN_POINT ( 'NONE',  ( 0.08599999999999997900, -1.707404996040164500E-017, 0.1724999999999999300 ) ) ;
#3755 = DIRECTION ( 'NONE',  ( 1.000000000000000000, 0.0000000000000000000, -0.0000000000000000000 ) ) ;
#3756 = ORIENTED_EDGE ( 'NONE', *, *, #5314, .F. ) ;
#3757 = ORIENTED_EDGE ( 'NONE', *, *, #8164, .T. ) ;
#3758 = VECTOR ( 'NONE', #3530, 39.37007874015748900 ) ;
#3759 = ORIENTED_EDGE ( 'NONE', *, *, #8333, .F. ) ;
#3760 = DIRECTION ( 'NONE',  ( 0.0000000000000000000, -0.1218693434051409500, 0.9925461516413227600 ) ) ;
#3761 = VERTEX_POINT ( 'NONE', #2713 ) ;
#3762 = CIRCLE ( 'NONE', #1776, 0.01399999999999997400 ) ;
#3763 = DIRECTION ( 'NONE',  ( 0.0000000000000000000, 1.000000000000000000, 2.008711760047251600E-016 ) ) ;
#3764 = ORIENTED_EDGE ( 'NONE', *, *, #6354, .T. ) ;
#3765 = EDGE_CURVE ( 'NONE', #389, #6058, #8106, .T. ) ;
#3766 = VECTOR ( 'NONE', #7223, 39.37007874015748100 ) ;
#3767 = AXIS2_PLACEMENT_3D ( 'NONE', #5573, #8206, #276 ) ;
#3768 = ORIENTED_EDGE ( 'NONE', *, *, #7777, .T. ) ;
#3769 = ORIENTED_EDGE ( 'NONE', *, *, #5926, .F. ) ;
#3770 = DIRECTION ( 'NONE',  ( -1.000000000000000000, -0.0000000000000000000, -0.0000000000000000000 ) ) ;
#3771 = CARTESIAN_POINT ( 'NONE',  ( 0.2870000000000000300, 0.07336898097372462900, -0.07800000000000002800 ) ) ;
#3772 = CARTESIAN_POINT ( 'NONE',  ( -0.2490000000000000300, 0.1260000000000001100, -0.1080000000000000300 ) ) ;
#3773 = DIRECTION ( 'NONE',  ( -0.0000000000000000000, -0.0000000000000000000, -1.000000000000000000 ) ) ;
#3774 = DIRECTION ( 'NONE',  ( 0.0000000000000000000, 1.000000000000000000, 2.008711760047251600E-016 ) ) ;
#3775 = VERTEX_POINT ( 'NONE', #598 ) ;
#3776 = CARTESIAN_POINT ( 'NONE',  ( 0.3540000000000000400, 0.07336898097372462900, -0.07800000000000002800 ) ) ;
#3777 = VECTOR ( 'NONE', #3560, 39.37007874015748100 ) ;
#3778 = CIRCLE ( 'NONE', #7444, 0.02999999999999995400 ) ;
#3779 = LINE ( 'NONE', #2166, #7851 ) ;
#3780 = DIRECTION ( 'NONE',  ( -1.000000000000000000, -0.0000000000000000000, -0.0000000000000000000 ) ) ;
#3781 = DIRECTION ( 'NONE',  ( 0.0000000000000000000, -0.0000000000000000000, 1.000000000000000000 ) ) ;
#3782 = CARTESIAN_POINT ( 'NONE',  ( 0.04800000000000000800, -0.1700000000000001000, 0.1724999999999999000 ) ) ;
#3783 = ORIENTED_EDGE ( 'NONE', *, *, #7570, .F. ) ;
#3784 = CARTESIAN_POINT ( 'NONE',  ( 0.1150000000000000000, 0.0000000000000000000, -0.01149999999999994900 ) ) ;
#3785 = DIMENSIONAL_EXPONENTS ( 1.000000000000000000, 0.0000000000000000000, 0.0000000000000000000, 0.0000000000000000000, 0.0000000000000000000, 0.0000000000000000000, 0.0000000000000000000 ) ;
#3786 = FACE_OUTER_BOUND ( 'NONE', #7654, .T. ) ;
#3787 = DIRECTION ( 'NONE',  ( 0.0000000000000000000, -1.000000000000000000, 0.0000000000000000000 ) ) ;
#3788 = CIRCLE ( 'NONE', #4893, 0.01399999999999997400 ) ;
#3789 = DIRECTION ( 'NONE',  ( 0.0000000000000000000, 0.1218693434051411300, -0.9925461516413227600 ) ) ;
#3790 = ORIENTED_EDGE ( 'NONE', *, *, #5533, .F. ) ;
#3791 = ORIENTED_EDGE ( 'NONE', *, *, #5103, .F. ) ;
#3792 = EDGE_CURVE ( 'NONE', #1311, #2855, #6109, .T. ) ;
#3793 = VECTOR ( 'NONE', #852, 39.37007874015748900 ) ;
#3794 = CARTESIAN_POINT ( 'NONE',  ( -0.04800000000000004300, -2.134256245050205600E-017, 0.1884999999999999200 ) ) ;
#3795 = DIRECTION ( 'NONE',  ( 1.000000000000000000, 0.0000000000000000000, 0.0000000000000000000 ) ) ;
#3796 = DIRECTION ( 'NONE',  ( 0.0000000000000000000, 0.0000000000000000000, -1.000000000000000000 ) ) ;
#3797 = ORIENTED_EDGE ( 'NONE', *, *, #6192, .T. ) ;
#3798 = CARTESIAN_POINT ( 'NONE',  ( -0.3789999999999999500, 0.1410000000000000700, -0.01150000000000003500 ) ) ;
#3799 =( GEOMETRIC_REPRESENTATION_CONTEXT ( 3 ) GLOBAL_UNCERTAINTY_ASSIGNED_CONTEXT ( ( #3591 ) ) GLOBAL_UNIT_ASSIGNED_CONTEXT ( ( #5869, #4563, #1843 ) ) REPRESENTATION_CONTEXT ( 'NONE', 'WORKASPACE' ) );
#3800 = LINE ( 'NONE', #6530, #339 ) ;
#3801 = EDGE_CURVE ( 'NONE', #1261, #7399, #4967, .T. ) ;
#3802 = CYLINDRICAL_SURFACE ( 'NONE', #476, 0.03000000000000001300 ) ;
#3803 = ORIENTED_EDGE ( 'NONE', *, *, #7671, .F. ) ;
#3804 = VECTOR ( 'NONE', #5412, 39.37007874015748900 ) ;
#3805 = DIRECTION ( 'NONE',  ( 0.0000000000000000000, 0.0000000000000000000, 1.000000000000000000 ) ) ;
#3806 = DIRECTION ( 'NONE',  ( 0.0000000000000000000, 0.0000000000000000000, -1.000000000000000000 ) ) ;
#3807 = DIRECTION ( 'NONE',  ( 0.0000000000000000000, -1.000000000000000000, -2.008711760047251600E-016 ) ) ;
#3808 = VECTOR ( 'NONE', #8086, 39.37007874015748100 ) ;
#3809 = CARTESIAN_POINT ( 'NONE',  ( 0.2500000000000000600, 0.1910000000000001700, -0.1275000000000000300 ) ) ;
#3810 = EDGE_CURVE ( 'NONE', #4117, #3607, #8532, .T. ) ;
#3811 = ORIENTED_EDGE ( 'NONE', *, *, #81, .F. ) ;
#3812 = EDGE_CURVE ( 'NONE', #4278, #77, #6327, .T. ) ;
#3813 = DIRECTION ( 'NONE',  ( -1.000000000000000000, -0.0000000000000000000, -0.0000000000000000000 ) ) ;
#3814 = VECTOR ( 'NONE', #982, 39.37007874015748100 ) ;
#3815 = PLANE ( 'NONE',  #797 ) ;
#3816 = UNCERTAINTY_MEASURE_WITH_UNIT (LENGTH_MEASURE( 1.000000000000000100E-005 ), #906, 'distance_accuracy_value', 'NONE');
#3817 = COLOUR_RGB ( '',0.7921568627450980000, 0.8196078431372548800, 0.9333333333333333500 ) ;
#3818 = VERTEX_POINT ( 'NONE', #8656 ) ;
#3819 = ORIENTED_EDGE ( 'NONE', *, *, #7994, .T. ) ;
#3820 = ORIENTED_EDGE ( 'NONE', *, *, #4971, .T. ) ;
#3821 = EDGE_CURVE ( 'NONE', #1484, #6250, #2735, .T. ) ;
#3822 = DIRECTION ( 'NONE',  ( -1.000000000000000000, -0.0000000000000000000, -0.0000000000000000000 ) ) ;
#3823 = CARTESIAN_POINT ( 'NONE',  ( 0.2870000000000000300, 0.1260000000000001100, -0.09200000000000001200 ) ) ;
#3824 = ORIENTED_EDGE ( 'NONE', *, *, #4417, .F. ) ;
#3825 = CIRCLE ( 'NONE', #7070, 0.01399999999999997400 ) ;
#3826 = PLANE ( 'NONE',  #3485 ) ;
#3827 = VECTOR ( 'NONE', #2717, 39.37007874015748100 ) ;
#3828 = VECTOR ( 'NONE', #6066, 39.37007874015748100 ) ;
#3829 = LINE ( 'NONE', #5237, #7173 ) ;
#3830 = ORIENTED_EDGE ( 'NONE', *, *, #228, .F. ) ;
#3831 = ORIENTED_EDGE ( 'NONE', *, *, #2307, .T. ) ;
#3832 = CARTESIAN_POINT ( 'NONE',  ( 0.2500000000000000000, 0.4819999999999999800, 0.8807583994195136200 ) ) ;
#3833 = LINE ( 'NONE', #2601, #5294 ) ;
#3834 = CARTESIAN_POINT ( 'NONE',  ( -0.2140000000000000500, 0.5019999999999998900, 0.8807583994195136200 ) ) ;
#3835 = VECTOR ( 'NONE', #4514, 39.37007874015748100 ) ;
#3836 = EDGE_CURVE ( 'NONE', #7372, #8090, #867, .T. ) ;
#3837 = FACE_OUTER_BOUND ( 'NONE', #596, .T. ) ;
#3838 = CARTESIAN_POINT ( 'NONE',  ( -0.3160000000000000600, 0.1260000000000001100, -0.09200000000000001200 ) ) ;
#3839 = DIMENSIONAL_EXPONENTS ( 1.000000000000000000, 0.0000000000000000000, 0.0000000000000000000, 0.0000000000000000000, 0.0000000000000000000, 0.0000000000000000000, 0.0000000000000000000 ) ;
#3840 = CARTESIAN_POINT ( 'NONE',  ( -0.3160000000000000600, 0.01389564612297849500, 0.1602061708076718500 ) ) ;
#3841 = DIMENSIONAL_EXPONENTS ( 1.000000000000000000, 0.0000000000000000000, 0.0000000000000000000, 0.0000000000000000000, 0.0000000000000000000, 0.0000000000000000000, 0.0000000000000000000 ) ;
#3842 = DIRECTION ( 'NONE',  ( 0.0000000000000000000, 0.0000000000000000000, -1.000000000000000000 ) ) ;
#3843 = VECTOR ( 'NONE', #5970, 39.37007874015748100 ) ;
#3844 = SURFACE_STYLE_USAGE ( .BOTH. , #2530 ) ;
#3845 = CARTESIAN_POINT ( 'NONE',  ( -0.1150000000000000200, 0.1260000000000001100, -0.1080000000000000300 ) ) ;
#3846 = VECTOR ( 'NONE', #2722, 39.37007874015748100 ) ;
#3847 =( CONVERSION_BASED_UNIT ( 'INCH', #837 ) LENGTH_UNIT ( ) NAMED_UNIT ( #1750 ) );
#3848 = CARTESIAN_POINT ( 'NONE',  ( -0.04800000000000004300, 0.05947333485074611500, -0.07970617080767200500 ) ) ;
#3849 = DIRECTION ( 'NONE',  ( 0.0000000000000000000, 0.0000000000000000000, -1.000000000000000000 ) ) ;
#3850 = DIRECTION ( 'NONE',  ( 0.0000000000000000000, 0.0000000000000000000, 1.000000000000000000 ) ) ;
#3851 = CARTESIAN_POINT ( 'NONE',  ( -0.04800000000000004300, 0.05947333485074611500, -0.07970617080767200500 ) ) ;
#3852 = CYLINDRICAL_SURFACE ( 'NONE', #3219, 0.01399999999999997400 ) ;
#3853 = DIRECTION ( 'NONE',  ( -1.000000000000000000, -0.0000000000000000000, -0.0000000000000000000 ) ) ;
#3854 = AXIS2_PLACEMENT_3D ( 'NONE', #5842, #5162, #7264 ) ;
#3855 = ORIENTED_EDGE ( 'NONE', *, *, #1101, .T. ) ;
#3856 = DIRECTION ( 'NONE',  ( 0.0000000000000000000, 0.0000000000000000000, 1.000000000000000000 ) ) ;
#3857 = EDGE_CURVE ( 'NONE', #418, #1209, #6967, .T. ) ;
#3858 = ORIENTED_EDGE ( 'NONE', *, *, #1176, .T. ) ;
#3859 = EDGE_LOOP ( 'NONE', ( #3527, #2341, #831, #2849 ) ) ;
#3860 = CIRCLE ( 'NONE', #261, 0.01999999999999999000 ) ;
#3861 =( NAMED_UNIT ( * ) PLANE_ANGLE_UNIT ( ) SI_UNIT ( $, .RADIAN. ) );
#3862 = CARTESIAN_POINT ( 'NONE',  ( 0.3284800007018209800, -0.1792885201230315100, 0.1724999999999999000 ) ) ;
#3863 = STYLED_ITEM ( 'NONE', ( #6628 ), #6889 ) ;
#3864 = ORIENTED_EDGE ( 'NONE', *, *, #1339, .T. ) ;
#3865 = SURFACE_STYLE_USAGE ( .BOTH. , #3218 ) ;
#3866 = EDGE_LOOP ( 'NONE', ( #7593, #8249, #357, #8443, #3561, #4843 ) ) ;
#3867 = STYLED_ITEM ( 'NONE', ( #3404 ), #5499 ) ;
#3868 = ORIENTED_EDGE ( 'NONE', *, *, #5153, .T. ) ;
#3869 = EDGE_LOOP ( 'NONE', ( #6110, #2314, #7844, #745 ) ) ;
#3870 = VECTOR ( 'NONE', #2274, 39.37007874015748100 ) ;
#3871 = CARTESIAN_POINT ( 'NONE',  ( -0.01900000000000002400, 0.07336898097372462900, -0.07800000000000002800 ) ) ;
#3872 = EDGE_CURVE ( 'NONE', #4481, #7220, #7068, .T. ) ;
#3873 = UNCERTAINTY_MEASURE_WITH_UNIT (LENGTH_MEASURE( 1.000000000000000100E-005 ), #4186, 'distance_accuracy_value', 'NONE');
#3874 = CARTESIAN_POINT ( 'NONE',  ( 0.3449007441433451500, -0.1700000000000001000, 0.1884999999999999200 ) ) ;
#3875 = EDGE_LOOP ( 'NONE', ( #8144, #5088, #7349, #6175 ) ) ;
#3876 = MECHANICAL_DESIGN_GEOMETRIC_PRESENTATION_REPRESENTATION (  '', ( #7783 ), #2758 ) ;
#3877 = LINE ( 'NONE', #7912, #6043 ) ;
#3878 = CARTESIAN_POINT ( 'NONE',  ( 0.3279999999999999600, 0.3339194916336046800, -0.03150000000000003500 ) ) ;
#3879 = CARTESIAN_POINT ( 'NONE',  ( -0.3160000000000000600, 0.05947333485074611500, -0.07970617080767200500 ) ) ;
#3880 = ORIENTED_EDGE ( 'NONE', *, *, #8007, .F. ) ;
#3881 = EDGE_CURVE ( 'NONE', #7203, #1021, #7184, .T. ) ;
#3882 = CARTESIAN_POINT ( 'NONE',  ( -0.2490000000000000300, 0.1260000000000001100, -0.1080000000000000300 ) ) ;
#3883 = DIRECTION ( 'NONE',  ( 0.0000000000000000000, -1.000000000000000000, 0.0000000000000000000 ) ) ;
#3884 = SURFACE_STYLE_FILL_AREA ( #271 ) ;
#3885 = VERTEX_POINT ( 'NONE', #7427 ) ;
#3886 = CARTESIAN_POINT ( 'NONE',  ( -0.3350000000000000200, 0.1910000000000002300, -0.01150000000000003500 ) ) ;
#3887 = ORIENTED_EDGE ( 'NONE', *, *, #3061, .F. ) ;
#3888 = EDGE_LOOP ( 'NONE', ( #7048, #5766, #8354, #430 ) ) ;
#3889 = CARTESIAN_POINT ( 'NONE',  ( 0.2490000000000000000, -0.1760000000000001600, -0.01149999999999994900 ) ) ;
#3890 = STYLED_ITEM ( 'NONE', ( #8191 ), #32 ) ;
#3891 = LINE ( 'NONE', #3909, #2264 ) ;
#3892 = FILL_AREA_STYLE ('',( #5341 ) ) ;
#3893 = EDGE_LOOP ( 'NONE', ( #7480, #1148, #5525, #7001, #7810, #3855 ) ) ;
#3894 = VECTOR ( 'NONE', #1321, 39.37007874015748100 ) ;
#3895 = CARTESIAN_POINT ( 'NONE',  ( -0.1939999999999999200, 0.5319999999999999200, -0.1275000000000000300 ) ) ;
#3896 = VECTOR ( 'NONE', #3220, 39.37007874015748100 ) ;
#3897 = CARTESIAN_POINT ( 'NONE',  ( 0.009900744143345076600, -0.1760000000000001600, -0.01149999999999993200 ) ) ;
#3898 = VECTOR ( 'NONE', #4932, 39.37007874015748100 ) ;
#3899 = DIRECTION ( 'NONE',  ( -1.000000000000000000, -0.0000000000000000000, -0.0000000000000000000 ) ) ;
#3900 = ORIENTED_EDGE ( 'NONE', *, *, #901, .F. ) ;
#3901 = DIRECTION ( 'NONE',  ( -0.1218693434051425500, 0.0000000000000000000, 0.9925461516413225400 ) ) ;
#3902 = LINE ( 'NONE', #3506, #5456 ) ;
#3903 = VECTOR ( 'NONE', #2932, 39.37007874015748100 ) ;
#3904 = LINE ( 'NONE', #855, #327 ) ;
#3905 = CARTESIAN_POINT ( 'NONE',  ( 0.3540000000000000400, -0.1700000000000001000, 0.1884999999999998900 ) ) ;
#3906 = PLANE ( 'NONE',  #5254 ) ;
#3907 = CARTESIAN_POINT ( 'NONE',  ( 0.1820000000000000000, 0.07336898097372462900, -0.1080000000000000500 ) ) ;
#3908 = ORIENTED_EDGE ( 'NONE', *, *, #6328, .T. ) ;
#3909 = CARTESIAN_POINT ( 'NONE',  ( 0.01899999999999998900, 0.06137810283597668100, -0.08522626054648445300 ) ) ;
#3910 = DIRECTION ( 'NONE',  ( 0.0000000000000000000, -2.008711760047251600E-016, 1.000000000000000000 ) ) ;
#3911 = FACE_OUTER_BOUND ( 'NONE', #2632, .T. ) ;
#3912 = MECHANICAL_DESIGN_GEOMETRIC_PRESENTATION_REPRESENTATION (  '', ( #8497 ), #3267 ) ;
#3913 = ORIENTED_EDGE ( 'NONE', *, *, #8474, .T. ) ;
#3914 = PRESENTATION_STYLE_ASSIGNMENT (( #1254 ) ) ;
#3915 = DIRECTION ( 'NONE',  ( -1.000000000000000000, 0.0000000000000000000, 0.0000000000000000000 ) ) ;
#3916 = VERTEX_POINT ( 'NONE', #1497 ) ;
#3917 = EDGE_CURVE ( 'NONE', #792, #5126, #7488, .T. ) ;
#3918 = PRESENTATION_STYLE_ASSIGNMENT (( #4394 ) ) ;
#3919 = EDGE_LOOP ( 'NONE', ( #4765, #6688, #7743, #884 ) ) ;
#3920 = SURFACE_SIDE_STYLE ('',( #6234 ) ) ;
#3921 = ORIENTED_EDGE ( 'NONE', *, *, #3673, .T. ) ;
#3922 = VERTEX_POINT ( 'NONE', #6777 ) ;
#3923 = DIRECTION ( 'NONE',  ( 1.000000000000000000, 0.0000000000000000000, -0.0000000000000000000 ) ) ;
#3924 = CARTESIAN_POINT ( 'NONE',  ( 0.2870000000000000300, 0.07336898097372462900, -0.07800000000000002800 ) ) ;
#3925 = AXIS2_PLACEMENT_3D ( 'NONE', #7580, #526, #1099 ) ;
#3926 = EDGE_CURVE ( 'NONE', #3314, #4779, #6736, .T. ) ;
#3927 = VECTOR ( 'NONE', #833, 39.37007874015748100 ) ;
#3928 = VECTOR ( 'NONE', #8042, 39.37007874015748100 ) ;
#3929 = VERTEX_POINT ( 'NONE', #7460 ) ;
#3930 = CARTESIAN_POINT ( 'NONE',  ( 0.3902527585762049500, 0.5488741143611158800, -0.1385188323046422400 ) ) ;
#3931 = EDGE_LOOP ( 'NONE', ( #8362, #7525, #7196, #2822, #4997, #7007, #6348, #2044, #5454, #5837, #5118, #5156 ) ) ;
#3932 = PLANE ( 'NONE',  #7697 ) ;
#3933 = DIRECTION ( 'NONE',  ( 0.0000000000000000000, -0.0000000000000000000, -1.000000000000000000 ) ) ;
#3934 = ORIENTED_EDGE ( 'NONE', *, *, #4197, .F. ) ;
#3935 = ORIENTED_EDGE ( 'NONE', *, *, #625, .T. ) ;
#3936 = EDGE_CURVE ( 'NONE', #5262, #7404, #2420, .T. ) ;
#3937 = DIRECTION ( 'NONE',  ( 0.0000000000000000000, 2.008711760047251800E-016, -1.000000000000000000 ) ) ;
#3938 = SURFACE_STYLE_USAGE ( .BOTH. , #6598 ) ;
#3939 = SURFACE_STYLE_USAGE ( .BOTH. , #3318 ) ;
#3940 = MECHANICAL_DESIGN_GEOMETRIC_PRESENTATION_REPRESENTATION (  '', ( #7386 ), #328 ) ;
#3941 = CYLINDRICAL_SURFACE ( 'NONE', #7992, 0.02999999999999995400 ) ;
#3942 = VECTOR ( 'NONE', #704, 39.37007874015748100 ) ;
#3943 = EDGE_CURVE ( 'NONE', #1544, #7049, #6534, .T. ) ;
#3944 = DIRECTION ( 'NONE',  ( -1.000000000000000000, -0.0000000000000000000, -0.0000000000000000000 ) ) ;
#3945 = VERTEX_POINT ( 'NONE', #4225 ) ;
#3946 = DIRECTION ( 'NONE',  ( 1.000000000000000000, 0.0000000000000000000, 0.0000000000000000000 ) ) ;
#3947 = CIRCLE ( 'NONE', #847, 0.03000000000000002300 ) ;
#3948 = DIRECTION ( 'NONE',  ( -0.0000000000000000000, -1.000000000000000000, -0.0000000000000000000 ) ) ;
#3949 = DIRECTION ( 'NONE',  ( -1.000000000000000000, 0.0000000000000000000, 0.0000000000000000000 ) ) ;
#3950 = LINE ( 'NONE', #2694, #6740 ) ;
#3951 = CARTESIAN_POINT ( 'NONE',  ( 0.3858072634978771400, 0.5503664192538791900, -0.1141955524855212100 ) ) ;
#3952 =( CONVERSION_BASED_UNIT ( 'INCH', #1346 ) LENGTH_UNIT ( ) NAMED_UNIT ( #5547 ) );
#3953 = ORIENTED_EDGE ( 'NONE', *, *, #7819, .F. ) ;
#3954 = CARTESIAN_POINT ( 'NONE',  ( -0.3939999999999999600, 0.6999999999999996200, -0.1885000000000000300 ) ) ;
#3955 = DIRECTION ( 'NONE',  ( 0.0000000000000000000, 0.0000000000000000000, -1.000000000000000000 ) ) ;
#3956 = CARTESIAN_POINT ( 'NONE',  ( 0.2679999999999999600, 0.3339194916336046800, -0.03150000000000003500 ) ) ;
#3957 =( NAMED_UNIT ( * ) SI_UNIT ( $, .STERADIAN. ) SOLID_ANGLE_UNIT ( ) );
#3958 = ORIENTED_EDGE ( 'NONE', *, *, #6067, .F. ) ;
#3959 = CARTESIAN_POINT ( 'NONE',  ( 0.1940000000000000100, 0.5319999999999999200, -0.1885000000000000300 ) ) ;
#3960 = ORIENTED_EDGE ( 'NONE', *, *, #1221, .T. ) ;
#3961 = ORIENTED_EDGE ( 'NONE', *, *, #4850, .F. ) ;
#3962 = DIRECTION ( 'NONE',  ( -1.000000000000000000, -0.0000000000000000000, -0.0000000000000000000 ) ) ;
#3963 = ORIENTED_EDGE ( 'NONE', *, *, #4908, .T. ) ;
#3964 = LINE ( 'NONE', #8647, #1397 ) ;
#3965 = DIRECTION ( 'NONE',  ( 0.0000000000000000000, 0.0000000000000000000, -1.000000000000000000 ) ) ;
#3966 =( CONVERSION_BASED_UNIT ( 'INCH', #4044 ) LENGTH_UNIT ( ) NAMED_UNIT ( #4402 ) );
#3967 = AXIS2_PLACEMENT_3D ( 'NONE', #4992, #8277, #5587 ) ;
#3968 = EDGE_CURVE ( 'NONE', #4445, #5972, #3618, .T. ) ;
#3969 = ORIENTED_EDGE ( 'NONE', *, *, #6926, .F. ) ;
#3970 = ORIENTED_EDGE ( 'NONE', *, *, #7321, .F. ) ;
#3971 = COLOUR_RGB ( '',0.2509803921568627400, 0.2509803921568627400, 0.2509803921568627400 ) ;
#3972 = EDGE_LOOP ( 'NONE', ( #7533, #653, #3004, #5166 ) ) ;
#3973 = ORIENTED_EDGE ( 'NONE', *, *, #7708, .T. ) ;
#3974 =( GEOMETRIC_REPRESENTATION_CONTEXT ( 3 ) GLOBAL_UNCERTAINTY_ASSIGNED_CONTEXT ( ( #4655 ) ) GLOBAL_UNIT_ASSIGNED_CONTEXT ( ( #6504, #5775, #2463 ) ) REPRESENTATION_CONTEXT ( 'NONE', 'WORKASPACE' ) );
#3975 = EDGE_CURVE ( 'NONE', #5379, #4117, #2206, .T. ) ;
#3976 = ADVANCED_FACE ( 'NONE', ( #5495 ), #6798, .F. ) ;
#3977 =( BOUNDED_CURVE ( )  B_SPLINE_CURVE ( 3, ( #4995, #6401, #3930, #1078 ),
 .UNSPECIFIED., .F., .F. ) 
 B_SPLINE_CURVE_WITH_KNOTS ( ( 4, 4 ),
 ( 3.141592653589793100, 4.364348756626975000 ),
 .UNSPECIFIED. ) 
 CURVE ( )  GEOMETRIC_REPRESENTATION_ITEM ( )  RATIONAL_B_SPLINE_CURVE ( ( 1.000000000000000000, 0.8792385326371186000, 0.8792385326371186000, 1.000000000000000000 ) ) 
 REPRESENTATION_ITEM ( '' )  );
#3978 = DIRECTION ( 'NONE',  ( 0.0000000000000000000, 0.5161614676060311000, -0.8564912955534271800 ) ) ;
#3979 = VERTEX_POINT ( 'NONE', #2772 ) ;
#3980 = CARTESIAN_POINT ( 'NONE',  ( 0.3540000000000000400, 0.1260000000000001100, -0.1080000000000000300 ) ) ;
#3981 = FILL_AREA_STYLE_COLOUR ( '', #2829 ) ;
#3982 = CIRCLE ( 'NONE', #6864, 0.03000000000000002300 ) ;
#3983 = EDGE_CURVE ( 'NONE', #5130, #1651, #7598, .T. ) ;
#3984 = ORIENTED_EDGE ( 'NONE', *, *, #3463, .F. ) ;
#3985 = EDGE_CURVE ( 'NONE', #4396, #2489, #2313, .T. ) ;
#3986 = ORIENTED_EDGE ( 'NONE', *, *, #1894, .F. ) ;
#3987 = MECHANICAL_DESIGN_GEOMETRIC_PRESENTATION_REPRESENTATION (  '', ( #639 ), #3066 ) ;
#3988 = EDGE_CURVE ( 'NONE', #5230, #7084, #4554, .T. ) ;
#3989 = CARTESIAN_POINT ( 'NONE',  ( -0.01900000000000002400, 0.0000000000000000000, -0.04149999999999996100 ) ) ;
#3990 = PLANE ( 'NONE',  #4574 ) ;
#3991 = VERTEX_POINT ( 'NONE', #8182 ) ;
#3992 = VECTOR ( 'NONE', #8266, 39.37007874015748100 ) ;
#3993 = CIRCLE ( 'NONE', #5652, 0.01999999999999999000 ) ;
#3994 =( LENGTH_UNIT ( ) NAMED_UNIT ( * ) SI_UNIT ( $, .METRE. ) );
#3995 = LENGTH_MEASURE_WITH_UNIT ( LENGTH_MEASURE( 0.02539999999999999900 ), #4371 );
#3996 = DIRECTION ( 'NONE',  ( 0.0000000000000000000, -0.1218693434051411300, 0.9925461516413227600 ) ) ;
#3997 = ORIENTED_EDGE ( 'NONE', *, *, #6049, .T. ) ;
#3998 = CARTESIAN_POINT ( 'NONE',  ( 0.08599999999999997900, -1.340010956295959200E-017, 0.1884999999999999200 ) ) ;
#4000 = EDGE_CURVE ( 'NONE', #7091, #744, #1881, .T. ) ;
#3999 = VECTOR ( 'NONE', #3343, 39.37007874015748100 ) ;
#4001 = VECTOR ( 'NONE', #3535, 39.37007874015748100 ) ;
#4002 = CARTESIAN_POINT ( 'NONE',  ( -0.2140000000000000500, 0.5520000000000000500, -0.1885000000000000300 ) ) ;
#4003 = EDGE_LOOP ( 'NONE', ( #2980, #1199, #3647, #3491 ) ) ;
#4004 = ORIENTED_EDGE ( 'NONE', *, *, #789, .F. ) ;
#4005 = DIRECTION ( 'NONE',  ( 0.0000000000000000000, -3.244104004879254200E-016, 1.000000000000000000 ) ) ;
#4006 = CARTESIAN_POINT ( 'NONE',  ( 0.3540000000000000400, 0.07336898097372462900, -0.1080000000000000500 ) ) ;
#4007 = FACE_OUTER_BOUND ( 'NONE', #1389, .T. ) ;
#4008 = FACE_OUTER_BOUND ( 'NONE', #1775, .T. ) ;
#4009 = VECTOR ( 'NONE', #5744, 39.37007874015748100 ) ;
#4010 = CARTESIAN_POINT ( 'NONE',  ( 0.2140000000000001300, 0.5020000000000000000, -0.1885000000000000300 ) ) ;
#4011 = CARTESIAN_POINT ( 'NONE',  ( 0.08599999999999997900, 0.07336898097372462900, -0.1080000000000000500 ) ) ;
#4012 = PRESENTATION_LAYER_ASSIGNMENT (  '', '', ( #2152 ) ) ;
#4013 = VECTOR ( 'NONE', #4454, 39.37007874015748100 ) ;
#4014 = DIRECTION ( 'NONE',  ( 0.0000000000000000000, 1.000000000000000000, 2.008711760047251600E-016 ) ) ;
#4015 = CARTESIAN_POINT ( 'NONE',  ( 0.1530000000000000200, 0.1260000000000001100, -0.1080000000000000300 ) ) ;
#4016 = ADVANCED_FACE ( 'NONE', ( #4751 ), #8100, .T. ) ;
#4017 = VECTOR ( 'NONE', #1214, 39.37007874015748100 ) ;
#4018 = CARTESIAN_POINT ( 'NONE',  ( -0.1150000000000000200, -0.1510000000000001300, -0.02750000000000001700 ) ) ;
#4019 = EDGE_LOOP ( 'NONE', ( #5989, #578, #842, #5684 ) ) ;
#4020 = DIRECTION ( 'NONE',  ( 1.000000000000000000, -1.724651511151681200E-016, -0.0000000000000000000 ) ) ;
#4021 = DIRECTION ( 'NONE',  ( 0.0000000000000000000, 0.0000000000000000000, -1.000000000000000000 ) ) ;
#4022 = ORIENTED_EDGE ( 'NONE', *, *, #4153, .T. ) ;
#4023 = LINE ( 'NONE', #297, #1053 ) ;
#4024 = AXIS2_PLACEMENT_3D ( 'NONE', #4462, #5189, #5135 ) ;
#4025 = FACE_OUTER_BOUND ( 'NONE', #4041, .T. ) ;
#4026 = ORIENTED_EDGE ( 'NONE', *, *, #4444, .F. ) ;
#4027 = PRESENTATION_STYLE_ASSIGNMENT (( #6738 ) ) ;
#4028 = ORIENTED_EDGE ( 'NONE', *, *, #3456, .T. ) ;
#4029 = DIRECTION ( 'NONE',  ( -1.000000000000000000, 0.0000000000000000000, -0.0000000000000000000 ) ) ;
#4030 = ORIENTED_EDGE ( 'NONE', *, *, #3277, .T. ) ;
#4031 = AXIS2_PLACEMENT_3D ( 'NONE', #713, #1316, #5369 ) ;
#4032 = ORIENTED_EDGE ( 'NONE', *, *, #142, .F. ) ;
#4033 = EDGE_CURVE ( 'NONE', #7203, #1121, #760, .T. ) ;
#4034 = CARTESIAN_POINT ( 'NONE',  ( -0.3160000000000000600, -0.1450000000000000700, 0.1884999999999999200 ) ) ;
#4035 = LINE ( 'NONE', #2542, #2627 ) ;
#4036 = LINE ( 'NONE', #7424, #5177 ) ;
#4037 = VECTOR ( 'NONE', #7142, 39.37007874015748100 ) ;
#4038 = DIRECTION ( 'NONE',  ( 0.0000000000000000000, 0.0000000000000000000, 1.000000000000000000 ) ) ;
#4039 = AXIS2_PLACEMENT_3D ( 'NONE', #1558, #3719, #8367 ) ;
#4040 = ORIENTED_EDGE ( 'NONE', *, *, #4167, .F. ) ;
#4041 = EDGE_LOOP ( 'NONE', ( #8174, #6045, #3426, #4811 ) ) ;
#4042 = EDGE_CURVE ( 'NONE', #3619, #61, #3392, .T. ) ;
#4043 =( CONVERSION_BASED_UNIT ( 'INCH', #7550 ) LENGTH_UNIT ( ) NAMED_UNIT ( #1072 ) );
#4044 = LENGTH_MEASURE_WITH_UNIT ( LENGTH_MEASURE( 0.02539999999999999900 ), #5275 );
#4045 = VECTOR ( 'NONE', #5758, 39.37007874015748100 ) ;
#4046 = DIRECTION ( 'NONE',  ( 0.0000000000000000000, -0.0000000000000000000, 1.000000000000000000 ) ) ;
#4047 = DIRECTION ( 'NONE',  ( 0.0000000000000000000, 0.0000000000000000000, -1.000000000000000000 ) ) ;
#4048 = CARTESIAN_POINT ( 'NONE',  ( -0.3940000000000000200, 0.5370000000000001400, -0.1079999999999972800 ) ) ;
#4049 = DIRECTION ( 'NONE',  ( 0.0000000000000000000, 0.0000000000000000000, 1.000000000000000000 ) ) ;
#4050 = DIRECTION ( 'NONE',  ( -0.0000000000000000000, -0.0000000000000000000, -1.000000000000000000 ) ) ;
#4051 = CARTESIAN_POINT ( 'NONE',  ( -0.1939999999999999200, 0.5319999999999999200, -0.1885000000000000300 ) ) ;
#4052 = AXIS2_PLACEMENT_3D ( 'NONE', #2950, #3586, #8262 ) ;
#4053 = CARTESIAN_POINT ( 'NONE',  ( 0.2140000000000001300, 0.5520000000000000500, -0.1885000000000000300 ) ) ;
#4054 = ADVANCED_FACE ( 'NONE', ( #2524 ), #8312, .F. ) ;
#4055 = DIRECTION ( 'NONE',  ( 1.000000000000000000, 0.0000000000000000000, 0.0000000000000000000 ) ) ;
#4056 = DIRECTION ( 'NONE',  ( -0.0000000000000000000, -1.000000000000000000, -0.0000000000000000000 ) ) ;
#4057 = ORIENTED_EDGE ( 'NONE', *, *, #7374, .F. ) ;
#4058 = ORIENTED_EDGE ( 'NONE', *, *, #1068, .F. ) ;
#4059 = ADVANCED_FACE ( 'NONE', ( #7897 ), #4361, .F. ) ;
#4060 = CARTESIAN_POINT ( 'NONE',  ( 0.2140000000000000000, 0.5320000000000001400, -0.1885000000000000300 ) ) ;
#4061 = ORIENTED_EDGE ( 'NONE', *, *, #2575, .T. ) ;
#4062 = ORIENTED_EDGE ( 'NONE', *, *, #6300, .T. ) ;
#4063 = DIRECTION ( 'NONE',  ( 1.000000000000000000, 0.0000000000000000000, 0.0000000000000000000 ) ) ;
#4064 = LINE ( 'NONE', #4953, #1386 ) ;
#4065 = ORIENTED_EDGE ( 'NONE', *, *, #4422, .T. ) ;
#4066 = CARTESIAN_POINT ( 'NONE',  ( 0.2870000000000000300, -0.1510000000000001300, -0.01149999999999993200 ) ) ;
#4067 = VERTEX_POINT ( 'NONE', #282 ) ;
#4068 = FACE_OUTER_BOUND ( 'NONE', #1092, .T. ) ;
#4069 = ORIENTED_EDGE ( 'NONE', *, *, #4267, .T. ) ;
#4070 = ORIENTED_EDGE ( 'NONE', *, *, #3752, .F. ) ;
#4071 = CARTESIAN_POINT ( 'NONE',  ( 0.2870000000000000300, 0.0000000000000000000, -0.01149999999999994900 ) ) ;
#4072 = DIRECTION ( 'NONE',  ( -1.000000000000000000, -0.0000000000000000000, -0.0000000000000000000 ) ) ;
#4073 = PLANE ( 'NONE',  #521 ) ;
#4074 = CLOSED_SHELL ( 'NONE', ( #7337, #1327, #8563, #7651, #6053, #8202, #5969, #171, #6745, #311, #2710, #55, #2788, #3700, #1593, #2187, #2249, #8072, #6158, #2055, #6321, #6408, #7437, #2651, #5367, #4906, #5499, #720, #3379, #4325, #6889, #32, #1457, #4566, #1991, #1443, #2683, #4727, #6011, #3507, #3615, #4359, #43, #161 ) ) ;
#4075 =( LENGTH_UNIT ( ) NAMED_UNIT ( * ) SI_UNIT ( $, .METRE. ) );
#4076 = CARTESIAN_POINT ( 'NONE',  ( 0.2049146910494061300, -0.02987660912856076500, -0.02750000000000000000 ) ) ;
#4077 = CIRCLE ( 'NONE', #7420, 0.01399999999999999000 ) ;
#4078 = CARTESIAN_POINT ( 'NONE',  ( -0.3350000000000000200, 0.1910000000000002300, -0.03150000000000003500 ) ) ;
#4079 = AXIS2_PLACEMENT_3D ( 'NONE', #5772, #5801, #7677 ) ;
#4080 = DIRECTION ( 'NONE',  ( 0.9396926207859102000, 0.3420201433256638300, 0.0000000000000000000 ) ) ;
#4081 = ORIENTED_EDGE ( 'NONE', *, *, #2105, .T. ) ;
#4082 = CYLINDRICAL_SURFACE ( 'NONE', #4079, 0.01999999999999999000 ) ;
#4083 = CARTESIAN_POINT ( 'NONE',  ( 0.3160000000000000600, 0.05947333485074611500, -0.07970617080767200500 ) ) ;
#4084 = EDGE_CURVE ( 'NONE', #6431, #5007, #5286, .T. ) ;
#4085 = UNCERTAINTY_MEASURE_WITH_UNIT (LENGTH_MEASURE( 1.000000000000000100E-005 ), #2458, 'distance_accuracy_value', 'NONE');
#4086 = DIRECTION ( 'NONE',  ( 0.0000000000000000000, 0.0000000000000000000, -1.000000000000000000 ) ) ;
#4087 = AXIS2_PLACEMENT_3D ( 'NONE', #2676, #1960, #6679 ) ;
#4088 = LINE ( 'NONE', #5764, #2255 ) ;
#4089 = ORIENTED_EDGE ( 'NONE', *, *, #3744, .T. ) ;
#4090 = EDGE_CURVE ( 'NONE', #1900, #3885, #557, .T. ) ;
#4091 = VERTEX_POINT ( 'NONE', #5030 ) ;
#4092 = DIRECTION ( 'NONE',  ( -1.000000000000000000, -0.0000000000000000000, -0.0000000000000000000 ) ) ;
#4093 = DIRECTION ( 'NONE',  ( -1.000000000000000000, -0.0000000000000000000, -0.0000000000000000000 ) ) ;
#4094 = VECTOR ( 'NONE', #4708, 39.37007874015748100 ) ;
#4095 = EDGE_CURVE ( 'NONE', #2516, #7911, #5605, .T. ) ;
#4096 = VECTOR ( 'NONE', #2445, 39.37007874015748100 ) ;
#4097 = ADVANCED_FACE ( 'NONE', ( #3497 ), #2872, .F. ) ;
#4098 = ORIENTED_EDGE ( 'NONE', *, *, #801, .T. ) ;
#4099 = DIRECTION ( 'NONE',  ( -1.000000000000000000, -0.0000000000000000000, -0.0000000000000000000 ) ) ;
#4100 = DIRECTION ( 'NONE',  ( -0.0000000000000000000, -0.0000000000000000000, -1.000000000000000000 ) ) ;
#4101 = LINE ( 'NONE', #4329, #3777 ) ;
#4102 = EDGE_CURVE ( 'NONE', #2295, #6470, #6009, .T. ) ;
#4103 = VECTOR ( 'NONE', #2265, 39.37007874015748100 ) ;
#4104 = FACE_BOUND ( 'NONE', #580, .T. ) ;
#4105 =( LENGTH_UNIT ( ) NAMED_UNIT ( * ) SI_UNIT ( $, .METRE. ) );
#4106 = ADVANCED_FACE ( 'NONE', ( #3837 ), #1561, .F. ) ;
#4107 = VERTEX_POINT ( 'NONE', #875 ) ;
#4108 = ORIENTED_EDGE ( 'NONE', *, *, #7727, .F. ) ;
#4109 = CARTESIAN_POINT ( 'NONE',  ( -0.1150000000000000200, 0.07336898097372462900, -0.07800000000000002800 ) ) ;
#4110 = CARTESIAN_POINT ( 'NONE',  ( 0.2199999999999999700, -1.707404996040164500E-017, 0.1584999999999999700 ) ) ;
#4111 = DIRECTION ( 'NONE',  ( -1.000000000000000000, -0.0000000000000000000, -0.0000000000000000000 ) ) ;
#4112 = LINE ( 'NONE', #7227, #222 ) ;
#4113 = CARTESIAN_POINT ( 'NONE',  ( 0.2199999999999999700, 0.1260000000000001100, -0.1080000000000000300 ) ) ;
#4114 = ORIENTED_EDGE ( 'NONE', *, *, #6201, .T. ) ;
#4115 =( GEOMETRIC_REPRESENTATION_CONTEXT ( 3 ) GLOBAL_UNCERTAINTY_ASSIGNED_CONTEXT ( ( #3816 ) ) GLOBAL_UNIT_ASSIGNED_CONTEXT ( ( #906, #1598, #2939 ) ) REPRESENTATION_CONTEXT ( 'NONE', 'WORKASPACE' ) );
#4116 = ADVANCED_FACE ( 'NONE', ( #7212 ), #4298, .F. ) ;
#4117 = VERTEX_POINT ( 'NONE', #7692 ) ;
#4118 = DIRECTION ( 'NONE',  ( -1.000000000000000000, 3.794233324533703800E-016, 0.0000000000000000000 ) ) ;
#4119 = CARTESIAN_POINT ( 'NONE',  ( 0.3540000000000000400, 0.01389564612297850000, 0.1602061708076718500 ) ) ;
#4120 = CARTESIAN_POINT ( 'NONE',  ( 0.3940000000000005200, 0.5394161737649605400, -0.09250189841766207100 ) ) ;
#4121 = VERTEX_POINT ( 'NONE', #2202 ) ;
#4122 = LINE ( 'NONE', #5864, #624 ) ;
#4123 = LINE ( 'NONE', #5253, #4825 ) ;
#4124 = EDGE_LOOP ( 'NONE', ( #3997, #2885, #2509, #167 ) ) ;
#4125 = COLOUR_RGB ( '',0.2509803921568627400, 0.2509803921568627400, 0.2509803921568627400 ) ;
#4126 = VERTEX_POINT ( 'NONE', #1648 ) ;
#4127 = SURFACE_SIDE_STYLE ('',( #448 ) ) ;
#4128 = DIRECTION ( 'NONE',  ( -1.000000000000000000, 0.0000000000000000000, 0.0000000000000000000 ) ) ;
#4129 = EDGE_LOOP ( 'NONE', ( #8074, #1503, #956, #5476, #1190, #5575 ) ) ;
#4130 = VECTOR ( 'NONE', #756, 39.37007874015748900 ) ;
#4131 = AXIS2_PLACEMENT_3D ( 'NONE', #7080, #4100, #38 ) ;
#4132 = LINE ( 'NONE', #774, #2297 ) ;
#4133 = CARTESIAN_POINT ( 'NONE',  ( 0.1910992558566549100, -0.1700000000000001000, 0.1724999999999998800 ) ) ;
#4134 = DIRECTION ( 'NONE',  ( 0.0000000000000000000, 0.0000000000000000000, 1.000000000000000000 ) ) ;
#4135 = UNCERTAINTY_MEASURE_WITH_UNIT (LENGTH_MEASURE( 1.000000000000000100E-005 ), #174, 'distance_accuracy_value', 'NONE');
#4136 = EDGE_CURVE ( 'NONE', #6456, #7332, #6671, .T. ) ;
#4137 = CYLINDRICAL_SURFACE ( 'NONE', #7249, 0.01999999999999999000 ) ;
#4138 = CIRCLE ( 'NONE', #3682, 0.01399999999999997400 ) ;
#4139 = CIRCLE ( 'NONE', #6542, 0.01399999999999999000 ) ;
#4140 = ORIENTED_EDGE ( 'NONE', *, *, #2987, .F. ) ;
#4141 = DIRECTION ( 'NONE',  ( -0.3420201433256634900, -0.9396926207859103200, 0.0000000000000000000 ) ) ;
#4142 = DIRECTION ( 'NONE',  ( 0.0000000000000000000, 0.1218693434051409500, -0.9925461516413227600 ) ) ;
#4143 = ORIENTED_EDGE ( 'NONE', *, *, #6018, .F. ) ;
#4144 = ORIENTED_EDGE ( 'NONE', *, *, #1420, .T. ) ;
#4145 = ADVANCED_FACE ( 'NONE', ( #2024 ), #8370, .F. ) ;
#4146 = MECHANICAL_DESIGN_GEOMETRIC_PRESENTATION_REPRESENTATION (  '', ( #2935 ), #7270 ) ;
#4147 = CARTESIAN_POINT ( 'NONE',  ( -0.04800000000000004300, -0.1450000000000000700, 0.1884999999999999200 ) ) ;
#4148 = CIRCLE ( 'NONE', #7872, 0.01999999999999999000 ) ;
#4149 = DIRECTION ( 'NONE',  ( -0.9396926207859103200, 0.3420201433256634900, 0.0000000000000000000 ) ) ;
#4150 = VECTOR ( 'NONE', #132, 39.37007874015748100 ) ;
#4151 = EDGE_CURVE ( 'NONE', #8675, #287, #8363, .T. ) ;
#4152 = ORIENTED_EDGE ( 'NONE', *, *, #2477, .F. ) ;
#4153 = EDGE_CURVE ( 'NONE', #418, #5799, #5427, .T. ) ;
#4154 = ADVANCED_FACE ( 'NONE', ( #2454 ), #7137, .F. ) ;
#4155 = CARTESIAN_POINT ( 'NONE',  ( 0.04800000000000000800, 0.02977638454923963200, 0.1621560803021541200 ) ) ;
#4156 =( NAMED_UNIT ( * ) SI_UNIT ( $, .STERADIAN. ) SOLID_ANGLE_UNIT ( ) );
#4157 = EDGE_CURVE ( 'NONE', #4489, #6418, #5221, .T. ) ;
#4158 = CARTESIAN_POINT ( 'NONE',  ( 0.2300000000000000100, 0.5020000000000000000, -0.1275000000000000300 ) ) ;
#4159 = VECTOR ( 'NONE', #56, 39.37007874015748100 ) ;
#4160 = CARTESIAN_POINT ( 'NONE',  ( 0.2500000000000000600, 0.1910000000000001700, -0.1885000000000000300 ) ) ;
#4161 = CARTESIAN_POINT ( 'NONE',  ( 0.08599999999999997900, 0.1260000000000001100, -0.09200000000000001200 ) ) ;
#4162 = VERTEX_POINT ( 'NONE', #372 ) ;
#4163 = DIRECTION ( 'NONE',  ( 0.0000000000000000000, -1.000000000000000000, 0.0000000000000000000 ) ) ;
#4164 = ADVANCED_FACE ( 'NONE', ( #8038 ), #1047, .F. ) ;
#4165 = DIRECTION ( 'NONE',  ( -0.0000000000000000000, -0.0000000000000000000, -1.000000000000000000 ) ) ;
#4166 = DIRECTION ( 'NONE',  ( 1.000000000000000000, 0.0000000000000000000, -0.0000000000000000000 ) ) ;
#4167 = EDGE_CURVE ( 'NONE', #5381, #6402, #3117, .T. ) ;
#4168 = EDGE_LOOP ( 'NONE', ( #7104, #8570, #3517, #4022 ) ) ;
#4169 = ORIENTED_EDGE ( 'NONE', *, *, #857, .T. ) ;
#4170 = FILL_AREA_STYLE ('',( #8254 ) ) ;
#4171 = ORIENTED_EDGE ( 'NONE', *, *, #3792, .T. ) ;
#4172 = VERTEX_POINT ( 'NONE', #8396 ) ;
#4173 = CIRCLE ( 'NONE', #3274, 0.01399999999999996600 ) ;
#4174 = DIRECTION ( 'NONE',  ( -0.3420201433256637700, 0.9396926207859100900, 1.887571618202279600E-016 ) ) ;
#4175 = ORIENTED_EDGE ( 'NONE', *, *, #2070, .F. ) ;
#4176 = SURFACE_STYLE_USAGE ( .BOTH. , #775 ) ;
#4177 = ORIENTED_EDGE ( 'NONE', *, *, #3449, .F. ) ;
#4178 = PRESENTATION_STYLE_ASSIGNMENT (( #4601 ) ) ;
#4179 = AXIS2_PLACEMENT_3D ( 'NONE', #7885, #3899, #4559 ) ;
#4180 = VERTEX_POINT ( 'NONE', #7804 ) ;
#4181 = ORIENTED_EDGE ( 'NONE', *, *, #5046, .F. ) ;
#4182 = ADVANCED_FACE ( 'NONE', ( #1307 ), #5006, .F. ) ;
#4183 = DIRECTION ( 'NONE',  ( 0.0000000000000000000, 0.0000000000000000000, -1.000000000000000000 ) ) ;
#4184 = ORIENTED_EDGE ( 'NONE', *, *, #246, .F. ) ;
#4185 = DIRECTION ( 'NONE',  ( 0.0000000000000000000, -1.000000000000000000, 0.0000000000000000000 ) ) ;
#4186 =( CONVERSION_BASED_UNIT ( 'INCH', #2662 ) LENGTH_UNIT ( ) NAMED_UNIT ( #6656 ) );
#4187 = LINE ( 'NONE', #1770, #8045 ) ;
#4188 = ORIENTED_EDGE ( 'NONE', *, *, #6717, .F. ) ;
#4189 = CARTESIAN_POINT ( 'NONE',  ( -0.1530000000000000200, 0.04767424210712179600, -0.09348484402818098300 ) ) ;
#4190 = ADVANCED_FACE ( 'NONE', ( #4592 ), #7170, .F. ) ;
#4191 = DIRECTION ( 'NONE',  ( 0.0000000000000000000, 0.0000000000000000000, -1.000000000000000000 ) ) ;
#4192 = STYLED_ITEM ( 'NONE', ( #4178 ), #6158 ) ;
#4193 = VERTEX_POINT ( 'NONE', #1755 ) ;
#4194 = CARTESIAN_POINT ( 'NONE',  ( 0.3160000000000000600, 0.07336898097372462900, -0.07800000000000002800 ) ) ;
#4195 = DIRECTION ( 'NONE',  ( 0.0000000000000000000, 0.0000000000000000000, 1.000000000000000000 ) ) ;
#4196 = PLANE ( 'NONE',  #2036 ) ;
#4197 = EDGE_CURVE ( 'NONE', #4610, #6847, #4077, .T. ) ;
#4198 = ORIENTED_EDGE ( 'NONE', *, *, #1944, .T. ) ;
#4199 = CARTESIAN_POINT ( 'NONE',  ( -0.2200000000000000600, -0.1700000000000001000, 0.1724999999999999000 ) ) ;
#4200 = PLANE ( 'NONE',  #303 ) ;
#4201 = LINE ( 'NONE', #8421, #607 ) ;
#4202 = MECHANICAL_DESIGN_GEOMETRIC_PRESENTATION_REPRESENTATION (  '', ( #2818 ), #3799 ) ;
#4203 = VECTOR ( 'NONE', #7025, 39.37007874015748100 ) ;
#4204 = EDGE_CURVE ( 'NONE', #7452, #4091, #1108, .T. ) ;
#4205 = DIRECTION ( 'NONE',  ( 0.0000000000000000000, -1.000000000000000000, 0.0000000000000000000 ) ) ;
#4206 = ADVANCED_FACE ( 'NONE', ( #3650 ), #5176, .F. ) ;
#4207 = CARTESIAN_POINT ( 'NONE',  ( -0.3841158428473161500, 0.5511006436718883800, -0.1885000000000000300 ) ) ;
#4208 = DIRECTION ( 'NONE',  ( -1.000000000000000000, -0.0000000000000000000, -0.0000000000000000000 ) ) ;
#4209 = ORIENTED_EDGE ( 'NONE', *, *, #7548, .F. ) ;
#4210 = CARTESIAN_POINT ( 'NONE',  ( 0.1820000000000000000, -1.340010956295959200E-017, 0.1884999999999999200 ) ) ;
#4211 = CIRCLE ( 'NONE', #5791, 0.01399999999999997400 ) ;
#4212 = FACE_OUTER_BOUND ( 'NONE', #8200, .T. ) ;
#4213 = LINE ( 'NONE', #4987, #1536 ) ;
#4214 =( LENGTH_UNIT ( ) NAMED_UNIT ( * ) SI_UNIT ( $, .METRE. ) );
#4215 = CARTESIAN_POINT ( 'NONE',  ( -0.3940000000000000200, 0.5370000000000001400, -0.09202750207090820700 ) ) ;
#4216 = CARTESIAN_POINT ( 'NONE',  ( -0.1530000000000000200, -0.1510000000000001300, -0.02750000000000001400 ) ) ;
#4217 = ORIENTED_EDGE ( 'NONE', *, *, #1552, .T. ) ;
#4218 = EDGE_CURVE ( 'NONE', #8620, #1381, #3323, .T. ) ;
#4219 = CARTESIAN_POINT ( 'NONE',  ( 0.2870000000000000300, 0.01199087813774794700, -0.03427373945351554900 ) ) ;
#4220 = COLOUR_RGB ( '',0.2509803921568627400, 0.2509803921568627400, 0.2509803921568627400 ) ;
#4221 = DIRECTION ( 'NONE',  ( -1.000000000000000000, -0.0000000000000000000, 0.0000000000000000000 ) ) ;
#4222 = LINE ( 'NONE', #1926, #5359 ) ;
#4223 =( NAMED_UNIT ( * ) PLANE_ANGLE_UNIT ( ) SI_UNIT ( $, .RADIAN. ) );
#4224 = LINE ( 'NONE', #2936, #3044 ) ;
#4225 = CARTESIAN_POINT ( 'NONE',  ( 0.2300000000000000100, 0.5020000000000000000, -0.1885000000000000300 ) ) ;
#4226 =( LENGTH_UNIT ( ) NAMED_UNIT ( * ) SI_UNIT ( $, .METRE. ) );
#4227 = CARTESIAN_POINT ( 'NONE',  ( 0.3939999999999999600, 0.1410000000000000700, -0.09200000000000277400 ) ) ;
#4228 = ADVANCED_FACE ( 'NONE', ( #7832 ), #75, .T. ) ;
#4229 = CARTESIAN_POINT ( 'NONE',  ( 0.1940000000000000100, 0.5319999999999999200, -0.1275000000000000300 ) ) ;
#4230 = CYLINDRICAL_SURFACE ( 'NONE', #4265, 0.05999999999999997700 ) ;
#4231 = ORIENTED_EDGE ( 'NONE', *, *, #4874, .F. ) ;
#4232 =( LENGTH_UNIT ( ) NAMED_UNIT ( * ) SI_UNIT ( $, .METRE. ) );
#4233 = LINE ( 'NONE', #7485, #1673 ) ;
#4234 = ORIENTED_EDGE ( 'NONE', *, *, #3393, .T. ) ;
#4235 = EDGE_LOOP ( 'NONE', ( #7853, #4784, #6995, #3880, #3436, #3136, #5081, #679, #8560, #8257, #7116, #7834 ) ) ;
#4236 = ADVANCED_FACE ( 'NONE', ( #7111 ), #7411, .T. ) ;
#4237 = CARTESIAN_POINT ( 'NONE',  ( 0.1944800007018209200, -0.1792885201230315100, 0.1724999999999999000 ) ) ;
#4238 = COLOUR_RGB ( '',0.7921568627450980000, 0.8196078431372548800, 0.9333333333333333500 ) ;
#4239 = CARTESIAN_POINT ( 'NONE',  ( -0.3160000000000000600, -2.134256245050205600E-017, 0.1884999999999999200 ) ) ;
#4240 = ORIENTED_EDGE ( 'NONE', *, *, #3917, .F. ) ;
#4241 = LINE ( 'NONE', #6709, #4442 ) ;
#4242 = ORIENTED_EDGE ( 'NONE', *, *, #5987, .T. ) ;
#4243 = CARTESIAN_POINT ( 'NONE',  ( 0.1820000000000000000, -2.134256245050205600E-017, 0.1884999999999999200 ) ) ;
#4244 = EDGE_LOOP ( 'NONE', ( #7125, #8509, #990, #1428 ) ) ;
#4245 = ORIENTED_EDGE ( 'NONE', *, *, #6318, .F. ) ;
#4246 = FACE_OUTER_BOUND ( 'NONE', #4678, .T. ) ;
#4247 = UNCERTAINTY_MEASURE_WITH_UNIT (LENGTH_MEASURE( 1.000000000000000100E-005 ), #3256, 'distance_accuracy_value', 'NONE');
#4248 = CARTESIAN_POINT ( 'NONE',  ( 0.3540000000000000400, -0.1700000000000001000, 0.1724999999999999000 ) ) ;
#4249 = FACE_OUTER_BOUND ( 'NONE', #7261, .T. ) ;
#4250 = SURFACE_STYLE_USAGE ( .BOTH. , #922 ) ;
#4251 = CARTESIAN_POINT ( 'NONE',  ( 0.04800000000000000800, -0.1450000000000001000, 0.1884999999999998900 ) ) ;
#4252 = LINE ( 'NONE', #8008, #5388 ) ;
#4253 = CARTESIAN_POINT ( 'NONE',  ( -0.2299999999999999300, 0.4819999999999999300, -0.1275000000000000300 ) ) ;
#4254 = AXIS2_PLACEMENT_3D ( 'NONE', #7753, #8444, #6479 ) ;
#4255 = ORIENTED_EDGE ( 'NONE', *, *, #7726, .F. ) ;
#4256 = CARTESIAN_POINT ( 'NONE',  ( -0.04800000000000004300, 0.07336898097372462900, -0.1080000000000000500 ) ) ;
#4257 = DIRECTION ( 'NONE',  ( 0.0000000000000000000, 0.0000000000000000000, 1.000000000000000000 ) ) ;
#4258 = EDGE_CURVE ( 'NONE', #6271, #2899, #184, .T. ) ;
#4259 = LINE ( 'NONE', #1510, #7182 ) ;
#4260 = DIRECTION ( 'NONE',  ( 0.0000000000000000000, 0.0000000000000000000, 1.000000000000000000 ) ) ;
#4261 = CARTESIAN_POINT ( 'NONE',  ( 0.2500000000000000600, 0.1910000000000001700, -0.1885000000000000300 ) ) ;
#4262 = FACE_OUTER_BOUND ( 'NONE', #5945, .T. ) ;
#4263 =( NAMED_UNIT ( * ) SI_UNIT ( $, .STERADIAN. ) SOLID_ANGLE_UNIT ( ) );
#4264 = VECTOR ( 'NONE', #3540, 39.37007874015748100 ) ;
#4265 = AXIS2_PLACEMENT_3D ( 'NONE', #4658, #633, #5947 ) ;
#4266 = CARTESIAN_POINT ( 'NONE',  ( 0.2870000000000000300, 0.07336898097372462900, -0.1080000000000000500 ) ) ;
#4267 = EDGE_CURVE ( 'NONE', #5007, #8471, #2245, .T. ) ;
#4268 = VECTOR ( 'NONE', #2639, 39.37007874015748100 ) ;
#4269 = CARTESIAN_POINT ( 'NONE',  ( -0.3250992558566549500, -0.1700000000000001000, 0.1884999999999999200 ) ) ;
#4270 = EDGE_CURVE ( 'NONE', #8057, #6074, #3877, .T. ) ;
#4271 = CARTESIAN_POINT ( 'NONE',  ( -0.1820000000000000800, -0.1450000000000001000, -0.07800000000000002800 ) ) ;
#4272 = EDGE_CURVE ( 'NONE', #101, #5379, #8255, .T. ) ;
#4273 = DIRECTION ( 'NONE',  ( 0.0000000000000000000, 0.0000000000000000000, -1.000000000000000000 ) ) ;
#4274 = FILL_AREA_STYLE_COLOUR ( '', #6614 ) ;
#4275 = DIRECTION ( 'NONE',  ( 1.000000000000000000, 0.0000000000000000000, 0.0000000000000000000 ) ) ;
#4276 = FACE_OUTER_BOUND ( 'NONE', #2560, .T. ) ;
#4277 = EDGE_CURVE ( 'NONE', #6517, #3607, #5333, .T. ) ;
#4278 = VERTEX_POINT ( 'NONE', #3874 ) ;
#4279 = CARTESIAN_POINT ( 'NONE',  ( 0.08599999999999997900, 0.05947333485074611500, -0.07970617080767200500 ) ) ;
#4280 = CARTESIAN_POINT ( 'NONE',  ( 0.3540000000000000400, -1.707404996040164500E-017, 0.1724999999999999300 ) ) ;
#4281 = DIRECTION ( 'NONE',  ( 0.0000000000000000000, 1.000000000000000000, 3.244104004879253700E-016 ) ) ;
#4282 = ORIENTED_EDGE ( 'NONE', *, *, #3635, .F. ) ;
#4283 = ORIENTED_EDGE ( 'NONE', *, *, #7055, .T. ) ;
#4284 = CARTESIAN_POINT ( 'NONE',  ( 0.1940000000000000100, 0.5220000000000001300, -0.1275000000000000900 ) ) ;
#4285 = PLANE ( 'NONE',  #6819 ) ;
#4286 = ADVANCED_FACE ( 'NONE', ( #3213 ), #7006, .T. ) ;
#4287 = ORIENTED_EDGE ( 'NONE', *, *, #2168, .T. ) ;
#4288 = CARTESIAN_POINT ( 'NONE',  ( 0.3808014756019888500, 0.5453606313579909500, -0.07342668171644344000 ) ) ;
#4289 = ORIENTED_EDGE ( 'NONE', *, *, #1176, .F. ) ;
#4290 = LINE ( 'NONE', #2129, #3758 ) ;
#4291 =( LENGTH_UNIT ( ) NAMED_UNIT ( * ) SI_UNIT ( $, .METRE. ) );
#4292 = EDGE_CURVE ( 'NONE', #3387, #1499, #895, .T. ) ;
#4293 = ORIENTED_EDGE ( 'NONE', *, *, #8365, .F. ) ;
#4294 = ORIENTED_EDGE ( 'NONE', *, *, #8669, .T. ) ;
#4295 = LINE ( 'NONE', #7176, #403 ) ;
#4296 = FILL_AREA_STYLE_COLOUR ( '', #4125 ) ;
#4297 = ORIENTED_EDGE ( 'NONE', *, *, #1507, .F. ) ;
#4298 = CYLINDRICAL_SURFACE ( 'NONE', #1066, 0.01399999999999997400 ) ;
#4299 = EDGE_LOOP ( 'NONE', ( #7936, #3550, #5308, #502 ) ) ;
#4300 = PLANE ( 'NONE',  #2518 ) ;
#4301 = DIRECTION ( 'NONE',  ( -0.1209742911513506100, 0.1209742911513481400, -0.9852565360152945000 ) ) ;
#4302 = ORIENTED_EDGE ( 'NONE', *, *, #4277, .T. ) ;
#4303 = EDGE_CURVE ( 'NONE', #5814, #2357, #5128, .T. ) ;
#4304 = ORIENTED_EDGE ( 'NONE', *, *, #92, .F. ) ;
#4305 = CARTESIAN_POINT ( 'NONE',  ( 0.2490000000000000000, -0.1510000000000001300, -0.07800000000000002800 ) ) ;
#4306 = VECTOR ( 'NONE', #6003, 39.37007874015748100 ) ;
#4307 = FILL_AREA_STYLE_COLOUR ( '', #8689 ) ;
#4308 =( NAMED_UNIT ( * ) SI_UNIT ( $, .STERADIAN. ) SOLID_ANGLE_UNIT ( ) );
#4309 = ORIENTED_EDGE ( 'NONE', *, *, #1779, .F. ) ;
#4310 = CARTESIAN_POINT ( 'NONE',  ( -0.1820000000000000800, 0.07336898097372462900, -0.07800000000000002800 ) ) ;
#4311 = CARTESIAN_POINT ( 'NONE',  ( -0.2870000000000000300, 0.07336898097372462900, -0.1080000000000000500 ) ) ;
#4312 = CARTESIAN_POINT ( 'NONE',  ( 0.3790000000000000600, 0.5520000000000000500, -0.1275000000000000300 ) ) ;
#4313 = AXIS2_PLACEMENT_3D ( 'NONE', #6295, #3046, #5686 ) ;
#4314 = LINE ( 'NONE', #7331, #5966 ) ;
#4315 = LINE ( 'NONE', #1749, #5752 ) ;
#4316 = CARTESIAN_POINT ( 'NONE',  ( 0.1530000000000000200, 0.0000000000000000000, -0.04149999999999996100 ) ) ;
#4317 = EDGE_CURVE ( 'NONE', #741, #1230, #2775, .T. ) ;
#4318 = FACE_OUTER_BOUND ( 'NONE', #6952, .T. ) ;
#4319 = SURFACE_SIDE_STYLE ('',( #6853 ) ) ;
#4320 = VERTEX_POINT ( 'NONE', #8566 ) ;
#4321 = AXIS2_PLACEMENT_3D ( 'NONE', #1268, #6027, #5342 ) ;
#4322 = FACE_OUTER_BOUND ( 'NONE', #8201, .T. ) ;
#4323 = EDGE_CURVE ( 'NONE', #6456, #1544, #8245, .T. ) ;
#4324 = DIRECTION ( 'NONE',  ( 0.0000000000000000000, -2.008711760047251600E-016, 1.000000000000000000 ) ) ;
#4325 = ADVANCED_FACE ( 'NONE', ( #4068 ), #4490, .T. ) ;
#4326 =( NAMED_UNIT ( * ) PLANE_ANGLE_UNIT ( ) SI_UNIT ( $, .RADIAN. ) );
#4327 = DIRECTION ( 'NONE',  ( 0.0000000000000000000, 0.0000000000000000000, 1.000000000000000000 ) ) ;
#4328 = CIRCLE ( 'NONE', #5952, 0.02999999999999995400 ) ;
#4329 = CARTESIAN_POINT ( 'NONE',  ( -0.3939999999999999600, 0.6999999999999996200, 0.8807583994195136200 ) ) ;
#4330 = COLOUR_RGB ( '',0.2509803921568627400, 0.2509803921568627400, 0.2509803921568627400 ) ;
#4331 = PLANE ( 'NONE',  #1011 ) ;
#4332 = ORIENTED_EDGE ( 'NONE', *, *, #6372, .T. ) ;
#4333 = CARTESIAN_POINT ( 'NONE',  ( -0.3939999999999999600, 0.5519999999999999400, -0.1275000000000000900 ) ) ;
#4334 = CARTESIAN_POINT ( 'NONE',  ( 0.3731978351792617500, 0.5377569909352639700, -0.01150000000000003500 ) ) ;
#4335 = VECTOR ( 'NONE', #7226, 39.37007874015748100 ) ;
#4336 = FACE_OUTER_BOUND ( 'NONE', #6597, .T. ) ;
#4337 = ORIENTED_EDGE ( 'NONE', *, *, #4687, .F. ) ;
#4338 = VECTOR ( 'NONE', #265, 39.37007874015748100 ) ;
#4339 = DIRECTION ( 'NONE',  ( 0.0000000000000000000, 0.0000000000000000000, 1.000000000000000000 ) ) ;
#4340 = ORIENTED_EDGE ( 'NONE', *, *, #5300, .F. ) ;
#4341 = DIRECTION ( 'NONE',  ( 1.000000000000000000, 0.0000000000000000000, -0.0000000000000000000 ) ) ;
#4342 = DIRECTION ( 'NONE',  ( 0.0000000000000000000, 0.0000000000000000000, 1.000000000000000000 ) ) ;
#4343 = VECTOR ( 'NONE', #2316, 39.37007874015748100 ) ;
#4344 = LINE ( 'NONE', #7961, #1357 ) ;
#4345 =( NAMED_UNIT ( * ) SI_UNIT ( $, .STERADIAN. ) SOLID_ANGLE_UNIT ( ) );
#4346 = CARTESIAN_POINT ( 'NONE',  ( -0.1150000000000000200, 0.0000000000000000000, -0.04149999999999996100 ) ) ;
#4347 = VERTEX_POINT ( 'NONE', #723 ) ;
#4348 = ORIENTED_EDGE ( 'NONE', *, *, #3401, .F. ) ;
#4349 = CARTESIAN_POINT ( 'NONE',  ( -0.2870000000000000300, -2.134256245050205600E-018, -0.02749999999999999700 ) ) ;
#4350 = DIRECTION ( 'NONE',  ( 0.0000000000000000000, 0.0000000000000000000, 1.000000000000000000 ) ) ;
#4351 = UNCERTAINTY_MEASURE_WITH_UNIT (LENGTH_MEASURE( 1.000000000000000100E-005 ), #3357, 'distance_accuracy_value', 'NONE');
#4352 = LINE ( 'NONE', #7789, #2419 ) ;
#4353 = FACE_OUTER_BOUND ( 'NONE', #5112, .T. ) ;
#4354 = ORIENTED_EDGE ( 'NONE', *, *, #4424, .F. ) ;
#4355 = AXIS2_PLACEMENT_3D ( 'NONE', #4734, #4701, #5396 ) ;
#4356 = DIRECTION ( 'NONE',  ( -1.000000000000000000, -0.0000000000000000000, -0.0000000000000000000 ) ) ;
#4357 = AXIS2_PLACEMENT_3D ( 'NONE', #887, #2917, #8227 ) ;
#4358 = DIRECTION ( 'NONE',  ( 0.9396926207859102000, 0.3420201433256638300, 0.0000000000000000000 ) ) ;
#4359 = ADVANCED_FACE ( 'NONE', ( #8028 ), #780, .T. ) ;
#4360 = EDGE_CURVE ( 'NONE', #2904, #2295, #4677, .T. ) ;
#4361 = PLANE ( 'NONE',  #5463 ) ;
#4362 = FILL_AREA_STYLE ('',( #5529 ) ) ;
#4363 = ORIENTED_EDGE ( 'NONE', *, *, #4136, .T. ) ;
#4364 = MECHANICAL_DESIGN_GEOMETRIC_PRESENTATION_REPRESENTATION (  '', ( #6021 ), #7053 ) ;
#4365 = DIRECTION ( 'NONE',  ( 0.0000000000000000000, 0.0000000000000000000, 1.000000000000000000 ) ) ;
#4366 = EDGE_CURVE ( 'NONE', #2335, #6881, #8664, .T. ) ;
#4367 = VERTEX_POINT ( 'NONE', #4251 ) ;
#4368 = DIRECTION ( 'NONE',  ( -1.000000000000000000, -0.0000000000000000000, -0.0000000000000000000 ) ) ;
#4369 = DIRECTION ( 'NONE',  ( 1.724651511151681200E-016, 1.000000000000000000, 0.0000000000000000000 ) ) ;
#4370 = PRESENTATION_STYLE_ASSIGNMENT (( #4250 ) ) ;
#4371 =( LENGTH_UNIT ( ) NAMED_UNIT ( * ) SI_UNIT ( $, .METRE. ) );
#4372 = ORIENTED_EDGE ( 'NONE', *, *, #4682, .T. ) ;
#4373 = DIRECTION ( 'NONE',  ( 0.0000000000000000000, -0.0000000000000000000, 1.000000000000000000 ) ) ;
#4374 = ORIENTED_EDGE ( 'NONE', *, *, #428, .T. ) ;
#4375 = APPLICATION_CONTEXT ( 'automotive_design' ) ;
#4376 = ORIENTED_EDGE ( 'NONE', *, *, #5038, .F. ) ;
#4377 = VERTEX_POINT ( 'NONE', #5576 ) ;
#4378 = EDGE_CURVE ( 'NONE', #346, #4528, #6251, .T. ) ;
#4379 = ORIENTED_EDGE ( 'NONE', *, *, #7827, .T. ) ;
#4380 = LINE ( 'NONE', #182, #4780 ) ;
#4381 = ORIENTED_EDGE ( 'NONE', *, *, #6880, .F. ) ;
#4382 = CARTESIAN_POINT ( 'NONE',  ( -0.01900000000000002400, 0.07336898097372462900, -0.1080000000000000500 ) ) ;
#4383 = CARTESIAN_POINT ( 'NONE',  ( -0.1820000000000000800, 0.1260000000000001100, -0.09200000000000001200 ) ) ;
#4384 = ORIENTED_EDGE ( 'NONE', *, *, #6477, .F. ) ;
#4385 = LENGTH_MEASURE_WITH_UNIT ( LENGTH_MEASURE( 0.02539999999999999900 ), #6565 );
#4386 = CARTESIAN_POINT ( 'NONE',  ( 0.2490000000000000000, 0.07336898097372462900, -0.1080000000000000500 ) ) ;
#4387 = EDGE_LOOP ( 'NONE', ( #1681, #8573, #1758, #5929, #3162, #7878 ) ) ;
#4388 = ORIENTED_EDGE ( 'NONE', *, *, #5700, .T. ) ;
#4389 =( CONVERSION_BASED_UNIT ( 'INCH', #6918 ) LENGTH_UNIT ( ) NAMED_UNIT ( #2464 ) );
#4390 = VECTOR ( 'NONE', #8290, 39.37007874015748900 ) ;
#4391 = CARTESIAN_POINT ( 'NONE',  ( -0.3160000000000000600, -1.707404996040164500E-017, 0.1584999999999999700 ) ) ;
#4392 = DIRECTION ( 'NONE',  ( -1.000000000000000000, 0.0000000000000000000, 0.0000000000000000000 ) ) ;
#4393 = LINE ( 'NONE', #1718, #299 ) ;
#4394 = SURFACE_STYLE_USAGE ( .BOTH. , #8427 ) ;
#4395 = AXIS2_PLACEMENT_3D ( 'NONE', #2028, #7373, #6658 ) ;
#4396 = VERTEX_POINT ( 'NONE', #6828 ) ;
#4397 = ORIENTED_EDGE ( 'NONE', *, *, #6365, .T. ) ;
#4398 = CARTESIAN_POINT ( 'NONE',  ( -0.1150000000000000200, 0.07336898097372462900, -0.07800000000000002800 ) ) ;
#4399 = CARTESIAN_POINT ( 'NONE',  ( -0.04800000000000004300, 0.07336898097372462900, -0.07800000000000002800 ) ) ;
#4400 = CARTESIAN_POINT ( 'NONE',  ( -0.1820000000000000800, 0.07336898097372462900, -0.07800000000000002800 ) ) ;
#4401 = DIMENSIONAL_EXPONENTS ( 1.000000000000000000, 0.0000000000000000000, 0.0000000000000000000, 0.0000000000000000000, 0.0000000000000000000, 0.0000000000000000000, 0.0000000000000000000 ) ;
#4402 = DIMENSIONAL_EXPONENTS ( 1.000000000000000000, 0.0000000000000000000, 0.0000000000000000000, 0.0000000000000000000, 0.0000000000000000000, 0.0000000000000000000, 0.0000000000000000000 ) ;
#4403 = PLANE ( 'NONE',  #7038 ) ;
#4404 = ORIENTED_EDGE ( 'NONE', *, *, #2837, .F. ) ;
#4405 = LINE ( 'NONE', #3063, #6683 ) ;
#4406 = VECTOR ( 'NONE', #3167, 39.37007874015748100 ) ;
#4407 = PRESENTATION_LAYER_ASSIGNMENT (  '', '', ( #8600 ) ) ;
#4408 = VECTOR ( 'NONE', #3807, 39.37007874015748100 ) ;
#4409 = EDGE_CURVE ( 'NONE', #2006, #2014, #7101, .T. ) ;
#4410 = DIRECTION ( 'NONE',  ( 0.7071067811865465700, -0.7071067811865483500, 0.0000000000000000000 ) ) ;
#4411 = ORIENTED_EDGE ( 'NONE', *, *, #2100, .F. ) ;
#4412 = DIRECTION ( 'NONE',  ( 0.0000000000000000000, 0.0000000000000000000, 1.000000000000000000 ) ) ;
#4413 = FACE_OUTER_BOUND ( 'NONE', #6145, .T. ) ;
#4414 = FACE_OUTER_BOUND ( 'NONE', #1631, .T. ) ;
#4415 = DIRECTION ( 'NONE',  ( 1.000000000000000000, 0.0000000000000000000, 0.0000000000000000000 ) ) ;
#4416 = LINE ( 'NONE', #2094, #8173 ) ;
#4417 = EDGE_CURVE ( 'NONE', #2551, #3070, #1500, .T. ) ;
#4418 = DIRECTION ( 'NONE',  ( 0.0000000000000000000, -0.0000000000000000000, -1.000000000000000000 ) ) ;
#4419 =( GEOMETRIC_REPRESENTATION_CONTEXT ( 3 ) GLOBAL_UNCERTAINTY_ASSIGNED_CONTEXT ( ( #5298 ) ) GLOBAL_UNIT_ASSIGNED_CONTEXT ( ( #3035, #7740, #5011 ) ) REPRESENTATION_CONTEXT ( 'NONE', 'WORKASPACE' ) );
#4420 = ORIENTED_EDGE ( 'NONE', *, *, #1455, .F. ) ;
#4421 = DIRECTION ( 'NONE',  ( 0.0000000000000000000, -1.000000000000000000, -3.244104004879254200E-016 ) ) ;
#4422 = EDGE_CURVE ( 'NONE', #7891, #4367, #5826, .T. ) ;
#4423 = LINE ( 'NONE', #8068, #7248 ) ;
#4424 = EDGE_CURVE ( 'NONE', #1578, #818, #4290, .T. ) ;
#4425 = ORIENTED_EDGE ( 'NONE', *, *, #1957, .T. ) ;
#4426 = FACE_OUTER_BOUND ( 'NONE', #4124, .T. ) ;
#4427 = DIRECTION ( 'NONE',  ( -0.0000000000000000000, 1.000000000000000000, 0.0000000000000000000 ) ) ;
#4428 = DIRECTION ( 'NONE',  ( 0.0000000000000000000, 0.0000000000000000000, 1.000000000000000000 ) ) ;
#4429 = CARTESIAN_POINT ( 'NONE',  ( -0.3540000000000000400, -0.1450000000000001000, 0.1884999999999998900 ) ) ;
#4430 = AXIS2_PLACEMENT_3D ( 'NONE', #8146, #4221, #2131 ) ;
#4431 = EDGE_CURVE ( 'NONE', #8383, #3194, #7306, .T. ) ;
#4432 = CARTESIAN_POINT ( 'NONE',  ( 0.2199999999999999700, 0.07336898097372462900, -0.1080000000000000500 ) ) ;
#4433 = DIRECTION ( 'NONE',  ( 1.000000000000000000, 0.0000000000000000000, 0.0000000000000000000 ) ) ;
#4434 = VECTOR ( 'NONE', #3187, 39.37007874015748100 ) ;
#4435 = CARTESIAN_POINT ( 'NONE',  ( -0.3160000000000000600, 0.05947333485074611500, -0.07970617080767200500 ) ) ;
#4436 = PRESENTATION_STYLE_ASSIGNMENT (( #2852 ) ) ;
#4437 = LINE ( 'NONE', #6762, #3808 ) ;
#4438 = EDGE_LOOP ( 'NONE', ( #4696, #6602, #433, #4302 ) ) ;
#4439 = CIRCLE ( 'NONE', #7354, 0.01999999999999999000 ) ;
#4440 = FACE_OUTER_BOUND ( 'NONE', #589, .T. ) ;
#4441 = DIRECTION ( 'NONE',  ( 1.000000000000000000, 0.0000000000000000000, 0.0000000000000000000 ) ) ;
#4442 = VECTOR ( 'NONE', #5326, 39.37007874015748100 ) ;
#4443 = CARTESIAN_POINT ( 'NONE',  ( 0.3540000000000000400, 0.1260000000000001100, -0.1080000000000000300 ) ) ;
#4444 = EDGE_CURVE ( 'NONE', #2613, #5685, #1712, .T. ) ;
#4445 = VERTEX_POINT ( 'NONE', #4216 ) ;
#4446 =( CONVERSION_BASED_UNIT ( 'INCH', #3453 ) LENGTH_UNIT ( ) NAMED_UNIT ( #1025 ) );
#4447 = CARTESIAN_POINT ( 'NONE',  ( -0.1820000000000000800, 0.07336898097372462900, -0.1080000000000000500 ) ) ;
#4448 = DIMENSIONAL_EXPONENTS ( 1.000000000000000000, 0.0000000000000000000, 0.0000000000000000000, 0.0000000000000000000, 0.0000000000000000000, 0.0000000000000000000, 0.0000000000000000000 ) ;
#4449 = VECTOR ( 'NONE', #2926, 39.37007874015748100 ) ;
#4450 = LINE ( 'NONE', #50, #3827 ) ;
#4451 = CARTESIAN_POINT ( 'NONE',  ( 0.3540000000000000400, -1.707404996040164500E-017, 0.1584999999999999700 ) ) ;
#4452 = PLANE ( 'NONE',  #113 ) ;
#4453 = LINE ( 'NONE', #42, #2629 ) ;
#4454 = DIRECTION ( 'NONE',  ( -1.000000000000000000, -0.0000000000000000000, -0.0000000000000000000 ) ) ;
#4455 = CARTESIAN_POINT ( 'NONE',  ( 0.2490000000000000000, 0.0000000000000000000, -0.01149999999999994900 ) ) ;
#4456 = ORIENTED_EDGE ( 'NONE', *, *, #24, .F. ) ;
#4457 = CARTESIAN_POINT ( 'NONE',  ( 0.01899999999999998900, 0.1260000000000001100, -0.1080000000000000300 ) ) ;
#4458 = UNCERTAINTY_MEASURE_WITH_UNIT (LENGTH_MEASURE( 1.000000000000000100E-005 ), #5649, 'distance_accuracy_value', 'NONE');
#4459 = FACE_OUTER_BOUND ( 'NONE', #6242, .T. ) ;
#4460 =( GEOMETRIC_REPRESENTATION_CONTEXT ( 3 ) GLOBAL_UNCERTAINTY_ASSIGNED_CONTEXT ( ( #6426 ) ) GLOBAL_UNIT_ASSIGNED_CONTEXT ( ( #4043, #664, #2645 ) ) REPRESENTATION_CONTEXT ( 'NONE', 'WORKASPACE' ) );
#4461 = DIRECTION ( 'NONE',  ( 0.0000000000000000000, -3.244104004879254200E-016, 1.000000000000000000 ) ) ;
#4462 = CARTESIAN_POINT ( 'NONE',  ( -0.3939999999999999600, 0.6999999999999996200, 0.8807583994195136200 ) ) ;
#4463 = MECHANICAL_DESIGN_GEOMETRIC_PRESENTATION_REPRESENTATION (  '', ( #2623 ), #2794 ) ;
#4464 = CARTESIAN_POINT ( 'NONE',  ( -0.07690074414334510700, -0.1700000000000001000, 0.1884999999999999200 ) ) ;
#4465 = LINE ( 'NONE', #6913, #2209 ) ;
#4466 = VECTOR ( 'NONE', #6875, 39.37007874015748100 ) ;
#4467 = DIRECTION ( 'NONE',  ( 0.0000000000000000000, 1.000000000000000000, 2.008711760047251800E-016 ) ) ;
#4468 = AXIS2_PLACEMENT_3D ( 'NONE', #7401, #681, #6661 ) ;
#4469 = DIRECTION ( 'NONE',  ( 0.0000000000000000000, -1.000000000000000000, 0.0000000000000000000 ) ) ;
#4470 = CARTESIAN_POINT ( 'NONE',  ( -0.3858072634978770800, 0.5503664192538791900, -0.1141955524855204400 ) ) ;
#4471 = CIRCLE ( 'NONE', #6533, 0.01399999999999999000 ) ;
#4472 = EDGE_LOOP ( 'NONE', ( #5750, #4925, #7463, #3643, #5142 ) ) ;
#4473 = PLANE ( 'NONE',  #5044 ) ;
#4474 = CARTESIAN_POINT ( 'NONE',  ( -0.1820000000000000800, 0.01389564612297849500, 0.1602061708076718500 ) ) ;
#4475 = EDGE_CURVE ( 'NONE', #8169, #7730, #8461, .T. ) ;
#4476 = ORIENTED_EDGE ( 'NONE', *, *, #908, .T. ) ;
#4477 = DIRECTION ( 'NONE',  ( 0.0000000000000000000, -0.5161614676060311000, 0.8564912955534271800 ) ) ;
#4478 = VERTEX_POINT ( 'NONE', #8116 ) ;
#4479 = CARTESIAN_POINT ( 'NONE',  ( 0.2870000000000000300, -0.1510000000000001300, -0.07800000000000002800 ) ) ;
#4480 = CARTESIAN_POINT ( 'NONE',  ( -0.1820000000000000800, 0.02977638454923963200, 0.1621560803021541200 ) ) ;
#4481 = VERTEX_POINT ( 'NONE', #7575 ) ;
#4482 = EDGE_LOOP ( 'NONE', ( #1875, #4384, #2779, #1729 ) ) ;
#4483 = CIRCLE ( 'NONE', #1284, 0.03000000000000002300 ) ;
#4484 = CARTESIAN_POINT ( 'NONE',  ( -0.3160000000000000600, 0.07336898097372462900, -0.07800000000000002800 ) ) ;
#4485 = EDGE_CURVE ( 'NONE', #7404, #5896, #5213, .T. ) ;
#4486 = CARTESIAN_POINT ( 'NONE',  ( 0.1326021017022734600, -0.01696177787387360300, 0.1884999999999999200 ) ) ;
#4487 = CARTESIAN_POINT ( 'NONE',  ( -0.01900000000000002400, -0.1510000000000001300, -0.1885000000000000600 ) ) ;
#4488 = ORIENTED_EDGE ( 'NONE', *, *, #2307, .F. ) ;
#4489 = VERTEX_POINT ( 'NONE', #3564 ) ;
#4490 = CONICAL_SURFACE ( 'NONE', #8271, 0.01499999999999997700, 0.1221730476395997800 ) ;
#4491 = ORIENTED_EDGE ( 'NONE', *, *, #136, .F. ) ;
#4492 = DIRECTION ( 'NONE',  ( -1.000000000000000000, -0.0000000000000000000, -0.0000000000000000000 ) ) ;
#4493 = ORIENTED_EDGE ( 'NONE', *, *, #2685, .T. ) ;
#4494 = CIRCLE ( 'NONE', #2985, 0.01399999999999996600 ) ;
#4495 = CARTESIAN_POINT ( 'NONE',  ( 0.1150000000000000000, 0.06137810283597668100, -0.08522626054648445300 ) ) ;
#4496 = CARTESIAN_POINT ( 'NONE',  ( 0.2199999999999999700, 0.02977638454923963200, 0.1621560803021541200 ) ) ;
#4497 = ORIENTED_EDGE ( 'NONE', *, *, #7827, .F. ) ;
#4498 = PRESENTATION_STYLE_ASSIGNMENT (( #3405 ) ) ;
#4499 = ORIENTED_EDGE ( 'NONE', *, *, #6263, .T. ) ;
#4500 = DIRECTION ( 'NONE',  ( 1.000000000000000000, 0.0000000000000000000, 0.0000000000000000000 ) ) ;
#4501 = PLANE ( 'NONE',  #7796 ) ;
#4502 = FILL_AREA_STYLE ('',( #8530 ) ) ;
#4503 = CARTESIAN_POINT ( 'NONE',  ( -0.3940000000000000200, 0.5370000000000001400, -0.01150000000000003500 ) ) ;
#4504 = CARTESIAN_POINT ( 'NONE',  ( 0.08599999999999997900, 0.1260000000000001100, -0.1080000000000000300 ) ) ;
#4505 = VERTEX_POINT ( 'NONE', #97 ) ;
#4506 = ORIENTED_EDGE ( 'NONE', *, *, #1221, .F. ) ;
#4507 = ORIENTED_EDGE ( 'NONE', *, *, #4719, .T. ) ;
#4508 = DIRECTION ( 'NONE',  ( -0.3420201433256637700, -0.9396926207859100900, 0.0000000000000000000 ) ) ;
#4509 = CIRCLE ( 'NONE', #267, 0.005115842847316090300 ) ;
#4510 = DIRECTION ( 'NONE',  ( 1.000000000000000000, 1.365923996832131600E-016, -0.0000000000000000000 ) ) ;
#4511 = FILL_AREA_STYLE_COLOUR ( '', #3110 ) ;
#4512 = CIRCLE ( 'NONE', #3854, 0.05999999999999997700 ) ;
#4513 = DIRECTION ( 'NONE',  ( 1.000000000000000000, 0.0000000000000000000, 0.0000000000000000000 ) ) ;
#4514 = DIRECTION ( 'NONE',  ( -1.000000000000000000, -0.0000000000000000000, -0.0000000000000000000 ) ) ;
#4515 = EDGE_LOOP ( 'NONE', ( #5113, #6976, #8529, #5948 ) ) ;
#4516 = VECTOR ( 'NONE', #1984, 39.37007874015748100 ) ;
#4517 = DIRECTION ( 'NONE',  ( -1.000000000000000000, -0.0000000000000000000, -0.0000000000000000000 ) ) ;
#4518 = VECTOR ( 'NONE', #3022, 39.37007874015748100 ) ;
#4519 =( CONVERSION_BASED_UNIT ( 'INCH', #1206 ) LENGTH_UNIT ( ) NAMED_UNIT ( #7812 ) );
#4520 = COLOUR_RGB ( '',0.2509803921568627400, 0.2509803921568627400, 0.2509803921568627400 ) ;
#4521 = ORIENTED_EDGE ( 'NONE', *, *, #6637, .T. ) ;
#4522 = VERTEX_POINT ( 'NONE', #759 ) ;
#4523 = DIRECTION ( 'NONE',  ( -0.3420201433256637700, -0.9396926207859100900, 0.0000000000000000000 ) ) ;
#4524 = VECTOR ( 'NONE', #3089, 39.37007874015748100 ) ;
#4525 = COLOUR_RGB ( '',0.2509803921568627400, 0.2509803921568627400, 0.2509803921568627400 ) ;
#4526 = EDGE_CURVE ( 'NONE', #5883, #7442, #2456, .T. ) ;
#4527 =( NAMED_UNIT ( * ) SI_UNIT ( $, .STERADIAN. ) SOLID_ANGLE_UNIT ( ) );
#4528 = VERTEX_POINT ( 'NONE', #5462 ) ;
#4529 = DIRECTION ( 'NONE',  ( 0.0000000000000000000, 0.0000000000000000000, 1.000000000000000000 ) ) ;
#4530 = DIMENSIONAL_EXPONENTS ( 1.000000000000000000, 0.0000000000000000000, 0.0000000000000000000, 0.0000000000000000000, 0.0000000000000000000, 0.0000000000000000000, 0.0000000000000000000 ) ;
#4531 = AXIS2_PLACEMENT_3D ( 'NONE', #5955, #7365, #699 ) ;
#4532 = EDGE_CURVE ( 'NONE', #4610, #3418, #2907, .T. ) ;
#4533 = LENGTH_MEASURE_WITH_UNIT ( LENGTH_MEASURE( 0.02539999999999999900 ), #5939 );
#4534 = ORIENTED_EDGE ( 'NONE', *, *, #4807, .F. ) ;
#4535 = CARTESIAN_POINT ( 'NONE',  ( 0.3540000000000000400, 0.04359259642448493800, -0.08165608030215425200 ) ) ;
#4536 = CARTESIAN_POINT ( 'NONE',  ( -0.2139999999999999100, 0.5219999999999999100, -0.1275000000000000900 ) ) ;
#4537 = EDGE_CURVE ( 'NONE', #4377, #6529, #2671, .T. ) ;
#4538 = DIRECTION ( 'NONE',  ( -1.000000000000000000, -0.0000000000000000000, -0.0000000000000000000 ) ) ;
#4539 = EDGE_LOOP ( 'NONE', ( #6990, #5322, #1812, #6797 ) ) ;
#4540 = CIRCLE ( 'NONE', #3147, 0.01999999999999999000 ) ;
#4541 = DIRECTION ( 'NONE',  ( -0.0000000000000000000, -0.0000000000000000000, -1.000000000000000000 ) ) ;
#4542 = VECTOR ( 'NONE', #1150, 39.37007874015748100 ) ;
#4543 = DIRECTION ( 'NONE',  ( -0.0000000000000000000, -0.0000000000000000000, 1.000000000000000000 ) ) ;
#4544 = MECHANICAL_DESIGN_GEOMETRIC_PRESENTATION_REPRESENTATION (  '', ( #147 ), #2892 ) ;
#4545 = EDGE_LOOP ( 'NONE', ( #1128, #3179, #3603, #1490 ) ) ;
#4546 = PRODUCT_DEFINITION_FORMATION_WITH_SPECIFIED_SOURCE ( 'ANY', '', #2826, .NOT_KNOWN. ) ;
#4547 = ORIENTED_EDGE ( 'NONE', *, *, #5141, .F. ) ;
#4548 = EDGE_CURVE ( 'NONE', #8322, #8550, #8574, .T. ) ;
#4549 = DIRECTION ( 'NONE',  ( 0.0000000000000000000, 0.0000000000000000000, 1.000000000000000000 ) ) ;
#4550 = VECTOR ( 'NONE', #4570, 39.37007874015748100 ) ;
#4551 = ORIENTED_EDGE ( 'NONE', *, *, #3524, .T. ) ;
#4552 = DIRECTION ( 'NONE',  ( -1.000000000000000000, -0.0000000000000000000, -0.0000000000000000000 ) ) ;
#4553 = LINE ( 'NONE', #6040, #2732 ) ;
#4554 = LINE ( 'NONE', #6188, #1781 ) ;
#4555 = CARTESIAN_POINT ( 'NONE',  ( 0.3884521046042229100, 0.5489412872665003800, -0.1051378569491210200 ) ) ;
#4556 = ORIENTED_EDGE ( 'NONE', *, *, #3515, .T. ) ;
#4557 = AXIS2_PLACEMENT_3D ( 'NONE', #4316, #290, #4342 ) ;
#4558 = DIRECTION ( 'NONE',  ( -0.0000000000000000000, -0.0000000000000000000, 1.000000000000000000 ) ) ;
#4559 = DIRECTION ( 'NONE',  ( 0.0000000000000000000, 0.0000000000000000000, -1.000000000000000000 ) ) ;
#4560 = PRESENTATION_STYLE_ASSIGNMENT (( #6938 ) ) ;
#4561 = CARTESIAN_POINT ( 'NONE',  ( 0.1240992558566549200, -0.1760000000000001600, -0.01149999999999993200 ) ) ;
#4562 = CARTESIAN_POINT ( 'NONE',  ( -0.1150000000000000200, 0.07336898097372462900, -0.1080000000000000500 ) ) ;
#4563 =( NAMED_UNIT ( * ) PLANE_ANGLE_UNIT ( ) SI_UNIT ( $, .RADIAN. ) );
#4564 = LINE ( 'NONE', #3165, #8439 ) ;
#4565 = CARTESIAN_POINT ( 'NONE',  ( -0.01900000000000002400, 0.0000000000000000000, -0.04149999999999996100 ) ) ;
#4566 = ADVANCED_FACE ( 'NONE', ( #5009 ), #6957, .T. ) ;
#4567 = CARTESIAN_POINT ( 'NONE',  ( 0.2199999999999999700, -2.134256245050205600E-017, 0.1884999999999999200 ) ) ;
#4568 = CARTESIAN_POINT ( 'NONE',  ( -0.1820000000000000800, 0.07336898097372462900, -0.09200000000000001200 ) ) ;
#4569 = ORIENTED_EDGE ( 'NONE', *, *, #1630, .T. ) ;
#4570 = DIRECTION ( 'NONE',  ( -0.0000000000000000000, -0.0000000000000000000, -1.000000000000000000 ) ) ;
#4571 = EDGE_CURVE ( 'NONE', #7732, #2780, #4902, .T. ) ;
#4572 = DIRECTION ( 'NONE',  ( -1.000000000000000000, -0.0000000000000000000, -0.0000000000000000000 ) ) ;
#4573 = CARTESIAN_POINT ( 'NONE',  ( -0.3160000000000000600, 0.07336898097372462900, -0.07800000000000002800 ) ) ;
#4574 = AXIS2_PLACEMENT_3D ( 'NONE', #1928, #3234, #7921 ) ;
#4575 = ORIENTED_EDGE ( 'NONE', *, *, #4317, .F. ) ;
#4576 = CARTESIAN_POINT ( 'NONE',  ( 0.01899999999999998900, 0.0000000000000000000, -0.04149999999999996100 ) ) ;
#4577 = ORIENTED_EDGE ( 'NONE', *, *, #5060, .T. ) ;
#4578 = EDGE_LOOP ( 'NONE', ( #2446, #8366, #6984, #3921 ) ) ;
#4579 = AXIS2_PLACEMENT_3D ( 'NONE', #8019, #1916, #7382 ) ;
#4580 = ORIENTED_EDGE ( 'NONE', *, *, #5323, .T. ) ;
#4581 = ORIENTED_EDGE ( 'NONE', *, *, #6871, .F. ) ;
#4582 = CIRCLE ( 'NONE', #5248, 0.05999999999999997700 ) ;
#4583 = CARTESIAN_POINT ( 'NONE',  ( -0.2870000000000000300, -0.1510000000000001300, -0.02750000000000001400 ) ) ;
#4584 = EDGE_CURVE ( 'NONE', #6951, #7732, #7641, .T. ) ;
#4585 = EDGE_CURVE ( 'NONE', #790, #6515, #1203, .T. ) ;
#4586 = CARTESIAN_POINT ( 'NONE',  ( 0.2140000000000000000, 0.5320000000000001400, -0.1275000000000000900 ) ) ;
#4587 = VERTEX_POINT ( 'NONE', #2957 ) ;
#4588 = DIRECTION ( 'NONE',  ( -1.000000000000000000, -0.0000000000000000000, -0.0000000000000000000 ) ) ;
#4589 = EDGE_LOOP ( 'NONE', ( #6020, #5417 ) ) ;
#4590 = AXIS2_PLACEMENT_3D ( 'NONE', #7336, #2708, #7422 ) ;
#4591 = ORIENTED_EDGE ( 'NONE', *, *, #6545, .F. ) ;
#4592 = FACE_OUTER_BOUND ( 'NONE', #4773, .T. ) ;
#4593 = DIRECTION ( 'NONE',  ( -0.0000000000000000000, 1.000000000000000000, 1.455174712534229700E-016 ) ) ;
#4594 = ORIENTED_EDGE ( 'NONE', *, *, #2113, .F. ) ;
#4595 = EDGE_CURVE ( 'NONE', #2357, #1487, #7215, .T. ) ;
#4596 = VECTOR ( 'NONE', #8388, 39.37007874015748100 ) ;
#4597 = DIRECTION ( 'NONE',  ( -0.0000000000000000000, -0.0000000000000000000, -1.000000000000000000 ) ) ;
#4598 = PLANE ( 'NONE',  #3628 ) ;
#4599 = PLANE ( 'NONE',  #678 ) ;
#4600 = CARTESIAN_POINT ( 'NONE',  ( 0.1940000000000000100, 0.5220000000000001300, -0.1275000000000000300 ) ) ;
#4601 = SURFACE_STYLE_USAGE ( .BOTH. , #2567 ) ;
#4602 = ORIENTED_EDGE ( 'NONE', *, *, #8003, .T. ) ;
#4603 = CARTESIAN_POINT ( 'NONE',  ( -0.2139999999999999100, 0.5320000000000000300, 0.8807583994195136200 ) ) ;
#4604 = ORIENTED_EDGE ( 'NONE', *, *, #190, .T. ) ;
#4605 = SURFACE_STYLE_FILL_AREA ( #8328 ) ;
#4606 = CARTESIAN_POINT ( 'NONE',  ( 0.1820000000000000000, 0.01389564612297849500, 0.1602061708076718500 ) ) ;
#4607 = EDGE_CURVE ( 'NONE', #1298, #2880, #5838, .T. ) ;
#4608 = LINE ( 'NONE', #2510, #4096 ) ;
#4609 = FILL_AREA_STYLE_COLOUR ( '', #8230 ) ;
#4610 = VERTEX_POINT ( 'NONE', #4924 ) ;
#4611 = CIRCLE ( 'NONE', #7440, 0.07499999999999999700 ) ;
#4612 = DIMENSIONAL_EXPONENTS ( 1.000000000000000000, 0.0000000000000000000, 0.0000000000000000000, 0.0000000000000000000, 0.0000000000000000000, 0.0000000000000000000, 0.0000000000000000000 ) ;
#4613 = ORIENTED_EDGE ( 'NONE', *, *, #3183, .F. ) ;
#4614 = LENGTH_MEASURE_WITH_UNIT ( LENGTH_MEASURE( 0.02539999999999999900 ), #8568 );
#4615 = AXIS2_PLACEMENT_3D ( 'NONE', #6583, #7191, #7871 ) ;
#4616 = LINE ( 'NONE', #126, #325 ) ;
#4617 = MECHANICAL_DESIGN_GEOMETRIC_PRESENTATION_REPRESENTATION (  '', ( #6520 ), #6677 ) ;
#4618 = VECTOR ( 'NONE', #5662, 39.37007874015748900 ) ;
#4619 = ORIENTED_EDGE ( 'NONE', *, *, #7956, .T. ) ;
#4620 = DIRECTION ( 'NONE',  ( 1.000000000000000000, 0.0000000000000000000, 0.0000000000000000000 ) ) ;
#4621 = DIRECTION ( 'NONE',  ( -0.3420201433256637700, 0.9396926207859100900, 1.367416939322673900E-016 ) ) ;
#4622 = ADVANCED_FACE ( 'NONE', ( #7009 ), #4331, .F. ) ;
#4623 = FILL_AREA_STYLE_COLOUR ( '', #5875 ) ;
#4624 = EDGE_LOOP ( 'NONE', ( #3071, #5588, #5289, #1967 ) ) ;
#4625 = DIRECTION ( 'NONE',  ( 1.000000000000000000, 0.0000000000000000000, -0.0000000000000000000 ) ) ;
#4626 = DIRECTION ( 'NONE',  ( 1.000000000000000000, 0.0000000000000000000, 0.0000000000000000000 ) ) ;
#4627 = VECTOR ( 'NONE', #2603, 39.37007874015748100 ) ;
#4628 = AXIS2_PLACEMENT_3D ( 'NONE', #1367, #4086, #4029 ) ;
#4629 = CARTESIAN_POINT ( 'NONE',  ( -0.3790000000000000600, 0.5520000000000000500, -0.01150000000000003500 ) ) ;
#4630 = AXIS2_PLACEMENT_3D ( 'NONE', #7594, #3582, #2974 ) ;
#4631 = EDGE_CURVE ( 'NONE', #5173, #3235, #6991, .T. ) ;
#4632 = VECTOR ( 'NONE', #6589, 39.37007874015748100 ) ;
#4633 = DIRECTION ( 'NONE',  ( 0.0000000000000000000, 0.0000000000000000000, -1.000000000000000000 ) ) ;
#4634 = CARTESIAN_POINT ( 'NONE',  ( 0.3789999999999999500, 0.1358841571526839300, -0.01150000000000003500 ) ) ;
#4635 = DIRECTION ( 'NONE',  ( -1.000000000000000000, -0.0000000000000000000, -0.0000000000000000000 ) ) ;
#4636 = MECHANICAL_DESIGN_GEOMETRIC_PRESENTATION_REPRESENTATION (  '', ( #6750 ), #7219 ) ;
#4637 = VERTEX_POINT ( 'NONE', #923 ) ;
#4638 = EDGE_CURVE ( 'NONE', #2015, #7468, #3653, .T. ) ;
#4639 = LINE ( 'NONE', #6997, #6414 ) ;
#4640 = ORIENTED_EDGE ( 'NONE', *, *, #1339, .F. ) ;
#4641 = VECTOR ( 'NONE', #8440, 39.37007874015748900 ) ;
#4642 = LINE ( 'NONE', #4869, #6208 ) ;
#4643 = DIRECTION ( 'NONE',  ( 0.0000000000000000000, 0.0000000000000000000, 1.000000000000000000 ) ) ;
#4644 = CARTESIAN_POINT ( 'NONE',  ( 0.1240992558566549200, -0.1760000000000001600, -0.02750000000000001400 ) ) ;
#4645 = ORIENTED_EDGE ( 'NONE', *, *, #5313, .T. ) ;
#4646 = FACE_OUTER_BOUND ( 'NONE', #4578, .T. ) ;
#4647 = CARTESIAN_POINT ( 'NONE',  ( -0.2870000000000000300, 0.01199087813774794700, -0.03427373945351554900 ) ) ;
#4648 = CIRCLE ( 'NONE', #609, 0.03000000000000002300 ) ;
#4649 = CIRCLE ( 'NONE', #2574, 0.01399999999999997400 ) ;
#4650 = EDGE_CURVE ( 'NONE', #287, #1253, #498, .T. ) ;
#4651 = CARTESIAN_POINT ( 'NONE',  ( -0.04800000000000004300, -0.1700000000000001000, 0.1724999999999999000 ) ) ;
#4652 = DIMENSIONAL_EXPONENTS ( 1.000000000000000000, 0.0000000000000000000, 0.0000000000000000000, 0.0000000000000000000, 0.0000000000000000000, 0.0000000000000000000, 0.0000000000000000000 ) ;
#4653 = PRESENTATION_LAYER_ASSIGNMENT (  '', '', ( #8069 ) ) ;
#4654 = VERTEX_POINT ( 'NONE', #1588 ) ;
#4655 = UNCERTAINTY_MEASURE_WITH_UNIT (LENGTH_MEASURE( 1.000000000000000100E-005 ), #6504, 'distance_accuracy_value', 'NONE');
#4656 = ADVANCED_FACE ( 'NONE', ( #1610 ), #5743, .F. ) ;
#4657 = CIRCLE ( 'NONE', #2294, 0.02999999999999995400 ) ;
#4658 = CARTESIAN_POINT ( 'NONE',  ( 0.2679999999999999600, 0.3339194916336046800, -0.03150000000000003500 ) ) ;
#4659 = CYLINDRICAL_SURFACE ( 'NONE', #2339, 0.01999999999999999000 ) ;
#4660 = MECHANICAL_DESIGN_GEOMETRIC_PRESENTATION_REPRESENTATION (  '', ( #3029 ), #4115 ) ;
#4661 = DIRECTION ( 'NONE',  ( 0.3420201433256637700, 0.9396926207859100900, 0.0000000000000000000 ) ) ;
#4662 = SURFACE_SIDE_STYLE ('',( #650 ) ) ;
#4663 = ORIENTED_EDGE ( 'NONE', *, *, #4475, .T. ) ;
#4664 =( CONVERSION_BASED_UNIT ( 'INCH', #7183 ) LENGTH_UNIT ( ) NAMED_UNIT ( #1511 ) );
#4665 = ADVANCED_FACE ( 'NONE', ( #7413 ), #8473, .T. ) ;
#4666 = ORIENTED_EDGE ( 'NONE', *, *, #3008, .F. ) ;
#4667 = ORIENTED_EDGE ( 'NONE', *, *, #6811, .F. ) ;
#4668 =( CONVERSION_BASED_UNIT ( 'INCH', #3021 ) LENGTH_UNIT ( ) NAMED_UNIT ( #5274 ) );
#4669 = ORIENTED_EDGE ( 'NONE', *, *, #2528, .F. ) ;
#4670 = LINE ( 'NONE', #4805, #1195 ) ;
#4671 = CARTESIAN_POINT ( 'NONE',  ( -0.08600000000000002100, 0.01389564612297850000, 0.1602061708076718500 ) ) ;
#4672 = AXIS2_PLACEMENT_3D ( 'NONE', #1701, #3114, #3842 ) ;
#4673 = DIRECTION ( 'NONE',  ( -1.000000000000000000, -0.0000000000000000000, -0.0000000000000000000 ) ) ;
#4674 = EDGE_CURVE ( 'NONE', #1692, #503, #2781, .T. ) ;
#4675 = VERTEX_POINT ( 'NONE', #424 ) ;
#4676 = ORIENTED_EDGE ( 'NONE', *, *, #2298, .T. ) ;
#4677 = LINE ( 'NONE', #6177, #397 ) ;
#4678 = EDGE_LOOP ( 'NONE', ( #7627, #4309, #3166, #6874 ) ) ;
#4679 = ORIENTED_EDGE ( 'NONE', *, *, #72, .F. ) ;
#4680 = VECTOR ( 'NONE', #4538, 39.37007874015748100 ) ;
#4681 = PRESENTATION_LAYER_ASSIGNMENT (  '', '', ( #6021 ) ) ;
#4682 = EDGE_CURVE ( 'NONE', #5111, #3611, #6471, .T. ) ;
#4683 = VERTEX_POINT ( 'NONE', #2370 ) ;
#4684 = CARTESIAN_POINT ( 'NONE',  ( -0.1530000000000000200, 0.07336898097372462900, -0.09199999999999999800 ) ) ;
#4685 = EDGE_CURVE ( 'NONE', #2988, #2015, #256, .T. ) ;
#4686 = ORIENTED_EDGE ( 'NONE', *, *, #620, .F. ) ;
#4687 = EDGE_CURVE ( 'NONE', #5779, #7891, #1805, .T. ) ;
#4688 = DIRECTION ( 'NONE',  ( -0.7071067811865465700, -0.7071067811865483500, -0.0000000000000000000 ) ) ;
#4689 = STYLED_ITEM ( 'NONE', ( #4436 ), #2651 ) ;
#4690 = EDGE_CURVE ( 'NONE', #1385, #2442, #1312, .T. ) ;
#4691 = ORIENTED_EDGE ( 'NONE', *, *, #3381, .T. ) ;
#4692 = VERTEX_POINT ( 'NONE', #7129 ) ;
#4693 = CARTESIAN_POINT ( 'NONE',  ( -0.1150000000000000200, 0.01199087813774794700, -0.03427373945351554900 ) ) ;
#4694 = ADVANCED_FACE ( 'NONE', ( #8355 ), #4082, .T. ) ;
#4695 = ORIENTED_EDGE ( 'NONE', *, *, #5428, .F. ) ;
#4696 = ORIENTED_EDGE ( 'NONE', *, *, #7266, .T. ) ;
#4697 = CIRCLE ( 'NONE', #2643, 0.02999999999999995400 ) ;
#4698 = VECTOR ( 'NONE', #3699, 39.37007874015748100 ) ;
#4699 = DIRECTION ( 'NONE',  ( 0.0000000000000000000, 0.0000000000000000000, -1.000000000000000000 ) ) ;
#4700 = EDGE_LOOP ( 'NONE', ( #2141, #6601, #80, #5737, #73, #4397, #1845, #1907, #8099, #3160, #3757, #2272 ) ) ;
#4701 = DIRECTION ( 'NONE',  ( 1.000000000000000000, 0.0000000000000000000, 0.0000000000000000000 ) ) ;
#4703 = EDGE_CURVE ( 'NONE', #281, #5111, #8259, .T. ) ;
#4702 = SURFACE_STYLE_FILL_AREA ( #7830 ) ;
#4704 = LINE ( 'NONE', #1669, #6493 ) ;
#4705 = EDGE_LOOP ( 'NONE', ( #2944, #4304, #3482, #5957 ) ) ;
#4706 =( LENGTH_UNIT ( ) NAMED_UNIT ( * ) SI_UNIT ( $, .METRE. ) );
#4707 = ORIENTED_EDGE ( 'NONE', *, *, #5917, .T. ) ;
#4708 = DIRECTION ( 'NONE',  ( -1.000000000000000000, -0.0000000000000000000, -0.0000000000000000000 ) ) ;
#4709 = FACE_OUTER_BOUND ( 'NONE', #341, .T. ) ;
#4710 = VECTOR ( 'NONE', #3412, 39.37007874015748100 ) ;
#4711 = DIRECTION ( 'NONE',  ( 0.0000000000000000000, 0.0000000000000000000, 1.000000000000000000 ) ) ;
#4712 = CARTESIAN_POINT ( 'NONE',  ( -0.2490000000000000300, 0.0000000000000000000, -0.01149999999999994900 ) ) ;
#4713 =( NAMED_UNIT ( * ) PLANE_ANGLE_UNIT ( ) SI_UNIT ( $, .RADIAN. ) );
#4714 = FACE_OUTER_BOUND ( 'NONE', #4846, .T. ) ;
#4715 = CARTESIAN_POINT ( 'NONE',  ( -0.2870000000000000300, 0.1260000000000001100, -0.1080000000000000300 ) ) ;
#4716 = CARTESIAN_POINT ( 'NONE',  ( 0.3355304645313331200, -0.01766364454451666700, -0.02750000000000000000 ) ) ;
#4717 = SURFACE_STYLE_FILL_AREA ( #1854 ) ;
#4718 = CARTESIAN_POINT ( 'NONE',  ( 0.01899999999999998900, -0.1510000000000001300, -0.01149999999999993200 ) ) ;
#4719 = EDGE_CURVE ( 'NONE', #6723, #5964, #64, .T. ) ;
#4720 = ORIENTED_EDGE ( 'NONE', *, *, #2583, .T. ) ;
#4721 = ORIENTED_EDGE ( 'NONE', *, *, #8109, .T. ) ;
#4722 = PLANE ( 'NONE',  #7310 ) ;
#4723 = FILL_AREA_STYLE ('',( #1280 ) ) ;
#4724 = CARTESIAN_POINT ( 'NONE',  ( 0.1150000000000000000, 0.01199087813774794300, -0.03427373945351554900 ) ) ;
#4725 = ORIENTED_EDGE ( 'NONE', *, *, #7893, .T. ) ;
#4726 = DIRECTION ( 'NONE',  ( -0.0000000000000000000, 1.000000000000000000, 1.455174712534229700E-016 ) ) ;
#4727 = ADVANCED_FACE ( 'NONE', ( #6046 ), #4300, .T. ) ;
#4728 = PRESENTATION_LAYER_ASSIGNMENT (  '', '', ( #3863 ) ) ;
#4729 = CARTESIAN_POINT ( 'NONE',  ( -0.1820000000000000800, -1.707404996040164500E-017, 0.1584999999999999700 ) ) ;
#4730 = LINE ( 'NONE', #8484, #6204 ) ;
#4731 = VECTOR ( 'NONE', #2495, 39.37007874015748900 ) ;
#4732 = VECTOR ( 'NONE', #3549, 39.37007874015748100 ) ;
#4733 = ORIENTED_EDGE ( 'NONE', *, *, #3689, .T. ) ;
#4734 = CARTESIAN_POINT ( 'NONE',  ( -0.2870000000000000300, 0.07336898097372462900, -0.07800000000000002800 ) ) ;
#4735 =( GEOMETRIC_REPRESENTATION_CONTEXT ( 3 ) GLOBAL_UNCERTAINTY_ASSIGNED_CONTEXT ( ( #7385 ) ) GLOBAL_UNIT_ASSIGNED_CONTEXT ( ( #6500, #6585, #471 ) ) REPRESENTATION_CONTEXT ( 'NONE', 'WORKASPACE' ) );
#4736 = ORIENTED_EDGE ( 'NONE', *, *, #2365, .F. ) ;
#4737 = EDGE_CURVE ( 'NONE', #5863, #5371, #2562, .T. ) ;
#4738 = ADVANCED_FACE ( 'NONE', ( #4892 ), #914, .T. ) ;
#4739 = LINE ( 'NONE', #1257, #7685 ) ;
#4740 = LENGTH_MEASURE_WITH_UNIT ( LENGTH_MEASURE( 0.02539999999999999900 ), #3601 );
#4741 = AXIS2_PLACEMENT_3D ( 'NONE', #698, #4620, #7976 ) ;
#4742 = PLANE ( 'NONE',  #2961 ) ;
#4743 = LINE ( 'NONE', #5868, #6002 ) ;
#4744 = ORIENTED_EDGE ( 'NONE', *, *, #470, .T. ) ;
#4745 = DIRECTION ( 'NONE',  ( 1.000000000000000000, 0.0000000000000000000, 0.0000000000000000000 ) ) ;
#4746 = VERTEX_POINT ( 'NONE', #5541 ) ;
#4747 = EDGE_CURVE ( 'NONE', #6768, #4278, #5123, .T. ) ;
#4748 = CARTESIAN_POINT ( 'NONE',  ( 0.2490000000000000000, 0.0000000000000000000, -0.04149999999999996100 ) ) ;
#4749 = LINE ( 'NONE', #5899, #467 ) ;
#4750 = DIRECTION ( 'NONE',  ( -1.000000000000000000, -0.0000000000000000000, -0.0000000000000000000 ) ) ;
#4751 = FACE_OUTER_BOUND ( 'NONE', #2377, .T. ) ;
#4752 = CARTESIAN_POINT ( 'NONE',  ( 0.2140000000000001300, 0.5520000000000000500, -0.1275000000000000300 ) ) ;
#4753 = ORIENTED_EDGE ( 'NONE', *, *, #6318, .T. ) ;
#4754 = DIRECTION ( 'NONE',  ( 0.0000000000000000000, -1.000000000000000000, -2.008711760047251600E-016 ) ) ;
#4755 = CARTESIAN_POINT ( 'NONE',  ( 0.1530000000000000200, -0.1510000000000001300, -0.07800000000000002800 ) ) ;
#4756 = DIRECTION ( 'NONE',  ( -1.000000000000000000, 0.0000000000000000000, 0.0000000000000000000 ) ) ;
#4757 = ADVANCED_FACE ( 'NONE', ( #7309 ), #1302, .F. ) ;
#4758 = UNCERTAINTY_MEASURE_WITH_UNIT (LENGTH_MEASURE( 1.000000000000000100E-005 ), #4389, 'distance_accuracy_value', 'NONE');
#4759 = CARTESIAN_POINT ( 'NONE',  ( -0.1530000000000000200, -2.134256245050205600E-018, -0.02749999999999999700 ) ) ;
#4760 = PLANE ( 'NONE',  #1028 ) ;
#4761 = LINE ( 'NONE', #1633, #1272 ) ;
#4762 = DIRECTION ( 'NONE',  ( 0.0000000000000000000, 0.5161614676060311000, -0.8564912955534271800 ) ) ;
#4763 = MECHANICAL_DESIGN_GEOMETRIC_PRESENTATION_REPRESENTATION (  '', ( #2838 ), #6105 ) ;
#4764 = DIRECTION ( 'NONE',  ( 0.0000000000000000000, -1.000000000000000000, -3.244104004879254200E-016 ) ) ;
#4765 = ORIENTED_EDGE ( 'NONE', *, *, #7293, .T. ) ;
#4766 = DIRECTION ( 'NONE',  ( -0.0000000000000000000, -0.0000000000000000000, -1.000000000000000000 ) ) ;
#4767 = PLANE ( 'NONE',  #1470 ) ;
#4768 = CARTESIAN_POINT ( 'NONE',  ( 0.01899999999999998900, 0.01199087813774794700, -0.03427373945351554900 ) ) ;
#4769 = FACE_OUTER_BOUND ( 'NONE', #1171, .T. ) ;
#4770 = AXIS2_PLACEMENT_3D ( 'NONE', #7805, #6567, #1732 ) ;
#4771 = ADVANCED_FACE ( 'NONE', ( #7106 ), #2946, .F. ) ;
#4772 =( GEOMETRIC_REPRESENTATION_CONTEXT ( 3 ) GLOBAL_UNCERTAINTY_ASSIGNED_CONTEXT ( ( #5149 ) ) GLOBAL_UNIT_ASSIGNED_CONTEXT ( ( #4668, #6684, #6042 ) ) REPRESENTATION_CONTEXT ( 'NONE', 'WORKASPACE' ) );
#4773 = EDGE_LOOP ( 'NONE', ( #5340, #8029, #6356, #8585 ) ) ;
#4774 =( NAMED_UNIT ( * ) PLANE_ANGLE_UNIT ( ) SI_UNIT ( $, .RADIAN. ) );
#4775 = EDGE_LOOP ( 'NONE', ( #2238, #1806, #5378, #4604, #3205, #4941, #8039, #7299, #3868, #6620, #1873, #3003 ) ) ;
#4776 = VERTEX_POINT ( 'NONE', #6973 ) ;
#4777 = DIRECTION ( 'NONE',  ( 0.0000000000000000000, 0.0000000000000000000, -1.000000000000000000 ) ) ;
#4778 = ORIENTED_EDGE ( 'NONE', *, *, #5481, .T. ) ;
#4779 = VERTEX_POINT ( 'NONE', #1541 ) ;
#4780 = VECTOR ( 'NONE', #811, 39.37007874015748100 ) ;
#4781 = ADVANCED_FACE ( 'NONE', ( #6038 ), #2888, .F. ) ;
#4782 = DIRECTION ( 'NONE',  ( -1.000000000000000000, -0.0000000000000000000, -0.0000000000000000000 ) ) ;
#4783 =( GEOMETRIC_REPRESENTATION_CONTEXT ( 3 ) GLOBAL_UNCERTAINTY_ASSIGNED_CONTEXT ( ( #5671 ) ) GLOBAL_UNIT_ASSIGNED_CONTEXT ( ( #8285, #8376, #6260 ) ) REPRESENTATION_CONTEXT ( 'NONE', 'WORKASPACE' ) );
#4784 = ORIENTED_EDGE ( 'NONE', *, *, #2393, .F. ) ;
#4785 = DIRECTION ( 'NONE',  ( 0.0000000000000000000, 0.0000000000000000000, -1.000000000000000000 ) ) ;
#4786 = EDGE_LOOP ( 'NONE', ( #2127, #3203, #1815, #555, #1917 ) ) ;
#4787 = CARTESIAN_POINT ( 'NONE',  ( -0.2499999999999999200, 0.1910000000000000900, -0.1885000000000000300 ) ) ;
#4788 =( GEOMETRIC_REPRESENTATION_CONTEXT ( 3 ) GLOBAL_UNCERTAINTY_ASSIGNED_CONTEXT ( ( #610 ) ) GLOBAL_UNIT_ASSIGNED_CONTEXT ( ( #7890, #5181, #7199 ) ) REPRESENTATION_CONTEXT ( 'NONE', 'WORKASPACE' ) );
#4789 = PRODUCT_DEFINITION_SHAPE ( 'NONE', 'NONE',  #8460 ) ;
#4790 = ORIENTED_EDGE ( 'NONE', *, *, #6432, .T. ) ;
#4791 = EDGE_CURVE ( 'NONE', #6881, #5883, #1504, .T. ) ;
#4792 = CARTESIAN_POINT ( 'NONE',  ( 0.2500000000000000600, 0.1910000000000001700, -0.1275000000000000300 ) ) ;
#4793 = VECTOR ( 'NONE', #3787, 39.37007874015748100 ) ;
#4794 = ORIENTED_EDGE ( 'NONE', *, *, #2575, .F. ) ;
#4795 = ORIENTED_EDGE ( 'NONE', *, *, #6693, .F. ) ;
#4796 = EDGE_CURVE ( 'NONE', #8494, #2780, #179, .T. ) ;
#4797 = ADVANCED_FACE ( 'NONE', ( #796 ), #3636, .F. ) ;
#4798 = CARTESIAN_POINT ( 'NONE',  ( -0.2139999999999999100, 0.5320000000000000300, -0.1275000000000000300 ) ) ;
#4799 = ORIENTED_EDGE ( 'NONE', *, *, #6936, .T. ) ;
#4800 = FILL_AREA_STYLE_COLOUR ( '', #2189 ) ;
#4801 = DIRECTION ( 'NONE',  ( 0.0000000000000000000, -0.0000000000000000000, -1.000000000000000000 ) ) ;
#4802 = LINE ( 'NONE', #3490, #3020 ) ;
#4803 = PRESENTATION_LAYER_ASSIGNMENT (  '', '', ( #2065 ) ) ;
#4804 = ORIENTED_EDGE ( 'NONE', *, *, #3644, .F. ) ;
#4805 = CARTESIAN_POINT ( 'NONE',  ( 0.08599999999999997900, 0.07336898097372462900, -0.1080000000000000500 ) ) ;
#4806 = LINE ( 'NONE', #1374, #1930 ) ;
#4807 = EDGE_CURVE ( 'NONE', #3246, #6696, #2348, .T. ) ;
#4808 =( CONVERSION_BASED_UNIT ( 'INCH', #1141 ) LENGTH_UNIT ( ) NAMED_UNIT ( #2554 ) );
#4809 = DIRECTION ( 'NONE',  ( 0.0000000000000000000, 0.0000000000000000000, 1.000000000000000000 ) ) ;
#4810 = EDGE_LOOP ( 'NONE', ( #480, #8128, #7340, #2247 ) ) ;
#4811 = ORIENTED_EDGE ( 'NONE', *, *, #2009, .T. ) ;
#4812 = DIRECTION ( 'NONE',  ( 0.9396926207859102000, 0.3420201433256638300, 0.0000000000000000000 ) ) ;
#4813 = CARTESIAN_POINT ( 'NONE',  ( 0.08599999999999997900, -1.707404996040164500E-017, 0.1584999999999999700 ) ) ;
#4814 = LINE ( 'NONE', #1210, #4516 ) ;
#4815 = FACE_OUTER_BOUND ( 'NONE', #8287, .T. ) ;
#4816 = ADVANCED_FACE ( 'NONE', ( #2125 ), #5632, .T. ) ;
#4817 = PLANE ( 'NONE',  #771 ) ;
#4818 = DIRECTION ( 'NONE',  ( 0.0000000000000000000, 1.000000000000000000, 3.244104004879253700E-016 ) ) ;
#4819 = VERTEX_POINT ( 'NONE', #331 ) ;
#4820 = LENGTH_MEASURE_WITH_UNIT ( LENGTH_MEASURE( 0.02539999999999999900 ), #6800 );
#4821 = AXIS2_PLACEMENT_3D ( 'NONE', #1789, #1050, #7175 ) ;
#4822 = ADVANCED_FACE ( 'NONE', ( #5325 ), #5835, .F. ) ;
#4823 = PLANE ( 'NONE',  #2109 ) ;
#4824 = VECTOR ( 'NONE', #5697, 39.37007874015748100 ) ;
#4825 = VECTOR ( 'NONE', #1205, 39.37007874015748100 ) ;
#4826 = VERTEX_POINT ( 'NONE', #535 ) ;
#4827 = COLOUR_RGB ( '',0.7921568627450980000, 0.8196078431372548800, 0.9333333333333333500 ) ;
#4828 = CARTESIAN_POINT ( 'NONE',  ( -0.08600000000000002100, 0.02977638454923963200, 0.1621560803021541200 ) ) ;
#4829 = ORIENTED_EDGE ( 'NONE', *, *, #6186, .T. ) ;
#4830 =( LENGTH_UNIT ( ) NAMED_UNIT ( * ) SI_UNIT ( $, .METRE. ) );
#4831 = ORIENTED_EDGE ( 'NONE', *, *, #4839, .F. ) ;
#4832 = EDGE_LOOP ( 'NONE', ( #1223, #3803, #7351, #8129 ) ) ;
#4833 = MECHANICAL_DESIGN_GEOMETRIC_PRESENTATION_REPRESENTATION (  '', ( #8600 ), #7544 ) ;
#4834 = VERTEX_POINT ( 'NONE', #3146 ) ;
#4835 = LENGTH_MEASURE_WITH_UNIT ( LENGTH_MEASURE( 0.02539999999999999900 ), #1518 );
#4836 = CARTESIAN_POINT ( 'NONE',  ( 0.1530000000000000200, 0.07336898097372462900, -0.1080000000000000500 ) ) ;
#4837 = CARTESIAN_POINT ( 'NONE',  ( 0.04800000000000000800, -1.340010956295959200E-017, 0.1884999999999999200 ) ) ;
#4838 =( LENGTH_UNIT ( ) NAMED_UNIT ( * ) SI_UNIT ( $, .METRE. ) );
#4839 = EDGE_CURVE ( 'NONE', #1721, #1164, #4494, .T. ) ;
#4840 = VECTOR ( 'NONE', #7555, 39.37007874015748100 ) ;
#4841 = CIRCLE ( 'NONE', #1827, 0.02999999999999995400 ) ;
#4842 = VECTOR ( 'NONE', #3378, 39.37007874015748100 ) ;
#4843 = ORIENTED_EDGE ( 'NONE', *, *, #4090, .T. ) ;
#4844 = CARTESIAN_POINT ( 'NONE',  ( -0.1530000000000000200, 0.0000000000000000000, -0.04149999999999996100 ) ) ;
#4845 = ORIENTED_EDGE ( 'NONE', *, *, #364, .T. ) ;
#4846 = EDGE_LOOP ( 'NONE', ( #685, #162, #21, #5535 ) ) ;
#4847 = DIRECTION ( 'NONE',  ( 0.0000000000000000000, 0.0000000000000000000, -1.000000000000000000 ) ) ;
#4848 = PRESENTATION_LAYER_ASSIGNMENT (  '', '', ( #2935 ) ) ;
#4849 = FILL_AREA_STYLE ('',( #7499 ) ) ;
#4850 = EDGE_CURVE ( 'NONE', #4278, #5297, #4295, .T. ) ;
#4851 = VECTOR ( 'NONE', #1580, 39.37007874015748100 ) ;
#4852 = DIRECTION ( 'NONE',  ( -1.000000000000000000, -0.0000000000000000000, 0.0000000000000000000 ) ) ;
#4853 = CARTESIAN_POINT ( 'NONE',  ( -0.1150000000000000200, -0.1510000000000001300, -0.01149999999999993200 ) ) ;
#4854 = STYLED_ITEM ( 'NONE', ( #6547 ), #5514 ) ;
#4855 = CYLINDRICAL_SURFACE ( 'NONE', #2755, 0.01999999999999999000 ) ;
#4856 = EDGE_CURVE ( 'NONE', #4692, #1432, #7206, .T. ) ;
#4857 = ORIENTED_EDGE ( 'NONE', *, *, #435, .T. ) ;
#4858 =( NAMED_UNIT ( * ) SI_UNIT ( $, .STERADIAN. ) SOLID_ANGLE_UNIT ( ) );
#4859 = EDGE_CURVE ( 'NONE', #8504, #5905, #3762, .T. ) ;
#4860 = AXIS2_PLACEMENT_3D ( 'NONE', #3101, #5053, #4467 ) ;
#4861 = VECTOR ( 'NONE', #4543, 39.37007874015748100 ) ;
#4862 = EDGE_CURVE ( 'NONE', #6476, #7868, #2016, .T. ) ;
#4863 = ADVANCED_FACE ( 'NONE', ( #6888 ), #5943, .F. ) ;
#4864 = UNCERTAINTY_MEASURE_WITH_UNIT (LENGTH_MEASURE( 1.000000000000000100E-005 ), #3262, 'distance_accuracy_value', 'NONE');
#4865 = DIRECTION ( 'NONE',  ( 1.000000000000000000, 0.0000000000000000000, 0.0000000000000000000 ) ) ;
#4866 = DIRECTION ( 'NONE',  ( -0.0000000000000000000, -0.0000000000000000000, -1.000000000000000000 ) ) ;
#4867 = DIRECTION ( 'NONE',  ( 0.0000000000000000000, 0.0000000000000000000, 1.000000000000000000 ) ) ;
#4868 = LINE ( 'NONE', #6635, #3086 ) ;
#4869 = CARTESIAN_POINT ( 'NONE',  ( -0.2200000000000000600, 0.07336898097372462900, -0.1080000000000000500 ) ) ;
#4870 = ADVANCED_FACE ( 'NONE', ( #8466 ), #1186, .F. ) ;
#4871 = DIRECTION ( 'NONE',  ( 0.0000000000000000000, 1.000000000000000000, 3.244104004879253700E-016 ) ) ;
#4872 = VECTOR ( 'NONE', #6668, 39.37007874015748100 ) ;
#4873 = DIRECTION ( 'NONE',  ( 0.0000000000000000000, 0.0000000000000000000, -1.000000000000000000 ) ) ;
#4874 = EDGE_CURVE ( 'NONE', #2891, #7395, #2447, .T. ) ;
#4875 = DIRECTION ( 'NONE',  ( -1.000000000000000000, -0.0000000000000000000, -0.0000000000000000000 ) ) ;
#4876 =( NAMED_UNIT ( * ) SI_UNIT ( $, .STERADIAN. ) SOLID_ANGLE_UNIT ( ) );
#4877 = ORIENTED_EDGE ( 'NONE', *, *, #6212, .T. ) ;
#4878 = CARTESIAN_POINT ( 'NONE',  ( -0.1820000000000000800, -0.1700000000000001000, 0.1724999999999999000 ) ) ;
#4879 = EDGE_LOOP ( 'NONE', ( #4374, #6305, #7537, #2111 ) ) ;
#4880 = DIRECTION ( 'NONE',  ( 1.000000000000000000, 0.0000000000000000000, 0.0000000000000000000 ) ) ;
#4881 = ORIENTED_EDGE ( 'NONE', *, *, #6539, .T. ) ;
#4882 = ORIENTED_EDGE ( 'NONE', *, *, #1992, .F. ) ;
#4883 = VECTOR ( 'NONE', #8621, 39.37007874015748100 ) ;
#4884 = CARTESIAN_POINT ( 'NONE',  ( 0.2109007441433450600, -0.1700000000000001000, 0.1724999999999998800 ) ) ;
#4885 = ORIENTED_EDGE ( 'NONE', *, *, #4747, .F. ) ;
#4886 = CARTESIAN_POINT ( 'NONE',  ( -0.3789999999999999500, 0.1260000000000001100, -0.09200000000000235800 ) ) ;
#4887 = FILL_AREA_STYLE_COLOUR ( '', #5233 ) ;
#4888 = EDGE_LOOP ( 'NONE', ( #2686, #4794, #8373, #2045 ) ) ;
#4889 = VECTOR ( 'NONE', #2469, 39.37007874015748100 ) ;
#4890 = EDGE_LOOP ( 'NONE', ( #7719, #2223, #4720, #2086, #3692, #6621 ) ) ;
#4891 = ORIENTED_EDGE ( 'NONE', *, *, #1368, .F. ) ;
#4892 = FACE_OUTER_BOUND ( 'NONE', #1295, .T. ) ;
#4893 = AXIS2_PLACEMENT_3D ( 'NONE', #194, #8218, #4847 ) ;
#4894 = ORIENTED_EDGE ( 'NONE', *, *, #7785, .F. ) ;
#4895 =( NAMED_UNIT ( * ) SI_UNIT ( $, .STERADIAN. ) SOLID_ANGLE_UNIT ( ) );
#4896 = CARTESIAN_POINT ( 'NONE',  ( -0.2140000000000000500, 0.5520000000000000500, -0.1885000000000000300 ) ) ;
#4897 = VECTOR ( 'NONE', #3805, 39.37007874015748100 ) ;
#4898 = DIRECTION ( 'NONE',  ( 0.0000000000000000000, 0.0000000000000000000, 1.000000000000000000 ) ) ;
#4899 = ORIENTED_EDGE ( 'NONE', *, *, #801, .F. ) ;
#4900 = CARTESIAN_POINT ( 'NONE',  ( 0.1150000000000000000, -2.134256245050205600E-018, -0.02749999999999999700 ) ) ;
#4901 = DIRECTION ( 'NONE',  ( 0.0000000000000000000, 0.0000000000000000000, -1.000000000000000000 ) ) ;
#4902 = CIRCLE ( 'NONE', #3446, 0.01499999999999997700 ) ;
#4903 = DIRECTION ( 'NONE',  ( 1.000000000000000000, 0.0000000000000000000, 0.0000000000000000000 ) ) ;
#4904 = DIRECTION ( 'NONE',  ( -1.000000000000000000, -0.0000000000000000000, -0.0000000000000000000 ) ) ;
#4905 = AXIS2_PLACEMENT_3D ( 'NONE', #4798, #8167, #5543 ) ;
#4906 = ADVANCED_FACE ( 'NONE', ( #686 ), #465, .T. ) ;
#4907 = DIRECTION ( 'NONE',  ( 0.0000000000000000000, 1.000000000000000000, 2.008711760047251800E-016 ) ) ;
#4908 = EDGE_CURVE ( 'NONE', #6783, #1298, #3646, .T. ) ;
#4909 = ORIENTED_EDGE ( 'NONE', *, *, #5365, .F. ) ;
#4910 = ORIENTED_EDGE ( 'NONE', *, *, #7587, .T. ) ;
#4911 = FILL_AREA_STYLE_COLOUR ( '', #6333 ) ;
#4912 = VECTOR ( 'NONE', #6343, 39.37007874015748100 ) ;
#4913 = AXIS2_PLACEMENT_3D ( 'NONE', #3138, #5745, #5061 ) ;
#4914 = EDGE_CURVE ( 'NONE', #7345, #1644, #7826, .T. ) ;
#4915 = FILL_AREA_STYLE_COLOUR ( '', #3122 ) ;
#4916 = ADVANCED_FACE ( 'NONE', ( #68 ), #6569, .F. ) ;
#4917 = FILL_AREA_STYLE ('',( #3665 ) ) ;
#4918 = ORIENTED_EDGE ( 'NONE', *, *, #2421, .T. ) ;
#4919 = CARTESIAN_POINT ( 'NONE',  ( -0.04800000000000004300, 0.01389564612297849500, 0.1602061708076718500 ) ) ;
#4920 = SURFACE_STYLE_FILL_AREA ( #8537 ) ;
#4921 = LINE ( 'NONE', #7491, #5457 ) ;
#4922 = LINE ( 'NONE', #2319, #1943 ) ;
#4923 = DIRECTION ( 'NONE',  ( -1.000000000000000000, -0.0000000000000000000, -0.0000000000000000000 ) ) ;
#4924 = CARTESIAN_POINT ( 'NONE',  ( 0.3540000000000000400, 0.07336898097372462900, -0.09200000000000001200 ) ) ;
#4925 = ORIENTED_EDGE ( 'NONE', *, *, #3872, .F. ) ;
#4926 = CARTESIAN_POINT ( 'NONE',  ( -0.1150000000000000200, -0.1760000000000001600, -0.01149999999999994900 ) ) ;
#4927 = AXIS2_PLACEMENT_3D ( 'NONE', #7127, #2340, #6441 ) ;
#4928 = CARTESIAN_POINT ( 'NONE',  ( 0.2738430538784658000, -0.02917474245791772100, 0.1884999999999999200 ) ) ;
#4929 = LINE ( 'NONE', #4015, #6404 ) ;
#4930 = ORIENTED_EDGE ( 'NONE', *, *, #4417, .T. ) ;
#4931 =( CONVERSION_BASED_UNIT ( 'INCH', #2154 ) LENGTH_UNIT ( ) NAMED_UNIT ( #7941 ) );
#4932 = DIRECTION ( 'NONE',  ( -0.0000000000000000000, -0.5161614676060311000, 0.8564912955534271800 ) ) ;
#4933 = ORIENTED_EDGE ( 'NONE', *, *, #657, .F. ) ;
#4934 =( LENGTH_UNIT ( ) NAMED_UNIT ( * ) SI_UNIT ( $, .METRE. ) );
#4935 = VECTOR ( 'NONE', #1285, 39.37007874015748100 ) ;
#4936 = FACE_OUTER_BOUND ( 'NONE', #4482, .T. ) ;
#4937 = ORIENTED_EDGE ( 'NONE', *, *, #3765, .F. ) ;
#4938 = FACE_OUTER_BOUND ( 'NONE', #4705, .T. ) ;
#4939 = DIRECTION ( 'NONE',  ( -1.000000000000000000, -0.0000000000000000000, -0.0000000000000000000 ) ) ;
#4940 = CARTESIAN_POINT ( 'NONE',  ( -0.1530000000000000200, 0.02569473886660282200, -0.02601515597181902300 ) ) ;
#4941 = ORIENTED_EDGE ( 'NONE', *, *, #1229, .T. ) ;
#4942 = ORIENTED_EDGE ( 'NONE', *, *, #5202, .F. ) ;
#4943 = PRESENTATION_LAYER_ASSIGNMENT (  '', '', ( #3029 ) ) ;
#4944 = SURFACE_SIDE_STYLE ('',( #3884 ) ) ;
#4945 = LENGTH_MEASURE_WITH_UNIT ( LENGTH_MEASURE( 0.02539999999999999900 ), #4934 );
#4946 = VECTOR ( 'NONE', #1179, 39.37007874015748100 ) ;
#4947 = SURFACE_SIDE_STYLE ('',( #8205 ) ) ;
#4948 = VERTEX_POINT ( 'NONE', #6646 ) ;
#4949 = ORIENTED_EDGE ( 'NONE', *, *, #4703, .T. ) ;
#4950 = VERTEX_POINT ( 'NONE', #7333 ) ;
#4951 = DIRECTION ( 'NONE',  ( -1.000000000000000000, 0.0000000000000000000, 0.0000000000000000000 ) ) ;
#4952 = LINE ( 'NONE', #2363, #3382 ) ;
#4953 = CARTESIAN_POINT ( 'NONE',  ( -0.2580992558566549400, -0.1760000000000001600, -0.1885000000000000600 ) ) ;
#4954 = DIRECTION ( 'NONE',  ( 0.0000000000000000000, 0.0000000000000000000, -1.000000000000000000 ) ) ;
#4955 = LINE ( 'NONE', #8541, #752 ) ;
#4956 = VERTEX_POINT ( 'NONE', #7359 ) ;
#4957 = DIRECTION ( 'NONE',  ( -0.0000000000000000000, -1.000000000000000000, -0.0000000000000000000 ) ) ;
#4958 = ORIENTED_EDGE ( 'NONE', *, *, #7113, .T. ) ;
#4959 = PLANE ( 'NONE',  #8225 ) ;
#4960 = ADVANCED_FACE ( 'NONE', ( #2338 ), #3313, .F. ) ;
#4961 = CARTESIAN_POINT ( 'NONE',  ( 0.2199999999999999700, -1.707404996040164500E-017, 0.1584999999999999700 ) ) ;
#4962 = EDGE_CURVE ( 'NONE', #5513, #2896, #4173, .T. ) ;
#4963 = CARTESIAN_POINT ( 'NONE',  ( 0.2500000000000000600, 0.1910000000000001700, -0.1275000000000000300 ) ) ;
#4964 = CARTESIAN_POINT ( 'NONE',  ( 0.04800000000000000800, 0.04359259642448493800, -0.08165608030215425200 ) ) ;
#4965 = LINE ( 'NONE', #3959, #2964 ) ;
#4966 = DIRECTION ( 'NONE',  ( 1.724651511151681200E-016, -1.000000000000000000, 0.0000000000000000000 ) ) ;
#4967 = LINE ( 'NONE', #3261, #7378 ) ;
#4968 = AXIS2_PLACEMENT_3D ( 'NONE', #3989, #6065, #8094 ) ;
#4969 = CARTESIAN_POINT ( 'NONE',  ( 0.2199999999999999700, 0.02977638454923963200, 0.1621560803021541200 ) ) ;
#4970 = ORIENTED_EDGE ( 'NONE', *, *, #4595, .F. ) ;
#4971 = EDGE_CURVE ( 'NONE', #794, #4683, #1908, .T. ) ;
#4972 = CARTESIAN_POINT ( 'NONE',  ( -0.2140000000000000500, 0.5520000000000000500, -0.1275000000000000900 ) ) ;
#4973 = LINE ( 'NONE', #1545, #8578 ) ;
#4974 = CARTESIAN_POINT ( 'NONE',  ( 0.2779007441433450900, -0.1760000000000001600, -0.1885000000000000600 ) ) ;
#4975 = LENGTH_MEASURE_WITH_UNIT ( LENGTH_MEASURE( 0.02539999999999999900 ), #322 );
#4976 = EDGE_CURVE ( 'NONE', #671, #3235, #5520, .T. ) ;
#4977 = CARTESIAN_POINT ( 'NONE',  ( -0.2200000000000000600, -0.1450000000000001000, 0.1724999999999999300 ) ) ;
#4978 = UNCERTAINTY_MEASURE_WITH_UNIT (LENGTH_MEASURE( 1.000000000000000100E-005 ), #725, 'distance_accuracy_value', 'NONE');
#4979 = AXIS2_PLACEMENT_3D ( 'NONE', #6160, #2101, #6838 ) ;
#4980 = FILL_AREA_STYLE ('',( #4274 ) ) ;
#4981 = CARTESIAN_POINT ( 'NONE',  ( 0.3279999999999999600, 0.3339194916336046800, -0.01150000000000003500 ) ) ;
#4982 = EDGE_CURVE ( 'NONE', #7151, #6714, #7520, .T. ) ;
#4983 = ORIENTED_EDGE ( 'NONE', *, *, #3717, .F. ) ;
#4984 = CARTESIAN_POINT ( 'NONE',  ( -0.3790000000000000600, 0.5520000000000000500, -0.1885000000000000300 ) ) ;
#4985 = DIRECTION ( 'NONE',  ( -1.724651511151681200E-016, -1.000000000000000000, 0.0000000000000000000 ) ) ;
#4986 = EDGE_LOOP ( 'NONE', ( #7661, #225, #3421, #2412 ) ) ;
#4987 = CARTESIAN_POINT ( 'NONE',  ( -0.3160000000000000600, 0.07336898097372462900, -0.1080000000000000500 ) ) ;
#4988 = CARTESIAN_POINT ( 'NONE',  ( -0.1150000000000000200, 0.01199087813774794300, -0.03427373945351554900 ) ) ;
#4989 = DIRECTION ( 'NONE',  ( 1.000000000000000000, 0.0000000000000000000, 0.0000000000000000000 ) ) ;
#4990 = EDGE_LOOP ( 'NONE', ( #6023, #3226, #181, #7813 ) ) ;
#4991 = ORIENTED_EDGE ( 'NONE', *, *, #8502, .T. ) ;
#4992 = CARTESIAN_POINT ( 'NONE',  ( 0.2199999999999999700, 0.05947333485074611500, -0.07970617080767200500 ) ) ;
#4993 = ORIENTED_EDGE ( 'NONE', *, *, #789, .T. ) ;
#4994 = VECTOR ( 'NONE', #5687, 39.37007874015748100 ) ;
#4995 = CARTESIAN_POINT ( 'NONE',  ( 0.3939999999999999600, 0.5370000000000001400, -0.1079999999999972800 ) ) ;
#4996 = DIRECTION ( 'NONE',  ( -1.000000000000000000, 0.0000000000000000000, -0.0000000000000000000 ) ) ;
#4997 = ORIENTED_EDGE ( 'NONE', *, *, #620, .T. ) ;
#4998 = ORIENTED_EDGE ( 'NONE', *, *, #1082, .F. ) ;
#4999 = VECTOR ( 'NONE', #8087, 39.37007874015748900 ) ;
#5000 = PRESENTATION_LAYER_ASSIGNMENT (  '', '', ( #6005 ) ) ;
#5001 = CARTESIAN_POINT ( 'NONE',  ( -0.2490000000000000300, 0.1260000000000001100, -0.09200000000000001200 ) ) ;
#5002 = EDGE_LOOP ( 'NONE', ( #4217, #4970, #8002, #6420 ) ) ;
#5003 = CARTESIAN_POINT ( 'NONE',  ( 0.3540000000000000400, 0.04359259642448493800, -0.08165608030215425200 ) ) ;
#5004 = ORIENTED_EDGE ( 'NONE', *, *, #3163, .T. ) ;
#5005 = ORIENTED_EDGE ( 'NONE', *, *, #7109, .F. ) ;
#5006 = CYLINDRICAL_SURFACE ( 'NONE', #8436, 0.07499999999999999700 ) ;
#5007 = VERTEX_POINT ( 'NONE', #1323 ) ;
#5008 = SURFACE_SIDE_STYLE ('',( #99 ) ) ;
#5009 = FACE_OUTER_BOUND ( 'NONE', #5601, .T. ) ;
#5010 = ADVANCED_FACE ( 'NONE', ( #2766 ), #1986, .F. ) ;
#5011 =( NAMED_UNIT ( * ) SI_UNIT ( $, .STERADIAN. ) SOLID_ANGLE_UNIT ( ) );
#5012 = CARTESIAN_POINT ( 'NONE',  ( 0.01899999999999998900, 0.1260000000000001100, -0.1080000000000000300 ) ) ;
#5013 = LINE ( 'NONE', #3094, #3222 ) ;
#5014 = ORIENTED_EDGE ( 'NONE', *, *, #3503, .F. ) ;
#5015 = AXIS2_PLACEMENT_3D ( 'NONE', #4586, #6735, #6062 ) ;
#5016 = ORIENTED_EDGE ( 'NONE', *, *, #5114, .F. ) ;
#5017 = DIRECTION ( 'NONE',  ( 1.000000000000000000, 0.0000000000000000000, 0.0000000000000000000 ) ) ;
#5018 = EDGE_CURVE ( 'NONE', #3885, #7257, #583, .T. ) ;
#5019 = ORIENTED_EDGE ( 'NONE', *, *, #2070, .T. ) ;
#5020 = CARTESIAN_POINT ( 'NONE',  ( 0.1530000000000000200, -0.1510000000000001300, -0.1885000000000000600 ) ) ;
#5021 = DIRECTION ( 'NONE',  ( 1.000000000000000000, 0.0000000000000000000, 0.0000000000000000000 ) ) ;
#5022 = DIRECTION ( 'NONE',  ( -0.0000000000000000000, -0.0000000000000000000, 1.000000000000000000 ) ) ;
#5023 = CIRCLE ( 'NONE', #2175, 0.03000000000000002300 ) ;
#5024 =( NAMED_UNIT ( * ) PLANE_ANGLE_UNIT ( ) SI_UNIT ( $, .RADIAN. ) );
#5025 = LINE ( 'NONE', #4600, #508 ) ;
#5026 = CARTESIAN_POINT ( 'NONE',  ( -0.1970853089505939200, -0.02987660912856076500, -0.02750000000000000000 ) ) ;
#5027 =( LENGTH_UNIT ( ) NAMED_UNIT ( * ) SI_UNIT ( $, .METRE. ) );
#5028 =( GEOMETRIC_REPRESENTATION_CONTEXT ( 3 ) GLOBAL_UNCERTAINTY_ASSIGNED_CONTEXT ( ( #7507 ) ) GLOBAL_UNIT_ASSIGNED_CONTEXT ( ( #4664, #647, #1879 ) ) REPRESENTATION_CONTEXT ( 'NONE', 'WORKASPACE' ) );
#5029 = ORIENTED_EDGE ( 'NONE', *, *, #3673, .F. ) ;
#5030 = CARTESIAN_POINT ( 'NONE',  ( -0.3160000000000000600, -1.340010956295959200E-017, 0.1884999999999999200 ) ) ;
#5031 = DIRECTION ( 'NONE',  ( 0.0000000000000000000, -1.000000000000000000, 3.244104004879253700E-016 ) ) ;
#5032 = VECTOR ( 'NONE', #1433, 39.37007874015748100 ) ;
#5033 = DIRECTION ( 'NONE',  ( 0.0000000000000000000, 0.0000000000000000000, -1.000000000000000000 ) ) ;
#5034 = CIRCLE ( 'NONE', #7328, 0.03000000000000001300 ) ;
#5035 = CARTESIAN_POINT ( 'NONE',  ( -0.2200000000000000600, 0.04359259642448493800, -0.08165608030215425200 ) ) ;
#5036 = EDGE_CURVE ( 'NONE', #6763, #3634, #3206, .T. ) ;
#5037 = LENGTH_MEASURE_WITH_UNIT ( LENGTH_MEASURE( 0.02539999999999999900 ), #3026 );
#5038 = EDGE_CURVE ( 'NONE', #4654, #1014, #3423, .T. ) ;
#5039 =( BOUNDED_CURVE ( )  B_SPLINE_CURVE ( 3, ( #7107, #2322, #5643, #4334 ),
 .UNSPECIFIED., .F., .F. ) 
 B_SPLINE_CURVE_WITH_KNOTS ( ( 4, 4 ),
 ( 2.363620831664873900, 3.919564475514726500 ),
 .UNSPECIFIED. ) 
 CURVE ( )  GEOMETRIC_REPRESENTATION_ITEM ( )  RATIONAL_B_SPLINE_CURVE ( ( 1.000000000000000000, 0.8082256338399269600, 0.8082256338399269600, 1.000000000000000000 ) ) 
 REPRESENTATION_ITEM ( '' )  );
#5040 = PLANE ( 'NONE',  #88 ) ;
#5041 = DIRECTION ( 'NONE',  ( -1.000000000000000000, -0.0000000000000000000, -0.0000000000000000000 ) ) ;
#5042 = AXIS2_PLACEMENT_3D ( 'NONE', #777, #6856, #5634 ) ;
#5043 = ORIENTED_EDGE ( 'NONE', *, *, #5603, .T. ) ;
#5044 = AXIS2_PLACEMENT_3D ( 'NONE', #4503, #7825, #7105 ) ;
#5045 = CYLINDRICAL_SURFACE ( 'NONE', #4770, 0.01399999999999999000 ) ;
#5046 = EDGE_CURVE ( 'NONE', #3109, #3922, #4582, .T. ) ;
#5047 = CARTESIAN_POINT ( 'NONE',  ( -0.1820000000000000800, 0.1260000000000001100, -0.09200000000000001200 ) ) ;
#5048 = LINE ( 'NONE', #6156, #1226 ) ;
#5049 = DIRECTION ( 'NONE',  ( -0.0000000000000000000, -0.0000000000000000000, -1.000000000000000000 ) ) ;
#5050 = VECTOR ( 'NONE', #3678, 39.37007874015748100 ) ;
#5051 = EDGE_LOOP ( 'NONE', ( #6682, #1711, #4388, #8547 ) ) ;
#5052 = LINE ( 'NONE', #7900, #7670 ) ;
#5053 = DIRECTION ( 'NONE',  ( 0.0000000000000000000, 2.008711760047251800E-016, -1.000000000000000000 ) ) ;
#5054 = ORIENTED_EDGE ( 'NONE', *, *, #3503, .T. ) ;
#5055 = CYLINDRICAL_SURFACE ( 'NONE', #2702, 0.02999999999999995400 ) ;
#5056 = DIRECTION ( 'NONE',  ( -1.000000000000000000, -0.0000000000000000000, -0.0000000000000000000 ) ) ;
#5057 = CARTESIAN_POINT ( 'NONE',  ( 0.2870000000000000300, 0.07336898097372462900, -0.1080000000000000500 ) ) ;
#5058 = CARTESIAN_POINT ( 'NONE',  ( -0.3350000000000000200, 0.1910000000000002300, -0.01150000000000003500 ) ) ;
#5059 = CARTESIAN_POINT ( 'NONE',  ( 0.3939999999999999600, 0.6999999999999996200, -0.1275000000000000900 ) ) ;
#5060 = EDGE_CURVE ( 'NONE', #237, #3584, #6563, .T. ) ;
#5061 = DIRECTION ( 'NONE',  ( 0.0000000000000000000, -0.1218693434051409500, 0.9925461516413227600 ) ) ;
#5062 = CARTESIAN_POINT ( 'NONE',  ( 0.3160000000000000600, 0.07336898097372462900, -0.1080000000000000500 ) ) ;
#5063 = FACE_OUTER_BOUND ( 'NONE', #131, .T. ) ;
#5064 = LENGTH_MEASURE_WITH_UNIT ( LENGTH_MEASURE( 0.02539999999999999900 ), #7590 );
#5065 = VERTEX_POINT ( 'NONE', #4644 ) ;
#5066 = CARTESIAN_POINT ( 'NONE',  ( 0.3540000000000000400, 0.07336898097372462900, -0.07800000000000002800 ) ) ;
#5067 = CARTESIAN_POINT ( 'NONE',  ( 0.08599999999999997900, 0.02977638454923963200, 0.1621560803021541200 ) ) ;
#5068 = ORIENTED_EDGE ( 'NONE', *, *, #862, .T. ) ;
#5069 = CIRCLE ( 'NONE', #2025, 0.01399999999999997400 ) ;
#5070 = CARTESIAN_POINT ( 'NONE',  ( -0.3939999999999999600, 0.5519999999999999400, 0.8807583994195136200 ) ) ;
#5071 = ORIENTED_EDGE ( 'NONE', *, *, #3690, .F. ) ;
#5072 = CIRCLE ( 'NONE', #279, 0.01399999999999997400 ) ;
#5073 = FACE_OUTER_BOUND ( 'NONE', #1189, .T. ) ;
#5074 = DIRECTION ( 'NONE',  ( 1.000000000000000000, -0.0000000000000000000, 0.0000000000000000000 ) ) ;
#5075 = SURFACE_STYLE_USAGE ( .BOTH. , #296 ) ;
#5076 = ORIENTED_EDGE ( 'NONE', *, *, #4571, .F. ) ;
#5077 = VECTOR ( 'NONE', #7691, 39.37007874015748100 ) ;
#5078 = DIRECTION ( 'NONE',  ( 0.0000000000000000000, 0.1218693434051409500, -0.9925461516413227600 ) ) ;
#5079 = ORIENTED_EDGE ( 'NONE', *, *, #7096, .T. ) ;
#5080 = ORIENTED_EDGE ( 'NONE', *, *, #1823, .F. ) ;
#5081 = ORIENTED_EDGE ( 'NONE', *, *, #3810, .F. ) ;
#5082 =( GEOMETRIC_REPRESENTATION_CONTEXT ( 3 ) GLOBAL_UNCERTAINTY_ASSIGNED_CONTEXT ( ( #8628 ) ) GLOBAL_UNIT_ASSIGNED_CONTEXT ( ( #3572, #2875, #4263 ) ) REPRESENTATION_CONTEXT ( 'NONE', 'WORKASPACE' ) );
#5083 = CARTESIAN_POINT ( 'NONE',  ( -0.2299999999999999300, 0.4819999999999999300, -0.1275000000000000900 ) ) ;
#5084 = AXIS2_PLACEMENT_3D ( 'NONE', #2308, #7145, #5134 ) ;
#5085 = DIRECTION ( 'NONE',  ( -0.3420201433256637700, -0.9396926207859100900, -1.367416939322673900E-016 ) ) ;
#5086 = VECTOR ( 'NONE', #5523, 39.37007874015748100 ) ;
#5087 = LINE ( 'NONE', #7894, #4037 ) ;
#5088 = ORIENTED_EDGE ( 'NONE', *, *, #908, .F. ) ;
#5089 = CARTESIAN_POINT ( 'NONE',  ( 0.3789999999999999500, 0.1410000000000000700, -0.01150000000000003500 ) ) ;
#5090 = DIRECTION ( 'NONE',  ( -1.000000000000000000, -0.0000000000000000000, -0.0000000000000000000 ) ) ;
#5091 = DIRECTION ( 'NONE',  ( -0.0000000000000000000, -0.0000000000000000000, -1.000000000000000000 ) ) ;
#5092 = LINE ( 'NONE', #3632, #8006 ) ;
#5093 = CARTESIAN_POINT ( 'NONE',  ( 0.2666021017022734400, -0.01696177787387360300, 0.1884999999999999200 ) ) ;
#5094 = CARTESIAN_POINT ( 'NONE',  ( 0.08599999999999997900, 0.1260000000000001100, -0.1080000000000000300 ) ) ;
#5095 = SURFACE_SIDE_STYLE ('',( #6415 ) ) ;
#5096 = EDGE_CURVE ( 'NONE', #894, #6899, #4483, .T. ) ;
#5097 = CARTESIAN_POINT ( 'NONE',  ( -0.2745199992981791100, -0.1852885201230315400, -0.01149999999999994900 ) ) ;
#5098 = LINE ( 'NONE', #2309, #3512 ) ;
#5099 =( CONVERSION_BASED_UNIT ( 'INCH', #8289 ) LENGTH_UNIT ( ) NAMED_UNIT ( #4401 ) );
#5100 = FACE_OUTER_BOUND ( 'NONE', #4545, .T. ) ;
#5101 = AXIS2_PLACEMENT_3D ( 'NONE', #7211, #7933, #3915 ) ;
#5102 =( NAMED_UNIT ( * ) SI_UNIT ( $, .STERADIAN. ) SOLID_ANGLE_UNIT ( ) );
#5103 = EDGE_CURVE ( 'NONE', #1660, #6303, #3533, .T. ) ;
#5104 = ORIENTED_EDGE ( 'NONE', *, *, #8149, .F. ) ;
#5105 = CARTESIAN_POINT ( 'NONE',  ( -0.2490000000000000300, -2.134256245050205600E-018, -0.02749999999999999700 ) ) ;
#5106 = CARTESIAN_POINT ( 'NONE',  ( 0.2870000000000000300, 0.06137810283597668100, -0.08522626054648445300 ) ) ;
#5107 = DIRECTION ( 'NONE',  ( -1.000000000000000000, 0.0000000000000000000, -0.0000000000000000000 ) ) ;
#5108 = UNCERTAINTY_MEASURE_WITH_UNIT (LENGTH_MEASURE( 1.000000000000000100E-005 ), #3413, 'distance_accuracy_value', 'NONE');
#5109 = PLANE ( 'NONE',  #5633 ) ;
#5110 = DIMENSIONAL_EXPONENTS ( 1.000000000000000000, 0.0000000000000000000, 0.0000000000000000000, 0.0000000000000000000, 0.0000000000000000000, 0.0000000000000000000, 0.0000000000000000000 ) ;
#5111 = VERTEX_POINT ( 'NONE', #5380 ) ;
#5112 = EDGE_LOOP ( 'NONE', ( #3406, #7130, #8671, #8150 ) ) ;
#5113 = ORIENTED_EDGE ( 'NONE', *, *, #7178, .T. ) ;
#5114 = EDGE_CURVE ( 'NONE', #8020, #157, #7093, .T. ) ;
#5115 = EDGE_LOOP ( 'NONE', ( #5487, #2174, #4804, #82, #355, #4497, #490, #4736, #1125, #6664, #3969, #6461 ) ) ;
#5116 = VECTOR ( 'NONE', #96, 39.37007874015748100 ) ;
#5117 = AXIS2_PLACEMENT_3D ( 'NONE', #694, #8058, #7387 ) ;
#5118 = ORIENTED_EDGE ( 'NONE', *, *, #3752, .T. ) ;
#5119 = ORIENTED_EDGE ( 'NONE', *, *, #8343, .T. ) ;
#5120 = LINE ( 'NONE', #5936, #8133 ) ;
#5121 = ORIENTED_EDGE ( 'NONE', *, *, #7893, .F. ) ;
#5122 = ORIENTED_EDGE ( 'NONE', *, *, #6643, .T. ) ;
#5123 = LINE ( 'NONE', #6264, #7405 ) ;
#5124 = FILL_AREA_STYLE_COLOUR ( '', #4238 ) ;
#5125 = DIRECTION ( 'NONE',  ( 0.0000000000000000000, -1.000000000000000000, 0.0000000000000000000 ) ) ;
#5126 = VERTEX_POINT ( 'NONE', #3372 ) ;
#5127 = CARTESIAN_POINT ( 'NONE',  ( 0.1940000000000000100, 0.5220000000000001300, -0.1885000000000000300 ) ) ;
#5128 = LINE ( 'NONE', #6540, #8470 ) ;
#5129 = AXIS2_PLACEMENT_3D ( 'NONE', #6968, #1535, #4907 ) ;
#5130 = VERTEX_POINT ( 'NONE', #1212 ) ;
#5131 = ORIENTED_EDGE ( 'NONE', *, *, #7166, .F. ) ;
#5132 = PLANE ( 'NONE',  #2584 ) ;
#5133 =( NAMED_UNIT ( * ) SI_UNIT ( $, .STERADIAN. ) SOLID_ANGLE_UNIT ( ) );
#5134 = DIRECTION ( 'NONE',  ( 0.9925461516413225400, 0.0000000000000000000, 0.1218693434051425500 ) ) ;
#5135 = DIRECTION ( 'NONE',  ( 0.7071067811865465700, 0.7071067811865483500, 0.0000000000000000000 ) ) ;
#5136 = ORIENTED_EDGE ( 'NONE', *, *, #6751, .F. ) ;
#5137 = DIRECTION ( 'NONE',  ( -0.0000000000000000000, 1.000000000000000000, 0.0000000000000000000 ) ) ;
#5138 = ORIENTED_EDGE ( 'NONE', *, *, #6944, .F. ) ;
#5139 = LINE ( 'NONE', #6270, #6587 ) ;
#5140 = COLOUR_RGB ( '',0.2509803921568627400, 0.2509803921568627400, 0.2509803921568627400 ) ;
#5141 = EDGE_CURVE ( 'NONE', #1102, #1051, #3964, .T. ) ;
#5142 = ORIENTED_EDGE ( 'NONE', *, *, #2925, .F. ) ;
#5143 = CARTESIAN_POINT ( 'NONE',  ( -0.3940000000000000200, 0.5370000000000001400, -0.09202750207090820700 ) ) ;
#5144 = ADVANCED_FACE ( 'NONE', ( #783 ), #8358, .F. ) ;
#5145 = DIRECTION ( 'NONE',  ( 0.0000000000000000000, 0.0000000000000000000, -1.000000000000000000 ) ) ;
#5146 = AXIS2_PLACEMENT_3D ( 'NONE', #7698, #3755, #4428 ) ;
#5147 = VECTOR ( 'NONE', #6744, 39.37007874015748100 ) ;
#5148 = EDGE_CURVE ( 'NONE', #1311, #7468, #5311, .T. ) ;
#5149 = UNCERTAINTY_MEASURE_WITH_UNIT (LENGTH_MEASURE( 1.000000000000000100E-005 ), #4668, 'distance_accuracy_value', 'NONE');
#5150 = DIRECTION ( 'NONE',  ( -0.0000000000000000000, 0.8564912955534271800, 0.5161614676060311000 ) ) ;
#5151 = ORIENTED_EDGE ( 'NONE', *, *, #7840, .F. ) ;
#5152 = CARTESIAN_POINT ( 'NONE',  ( 0.2490000000000000000, 0.04767424210712179600, -0.09348484402818098300 ) ) ;
#5153 = EDGE_CURVE ( 'NONE', #8248, #3761, #4380, .T. ) ;
#5154 = LINE ( 'NONE', #6280, #2273 ) ;
#5155 = EDGE_CURVE ( 'NONE', #395, #4347, #886, .T. ) ;
#5156 = ORIENTED_EDGE ( 'NONE', *, *, #1674, .T. ) ;
#5157 = CARTESIAN_POINT ( 'NONE',  ( -0.1820000000000000800, 0.01389564612297850000, 0.1602061708076718500 ) ) ;
#5158 =( LENGTH_UNIT ( ) NAMED_UNIT ( * ) SI_UNIT ( $, .METRE. ) );
#5159 = DIRECTION ( 'NONE',  ( 1.000000000000000000, 0.0000000000000000000, -0.0000000000000000000 ) ) ;
#5160 = VERTEX_POINT ( 'NONE', #4828 ) ;
#5161 = EDGE_CURVE ( 'NONE', #6168, #6612, #8562, .T. ) ;
#5162 = DIRECTION ( 'NONE',  ( 0.0000000000000000000, 0.0000000000000000000, 1.000000000000000000 ) ) ;
#5163 = PLANE ( 'NONE',  #4024 ) ;
#5164 = LINE ( 'NONE', #8626, #5777 ) ;
#5165 = VECTOR ( 'NONE', #2657, 39.37007874015748100 ) ;
#5166 = ORIENTED_EDGE ( 'NONE', *, *, #1445, .T. ) ;
#5167 = VERTEX_POINT ( 'NONE', #6765 ) ;
#5168 = ORIENTED_EDGE ( 'NONE', *, *, #2777, .F. ) ;
#5169 = CARTESIAN_POINT ( 'NONE',  ( -0.2779007441433451500, -0.1760000000000001600, -0.02750000000000001400 ) ) ;
#5170 = ORIENTED_EDGE ( 'NONE', *, *, #1640, .T. ) ;
#5171 = ORIENTED_EDGE ( 'NONE', *, *, #2177, .T. ) ;
#5172 = EDGE_CURVE ( 'NONE', #5563, #8264, #4670, .T. ) ;
#5173 = VERTEX_POINT ( 'NONE', #758 ) ;
#5174 = DIRECTION ( 'NONE',  ( 0.0000000000000000000, -1.000000000000000000, -1.455174712534229700E-016 ) ) ;
#5175 = CIRCLE ( 'NONE', #8256, 0.01499999999999997700 ) ;
#5176 = PLANE ( 'NONE',  #6792 ) ;
#5177 = VECTOR ( 'NONE', #3380, 39.37007874015748100 ) ;
#5178 = DIRECTION ( 'NONE',  ( -1.000000000000000000, -0.0000000000000000000, -0.0000000000000000000 ) ) ;
#5179 = VERTEX_POINT ( 'NONE', #4160 ) ;
#5180 = CARTESIAN_POINT ( 'NONE',  ( 0.08599999999999997900, 0.1260000000000001100, -0.09200000000000001200 ) ) ;
#5181 =( NAMED_UNIT ( * ) PLANE_ANGLE_UNIT ( ) SI_UNIT ( $, .RADIAN. ) );
#5182 = ORIENTED_EDGE ( 'NONE', *, *, #7867, .F. ) ;
#5183 = CARTESIAN_POINT ( 'NONE',  ( -0.3160000000000000600, 0.07336898097372462900, -0.07800000000000002800 ) ) ;
#5184 = DIRECTION ( 'NONE',  ( 1.000000000000000000, 0.0000000000000000000, -0.0000000000000000000 ) ) ;
#5185 = FACE_OUTER_BOUND ( 'NONE', #7110, .T. ) ;
#5186 = VECTOR ( 'NONE', #6865, 39.37007874015748900 ) ;
#5187 = CARTESIAN_POINT ( 'NONE',  ( 0.3160000000000000600, -0.1450000000000001000, 0.1884999999999998900 ) ) ;
#5188 = DIMENSIONAL_EXPONENTS ( 1.000000000000000000, 0.0000000000000000000, 0.0000000000000000000, 0.0000000000000000000, 0.0000000000000000000, 0.0000000000000000000, 0.0000000000000000000 ) ;
#5189 = DIRECTION ( 'NONE',  ( 0.7071067811865484600, -0.7071067811865466800, 0.0000000000000000000 ) ) ;
#5190 = AXIS2_PLACEMENT_3D ( 'NONE', #7841, #6549, #1169 ) ;
#5191 = ORIENTED_EDGE ( 'NONE', *, *, #3113, .T. ) ;
#5192 = EDGE_CURVE ( 'NONE', #1900, #6877, #3100, .T. ) ;
#5193 = FACE_OUTER_BOUND ( 'NONE', #2289, .T. ) ;
#5194 = DIRECTION ( 'NONE',  ( -0.3420201433256637700, 0.9396926207859100900, 0.0000000000000000000 ) ) ;
#5195 = AXIS2_PLACEMENT_3D ( 'NONE', #6536, #3168, #5145 ) ;
#5196 = DIRECTION ( 'NONE',  ( -1.000000000000000000, -0.0000000000000000000, -0.0000000000000000000 ) ) ;
#5197 = LINE ( 'NONE', #1153, #5403 ) ;
#5198 = AXIS2_PLACEMENT_3D ( 'NONE', #7273, #2459, #1231 ) ;
#5199 = VERTEX_POINT ( 'NONE', #6061 ) ;
#5200 = DIRECTION ( 'NONE',  ( -1.365923996832131600E-016, 1.000000000000000000, 0.0000000000000000000 ) ) ;
#5201 = DIRECTION ( 'NONE',  ( 0.0000000000000000000, 0.0000000000000000000, 1.000000000000000000 ) ) ;
#5202 = EDGE_CURVE ( 'NONE', #134, #5173, #6878, .T. ) ;
#5203 = ORIENTED_EDGE ( 'NONE', *, *, #3801, .F. ) ;
#5204 = CARTESIAN_POINT ( 'NONE',  ( -0.3350000000000000200, 0.1910000000000002300, -0.1092817459305203800 ) ) ;
#5205 = AXIS2_PLACEMENT_3D ( 'NONE', #8119, #2707, #814 ) ;
#5206 = EDGE_LOOP ( 'NONE', ( #553, #8345, #1915, #5019 ) ) ;
#5207 = CARTESIAN_POINT ( 'NONE',  ( 0.1940000000000000100, 0.5319999999999999200, -0.1275000000000000300 ) ) ;
#5208 = EDGE_CURVE ( 'NONE', #8090, #8236, #6457, .T. ) ;
#5209 = DIRECTION ( 'NONE',  ( -0.0000000000000000000, 1.000000000000000000, 0.0000000000000000000 ) ) ;
#5210 = VERTEX_POINT ( 'NONE', #8142 ) ;
#5211 = CARTESIAN_POINT ( 'NONE',  ( 0.2109007441433450600, -0.1700000000000001000, -0.1885000000000000600 ) ) ;
#5212 = ORIENTED_EDGE ( 'NONE', *, *, #5907, .T. ) ;
#5213 = LINE ( 'NONE', #217, #2027 ) ;
#5214 = ORIENTED_EDGE ( 'NONE', *, *, #6926, .T. ) ;
#5215 = SURFACE_STYLE_USAGE ( .BOTH. , #1818 ) ;
#5216 = ORIENTED_EDGE ( 'NONE', *, *, #8275, .F. ) ;
#5217 = VECTOR ( 'NONE', #1956, 39.37007874015748100 ) ;
#5218 = CARTESIAN_POINT ( 'NONE',  ( 0.1940000000000000100, 0.5220000000000001300, -0.1885000000000000300 ) ) ;
#5219 = ORIENTED_EDGE ( 'NONE', *, *, #1013, .T. ) ;
#5220 = DIRECTION ( 'NONE',  ( 0.0000000000000000000, 0.0000000000000000000, 1.000000000000000000 ) ) ;
#5221 = LINE ( 'NONE', #5097, #2902 ) ;
#5222 = VERTEX_POINT ( 'NONE', #6120 ) ;
#5223 = VECTOR ( 'NONE', #456, 39.37007874015748100 ) ;
#5224 =( LENGTH_UNIT ( ) NAMED_UNIT ( * ) SI_UNIT ( $, .METRE. ) );
#5225 = CARTESIAN_POINT ( 'NONE',  ( -0.01900000000000002400, -2.134256245050205600E-018, -0.02749999999999999700 ) ) ;
#5226 = ADVANCED_FACE ( 'NONE', ( #2656 ), #6734, .F. ) ;
#5227 = DIRECTION ( 'NONE',  ( 0.0000000000000000000, 0.0000000000000000000, -1.000000000000000000 ) ) ;
#5228 = COLOUR_RGB ( '',0.2509803921568627400, 0.2509803921568627400, 0.2509803921568627400 ) ;
#5229 = ORIENTED_EDGE ( 'NONE', *, *, #2998, .F. ) ;
#5230 = VERTEX_POINT ( 'NONE', #122 ) ;
#5231 =( NAMED_UNIT ( * ) SI_UNIT ( $, .STERADIAN. ) SOLID_ANGLE_UNIT ( ) );
#5232 = CARTESIAN_POINT ( 'NONE',  ( 0.2199999999999999700, -1.707404996040164500E-017, 0.1584999999999999700 ) ) ;
#5233 = COLOUR_RGB ( '',0.2509803921568627400, 0.2509803921568627400, 0.2509803921568627400 ) ;
#5234 = DIRECTION ( 'NONE',  ( 0.0000000000000000000, 0.0000000000000000000, -1.000000000000000000 ) ) ;
#5235 = SURFACE_STYLE_FILL_AREA ( #11 ) ;
#5236 = AXIS2_PLACEMENT_3D ( 'NONE', #5316, #6644, #2615 ) ;
#5237 = CARTESIAN_POINT ( 'NONE',  ( -0.2075199992981791300, -0.1792885201230315100, 0.1724999999999999000 ) ) ;
#5238 = CARTESIAN_POINT ( 'NONE',  ( 0.0000000000000000000, 0.0000000000000000000, -0.01150000000000003500 ) ) ;
#5239 = ORIENTED_EDGE ( 'NONE', *, *, #5490, .F. ) ;
#5240 = LINE ( 'NONE', #6089, #7324 ) ;
#5241 = CARTESIAN_POINT ( 'NONE',  ( -0.04800000000000004300, -0.1450000000000000700, -0.1885000000000000600 ) ) ;
#5242 = SURFACE_STYLE_FILL_AREA ( #5803 ) ;
#5243 = FILL_AREA_STYLE_COLOUR ( '', #1813 ) ;
#5244 = FACE_OUTER_BOUND ( 'NONE', #3972, .T. ) ;
#5245 = DIRECTION ( 'NONE',  ( 0.0000000000000000000, 0.0000000000000000000, -1.000000000000000000 ) ) ;
#5246 = ORIENTED_EDGE ( 'NONE', *, *, #7848, .F. ) ;
#5247 = ORIENTED_EDGE ( 'NONE', *, *, #1728, .F. ) ;
#5248 = AXIS2_PLACEMENT_3D ( 'NONE', #3956, #6594, #588 ) ;
#5249 = VECTOR ( 'NONE', #2847, 39.37007874015748100 ) ;
#5250 = EDGE_CURVE ( 'NONE', #7395, #1058, #6769, .T. ) ;
#5251 = LINE ( 'NONE', #4219, #1228 ) ;
#5252 = DIRECTION ( 'NONE',  ( 0.0000000000000000000, 0.0000000000000000000, 1.000000000000000000 ) ) ;
#5253 = CARTESIAN_POINT ( 'NONE',  ( 0.1240992558566549200, -0.1760000000000001600, -0.1885000000000000600 ) ) ;
#5254 = AXIS2_PLACEMENT_3D ( 'NONE', #7950, #8542, #1113 ) ;
#5255 = LINE ( 'NONE', #4724, #3589 ) ;
#5256 = EDGE_CURVE ( 'NONE', #7210, #6470, #6352, .T. ) ;
#5257 = EDGE_LOOP ( 'NONE', ( #8324, #6752, #2306, #1730 ) ) ;
#5258 = CARTESIAN_POINT ( 'NONE',  ( -0.08600000000000002100, 0.07336898097372462900, -0.07800000000000002800 ) ) ;
#5259 = CARTESIAN_POINT ( 'NONE',  ( 0.2490000000000000000, -2.134256245050205600E-018, -0.02749999999999999700 ) ) ;
#5260 = DIRECTION ( 'NONE',  ( -0.0000000000000000000, 0.8564912955534271800, 0.5161614676060311000 ) ) ;
#5261 = DIRECTION ( 'NONE',  ( -0.3420201433256637700, -0.9396926207859100900, -1.367416939322673900E-016 ) ) ;
#5262 = VERTEX_POINT ( 'NONE', #3529 ) ;
#5263 = CARTESIAN_POINT ( 'NONE',  ( 0.1820000000000000000, 0.1260000000000001100, -0.09200000000000001200 ) ) ;
#5264 = SURFACE_SIDE_STYLE ('',( #3583 ) ) ;
#5265 = LINE ( 'NONE', #4629, #5880 ) ;
#5266 = CARTESIAN_POINT ( 'NONE',  ( -0.1820000000000000800, -2.134256245050205600E-017, 0.1884999999999999200 ) ) ;
#5267 = AXIS2_PLACEMENT_3D ( 'NONE', #1966, #4050, #1909 ) ;
#5268 = ORIENTED_EDGE ( 'NONE', *, *, #1790, .T. ) ;
#5269 = VECTOR ( 'NONE', #3578, 39.37007874015748100 ) ;
#5270 = VERTEX_POINT ( 'NONE', #779 ) ;
#5271 = CIRCLE ( 'NONE', #5117, 0.01399999999999997400 ) ;
#5272 = EDGE_CURVE ( 'NONE', #6890, #1721, #2996, .T. ) ;
#5273 = DIRECTION ( 'NONE',  ( 0.0000000000000000000, 0.0000000000000000000, -1.000000000000000000 ) ) ;
#5274 = DIMENSIONAL_EXPONENTS ( 1.000000000000000000, 0.0000000000000000000, 0.0000000000000000000, 0.0000000000000000000, 0.0000000000000000000, 0.0000000000000000000, 0.0000000000000000000 ) ;
#5275 =( LENGTH_UNIT ( ) NAMED_UNIT ( * ) SI_UNIT ( $, .METRE. ) );
#5276 = VECTOR ( 'NONE', #2389, 39.37007874015748100 ) ;
#5277 = CIRCLE ( 'NONE', #370, 0.01999999999999999000 ) ;
#5278 = VECTOR ( 'NONE', #7604, 39.37007874015748100 ) ;
#5279 = ORIENTED_EDGE ( 'NONE', *, *, #4548, .F. ) ;
#5280 = CARTESIAN_POINT ( 'NONE',  ( 0.3540000000000000400, -1.707404996040164500E-017, 0.1584999999999999700 ) ) ;
#5281 = VERTEX_POINT ( 'NONE', #2128 ) ;
#5282 = EDGE_LOOP ( 'NONE', ( #304, #4184, #6350, #7158 ) ) ;
#5283 = DIRECTION ( 'NONE',  ( 0.0000000000000000000, 0.0000000000000000000, 1.000000000000000000 ) ) ;
#5284 = LINE ( 'NONE', #6851, #5376 ) ;
#5285 = CIRCLE ( 'NONE', #1281, 0.01399999999999999000 ) ;
#5286 = LINE ( 'NONE', #4963, #359 ) ;
#5287 = DIRECTION ( 'NONE',  ( 1.000000000000000000, 0.0000000000000000000, 0.0000000000000000000 ) ) ;
#5288 = CARTESIAN_POINT ( 'NONE',  ( -0.1150000000000000200, -0.1510000000000001300, -0.1885000000000000600 ) ) ;
#5289 = ORIENTED_EDGE ( 'NONE', *, *, #2521, .T. ) ;
#5290 = AXIS2_PLACEMENT_3D ( 'NONE', #5070, #1018, #1679 ) ;
#5291 = VECTOR ( 'NONE', #2883, 39.37007874015748100 ) ;
#5292 = LINE ( 'NONE', #7010, #1477 ) ;
#5293 = CARTESIAN_POINT ( 'NONE',  ( -0.08600000000000002100, 0.1260000000000001100, -0.1080000000000000300 ) ) ;
#5294 = VECTOR ( 'NONE', #8043, 39.37007874015748100 ) ;
#5295 = DIRECTION ( 'NONE',  ( 0.0000000000000000000, -1.000000000000000000, 0.0000000000000000000 ) ) ;
#5296 = AXIS2_PLACEMENT_3D ( 'NONE', #6306, #985, #258 ) ;
#5297 = VERTEX_POINT ( 'NONE', #8207 ) ;
#5298 = UNCERTAINTY_MEASURE_WITH_UNIT (LENGTH_MEASURE( 1.000000000000000100E-005 ), #3035, 'distance_accuracy_value', 'NONE');
#5299 = CARTESIAN_POINT ( 'NONE',  ( -0.2499999999999999200, 0.4819999999999999300, -0.1275000000000000300 ) ) ;
#5300 = EDGE_CURVE ( 'NONE', #5306, #8169, #1093, .T. ) ;
#5301 = DIRECTION ( 'NONE',  ( 0.9396926207859102000, 0.3420201433256638300, 0.0000000000000000000 ) ) ;
#5302 = AXIS2_PLACEMENT_3D ( 'NONE', #5841, #486, #440 ) ;
#5303 = EDGE_CURVE ( 'NONE', #2490, #7151, #7302, .T. ) ;
#5304 = VERTEX_POINT ( 'NONE', #1350 ) ;
#5305 = CARTESIAN_POINT ( 'NONE',  ( -0.1820000000000000800, 0.05947333485074611500, -0.07970617080767200500 ) ) ;
#5306 = VERTEX_POINT ( 'NONE', #5610 ) ;
#5307 = AXIS2_PLACEMENT_3D ( 'NONE', #208, #3457, #5484 ) ;
#5308 = ORIENTED_EDGE ( 'NONE', *, *, #7708, .F. ) ;
#5309 = ORIENTED_EDGE ( 'NONE', *, *, #2588, .T. ) ;
#5310 = DIRECTION ( 'NONE',  ( 0.0000000000000000000, 1.000000000000000000, 3.244104004879253700E-016 ) ) ;
#5311 = LINE ( 'NONE', #1375, #1705 ) ;
#5312 = CARTESIAN_POINT ( 'NONE',  ( -0.04800000000000004300, -1.707404996040164500E-017, 0.1724999999999999300 ) ) ;
#5313 = EDGE_CURVE ( 'NONE', #6561, #3366, #3306, .T. ) ;
#5314 = EDGE_CURVE ( 'NONE', #8620, #6780, #1097, .T. ) ;
#5315 = ORIENTED_EDGE ( 'NONE', *, *, #1398, .T. ) ;
#5316 = CARTESIAN_POINT ( 'NONE',  ( -0.2200000000000000600, -1.707404996040164500E-017, 0.1584999999999999700 ) ) ;
#5317 = AXIS2_PLACEMENT_3D ( 'NONE', #6010, #8032, #1989 ) ;
#5318 = ORIENTED_EDGE ( 'NONE', *, *, #5018, .T. ) ;
#5319 = VECTOR ( 'NONE', #4867, 39.37007874015748100 ) ;
#5320 = CARTESIAN_POINT ( 'NONE',  ( 0.2870000000000000300, -2.134256245050205600E-018, -0.02749999999999999700 ) ) ;
#5321 = DIRECTION ( 'NONE',  ( -1.000000000000000000, -0.0000000000000000000, -0.0000000000000000000 ) ) ;
#5322 = ORIENTED_EDGE ( 'NONE', *, *, #3053, .F. ) ;
#5323 = EDGE_CURVE ( 'NONE', #5199, #8478, #7724, .T. ) ;
#5324 = ORIENTED_EDGE ( 'NONE', *, *, #1032, .T. ) ;
#5325 = FACE_OUTER_BOUND ( 'NONE', #1949, .T. ) ;
#5326 = DIRECTION ( 'NONE',  ( -1.724651511151681200E-016, 1.000000000000000000, 0.0000000000000000000 ) ) ;
#5327 = DIRECTION ( 'NONE',  ( -1.000000000000000000, -0.0000000000000000000, -0.0000000000000000000 ) ) ;
#5328 = ADVANCED_FACE ( 'NONE', ( #3750 ), #6331, .F. ) ;
#5329 = FILL_AREA_STYLE_COLOUR ( '', #7067 ) ;
#5330 = VERTEX_POINT ( 'NONE', #6215 ) ;
#5331 = DIRECTION ( 'NONE',  ( 0.0000000000000000000, 0.0000000000000000000, 1.000000000000000000 ) ) ;
#5332 = CARTESIAN_POINT ( 'NONE',  ( 0.08599999999999997900, -2.134256245050205600E-017, 0.1884999999999999200 ) ) ;
#5333 = LINE ( 'NONE', #8089, #3766 ) ;
#5334 = ORIENTED_EDGE ( 'NONE', *, *, #40, .T. ) ;
#5335 = ORIENTED_EDGE ( 'NONE', *, *, #2538, .T. ) ;
#5336 = DIRECTION ( 'NONE',  ( 0.0000000000000000000, 0.0000000000000000000, 1.000000000000000000 ) ) ;
#5337 = EDGE_CURVE ( 'NONE', #6890, #6478, #8023, .T. ) ;
#5338 = VERTEX_POINT ( 'NONE', #8335 ) ;
#5339 = ADVANCED_FACE ( 'NONE', ( #7511 ), #6272, .F. ) ;
#5340 = ORIENTED_EDGE ( 'NONE', *, *, #6486, .F. ) ;
#5341 = FILL_AREA_STYLE_COLOUR ( '', #8521 ) ;
#5342 = DIRECTION ( 'NONE',  ( 0.0000000000000000000, 0.0000000000000000000, 1.000000000000000000 ) ) ;
#5343 = VECTOR ( 'NONE', #3521, 39.37007874015748100 ) ;
#5344 = CARTESIAN_POINT ( 'NONE',  ( 0.2140000000000001300, 0.5020000000000000000, -0.1275000000000000900 ) ) ;
#5345 = CYLINDRICAL_SURFACE ( 'NONE', #1000, 0.03000000000000001300 ) ;
#5346 = CLOSED_SHELL ( 'NONE', ( #5402, #3368, #4863, #404, #7031, #356, #7512, #2890, #2827, #4097, #2147, #856, #6227, #4738, #127, #7775 ) ) ;
#5347 = AXIS2_PLACEMENT_3D ( 'NONE', #1184, #3806, #3286 ) ;
#5348 = LINE ( 'NONE', #3680, #3903 ) ;
#5349 = PRESENTATION_LAYER_ASSIGNMENT (  '', '', ( #6520 ) ) ;
#5350 = LINE ( 'NONE', #253, #215 ) ;
#5351 = SURFACE_STYLE_USAGE ( .BOTH. , #4662 ) ;
#5352 = DIRECTION ( 'NONE',  ( -0.3420201433256634900, -0.9396926207859103200, 0.0000000000000000000 ) ) ;
#5353 = DIRECTION ( 'NONE',  ( -1.000000000000000000, -0.0000000000000000000, -0.0000000000000000000 ) ) ;
#5354 = ORIENTED_EDGE ( 'NONE', *, *, #7867, .T. ) ;
#5355 = DIRECTION ( 'NONE',  ( 0.0000000000000000000, 0.0000000000000000000, 1.000000000000000000 ) ) ;
#5356 = DIRECTION ( 'NONE',  ( 1.000000000000000000, 0.0000000000000000000, 0.0000000000000000000 ) ) ;
#5357 = CARTESIAN_POINT ( 'NONE',  ( -0.3540000000000000400, 0.07336898097372462900, -0.1080000000000000500 ) ) ;
#5358 = LENGTH_MEASURE_WITH_UNIT ( LENGTH_MEASURE( 0.02539999999999999900 ), #4291 );
#5359 = VECTOR ( 'NONE', #8033, 39.37007874015748100 ) ;
#5360 = AXIS2_PLACEMENT_3D ( 'NONE', #20, #3361, #1939 ) ;
#5361 = LINE ( 'NONE', #6902, #1240 ) ;
#5362 = MANIFOLD_SOLID_BREP ( 'LPattern2[4]', #3437 ) ;
#5363 = CARTESIAN_POINT ( 'NONE',  ( 0.3939999999999999600, 0.5370000000000001400, -0.1079999999999972800 ) ) ;
#5364 = ORIENTED_EDGE ( 'NONE', *, *, #4532, .T. ) ;
#5365 = EDGE_CURVE ( 'NONE', #1449, #2780, #384, .T. ) ;
#5366 = LINE ( 'NONE', #376, #940 ) ;
#5367 = ADVANCED_FACE ( 'NONE', ( #977 ), #7622, .T. ) ;
#5368 = ORIENTED_EDGE ( 'NONE', *, *, #4360, .F. ) ;
#5369 = DIRECTION ( 'NONE',  ( 0.0000000000000000000, 0.0000000000000000000, -1.000000000000000000 ) ) ;
#5370 = SURFACE_SIDE_STYLE ('',( #3609 ) ) ;
#5371 = VERTEX_POINT ( 'NONE', #3594 ) ;
#5372 = DIRECTION ( 'NONE',  ( 0.0000000000000000000, 0.0000000000000000000, 1.000000000000000000 ) ) ;
#5373 = AXIS2_PLACEMENT_3D ( 'NONE', #6503, #402, #2431 ) ;
#5374 = ORIENTED_EDGE ( 'NONE', *, *, #4687, .T. ) ;
#5375 = EDGE_CURVE ( 'NONE', #1982, #4675, #4064, .T. ) ;
#5376 = VECTOR ( 'NONE', #7538, 39.37007874015748100 ) ;
#5377 = LINE ( 'NONE', #2783, #3488 ) ;
#5378 = ORIENTED_EDGE ( 'NONE', *, *, #491, .T. ) ;
#5379 = VERTEX_POINT ( 'NONE', #2260 ) ;
#5380 = CARTESIAN_POINT ( 'NONE',  ( -0.1939999999999999200, 0.5219999999999999100, -0.1885000000000000300 ) ) ;
#5381 = VERTEX_POINT ( 'NONE', #4280 ) ;
#5382 = ORIENTED_EDGE ( 'NONE', *, *, #920, .T. ) ;
#5383 = VECTOR ( 'NONE', #3134, 39.37007874015748100 ) ;
#5384 =( NAMED_UNIT ( * ) SI_UNIT ( $, .STERADIAN. ) SOLID_ANGLE_UNIT ( ) );
#5385 = DIRECTION ( 'NONE',  ( -0.0000000000000000000, -1.000000000000000000, -0.0000000000000000000 ) ) ;
#5386 = CARTESIAN_POINT ( 'NONE',  ( -0.2739999999999999100, 0.8199999999999999500, -0.1275000000000000900 ) ) ;
#5387 = PRESENTATION_STYLE_ASSIGNMENT (( #7547 ) ) ;
#5388 = VECTOR ( 'NONE', #8678, 39.37007874015748100 ) ;
#5389 = ORIENTED_EDGE ( 'NONE', *, *, #2998, .T. ) ;
#5390 = DIRECTION ( 'NONE',  ( -0.0000000000000000000, -0.0000000000000000000, -1.000000000000000000 ) ) ;
#5391 = ORIENTED_EDGE ( 'NONE', *, *, #3629, .F. ) ;
#5392 =( GEOMETRIC_REPRESENTATION_CONTEXT ( 3 ) GLOBAL_UNCERTAINTY_ASSIGNED_CONTEXT ( ( #566 ) ) GLOBAL_UNIT_ASSIGNED_CONTEXT ( ( #3398, #8078, #4156 ) ) REPRESENTATION_CONTEXT ( 'NONE', 'WORKASPACE' ) );
#5393 = ORIENTED_EDGE ( 'NONE', *, *, #4595, .T. ) ;
#5394 = CARTESIAN_POINT ( 'NONE',  ( -0.04800000000000004300, -0.1450000000000001000, 0.1724999999999999000 ) ) ;
#5395 = CARTESIAN_POINT ( 'NONE',  ( 0.2300000000000000100, 0.5020000000000000000, -0.1275000000000000300 ) ) ;
#5396 = DIRECTION ( 'NONE',  ( 0.0000000000000000000, 0.0000000000000000000, -1.000000000000000000 ) ) ;
#5397 = VECTOR ( 'NONE', #2806, 39.37007874015748100 ) ;
#5398 = CARTESIAN_POINT ( 'NONE',  ( -0.1150000000000000200, -2.134256245050205600E-018, -0.02749999999999999700 ) ) ;
#5399 = LINE ( 'NONE', #8670, #4268 ) ;
#5400 = DIRECTION ( 'NONE',  ( 1.000000000000000000, 0.0000000000000000000, 0.0000000000000000000 ) ) ;
#5401 = AXIS2_PLACEMENT_3D ( 'NONE', #1197, #8633, #6550 ) ;
#5402 = ADVANCED_FACE ( 'NONE', ( #6985 ), #249, .F. ) ;
#5403 = VECTOR ( 'NONE', #5912, 39.37007874015748100 ) ;
#5404 = DIRECTION ( 'NONE',  ( -1.000000000000000000, -0.0000000000000000000, -0.0000000000000000000 ) ) ;
#5405 = DIRECTION ( 'NONE',  ( 1.000000000000000000, 0.0000000000000000000, 0.0000000000000000000 ) ) ;
#5406 = ORIENTED_EDGE ( 'NONE', *, *, #5153, .F. ) ;
#5407 = ADVANCED_FACE ( 'NONE', ( #2224 ), #2396, .F. ) ;
#5408 = DIRECTION ( 'NONE',  ( 0.0000000000000000000, 0.1218693434051411300, -0.9925461516413227600 ) ) ;
#5409 = VERTEX_POINT ( 'NONE', #7821 ) ;
#5410 = CARTESIAN_POINT ( 'NONE',  ( -0.3789999999999999500, 0.1260000000000001100, -0.01150000000000003500 ) ) ;
#5411 = ORIENTED_EDGE ( 'NONE', *, *, #7435, .F. ) ;
#5412 = DIRECTION ( 'NONE',  ( 0.0000000000000000000, 0.1218693434051409500, -0.9925461516413227600 ) ) ;
#5413 = SURFACE_SIDE_STYLE ('',( #7455 ) ) ;
#5414 = AXIS2_PLACEMENT_3D ( 'NONE', #4484, #2438, #8594 ) ;
#5415 = EDGE_CURVE ( 'NONE', #4367, #3070, #6127, .T. ) ;
#5416 = VERTEX_POINT ( 'NONE', #1665 ) ;
#5417 = ORIENTED_EDGE ( 'NONE', *, *, #3576, .F. ) ;
#5418 = DIRECTION ( 'NONE',  ( 0.0000000000000000000, -1.000000000000000000, 0.0000000000000000000 ) ) ;
#5419 = VERTEX_POINT ( 'NONE', #7772 ) ;
#5420 = ORIENTED_EDGE ( 'NONE', *, *, #6365, .F. ) ;
#5421 = EDGE_CURVE ( 'NONE', #5618, #3611, #7913, .T. ) ;
#5422 = ADVANCED_FACE ( 'NONE', ( #2757 ), #2437, .T. ) ;
#5423 = CARTESIAN_POINT ( 'NONE',  ( -0.1820000000000000800, 0.07336898097372462900, -0.1080000000000000500 ) ) ;
#5424 = ORIENTED_EDGE ( 'NONE', *, *, #8333, .T. ) ;
#5425 = ORIENTED_EDGE ( 'NONE', *, *, #5250, .T. ) ;
#5426 = CARTESIAN_POINT ( 'NONE',  ( -0.08600000000000002100, 0.05947333485074611500, -0.07970617080767200500 ) ) ;
#5427 = LINE ( 'NONE', #6428, #6779 ) ;
#5428 = EDGE_CURVE ( 'NONE', #1182, #3945, #5511, .T. ) ;
#5429 = ORIENTED_EDGE ( 'NONE', *, *, #1445, .F. ) ;
#5430 = DIRECTION ( 'NONE',  ( 0.0000000000000000000, 0.0000000000000000000, 1.000000000000000000 ) ) ;
#5431 =( GEOMETRIC_REPRESENTATION_CONTEXT ( 3 ) GLOBAL_UNCERTAINTY_ASSIGNED_CONTEXT ( ( #1719 ) ) GLOBAL_UNIT_ASSIGNED_CONTEXT ( ( #706, #652, #5988 ) ) REPRESENTATION_CONTEXT ( 'NONE', 'WORKASPACE' ) );
#5432 = PRESENTATION_LAYER_ASSIGNMENT (  '', '', ( #8114 ) ) ;
#5433 = EDGE_CURVE ( 'NONE', #671, #7193, #1896, .T. ) ;
#5434 = VERTEX_POINT ( 'NONE', #7072 ) ;
#5435 = EDGE_LOOP ( 'NONE', ( #1530, #119, #6292, #6468 ) ) ;
#5436 =( NAMED_UNIT ( * ) PLANE_ANGLE_UNIT ( ) SI_UNIT ( $, .RADIAN. ) );
#5437 = DIRECTION ( 'NONE',  ( 1.000000000000000000, 0.0000000000000000000, -0.0000000000000000000 ) ) ;
#5438 = ORIENTED_EDGE ( 'NONE', *, *, #4422, .F. ) ;
#5439 = DIRECTION ( 'NONE',  ( 0.0000000000000000000, -1.000000000000000000, -2.008711760047251600E-016 ) ) ;
#5440 = VECTOR ( 'NONE', #2183, 39.37007874015748100 ) ;
#5441 = DIRECTION ( 'NONE',  ( 0.0000000000000000000, 0.0000000000000000000, -1.000000000000000000 ) ) ;
#5442 = DIRECTION ( 'NONE',  ( -1.000000000000000000, -0.0000000000000000000, -0.0000000000000000000 ) ) ;
#5443 = LINE ( 'NONE', #5410, #6582 ) ;
#5444 = ADVANCED_FACE ( 'NONE', ( #5820 ), #975, .F. ) ;
#5445 = CARTESIAN_POINT ( 'NONE',  ( 0.2199999999999999700, 0.01389564612297850000, 0.1602061708076718500 ) ) ;
#5446 = ORIENTED_EDGE ( 'NONE', *, *, #7882, .T. ) ;
#5447 = DIRECTION ( 'NONE',  ( 0.0000000000000000000, 1.000000000000000000, -3.244104004879254200E-016 ) ) ;
#5448 = LINE ( 'NONE', #693, #511 ) ;
#5449 = FACE_OUTER_BOUND ( 'NONE', #7028, .T. ) ;
#5450 = AXIS2_PLACEMENT_3D ( 'NONE', #7406, #3395, #5033 ) ;
#5451 = ADVANCED_FACE ( 'NONE', ( #4769 ), #7098, .F. ) ;
#5452 = CARTESIAN_POINT ( 'NONE',  ( -0.3940000000000000200, 0.5370000000000001400, -0.1079999999999972800 ) ) ;
#5453 = VERTEX_POINT ( 'NONE', #4382 ) ;
#5454 = ORIENTED_EDGE ( 'NONE', *, *, #2241, .T. ) ;
#5455 = CARTESIAN_POINT ( 'NONE',  ( 0.2490000000000000000, 0.07336898097372462900, -0.07800000000000002800 ) ) ;
#5456 = VECTOR ( 'NONE', #6867, 39.37007874015748900 ) ;
#5457 = VECTOR ( 'NONE', #6793, 39.37007874015748100 ) ;
#5458 = VECTOR ( 'NONE', #6153, 39.37007874015748100 ) ;
#5459 = CARTESIAN_POINT ( 'NONE',  ( -0.3789999999999999500, 0.1410000000000000700, -0.1079999999999972800 ) ) ;
#5460 = ORIENTED_EDGE ( 'NONE', *, *, #5475, .T. ) ;
#5461 = VERTEX_POINT ( 'NONE', #5057 ) ;
#5462 = CARTESIAN_POINT ( 'NONE',  ( 0.1820000000000000000, -1.707404996040164500E-017, 0.1724999999999999300 ) ) ;
#5463 = AXIS2_PLACEMENT_3D ( 'NONE', #4310, #5693, #6989 ) ;
#5464 = FACE_OUTER_BOUND ( 'NONE', #3919, .T. ) ;
#5465 = DIRECTION ( 'NONE',  ( -0.0000000000000000000, -0.0000000000000000000, -1.000000000000000000 ) ) ;
#5466 = CARTESIAN_POINT ( 'NONE',  ( 0.04800000000000000800, 0.05947333485074611500, -0.07970617080767200500 ) ) ;
#5467 = CARTESIAN_POINT ( 'NONE',  ( 0.08599999999999997900, 0.05947333485074611500, -0.07970617080767200500 ) ) ;
#5468 = EDGE_CURVE ( 'NONE', #7360, #3115, #3860, .T. ) ;
#5469 = LINE ( 'NONE', #7397, #7152 ) ;
#5470 = CARTESIAN_POINT ( 'NONE',  ( -0.2200000000000000600, 0.07336898097372462900, -0.07800000000000002800 ) ) ;
#5471 = PLANE ( 'NONE',  #3639 ) ;
#5472 = ORIENTED_EDGE ( 'NONE', *, *, #2320, .T. ) ;
#5473 = CARTESIAN_POINT ( 'NONE',  ( -0.01900000000000002400, 0.1260000000000001100, -0.09200000000000001200 ) ) ;
#5474 = VECTOR ( 'NONE', #5822, 39.37007874015748100 ) ;
#5475 = EDGE_CURVE ( 'NONE', #2913, #4172, #3738, .T. ) ;
#5476 = ORIENTED_EDGE ( 'NONE', *, *, #1294, .T. ) ;
#5477 = PLANE ( 'NONE',  #6247 ) ;
#5478 = EDGE_LOOP ( 'NONE', ( #545, #3718 ) ) ;
#5479 = STYLED_ITEM ( 'NONE', ( #5922 ), #5362 ) ;
#5480 = PRESENTATION_STYLE_ASSIGNMENT (( #8302 ) ) ;
#5481 = EDGE_CURVE ( 'NONE', #6665, #1557, #1799, .T. ) ;
#5482 = FACE_OUTER_BOUND ( 'NONE', #3097, .T. ) ;
#5483 = EDGE_CURVE ( 'NONE', #396, #6714, #2008, .T. ) ;
#5484 = DIRECTION ( 'NONE',  ( 1.000000000000000000, 2.048885995248198500E-014, 0.0000000000000000000 ) ) ;
#5485 = AXIS2_PLACEMENT_3D ( 'NONE', #1652, #7728, #7757 ) ;
#5486 = CARTESIAN_POINT ( 'NONE',  ( 0.01899999999999998900, 0.07336898097372462900, -0.07800000000000002800 ) ) ;
#5487 = ORIENTED_EDGE ( 'NONE', *, *, #5603, .F. ) ;
#5488 =( LENGTH_UNIT ( ) NAMED_UNIT ( * ) SI_UNIT ( $, .METRE. ) );
#5489 = ORIENTED_EDGE ( 'NONE', *, *, #5018, .F. ) ;
#5490 = EDGE_CURVE ( 'NONE', #7935, #1298, #3411, .T. ) ;
#5491 = ADVANCED_FACE ( 'NONE', ( #5623 ), #876, .T. ) ;
#5492 = LENGTH_MEASURE_WITH_UNIT ( LENGTH_MEASURE( 0.02539999999999999900 ), #3403 );
#5493 = FILL_AREA_STYLE ('',( #7416 ) ) ;
#5494 = FACE_OUTER_BOUND ( 'NONE', #2663, .T. ) ;
#5495 = FACE_OUTER_BOUND ( 'NONE', #4832, .T. ) ;
#5496 = CARTESIAN_POINT ( 'NONE',  ( -0.1150000000000000200, 0.06137810283597668100, -0.08522626054648445300 ) ) ;
#5497 = ORIENTED_EDGE ( 'NONE', *, *, #5606, .T. ) ;
#5498 = DIRECTION ( 'NONE',  ( -1.000000000000000000, -0.0000000000000000000, -0.0000000000000000000 ) ) ;
#5499 = ADVANCED_FACE ( 'NONE', ( #51 ), #665, .T. ) ;
#5500 = DIRECTION ( 'NONE',  ( 1.000000000000000000, 0.0000000000000000000, 0.0000000000000000000 ) ) ;
#5501 = DIRECTION ( 'NONE',  ( 1.000000000000000000, 0.0000000000000000000, 0.0000000000000000000 ) ) ;
#5502 = LINE ( 'NONE', #938, #1686 ) ;
#5503 = DIRECTION ( 'NONE',  ( 1.000000000000000000, 0.0000000000000000000, 0.0000000000000000000 ) ) ;
#5504 = EDGE_CURVE ( 'NONE', #324, #7251, #6866, .T. ) ;
#5505 = CARTESIAN_POINT ( 'NONE',  ( -0.2490000000000000300, 0.06137810283597668100, -0.08522626054648445300 ) ) ;
#5506 = VECTOR ( 'NONE', #7508, 39.37007874015748100 ) ;
#5507 = CARTESIAN_POINT ( 'NONE',  ( 0.2870000000000000300, 0.07336898097372462900, -0.07800000000000002800 ) ) ;
#5508 = ORIENTED_EDGE ( 'NONE', *, *, #2570, .F. ) ;
#5509 = ADVANCED_FACE ( 'NONE', ( #7704 ), #2547, .F. ) ;
#5510 = DIRECTION ( 'NONE',  ( 0.3420201433256637700, -0.9396926207859100900, -1.887571618202280300E-016 ) ) ;
#5511 = CIRCLE ( 'NONE', #6075, 0.01999999999999999000 ) ;
#5512 = AXIS2_PLACEMENT_3D ( 'NONE', #4573, #4500, #7937 ) ;
#5513 = VERTEX_POINT ( 'NONE', #7244 ) ;
#5514 = MANIFOLD_SOLID_BREP ( 'LPattern2[2]', #336 ) ;
#5515 = CARTESIAN_POINT ( 'NONE',  ( -0.3160000000000000600, 0.07336898097372462900, -0.1080000000000000500 ) ) ;
#5516 = ORIENTED_EDGE ( 'NONE', *, *, #8623, .F. ) ;
#5517 = CARTESIAN_POINT ( 'NONE',  ( 0.08599999999999997900, -0.1700000000000001000, 0.1884999999999998900 ) ) ;
#5518 = ORIENTED_EDGE ( 'NONE', *, *, #7330, .F. ) ;
#5519 = VERTEX_POINT ( 'NONE', #5882 ) ;
#5520 = LINE ( 'NONE', #4712, #5217 ) ;
#5521 = CARTESIAN_POINT ( 'NONE',  ( -0.2109007441433451400, -0.1700000000000001000, 0.1884999999999999200 ) ) ;
#5522 = DIRECTION ( 'NONE',  ( -2.346948448165176000E-016, 1.000000000000000000, 0.0000000000000000000 ) ) ;
#5523 = DIRECTION ( 'NONE',  ( 0.0000000000000000000, 0.5161614676060311000, -0.8564912955534271800 ) ) ;
#5524 = PRESENTATION_LAYER_ASSIGNMENT (  '', '', ( #7770 ) ) ;
#5525 = ORIENTED_EDGE ( 'NONE', *, *, #2889, .F. ) ;
#5526 = CARTESIAN_POINT ( 'NONE',  ( -0.3160000000000000600, 0.01389564612297850000, 0.1602061708076718500 ) ) ;
#5527 = DIRECTION ( 'NONE',  ( -1.000000000000000000, -0.0000000000000000000, -0.0000000000000000000 ) ) ;
#5528 = ORIENTED_EDGE ( 'NONE', *, *, #7384, .F. ) ;
#5529 = FILL_AREA_STYLE_COLOUR ( '', #4220 ) ;
#5530 = ORIENTED_EDGE ( 'NONE', *, *, #1455, .T. ) ;
#5531 = ORIENTED_EDGE ( 'NONE', *, *, #3209, .F. ) ;
#5532 = ADVANCED_FACE ( 'NONE', ( #1178 ), #8544, .T. ) ;
#5533 = EDGE_CURVE ( 'NONE', #1852, #7911, #5197, .T. ) ;
#5534 = DIRECTION ( 'NONE',  ( 0.0000000000000000000, 1.000000000000000000, 3.244104004879253700E-016 ) ) ;
#5535 = ORIENTED_EDGE ( 'NONE', *, *, #3014, .T. ) ;
#5536 = DIRECTION ( 'NONE',  ( -1.365923996832131600E-016, 1.000000000000000000, 0.0000000000000000000 ) ) ;
#5537 = AXIS2_PLACEMENT_3D ( 'NONE', #606, #3281, #7301 ) ;
#5538 = LINE ( 'NONE', #3155, #1117 ) ;
#5539 = EDGE_LOOP ( 'NONE', ( #4983, #7305, #1363, #5279 ) ) ;
#5540 = EDGE_CURVE ( 'NONE', #1578, #5409, #4564, .T. ) ;
#5541 = CARTESIAN_POINT ( 'NONE',  ( -0.3841158428473161500, 0.5511006436718883800, -0.1885000000000000300 ) ) ;
#5542 = ADVANCED_FACE ( 'NONE', ( #6444 ), #5615, .F. ) ;
#5543 = DIRECTION ( 'NONE',  ( 1.000000000000000000, 0.0000000000000000000, 0.0000000000000000000 ) ) ;
#5544 = EDGE_LOOP ( 'NONE', ( #7540, #7167, #2497, #2884 ) ) ;
#5545 = CARTESIAN_POINT ( 'NONE',  ( 0.2140000000000001300, 0.5520000000000000500, 0.8807583994195136200 ) ) ;
#5546 = ORIENTED_EDGE ( 'NONE', *, *, #5762, .T. ) ;
#5547 = DIMENSIONAL_EXPONENTS ( 1.000000000000000000, 0.0000000000000000000, 0.0000000000000000000, 0.0000000000000000000, 0.0000000000000000000, 0.0000000000000000000, 0.0000000000000000000 ) ;
#5548 = DIRECTION ( 'NONE',  ( 0.0000000000000000000, 0.0000000000000000000, 1.000000000000000000 ) ) ;
#5549 = CIRCLE ( 'NONE', #6378, 0.03000000000000001300 ) ;
#5550 = EDGE_CURVE ( 'NONE', #7868, #3749, #6338, .T. ) ;
#5551 = VECTOR ( 'NONE', #28, 39.37007874015748100 ) ;
#5552 = AXIS2_PLACEMENT_3D ( 'NONE', #1069, #5090, #3712 ) ;
#5553 = FACE_OUTER_BOUND ( 'NONE', #1895, .T. ) ;
#5554 = CARTESIAN_POINT ( 'NONE',  ( 0.1820000000000000000, -1.707404996040164500E-017, 0.1584999999999999700 ) ) ;
#5555 = CLOSED_SHELL ( 'NONE', ( #6842, #1414, #6111, #7562, #4236, #1975, #4916, #2877, #1248, #8166, #7690, #7951, #7493, #6363, #5571, #3654 ) ) ;
#5556 = CARTESIAN_POINT ( 'NONE',  ( -0.04800000000000004300, 0.07336898097372462900, -0.09200000000000001200 ) ) ;
#5557 = FACE_OUTER_BOUND ( 'NONE', #191, .T. ) ;
#5558 = LINE ( 'NONE', #4755, #7334 ) ;
#5559 = DIRECTION ( 'NONE',  ( -1.000000000000000000, -0.0000000000000000000, -0.0000000000000000000 ) ) ;
#5560 = LINE ( 'NONE', #7042, #6694 ) ;
#5561 = DIRECTION ( 'NONE',  ( 0.0000000000000000000, 0.0000000000000000000, -1.000000000000000000 ) ) ;
#5562 = ORIENTED_EDGE ( 'NONE', *, *, #5504, .T. ) ;
#5563 = VERTEX_POINT ( 'NONE', #523 ) ;
#5564 = LINE ( 'NONE', #1441, #926 ) ;
#5565 = AXIS2_PLACEMENT_3D ( 'NONE', #5698, #3028, #7725 ) ;
#5566 = DIRECTION ( 'NONE',  ( 0.0000000000000000000, 0.0000000000000000000, -1.000000000000000000 ) ) ;
#5567 = UNCERTAINTY_MEASURE_WITH_UNIT (LENGTH_MEASURE( 1.000000000000000100E-005 ), #6807, 'distance_accuracy_value', 'NONE');
#5568 = LINE ( 'NONE', #8183, #5980 ) ;
#5569 = DIRECTION ( 'NONE',  ( 0.0000000000000000000, -1.000000000000000000, -2.008711760047251600E-016 ) ) ;
#5570 = ORIENTED_EDGE ( 'NONE', *, *, #8283, .F. ) ;
#5571 = ADVANCED_FACE ( 'NONE', ( #2873 ), #8557, .F. ) ;
#5572 = VECTOR ( 'NONE', #1933, 39.37007874015748100 ) ;
#5573 = CARTESIAN_POINT ( 'NONE',  ( 0.2679999999999999600, 0.3339194916336046800, -0.03150000000000003500 ) ) ;
#5574 = CARTESIAN_POINT ( 'NONE',  ( 0.2140000000000000000, 0.5220000000000000200, -0.1275000000000000300 ) ) ;
#5575 = ORIENTED_EDGE ( 'NONE', *, *, #8185, .T. ) ;
#5576 = CARTESIAN_POINT ( 'NONE',  ( -0.1820000000000000800, 0.1260000000000001100, -0.09200000000000001200 ) ) ;
#5577 = DIRECTION ( 'NONE',  ( -1.000000000000000000, -0.0000000000000000000, 0.0000000000000000000 ) ) ;
#5578 = MECHANICAL_DESIGN_GEOMETRIC_PRESENTATION_REPRESENTATION (  '', ( #8331 ), #7265 ) ;
#5579 = EDGE_LOOP ( 'NONE', ( #5425, #3651, #2752, #2549 ) ) ;
#5580 = DIRECTION ( 'NONE',  ( -1.000000000000000000, -0.0000000000000000000, -0.0000000000000000000 ) ) ;
#5581 = ADVANCED_FACE ( 'NONE', ( #472 ), #3852, .F. ) ;
#5582 = CARTESIAN_POINT ( 'NONE',  ( -0.04800000000000004300, 0.1260000000000001100, -0.09200000000000001200 ) ) ;
#5583 = EDGE_CURVE ( 'NONE', #7730, #3366, #6748, .T. ) ;
#5584 = ORIENTED_EDGE ( 'NONE', *, *, #4862, .T. ) ;
#5585 = VECTOR ( 'NONE', #2096, 39.37007874015748100 ) ;
#5586 = EDGE_LOOP ( 'NONE', ( #1031, #4577, #7738, #1661 ) ) ;
#5587 = DIRECTION ( 'NONE',  ( 0.0000000000000000000, 0.1218693434051411300, -0.9925461516413227600 ) ) ;
#5588 = ORIENTED_EDGE ( 'NONE', *, *, #8103, .F. ) ;
#5589 = EDGE_LOOP ( 'NONE', ( #5121, #278, #3724, #3331 ) ) ;
#5590 = DIRECTION ( 'NONE',  ( -0.0000000000000000000, -0.0000000000000000000, 1.000000000000000000 ) ) ;
#5591 = AXIS2_PLACEMENT_3D ( 'NONE', #5238, #2439, #1878 ) ;
#5592 = CARTESIAN_POINT ( 'NONE',  ( 0.2140000000000000000, 0.5220000000000000200, -0.1275000000000000300 ) ) ;
#5593 = EDGE_CURVE ( 'NONE', #5419, #7706, #3091, .T. ) ;
#5594 = LINE ( 'NONE', #974, #5998 ) ;
#5595 = VECTOR ( 'NONE', #1851, 39.37007874015748100 ) ;
#5596 =( NAMED_UNIT ( * ) PLANE_ANGLE_UNIT ( ) SI_UNIT ( $, .RADIAN. ) );
#5597 = DIMENSIONAL_EXPONENTS ( 1.000000000000000000, 0.0000000000000000000, 0.0000000000000000000, 0.0000000000000000000, 0.0000000000000000000, 0.0000000000000000000, 0.0000000000000000000 ) ;
#5598 = LINE ( 'NONE', #5105, #251 ) ;
#5599 = EDGE_CURVE ( 'NONE', #559, #1954, #6975, .T. ) ;
#5600 = VERTEX_POINT ( 'NONE', #6055 ) ;
#5601 = EDGE_LOOP ( 'NONE', ( #7984, #1702, #6538, #5997 ) ) ;
#5602 = DIRECTION ( 'NONE',  ( -1.724651511151681200E-016, 1.000000000000000000, 0.0000000000000000000 ) ) ;
#5603 = EDGE_CURVE ( 'NONE', #7633, #4067, #2748, .T. ) ;
#5604 = LINE ( 'NONE', #2565, #6965 ) ;
#5605 = CIRCLE ( 'NONE', #2867, 0.01399999999999999000 ) ;
#5606 = EDGE_CURVE ( 'NONE', #6763, #5419, #2537, .T. ) ;
#5607 = CARTESIAN_POINT ( 'NONE',  ( 0.1940000000000000100, 0.5319999999999999200, 0.8807583994195136200 ) ) ;
#5608 = SURFACE_STYLE_USAGE ( .BOTH. , #6214 ) ;
#5609 = LINE ( 'NONE', #4237, #7286 ) ;
#5610 = CARTESIAN_POINT ( 'NONE',  ( -0.3940000000000000200, 0.5367231404198931100, -0.09200000000000277400 ) ) ;
#5611 = DIRECTION ( 'NONE',  ( -1.000000000000000000, 0.0000000000000000000, -0.0000000000000000000 ) ) ;
#5612 = CARTESIAN_POINT ( 'NONE',  ( 0.3160000000000000600, 0.07336898097372462900, -0.07800000000000002800 ) ) ;
#5613 = PLANE ( 'NONE',  #1137 ) ;
#5614 =( NAMED_UNIT ( * ) SI_UNIT ( $, .STERADIAN. ) SOLID_ANGLE_UNIT ( ) );
#5615 = CYLINDRICAL_SURFACE ( 'NONE', #374, 0.01399999999999996000 ) ;
#5616 = DIRECTION ( 'NONE',  ( 0.1209742911513497600, 0.1209742911513481100, -0.9852565360152943900 ) ) ;
#5617 = EDGE_CURVE ( 'NONE', #400, #5409, #4471, .T. ) ;
#5618 = VERTEX_POINT ( 'NONE', #3334 ) ;
#5619 =( NAMED_UNIT ( * ) SI_UNIT ( $, .STERADIAN. ) SOLID_ANGLE_UNIT ( ) );
#5620 = CARTESIAN_POINT ( 'NONE',  ( 0.2490000000000000000, -0.1510000000000001300, -0.01149999999999994900 ) ) ;
#5621 = ORIENTED_EDGE ( 'NONE', *, *, #6139, .F. ) ;
#5622 = ORIENTED_EDGE ( 'NONE', *, *, #470, .F. ) ;
#5623 = FACE_OUTER_BOUND ( 'NONE', #3185, .T. ) ;
#5624 = FILL_AREA_STYLE ('',( #4915 ) ) ;
#5625 = ADVANCED_FACE ( 'NONE', ( #4276 ), #1340, .F. ) ;
#5626 = EDGE_LOOP ( 'NONE', ( #946, #7004, #7519, #5562, #7412, #739, #8580, #1423, #1239, #1095, #4993, #4991 ) ) ;
#5627 = UNCERTAINTY_MEASURE_WITH_UNIT (LENGTH_MEASURE( 1.000000000000000100E-005 ), #3620, 'distance_accuracy_value', 'NONE');
#5628 = PLANE ( 'NONE',  #1955 ) ;
#5629 = ORIENTED_EDGE ( 'NONE', *, *, #6747, .T. ) ;
#5630 = ORIENTED_EDGE ( 'NONE', *, *, #6584, .F. ) ;
#5631 = ORIENTED_EDGE ( 'NONE', *, *, #29, .T. ) ;
#5632 = CYLINDRICAL_SURFACE ( 'NONE', #2165, 0.03000000000000002300 ) ;
#5633 = AXIS2_PLACEMENT_3D ( 'NONE', #1688, #7760, #3760 ) ;
#5634 = DIRECTION ( 'NONE',  ( -1.000000000000000000, 0.0000000000000000000, 0.0000000000000000000 ) ) ;
#5635 = EDGE_CURVE ( 'NONE', #166, #2919, #7188, .T. ) ;
#5636 = CARTESIAN_POINT ( 'NONE',  ( -0.3790000000000000600, 0.5520000000000000500, -0.01150000000000003500 ) ) ;
#5637 = ORIENTED_EDGE ( 'NONE', *, *, #2759, .F. ) ;
#5638 = CARTESIAN_POINT ( 'NONE',  ( -0.1150000000000000200, -0.1760000000000001600, -0.01149999999999994900 ) ) ;
#5639 = COLOUR_RGB ( '',1.000000000000000000, 1.000000000000000000, 1.000000000000000000 ) ;
#5640 = DIRECTION ( 'NONE',  ( -0.0000000000000000000, -0.0000000000000000000, -1.000000000000000000 ) ) ;
#5641 = ORIENTED_EDGE ( 'NONE', *, *, #5148, .F. ) ;
#5642 = CARTESIAN_POINT ( 'NONE',  ( 0.01899999999999998900, -2.134256245050205600E-018, -0.02749999999999999700 ) ) ;
#5643 = CARTESIAN_POINT ( 'NONE',  ( 0.3796129716972627700, 0.5377569909352639700, -0.01150000000000003500 ) ) ;
#5644 = STYLED_ITEM ( 'NONE', ( #351 ), #7192 ) ;
#5645 = LINE ( 'NONE', #1146, #5843 ) ;
#5646 = EDGE_CURVE ( 'NONE', #1954, #8300, #8011, .T. ) ;
#5647 = VERTEX_POINT ( 'NONE', #5305 ) ;
#5648 = ORIENTED_EDGE ( 'NONE', *, *, #4277, .F. ) ;
#5649 =( CONVERSION_BASED_UNIT ( 'INCH', #6609 ) LENGTH_UNIT ( ) NAMED_UNIT ( #2595 ) );
#5650 = CARTESIAN_POINT ( 'NONE',  ( -0.2779007441433451500, -0.1760000000000001600, -0.01149999999999993200 ) ) ;
#5651 = STYLED_ITEM ( 'NONE', ( #5855 ), #2055 ) ;
#5652 = AXIS2_PLACEMENT_3D ( 'NONE', #7909, #2525, #1808 ) ;
#5653 = EDGE_CURVE ( 'NONE', #5721, #5434, #373, .T. ) ;
#5654 = DIRECTION ( 'NONE',  ( 0.0000000000000000000, -1.000000000000000000, -2.008711760047251600E-016 ) ) ;
#5655 = CARTESIAN_POINT ( 'NONE',  ( -0.2499999999999999200, 0.4819999999999999300, -0.1275000000000000300 ) ) ;
#5656 = PLANE ( 'NONE',  #8239 ) ;
#5657 = EDGE_LOOP ( 'NONE', ( #7620, #2571, #4245, #3963 ) ) ;
#5658 = LINE ( 'NONE', #3402, #6790 ) ;
#5659 = LINE ( 'NONE', #7246, #3896 ) ;
#5660 = DIRECTION ( 'NONE',  ( 1.000000000000000000, 0.0000000000000000000, -0.0000000000000000000 ) ) ;
#5661 = VERTEX_POINT ( 'NONE', #2607 ) ;
#5662 = DIRECTION ( 'NONE',  ( -0.3420201433256637700, 0.9396926207859100900, 1.887571618202279600E-016 ) ) ;
#5663 = PRESENTATION_LAYER_ASSIGNMENT (  '', '', ( #6274 ) ) ;
#5664 = CARTESIAN_POINT ( 'NONE',  ( 0.1820000000000000000, -0.1450000000000001000, -0.1885000000000000600 ) ) ;
#5665 = ADVANCED_FACE ( 'NONE', ( #266 ), #3425, .F. ) ;
#5666 = EDGE_LOOP ( 'NONE', ( #3077, #3259, #6101, #388 ) ) ;
#5667 = VECTOR ( 'NONE', #8419, 39.37007874015748100 ) ;
#5668 = ORIENTED_EDGE ( 'NONE', *, *, #5192, .T. ) ;
#5669 =( LENGTH_UNIT ( ) NAMED_UNIT ( * ) SI_UNIT ( $, .METRE. ) );
#5670 =( NAMED_UNIT ( * ) SI_UNIT ( $, .STERADIAN. ) SOLID_ANGLE_UNIT ( ) );
#5671 = UNCERTAINTY_MEASURE_WITH_UNIT (LENGTH_MEASURE( 1.000000000000000100E-005 ), #8285, 'distance_accuracy_value', 'NONE');
#5672 = FACE_BOUND ( 'NONE', #4589, .T. ) ;
#5673 =( CONVERSION_BASED_UNIT ( 'INCH', #6511 ) LENGTH_UNIT ( ) NAMED_UNIT ( #1157 ) );
#5674 = PLANE ( 'NONE',  #1783 ) ;
#5675 = DIRECTION ( 'NONE',  ( -0.0000000000000000000, -0.0000000000000000000, 1.000000000000000000 ) ) ;
#5676 = EDGE_LOOP ( 'NONE', ( #2962, #983, #7295, #8582, #510, #121, #240, #1234, #5819, #7341, #7797, #6931 ) ) ;
#5677 = DIRECTION ( 'NONE',  ( -0.9396926207859103200, 0.3420201433256634900, 0.0000000000000000000 ) ) ;
#5678 = CARTESIAN_POINT ( 'NONE',  ( -0.1530000000000000200, 0.06137810283597668100, -0.08522626054648445300 ) ) ;
#5679 =( GEOMETRIC_REPRESENTATION_CONTEXT ( 3 ) GLOBAL_UNCERTAINTY_ASSIGNED_CONTEXT ( ( #1923 ) ) GLOBAL_UNIT_ASSIGNED_CONTEXT ( ( #2930, #5024, #6923 ) ) REPRESENTATION_CONTEXT ( 'NONE', 'WORKASPACE' ) );
#5680 = LINE ( 'NONE', #8538, #4335 ) ;
#5681 = FACE_OUTER_BOUND ( 'NONE', #6654, .T. ) ;
#5682 = DIRECTION ( 'NONE',  ( 0.0000000000000000000, 0.0000000000000000000, 1.000000000000000000 ) ) ;
#5683 = ORIENTED_EDGE ( 'NONE', *, *, #7383, .F. ) ;
#5684 = ORIENTED_EDGE ( 'NONE', *, *, #7384, .T. ) ;
#5685 = VERTEX_POINT ( 'NONE', #4002 ) ;
#5686 = DIRECTION ( 'NONE',  ( 0.0000000000000000000, -0.0000000000000000000, -1.000000000000000000 ) ) ;
#5687 = DIRECTION ( 'NONE',  ( 1.000000000000000000, -1.724651511151681200E-016, -0.0000000000000000000 ) ) ;
#5688 = ORIENTED_EDGE ( 'NONE', *, *, #8463, .T. ) ;
#5689 = SURFACE_SIDE_STYLE ('',( #6596 ) ) ;
#5690 = AXIS2_PLACEMENT_3D ( 'NONE', #6676, #1243, #641 ) ;
#5691 = ORIENTED_EDGE ( 'NONE', *, *, #597, .F. ) ;
#5692 = EDGE_CURVE ( 'NONE', #5618, #1291, #3950, .T. ) ;
#5693 = DIRECTION ( 'NONE',  ( -1.000000000000000000, -0.0000000000000000000, 0.0000000000000000000 ) ) ;
#5694 = LINE ( 'NONE', #4457, #3835 ) ;
#5695 = DIRECTION ( 'NONE',  ( 0.0000000000000000000, 0.0000000000000000000, -1.000000000000000000 ) ) ;
#5696 = VECTOR ( 'NONE', #2742, 39.37007874015748100 ) ;
#5697 = DIRECTION ( 'NONE',  ( -0.1209742911513506100, 0.1209742911513481400, -0.9852565360152943900 ) ) ;
#5698 = CARTESIAN_POINT ( 'NONE',  ( -0.2499999999999999200, 0.1910000000000000900, 0.8807583994195136200 ) ) ;
#5699 = ORIENTED_EDGE ( 'NONE', *, *, #8411, .F. ) ;
#5700 = EDGE_CURVE ( 'NONE', #7372, #7062, #5399, .T. ) ;
#5701 = DIRECTION ( 'NONE',  ( -1.000000000000000000, -0.0000000000000000000, -0.0000000000000000000 ) ) ;
#5702 = CARTESIAN_POINT ( 'NONE',  ( -0.2299999999999999300, 0.5019999999999998900, -0.1885000000000000300 ) ) ;
#5703 = VECTOR ( 'NONE', #7675, 39.37007874015748100 ) ;
#5704 = CARTESIAN_POINT ( 'NONE',  ( -0.01900000000000002400, 0.06137810283597668100, -0.08522626054648445300 ) ) ;
#5705 = DIRECTION ( 'NONE',  ( 0.0000000000000000000, 0.0000000000000000000, -1.000000000000000000 ) ) ;
#5706 = CARTESIAN_POINT ( 'NONE',  ( 0.2870000000000000300, 0.1260000000000001100, -0.1080000000000000300 ) ) ;
#5707 = LINE ( 'NONE', #6141, #2092 ) ;
#5708 = EDGE_CURVE ( 'NONE', #3015, #3275, #1690, .T. ) ;
#5709 = EDGE_CURVE ( 'NONE', #6431, #2561, #6970, .T. ) ;
#5710 = ORIENTED_EDGE ( 'NONE', *, *, #6354, .F. ) ;
#5711 = CARTESIAN_POINT ( 'NONE',  ( -0.07351999929817910900, -0.1792885201230315100, 0.1724999999999999000 ) ) ;
#5712 = PLANE ( 'NONE',  #2658 ) ;
#5713 = CARTESIAN_POINT ( 'NONE',  ( 0.2199999999999999700, 0.07336898097372462900, -0.07800000000000002800 ) ) ;
#5714 = CARTESIAN_POINT ( 'NONE',  ( -0.1820000000000000800, 0.07336898097372462900, -0.07800000000000002800 ) ) ;
#5715 = SURFACE_STYLE_FILL_AREA ( #2863 ) ;
#5716 = DIRECTION ( 'NONE',  ( -1.000000000000000000, 0.0000000000000000000, 0.0000000000000000000 ) ) ;
#5717 = ORIENTED_EDGE ( 'NONE', *, *, #4690, .T. ) ;
#5718 = CARTESIAN_POINT ( 'NONE',  ( 0.2870000000000000300, -0.1510000000000001300, -0.1885000000000000600 ) ) ;
#5719 = VERTEX_POINT ( 'NONE', #4034 ) ;
#5720 = ORIENTED_EDGE ( 'NONE', *, *, #5550, .T. ) ;
#5721 = VERTEX_POINT ( 'NONE', #2666 ) ;
#5722 = VECTOR ( 'NONE', #7974, 39.37007874015748900 ) ;
#5723 = DIRECTION ( 'NONE',  ( 1.000000000000000000, 0.0000000000000000000, 0.0000000000000000000 ) ) ;
#5724 = AXIS2_PLACEMENT_3D ( 'NONE', #7344, #5963, #4055 ) ;
#5725 = DIRECTION ( 'NONE',  ( -1.000000000000000000, -0.0000000000000000000, -0.0000000000000000000 ) ) ;
#5726 = VERTEX_POINT ( 'NONE', #25 ) ;
#5727 = CARTESIAN_POINT ( 'NONE',  ( 0.3940000000000000200, 0.5370000000000001400, -0.1079999999999972800 ) ) ;
#5728 = VERTEX_POINT ( 'NONE', #8077 ) ;
#5729 = ORIENTED_EDGE ( 'NONE', *, *, #6751, .T. ) ;
#5730 = CARTESIAN_POINT ( 'NONE',  ( 0.1150000000000000000, -0.1510000000000001300, -0.07800000000000002800 ) ) ;
#5731 = VERTEX_POINT ( 'NONE', #1481 ) ;
#5732 = DIRECTION ( 'NONE',  ( 0.0000000000000000000, -0.0000000000000000000, 1.000000000000000000 ) ) ;
#5733 = FILL_AREA_STYLE_COLOUR ( '', #6675 ) ;
#5734 = ORIENTED_EDGE ( 'NONE', *, *, #7293, .F. ) ;
#5735 = CYLINDRICAL_SURFACE ( 'NONE', #8212, 0.01499999999999990800 ) ;
#5736 = AXIS2_PLACEMENT_3D ( 'NONE', #4451, #5832, #3083 ) ;
#5737 = ORIENTED_EDGE ( 'NONE', *, *, #6944, .T. ) ;
#5738 =( NAMED_UNIT ( * ) SI_UNIT ( $, .STERADIAN. ) SOLID_ANGLE_UNIT ( ) );
#5739 = EDGE_CURVE ( 'NONE', #1983, #6884, #1787, .T. ) ;
#5740 = ORIENTED_EDGE ( 'NONE', *, *, #4409, .F. ) ;
#5741 = PLANE ( 'NONE',  #1744 ) ;
#5742 = CARTESIAN_POINT ( 'NONE',  ( 0.2300000000000000100, 0.4819999999999999800, -0.1885000000000000300 ) ) ;
#5743 = PLANE ( 'NONE',  #6421 ) ;
#5744 = DIRECTION ( 'NONE',  ( -1.000000000000000000, -0.0000000000000000000, -0.0000000000000000000 ) ) ;
#5745 = DIRECTION ( 'NONE',  ( -0.0000000000000000000, 0.9925461516413228700, 0.1218693434051409700 ) ) ;
#5746 = ADVANCED_FACE ( 'NONE', ( #567 ), #4823, .F. ) ;
#5747 = CARTESIAN_POINT ( 'NONE',  ( 0.2140000000000000000, 0.5320000000000001400, -0.1275000000000000300 ) ) ;
#5748 = AXIS2_PLACEMENT_3D ( 'NONE', #1276, #565, #617 ) ;
#5749 = EDGE_CURVE ( 'NONE', #8675, #8383, #1586, .T. ) ;
#5750 = ORIENTED_EDGE ( 'NONE', *, *, #7115, .F. ) ;
#5751 = STYLED_ITEM ( 'NONE', ( #2862 ), #5969 ) ;
#5752 = VECTOR ( 'NONE', #5829, 39.37007874015748100 ) ;
#5753 = CARTESIAN_POINT ( 'NONE',  ( 0.2140000000000000000, 0.5220000000000000200, -0.1885000000000000300 ) ) ;
#5754 = EDGE_CURVE ( 'NONE', #3422, #1703, #3396, .T. ) ;
#5755 = FACE_OUTER_BOUND ( 'NONE', #4003, .T. ) ;
#5756 = EDGE_CURVE ( 'NONE', #6586, #6725, #2324, .T. ) ;
#5757 = CARTESIAN_POINT ( 'NONE',  ( 0.2109007441433450600, -0.1700000000000001000, 0.1884999999999999200 ) ) ;
#5758 = DIRECTION ( 'NONE',  ( 0.0000000000000000000, 0.0000000000000000000, 1.000000000000000000 ) ) ;
#5759 = AXIS2_PLACEMENT_3D ( 'NONE', #8062, #3289, #2675 ) ;
#5760 = ORIENTED_EDGE ( 'NONE', *, *, #670, .F. ) ;
#5761 = LINE ( 'NONE', #6541, #1022 ) ;
#5762 = EDGE_CURVE ( 'NONE', #6122, #1911, #1077, .T. ) ;
#5763 = CYLINDRICAL_SURFACE ( 'NONE', #4590, 0.01999999999999999000 ) ;
#5764 = CARTESIAN_POINT ( 'NONE',  ( -0.01900000000000002400, 0.1260000000000001100, -0.09200000000000001200 ) ) ;
#5765 = CARTESIAN_POINT ( 'NONE',  ( 0.3160000000000000600, -0.1700000000000001000, 0.1724999999999999000 ) ) ;
#5766 = ORIENTED_EDGE ( 'NONE', *, *, #5481, .F. ) ;
#5767 = LINE ( 'NONE', #260, #7140 ) ;
#5768 = VECTOR ( 'NONE', #593, 39.37007874015748100 ) ;
#5769 = DIRECTION ( 'NONE',  ( 0.0000000000000000000, -1.000000000000000000, -2.008711760047251600E-016 ) ) ;
#5770 = CIRCLE ( 'NONE', #1902, 0.005115842847316090300 ) ;
#5771 = DIRECTION ( 'NONE',  ( 0.0000000000000000000, 0.0000000000000000000, 1.000000000000000000 ) ) ;
#5772 = CARTESIAN_POINT ( 'NONE',  ( 0.2300000000000000100, 0.4819999999999999800, 0.8807583994195136200 ) ) ;
#5773 = EDGE_CURVE ( 'NONE', #2351, #54, #5707, .T. ) ;
#5774 = FILL_AREA_STYLE_COLOUR ( '', #8061 ) ;
#5775 =( NAMED_UNIT ( * ) PLANE_ANGLE_UNIT ( ) SI_UNIT ( $, .RADIAN. ) );
#5776 = CIRCLE ( 'NONE', #2669, 0.01399999999999996600 ) ;
#5777 = VECTOR ( 'NONE', #564, 39.37007874015748100 ) ;
#5778 = UNCERTAINTY_MEASURE_WITH_UNIT (LENGTH_MEASURE( 1.000000000000000100E-005 ), #5099, 'distance_accuracy_value', 'NONE');
#5779 = VERTEX_POINT ( 'NONE', #4155 ) ;
#5780 = DIRECTION ( 'NONE',  ( -1.000000000000000000, -0.0000000000000000000, 0.0000000000000000000 ) ) ;
#5781 = CARTESIAN_POINT ( 'NONE',  ( 0.1530000000000000200, -0.1760000000000001600, -0.01149999999999994900 ) ) ;
#5782 = ORIENTED_EDGE ( 'NONE', *, *, #3926, .F. ) ;
#5783 = DIRECTION ( 'NONE',  ( 0.0000000000000000000, 0.5161614676060309900, -0.8564912955534271800 ) ) ;
#5784 = CARTESIAN_POINT ( 'NONE',  ( 0.2490000000000000000, 0.0000000000000000000, -0.04149999999999996100 ) ) ;
#5785 = FILL_AREA_STYLE ('',( #2814 ) ) ;
#5786 = DIRECTION ( 'NONE',  ( -1.000000000000000000, -0.0000000000000000000, 0.0000000000000000000 ) ) ;
#5787 = FACE_OUTER_BOUND ( 'NONE', #8199, .T. ) ;
#5788 = ORIENTED_EDGE ( 'NONE', *, *, #7840, .T. ) ;
#5789 = ORIENTED_EDGE ( 'NONE', *, *, #7716, .T. ) ;
#5790 = EDGE_LOOP ( 'NONE', ( #6349, #2942, #5760, #5004 ) ) ;
#5791 = AXIS2_PLACEMENT_3D ( 'NONE', #1408, #3526, #3494 ) ;
#5792 = CARTESIAN_POINT ( 'NONE',  ( 0.08599999999999997900, 0.02977638454923963200, 0.1621560803021541200 ) ) ;
#5793 = FACE_OUTER_BOUND ( 'NONE', #3716, .T. ) ;
#5794 = DIRECTION ( 'NONE',  ( -0.0000000000000000000, -0.0000000000000000000, -1.000000000000000000 ) ) ;
#5795 = CARTESIAN_POINT ( 'NONE',  ( 0.1150000000000000000, 0.07336898097372462900, -0.09199999999999999800 ) ) ;
#5796 = EDGE_CURVE ( 'NONE', #2357, #4067, #5609, .T. ) ;
#5797 = LINE ( 'NONE', #2450, #5595 ) ;
#5798 = EDGE_LOOP ( 'NONE', ( #4425, #5212, #3458, #7071 ) ) ;
#5799 = VERTEX_POINT ( 'NONE', #2789 ) ;
#5800 = VECTOR ( 'NONE', #3419, 39.37007874015748100 ) ;
#5801 = DIRECTION ( 'NONE',  ( -0.0000000000000000000, -0.0000000000000000000, -1.000000000000000000 ) ) ;
#5802 = VECTOR ( 'NONE', #4020, 39.37007874015748100 ) ;
#5803 = FILL_AREA_STYLE ('',( #5774 ) ) ;
#5804 = EDGE_CURVE ( 'NONE', #5416, #2161, #6857, .T. ) ;
#5805 = CARTESIAN_POINT ( 'NONE',  ( 0.0000000000000000000, 0.7099999999999999600, 0.8807583994195136200 ) ) ;
#5806 = SURFACE_STYLE_FILL_AREA ( #4917 ) ;
#5807 = DIRECTION ( 'NONE',  ( -1.000000000000000000, -0.0000000000000000000, -0.0000000000000000000 ) ) ;
#5808 = LENGTH_MEASURE_WITH_UNIT ( LENGTH_MEASURE( 0.02539999999999999900 ), #7471 );
#5809 = DIRECTION ( 'NONE',  ( 0.0000000000000000000, -0.8564912955534272900, -0.5161614676060311000 ) ) ;
#5810 = EDGE_CURVE ( 'NONE', #7345, #1557, #2426, .T. ) ;
#5811 = PLANE ( 'NONE',  #3397 ) ;
#5812 = CARTESIAN_POINT ( 'NONE',  ( 0.08599999999999997900, 0.07336898097372462900, -0.09200000000000001200 ) ) ;
#5813 = DIRECTION ( 'NONE',  ( 0.0000000000000000000, 0.0000000000000000000, -1.000000000000000000 ) ) ;
#5814 = VERTEX_POINT ( 'NONE', #4884 ) ;
#5815 = CARTESIAN_POINT ( 'NONE',  ( 0.2199999999999999700, 0.1260000000000001100, -0.09200000000000001200 ) ) ;
#5816 = DIRECTION ( 'NONE',  ( 1.000000000000000000, -1.724651511151681200E-016, -0.0000000000000000000 ) ) ;
#5817 = ORIENTED_EDGE ( 'NONE', *, *, #7561, .F. ) ;
#5818 = ORIENTED_EDGE ( 'NONE', *, *, #377, .T. ) ;
#5819 = ORIENTED_EDGE ( 'NONE', *, *, #5161, .T. ) ;
#5820 = FACE_OUTER_BOUND ( 'NONE', #5979, .T. ) ;
#5821 = PRESENTATION_LAYER_ASSIGNMENT (  '', '', ( #8683 ) ) ;
#5822 = DIRECTION ( 'NONE',  ( -1.000000000000000000, -0.0000000000000000000, -0.0000000000000000000 ) ) ;
#5823 = ORIENTED_EDGE ( 'NONE', *, *, #1687, .F. ) ;
#5824 = DIRECTION ( 'NONE',  ( 0.0000000000000000000, 0.0000000000000000000, -1.000000000000000000 ) ) ;
#5825 = ORIENTED_EDGE ( 'NONE', *, *, #1905, .T. ) ;
#5826 = LINE ( 'NONE', #2798, #7734 ) ;
#5827 = ORIENTED_EDGE ( 'NONE', *, *, #7500, .T. ) ;
#5828 = ORIENTED_EDGE ( 'NONE', *, *, #8001, .T. ) ;
#5829 = DIRECTION ( 'NONE',  ( -1.000000000000000000, -0.0000000000000000000, -0.0000000000000000000 ) ) ;
#5830 = DIMENSIONAL_EXPONENTS ( 1.000000000000000000, 0.0000000000000000000, 0.0000000000000000000, 0.0000000000000000000, 0.0000000000000000000, 0.0000000000000000000, 0.0000000000000000000 ) ;
#5831 = CARTESIAN_POINT ( 'NONE',  ( 0.2140000000000001300, 0.5020000000000000000, -0.1885000000000000300 ) ) ;
#5832 = DIRECTION ( 'NONE',  ( -1.000000000000000000, -0.0000000000000000000, 0.0000000000000000000 ) ) ;
#5833 = EDGE_LOOP ( 'NONE', ( #1797, #4057, #568, #3514 ) ) ;
#5834 = VECTOR ( 'NONE', #8535, 39.37007874015748100 ) ;
#5835 = PLANE ( 'NONE',  #1885 ) ;
#5836 = MECHANICAL_DESIGN_GEOMETRIC_PRESENTATION_REPRESENTATION (  '', ( #6731 ), #6407 ) ;
#5837 = ORIENTED_EDGE ( 'NONE', *, *, #152, .T. ) ;
#5838 = LINE ( 'NONE', #7660, #8140 ) ;
#5839 = DIRECTION ( 'NONE',  ( 0.0000000000000000000, 0.0000000000000000000, 1.000000000000000000 ) ) ;
#5840 = DIRECTION ( 'NONE',  ( 0.0000000000000000000, 0.0000000000000000000, 1.000000000000000000 ) ) ;
#5841 = CARTESIAN_POINT ( 'NONE',  ( -0.1150000000000000200, 0.07336898097372462900, -0.07800000000000002800 ) ) ;
#5842 = CARTESIAN_POINT ( 'NONE',  ( 0.2679999999999999600, 0.3339194916336046800, -0.01150000000000003500 ) ) ;
#5843 = VECTOR ( 'NONE', #1119, 39.37007874015748100 ) ;
#5844 =( NAMED_UNIT ( * ) PLANE_ANGLE_UNIT ( ) SI_UNIT ( $, .RADIAN. ) );
#5845 = ORIENTED_EDGE ( 'NONE', *, *, #6643, .F. ) ;
#5846 = ORIENTED_EDGE ( 'NONE', *, *, #8437, .F. ) ;
#5847 = LINE ( 'NONE', #3980, #1417 ) ;
#5848 = PLANE ( 'NONE',  #2526 ) ;
#5849 = PRESENTATION_LAYER_ASSIGNMENT (  '', '', ( #1332 ) ) ;
#5850 = LINE ( 'NONE', #3320, #2792 ) ;
#5851 = CARTESIAN_POINT ( 'NONE',  ( 0.1439007441433451100, -0.1760000000000001600, -0.1885000000000000600 ) ) ;
#5852 = EDGE_CURVE ( 'NONE', #7468, #8315, #1277, .T. ) ;
#5853 =( NAMED_UNIT ( * ) PLANE_ANGLE_UNIT ( ) SI_UNIT ( $, .RADIAN. ) );
#5854 = VERTEX_POINT ( 'NONE', #86 ) ;
#5855 = PRESENTATION_STYLE_ASSIGNMENT (( #7674 ) ) ;
#5856 = CARTESIAN_POINT ( 'NONE',  ( 0.2140000000000000000, 0.5320000000000001400, -0.1275000000000000300 ) ) ;
#5857 = LINE ( 'NONE', #5026, #8588 ) ;
#5858 = CARTESIAN_POINT ( 'NONE',  ( -0.3939999999999999600, 0.6999999999999996200, -0.1885000000000000300 ) ) ;
#5859 = AXIS2_PLACEMENT_3D ( 'NONE', #8527, #5301, #5194 ) ;
#5860 = EDGE_CURVE ( 'NONE', #6104, #3242, #148, .T. ) ;
#5861 = DIRECTION ( 'NONE',  ( 0.0000000000000000000, 0.0000000000000000000, 1.000000000000000000 ) ) ;
#5862 = ORIENTED_EDGE ( 'NONE', *, *, #1682, .T. ) ;
#5863 = VERTEX_POINT ( 'NONE', #6166 ) ;
#5864 = CARTESIAN_POINT ( 'NONE',  ( 0.3250992558566549500, -0.1700000000000001000, -0.1885000000000000600 ) ) ;
#5865 = EDGE_CURVE ( 'NONE', #4746, #7730, #6849, .T. ) ;
#5866 = PRESENTATION_STYLE_ASSIGNMENT (( #5928 ) ) ;
#5867 = FACE_OUTER_BOUND ( 'NONE', #5544, .T. ) ;
#5868 = CARTESIAN_POINT ( 'NONE',  ( 0.3540000000000000400, -0.1450000000000001000, -0.07800000000000002800 ) ) ;
#5869 =( CONVERSION_BASED_UNIT ( 'INCH', #520 ) LENGTH_UNIT ( ) NAMED_UNIT ( #5188 ) );
#5870 = DIRECTION ( 'NONE',  ( 0.0000000000000000000, 0.0000000000000000000, 1.000000000000000000 ) ) ;
#5871 = AXIS2_PLACEMENT_3D ( 'NONE', #2023, #3965, #3386 ) ;
#5872 = EDGE_CURVE ( 'NONE', #4637, #7193, #6438, .T. ) ;
#5873 = DIMENSIONAL_EXPONENTS ( 1.000000000000000000, 0.0000000000000000000, 0.0000000000000000000, 0.0000000000000000000, 0.0000000000000000000, 0.0000000000000000000, 0.0000000000000000000 ) ;
#5874 = DIRECTION ( 'NONE',  ( 0.0000000000000000000, -1.000000000000000000, -2.008711760047251600E-016 ) ) ;
#5875 = COLOUR_RGB ( '',0.7921568627450980000, 0.8196078431372548800, 0.9333333333333333500 ) ;
#5876 = CONICAL_SURFACE ( 'NONE', #5871, 0.005115842847316090300, 0.1221730476395997800 ) ;
#5877 = ORIENTED_EDGE ( 'NONE', *, *, #5739, .T. ) ;
#5878 = ORIENTED_EDGE ( 'NONE', *, *, #4485, .T. ) ;
#5879 = LINE ( 'NONE', #5851, #6191 ) ;
#5880 = VECTOR ( 'NONE', #6554, 39.37007874015748100 ) ;
#5881 = ORIENTED_EDGE ( 'NONE', *, *, #136, .T. ) ;
#5882 = CARTESIAN_POINT ( 'NONE',  ( -0.3789999999999999500, 0.1358841571526839800, -0.1885000000000000300 ) ) ;
#5883 = VERTEX_POINT ( 'NONE', #2178 ) ;
#5884 = ORIENTED_EDGE ( 'NONE', *, *, #1992, .T. ) ;
#5885 = PLANE ( 'NONE',  #91 ) ;
#5886 = CARTESIAN_POINT ( 'NONE',  ( -0.04800000000000004300, 0.07336898097372462900, -0.09200000000000001200 ) ) ;
#5887 = VECTOR ( 'NONE', #8137, 39.37007874015748100 ) ;
#5888 = LINE ( 'NONE', #7432, #2299 ) ;
#5889 = CYLINDRICAL_SURFACE ( 'NONE', #2457, 0.02999999999999995400 ) ;
#5890 = SURFACE_SIDE_STYLE ('',( #4920 ) ) ;
#5891 = CIRCLE ( 'NONE', #4741, 0.03000000000000002300 ) ;
#5892 = ORIENTED_EDGE ( 'NONE', *, *, #6086, .F. ) ;
#5893 = CARTESIAN_POINT ( 'NONE',  ( 0.3939999999999999600, 0.5370000000000001400, -0.01150000000000003500 ) ) ;
#5894 = DIRECTION ( 'NONE',  ( -1.000000000000000000, -0.0000000000000000000, -0.0000000000000000000 ) ) ;
#5895 = ORIENTED_EDGE ( 'NONE', *, *, #6502, .T. ) ;
#5896 = VERTEX_POINT ( 'NONE', #4977 ) ;
#5897 = CARTESIAN_POINT ( 'NONE',  ( 0.2199999999999999700, 0.04359259642448493800, -0.08165608030215425200 ) ) ;
#5898 = DIRECTION ( 'NONE',  ( -1.000000000000000000, -0.0000000000000000000, -0.0000000000000000000 ) ) ;
#5899 = CARTESIAN_POINT ( 'NONE',  ( -0.2621569461215342800, -0.02917474245791772100, 0.1884999999999999200 ) ) ;
#5900 = VECTOR ( 'NONE', #3355, 39.37007874015748100 ) ;
#5901 = CARTESIAN_POINT ( 'NONE',  ( -0.2140000000000000500, 0.5019999999999998900, -0.1885000000000000300 ) ) ;
#5902 = CARTESIAN_POINT ( 'NONE',  ( 0.2140000000000001300, 0.5520000000000000500, -0.1275000000000000300 ) ) ;
#5903 = CARTESIAN_POINT ( 'NONE',  ( -0.3075000000000000000, 0.1910000000000002300, -0.03150000000000002800 ) ) ;
#5904 = AXIS2_PLACEMENT_3D ( 'NONE', #7828, #1786, #6508 ) ;
#5905 = VERTEX_POINT ( 'NONE', #5678 ) ;
#5906 = DIRECTION ( 'NONE',  ( 0.0000000000000000000, 1.000000000000000000, 2.008711760047251600E-016 ) ) ;
#5907 = EDGE_CURVE ( 'NONE', #6872, #8478, #4465, .T. ) ;
#5908 = FACE_OUTER_BOUND ( 'NONE', #4235, .T. ) ;
#5909 = CARTESIAN_POINT ( 'NONE',  ( -0.2739999999999999100, 0.8199999999999999500, -0.1885000000000000300 ) ) ;
#5910 = AXIS2_PLACEMENT_3D ( 'NONE', #764, #4163, #71 ) ;
#5911 = EDGE_CURVE ( 'NONE', #4826, #621, #5913, .T. ) ;
#5912 = DIRECTION ( 'NONE',  ( -1.000000000000000000, -0.0000000000000000000, -0.0000000000000000000 ) ) ;
#5913 = CIRCLE ( 'NONE', #1830, 0.02750000000000004900 ) ;
#5914 = AXIS2_PLACEMENT_3D ( 'NONE', #5713, #7710, #3714 ) ;
#5915 = ORIENTED_EDGE ( 'NONE', *, *, #1229, .F. ) ;
#5916 = CARTESIAN_POINT ( 'NONE',  ( 0.3540000000000000400, 0.07336898097372462900, -0.1080000000000000500 ) ) ;
#5917 = EDGE_CURVE ( 'NONE', #5409, #680, #3084, .T. ) ;
#5918 = EDGE_CURVE ( 'NONE', #1058, #3732, #4657, .T. ) ;
#5919 = ORIENTED_EDGE ( 'NONE', *, *, #2177, .F. ) ;
#5920 = CARTESIAN_POINT ( 'NONE',  ( 0.2500000000000000000, 0.4819999999999999800, -0.1885000000000000300 ) ) ;
#5921 = AXIS2_PLACEMENT_3D ( 'NONE', #5927, #8649, #2563 ) ;
#5922 = PRESENTATION_STYLE_ASSIGNMENT (( #2927 ) ) ;
#5923 = AXIS2_PLACEMENT_3D ( 'NONE', #8587, #1891, #1204 ) ;
#5924 = DIRECTION ( 'NONE',  ( -1.000000000000000000, -0.0000000000000000000, -0.0000000000000000000 ) ) ;
#5925 = DIRECTION ( 'NONE',  ( -0.0000000000000000000, -0.0000000000000000000, 1.000000000000000000 ) ) ;
#5926 = EDGE_CURVE ( 'NONE', #6560, #8057, #5098, .T. ) ;
#5927 = CARTESIAN_POINT ( 'NONE',  ( 0.1530000000000000200, 0.07336898097372462900, -0.07800000000000002800 ) ) ;
#5928 = SURFACE_STYLE_USAGE ( .BOTH. , #5264 ) ;
#5929 = ORIENTED_EDGE ( 'NONE', *, *, #3059, .T. ) ;
#5930 = DIRECTION ( 'NONE',  ( 0.0000000000000000000, 0.0000000000000000000, -1.000000000000000000 ) ) ;
#5931 = VERTEX_POINT ( 'NONE', #999 ) ;
#5932 = ORIENTED_EDGE ( 'NONE', *, *, #4378, .T. ) ;
#5933 = CARTESIAN_POINT ( 'NONE',  ( 0.04800000000000000800, 0.05947333485074611500, -0.07970617080767200500 ) ) ;
#5934 = ORIENTED_EDGE ( 'NONE', *, *, #6030, .F. ) ;
#5935 = VECTOR ( 'NONE', #7282, 39.37007874015748100 ) ;
#5936 = CARTESIAN_POINT ( 'NONE',  ( 0.2870000000000000300, 0.02569473886660282200, -0.02601515597181902300 ) ) ;
#5937 = VERTEX_POINT ( 'NONE', #7652 ) ;
#5938 = EDGE_LOOP ( 'NONE', ( #7902, #8694, #3067, #5528, #5782, #6876 ) ) ;
#5939 =( LENGTH_UNIT ( ) NAMED_UNIT ( * ) SI_UNIT ( $, .METRE. ) );
#5940 = EDGE_CURVE ( 'NONE', #6122, #8550, #5292, .T. ) ;
#5941 = ORIENTED_EDGE ( 'NONE', *, *, #6759, .T. ) ;
#5942 = VERTEX_POINT ( 'NONE', #2976 ) ;
#5943 = CYLINDRICAL_SURFACE ( 'NONE', #5414, 0.01399999999999999000 ) ;
#5944 =( CONVERSION_BASED_UNIT ( 'INCH', #7610 ) LENGTH_UNIT ( ) NAMED_UNIT ( #826 ) );
#5945 = EDGE_LOOP ( 'NONE', ( #5374, #697, #1566, #4556 ) ) ;
#5946 = CARTESIAN_POINT ( 'NONE',  ( -0.3920027873385742400, 0.5446910911897100400, -0.09716214416500033900 ) ) ;
#5947 = DIRECTION ( 'NONE',  ( 1.000000000000000000, 0.0000000000000000000, 0.0000000000000000000 ) ) ;
#5948 = ORIENTED_EDGE ( 'NONE', *, *, #3985, .T. ) ;
#5949 = ORIENTED_EDGE ( 'NONE', *, *, #7883, .T. ) ;
#5950 = DIRECTION ( 'NONE',  ( 0.0000000000000000000, -0.0000000000000000000, 1.000000000000000000 ) ) ;
#5951 = DIRECTION ( 'NONE',  ( 0.0000000000000000000, -1.000000000000000000, -3.244104004879254200E-016 ) ) ;
#5952 = AXIS2_PLACEMENT_3D ( 'NONE', #286, #5503, #4873 ) ;
#5953 = PRESENTATION_LAYER_ASSIGNMENT (  '', '', ( #6977 ) ) ;
#5954 = FILL_AREA_STYLE_COLOUR ( '', #6100 ) ;
#5955 = CARTESIAN_POINT ( 'NONE',  ( -0.04800000000000004300, 0.07336898097372462900, -0.07800000000000002800 ) ) ;
#5956 = DIRECTION ( 'NONE',  ( 0.0000000000000000000, 1.000000000000000000, 2.008711760047251800E-016 ) ) ;
#5957 = ORIENTED_EDGE ( 'NONE', *, *, #399, .T. ) ;
#5958 = DIRECTION ( 'NONE',  ( 0.0000000000000000000, -0.9925461516413228700, -0.1218693434051411500 ) ) ;
#5959 = CARTESIAN_POINT ( 'NONE',  ( 0.2490000000000000000, 0.02569473886660282200, -0.02601515597181902300 ) ) ;
#5960 = DIRECTION ( 'NONE',  ( 0.0000000000000000000, 0.0000000000000000000, 1.000000000000000000 ) ) ;
#5961 = VECTOR ( 'NONE', #6107, 39.37007874015748100 ) ;
#5962 = AXIS2_PLACEMENT_3D ( 'NONE', #825, #1538, #6845 ) ;
#5963 = DIRECTION ( 'NONE',  ( 0.0000000000000000000, 0.0000000000000000000, 1.000000000000000000 ) ) ;
#5964 = VERTEX_POINT ( 'NONE', #358 ) ;
#5965 = AXIS2_PLACEMENT_3D ( 'NONE', #840, #8303, #7016 ) ;
#5966 = VECTOR ( 'NONE', #4588, 39.37007874015748100 ) ;
#5967 = LINE ( 'NONE', #156, #8490 ) ;
#5968 = EDGE_CURVE ( 'NONE', #714, #854, #6639, .T. ) ;
#5969 = ADVANCED_FACE ( 'NONE', ( #8222 ), #2785, .T. ) ;
#5970 = DIRECTION ( 'NONE',  ( 0.0000000000000000000, 1.000000000000000000, 3.244104004879253700E-016 ) ) ;
#5971 = ORIENTED_EDGE ( 'NONE', *, *, #3983, .F. ) ;
#5972 = VERTEX_POINT ( 'NONE', #2332 ) ;
#5973 = CARTESIAN_POINT ( 'NONE',  ( -0.3940000000000000200, 0.5394113857913748200, -0.09250095833744284600 ) ) ;
#5974 =( NAMED_UNIT ( * ) SI_UNIT ( $, .STERADIAN. ) SOLID_ANGLE_UNIT ( ) );
#5975 = AXIS2_PLACEMENT_3D ( 'NONE', #7774, #7750, #8501 ) ;
#5976 = PRESENTATION_STYLE_ASSIGNMENT (( #7585 ) ) ;
#5977 = EDGE_CURVE ( 'NONE', #2988, #7433, #4973, .T. ) ;
#5978 = FACE_OUTER_BOUND ( 'NONE', #8066, .T. ) ;
#5979 = EDGE_LOOP ( 'NONE', ( #1263, #1215, #7880, #4381 ) ) ;
#5980 = VECTOR ( 'NONE', #4165, 39.37007874015748100 ) ;
#5981 = DIRECTION ( 'NONE',  ( 2.346948448165176000E-016, -1.000000000000000000, 0.0000000000000000000 ) ) ;
#5982 = DIRECTION ( 'NONE',  ( -1.000000000000000000, -0.0000000000000000000, -0.0000000000000000000 ) ) ;
#5983 = VECTOR ( 'NONE', #5201, 39.37007874015748100 ) ;
#5984 = ORIENTED_EDGE ( 'NONE', *, *, #8343, .F. ) ;
#5985 = ORIENTED_EDGE ( 'NONE', *, *, #330, .T. ) ;
#5986 = ORIENTED_EDGE ( 'NONE', *, *, #7425, .T. ) ;
#5987 = EDGE_CURVE ( 'NONE', #6248, #931, #1002, .T. ) ;
#5988 =( NAMED_UNIT ( * ) SI_UNIT ( $, .STERADIAN. ) SOLID_ANGLE_UNIT ( ) );
#5989 = ORIENTED_EDGE ( 'NONE', *, *, #799, .T. ) ;
#5990 = FACE_OUTER_BOUND ( 'NONE', #4786, .T. ) ;
#5991 = VECTOR ( 'NONE', #992, 39.37007874015748100 ) ;
#5992 = VERTEX_POINT ( 'NONE', #7626 ) ;
#5993 = LINE ( 'NONE', #8177, #2843 ) ;
#5994 = EDGE_LOOP ( 'NONE', ( #4885, #4188, #3675, #6455 ) ) ;
#5995 = ORIENTED_EDGE ( 'NONE', *, *, #8344, .T. ) ;
#5996 = VERTEX_POINT ( 'NONE', #8293 ) ;
#5997 = ORIENTED_EDGE ( 'NONE', *, *, #949, .F. ) ;
#5998 = VECTOR ( 'NONE', #1724, 39.37007874015748100 ) ;
#5999 = DIRECTION ( 'NONE',  ( 0.0000000000000000000, 0.1218693434051409500, -0.9925461516413227600 ) ) ;
#6000 = LINE ( 'NONE', #2425, #6098 ) ;
#6001 = LINE ( 'NONE', #5582, #649 ) ;
#6002 = VECTOR ( 'NONE', #3849, 39.37007874015748100 ) ;
#6003 = DIRECTION ( 'NONE',  ( -1.000000000000000000, -0.0000000000000000000, -0.0000000000000000000 ) ) ;
#6004 = ORIENTED_EDGE ( 'NONE', *, *, #3988, .T. ) ;
#6005 = STYLED_ITEM ( 'NONE', ( #549 ), #720 ) ;
#6006 = LINE ( 'NONE', #7347, #3295 ) ;
#6007 = VECTOR ( 'NONE', #7838, 39.37007874015747400 ) ;
#6008 = CARTESIAN_POINT ( 'NONE',  ( -0.2499999999999999200, 0.4819999999999999300, 0.8807583994195136200 ) ) ;
#6009 = LINE ( 'NONE', #930, #658 ) ;
#6010 = CARTESIAN_POINT ( 'NONE',  ( -0.2139999999999999100, 0.5219999999999999100, -0.1275000000000000300 ) ) ;
#6011 = ADVANCED_FACE ( 'NONE', ( #7943 ), #7742, .T. ) ;
#6012 = CARTESIAN_POINT ( 'NONE',  ( 0.06048000070182092000, -0.1792885201230315100, 0.1724999999999999000 ) ) ;
#6013 = LENGTH_MEASURE_WITH_UNIT ( LENGTH_MEASURE( 0.02539999999999999900 ), #2947 );
#6014 = PLANE ( 'NONE',  #3498 ) ;
#6015 =( LENGTH_UNIT ( ) NAMED_UNIT ( * ) SI_UNIT ( $, .METRE. ) );
#6016 = DIRECTION ( 'NONE',  ( -0.0000000000000000000, -0.0000000000000000000, -1.000000000000000000 ) ) ;
#6017 = PLANE ( 'NONE',  #7970 ) ;
#6018 = EDGE_CURVE ( 'NONE', #287, #3194, #8372, .T. ) ;
#6019 = PLANE ( 'NONE',  #4628 ) ;
#6020 = ORIENTED_EDGE ( 'NONE', *, *, #1905, .F. ) ;
#6021 = STYLED_ITEM ( 'NONE', ( #6506 ), #7449 ) ;
#6022 = EDGE_CURVE ( 'NONE', #3246, #6568, #4393, .T. ) ;
#6023 = ORIENTED_EDGE ( 'NONE', *, *, #3292, .T. ) ;
#6024 = CARTESIAN_POINT ( 'NONE',  ( 0.1820000000000000000, 0.07336898097372462900, -0.07800000000000002800 ) ) ;
#6025 = ORIENTED_EDGE ( 'NONE', *, *, #4095, .T. ) ;
#6026 = ORIENTED_EDGE ( 'NONE', *, *, #5272, .T. ) ;
#6027 = DIRECTION ( 'NONE',  ( -1.000000000000000000, -0.0000000000000000000, -0.0000000000000000000 ) ) ;
#6028 = COLOUR_RGB ( '',0.7921568627450980000, 0.8196078431372548800, 0.9333333333333333500 ) ;
#6029 = EDGE_CURVE ( 'NONE', #7433, #6375, #5013, .T. ) ;
#6030 = EDGE_CURVE ( 'NONE', #8418, #6783, #3982, .T. ) ;
#6031 = EDGE_LOOP ( 'NONE', ( #1869, #2660, #8677, #2844 ) ) ;
#6032 = PRESENTATION_LAYER_ASSIGNMENT (  '', '', ( #2362 ) ) ;
#6033 = ORIENTED_EDGE ( 'NONE', *, *, #7749, .F. ) ;
#6034 = CARTESIAN_POINT ( 'NONE',  ( 0.3939999999999999600, 0.6999999999999996200, -0.1885000000000000300 ) ) ;
#6035 = EDGE_LOOP ( 'NONE', ( #1748, #3783, #5420, #3311 ) ) ;
#6036 = EDGE_CURVE ( 'NONE', #4956, #1954, #5538, .T. ) ;
#6037 = EDGE_LOOP ( 'NONE', ( #4930, #8410, #3428, #7988 ) ) ;
#6038 = FACE_OUTER_BOUND ( 'NONE', #3598, .T. ) ;
#6039 = CARTESIAN_POINT ( 'NONE',  ( -0.1939999999999999200, 0.5220000000000000200, -0.1275000000000000300 ) ) ;
#6040 = CARTESIAN_POINT ( 'NONE',  ( -0.2499999999999999200, 0.1910000000000000900, -0.1275000000000000300 ) ) ;
#6041 = VERTEX_POINT ( 'NONE', #7146 ) ;
#6042 =( NAMED_UNIT ( * ) SI_UNIT ( $, .STERADIAN. ) SOLID_ANGLE_UNIT ( ) );
#6043 = VECTOR ( 'NONE', #3171, 39.37007874015748100 ) ;
#6044 =( NAMED_UNIT ( * ) PLANE_ANGLE_UNIT ( ) SI_UNIT ( $, .RADIAN. ) );
#6045 = ORIENTED_EDGE ( 'NONE', *, *, #6198, .F. ) ;
#6046 = FACE_OUTER_BOUND ( 'NONE', #6239, .T. ) ;
#6047 = ADVANCED_FACE ( 'NONE', ( #7534 ), #4403, .F. ) ;
#6048 = PLANE ( 'NONE',  #1052 ) ;
#6049 = EDGE_CURVE ( 'NONE', #3194, #2012, #4187, .T. ) ;
#6050 = PRODUCT_DEFINITION_CONTEXT ( 'detailed design', #4375, 'design' ) ;
#6051 = LINE ( 'NONE', #2511, #1819 ) ;
#6052 = EDGE_LOOP ( 'NONE', ( #4144, #5995, #178, #6978, #4910, #5518 ) ) ;
#6053 = ADVANCED_FACE ( 'NONE', ( #696 ), #5735, .T. ) ;
#6054 = CARTESIAN_POINT ( 'NONE',  ( -0.3917194832700433000, 0.5344426236899365600, -0.07342668171644302400 ) ) ;
#6055 = CARTESIAN_POINT ( 'NONE',  ( -0.2739999999999999100, 0.8199999999999999500, -0.1275000000000000900 ) ) ;
#6056 = ORIENTED_EDGE ( 'NONE', *, *, #4272, .T. ) ;
#6057 = DIRECTION ( 'NONE',  ( 0.0000000000000000000, 0.0000000000000000000, 1.000000000000000000 ) ) ;
#6058 = VERTEX_POINT ( 'NONE', #4495 ) ;
#6059 = LINE ( 'NONE', #5545, #7225 ) ;
#6060 = ORIENTED_EDGE ( 'NONE', *, *, #5483, .T. ) ;
#6061 = CARTESIAN_POINT ( 'NONE',  ( -0.07499999999999999700, 0.7099999999999999600, -0.1885000000000000300 ) ) ;
#6062 = DIRECTION ( 'NONE',  ( 1.000000000000000000, 0.0000000000000000000, 0.0000000000000000000 ) ) ;
#6063 = AXIS2_PLACEMENT_3D ( 'NONE', #3544, #7668, #4341 ) ;
#6064 = FILL_AREA_STYLE_COLOUR ( '', #3817 ) ;
#6065 = DIRECTION ( 'NONE',  ( 1.000000000000000000, 0.0000000000000000000, -0.0000000000000000000 ) ) ;
#6066 = DIRECTION ( 'NONE',  ( 0.3420201433256637700, -0.9396926207859100900, -1.887571618202280300E-016 ) ) ;
#6067 = EDGE_CURVE ( 'NONE', #691, #1051, #5645, .T. ) ;
#6068 = ORIENTED_EDGE ( 'NONE', *, *, #5911, .F. ) ;
#6069 = DIRECTION ( 'NONE',  ( -1.000000000000000000, -0.0000000000000000000, -0.0000000000000000000 ) ) ;
#6070 = CARTESIAN_POINT ( 'NONE',  ( 0.1150000000000000000, 0.07336898097372462900, -0.07800000000000002800 ) ) ;
#6071 = CARTESIAN_POINT ( 'NONE',  ( -0.2109007441433451400, -0.1700000000000001000, 0.1724999999999998800 ) ) ;
#6072 = PRESENTATION_LAYER_ASSIGNMENT (  '', '', ( #5644 ) ) ;
#6073 = DIRECTION ( 'NONE',  ( -1.000000000000000000, -0.0000000000000000000, -0.0000000000000000000 ) ) ;
#6074 = VERTEX_POINT ( 'NONE', #7793 ) ;
#6075 = AXIS2_PLACEMENT_3D ( 'NONE', #5742, #7128, #6392 ) ;
#6076 = EDGE_CURVE ( 'NONE', #1703, #8662, #6370, .T. ) ;
#6077 = CIRCLE ( 'NONE', #5401, 0.01399999999999999000 ) ;
#6078 = CIRCLE ( 'NONE', #5146, 0.03000000000000001300 ) ;
#6079 = DIRECTION ( 'NONE',  ( 0.0000000000000000000, 0.0000000000000000000, -1.000000000000000000 ) ) ;
#6080 = SURFACE_STYLE_FILL_AREA ( #1387 ) ;
#6081 = MECHANICAL_DESIGN_GEOMETRIC_PRESENTATION_REPRESENTATION (  '', ( #2005 ), #2471 ) ;
#6082 = CARTESIAN_POINT ( 'NONE',  ( -0.01900000000000002400, -0.1760000000000001600, -0.01149999999999994900 ) ) ;
#6083 = DIRECTION ( 'NONE',  ( -0.0000000000000000000, -0.0000000000000000000, -1.000000000000000000 ) ) ;
#6084 = PRESENTATION_LAYER_ASSIGNMENT (  '', '', ( #534 ) ) ;
#6085 = ORIENTED_EDGE ( 'NONE', *, *, #72, .T. ) ;
#6086 = EDGE_CURVE ( 'NONE', #744, #3441, #4088, .T. ) ;
#6087 = ADVANCED_FACE ( 'NONE', ( #79 ), #7207, .T. ) ;
#6088 = LINE ( 'NONE', #5831, #8187 ) ;
#6089 = CARTESIAN_POINT ( 'NONE',  ( -0.1150000000000000200, 0.01199087813774794700, -0.03427373945351554900 ) ) ;
#6090 = VECTOR ( 'NONE', #2868, 39.37007874015748100 ) ;
#6091 = CARTESIAN_POINT ( 'NONE',  ( 0.08599999999999997900, 0.1260000000000001100, -0.09200000000000001200 ) ) ;
#6092 = FILL_AREA_STYLE_COLOUR ( '', #5639 ) ;
#6093 = ORIENTED_EDGE ( 'NONE', *, *, #6432, .F. ) ;
#6094 = CARTESIAN_POINT ( 'NONE',  ( 0.05709925585665491500, -0.1700000000000001000, 0.1884999999999999200 ) ) ;
#6095 = CARTESIAN_POINT ( 'NONE',  ( 0.08599999999999997900, 0.1260000000000001100, -0.1080000000000000300 ) ) ;
#6096 = ADVANCED_FACE ( 'NONE', ( #2673 ), #5163, .F. ) ;
#6097 = PLANE ( 'NONE',  #2403 ) ;
#6098 = VECTOR ( 'NONE', #7149, 39.37007874015748100 ) ;
#6099 = LINE ( 'NONE', #7457, #3279 ) ;
#6100 = COLOUR_RGB ( '',0.2509803921568627400, 0.2509803921568627400, 0.2509803921568627400 ) ;
#6101 = ORIENTED_EDGE ( 'NONE', *, *, #7518, .T. ) ;
#6102 =( NAMED_UNIT ( * ) SI_UNIT ( $, .STERADIAN. ) SOLID_ANGLE_UNIT ( ) );
#6103 = DIRECTION ( 'NONE',  ( -0.0000000000000000000, -1.000000000000000000, -0.0000000000000000000 ) ) ;
#6104 = VERTEX_POINT ( 'NONE', #469 ) ;
#6105 =( GEOMETRIC_REPRESENTATION_CONTEXT ( 3 ) GLOBAL_UNCERTAINTY_ASSIGNED_CONTEXT ( ( #4085 ) ) GLOBAL_UNIT_ASSIGNED_CONTEXT ( ( #2458, #5853, #6531 ) ) REPRESENTATION_CONTEXT ( 'NONE', 'WORKASPACE' ) );
#6106 = ORIENTED_EDGE ( 'NONE', *, *, #7518, .F. ) ;
#6107 = DIRECTION ( 'NONE',  ( 0.0000000000000000000, 0.0000000000000000000, 1.000000000000000000 ) ) ;
#6108 = CARTESIAN_POINT ( 'NONE',  ( 0.1530000000000000200, -0.1510000000000001300, -0.02750000000000001700 ) ) ;
#6109 = LINE ( 'NONE', #2654, #5802 ) ;
#6110 = ORIENTED_EDGE ( 'NONE', *, *, #1950, .T. ) ;
#6111 = ADVANCED_FACE ( 'NONE', ( #176 ), #289, .F. ) ;
#6112 = CARTESIAN_POINT ( 'NONE',  ( 0.2199999999999999700, 0.1260000000000001100, -0.09200000000000001200 ) ) ;
#6113 = SURFACE_SIDE_STYLE ('',( #1772 ) ) ;
#6114 = DIRECTION ( 'NONE',  ( 0.0000000000000000000, 0.0000000000000000000, -1.000000000000000000 ) ) ;
#6115 = VECTOR ( 'NONE', #8431, 39.37007874015748100 ) ;
#6116 = AXIS2_PLACEMENT_3D ( 'NONE', #4567, #547, #1255 ) ;
#6117 = AXIS2_PLACEMENT_3D ( 'NONE', #2966, #2993, #7694 ) ;
#6118 = DIRECTION ( 'NONE',  ( 0.0000000000000000000, 0.0000000000000000000, -1.000000000000000000 ) ) ;
#6119 = COLOUR_RGB ( '',0.7921568627450980000, 0.8196078431372548800, 0.9333333333333333500 ) ;
#6120 = CARTESIAN_POINT ( 'NONE',  ( 0.01899999999999998900, 0.0000000000000000000, -0.01149999999999994900 ) ) ;
#6121 = DIRECTION ( 'NONE',  ( 1.000000000000000000, 0.0000000000000000000, -0.0000000000000000000 ) ) ;
#6122 = VERTEX_POINT ( 'NONE', #5903 ) ;
#6123 = DIRECTION ( 'NONE',  ( -1.000000000000000000, -0.0000000000000000000, -0.0000000000000000000 ) ) ;
#6124 = EDGE_LOOP ( 'NONE', ( #8022, #8666, #2599, #6905 ) ) ;
#6125 = AXIS2_PLACEMENT_3D ( 'NONE', #8543, #5159, #1144 ) ;
#6126 = DIRECTION ( 'NONE',  ( 0.0000000000000000000, 0.0000000000000000000, -1.000000000000000000 ) ) ;
#6127 = LINE ( 'NONE', #7747, #7816 ) ;
#6128 = FILL_AREA_STYLE ('',( #3445 ) ) ;
#6129 = ADVANCED_FACE ( 'NONE', ( #8668 ), #7958, .F. ) ;
#6130 = DIRECTION ( 'NONE',  ( -1.711796220315992900E-016, -0.9925461516413228700, -0.1218693434051409300 ) ) ;
#6131 = EDGE_CURVE ( 'NONE', #1599, #2723, #5120, .T. ) ;
#6132 = VERTEX_POINT ( 'NONE', #1848 ) ;
#6133 = VERTEX_POINT ( 'NONE', #7863 ) ;
#6134 = VERTEX_POINT ( 'NONE', #6605 ) ;
#6135 =( NAMED_UNIT ( * ) SI_UNIT ( $, .STERADIAN. ) SOLID_ANGLE_UNIT ( ) );
#6136 = ORIENTED_EDGE ( 'NONE', *, *, #1286, .F. ) ;
#6137 = VERTEX_POINT ( 'NONE', #6551 ) ;
#6138 = VECTOR ( 'NONE', #8360, 39.37007874015748100 ) ;
#6139 = EDGE_CURVE ( 'NONE', #4126, #3460, #8646, .T. ) ;
#6140 = ADVANCED_FACE ( 'NONE', ( #1087 ), #1820, .F. ) ;
#6141 = CARTESIAN_POINT ( 'NONE',  ( 0.2199999999999999700, -0.1450000000000001000, -0.07800000000000002800 ) ) ;
#6142 = ORIENTED_EDGE ( 'NONE', *, *, #1937, .F. ) ;
#6143 =( NAMED_UNIT ( * ) PLANE_ANGLE_UNIT ( ) SI_UNIT ( $, .RADIAN. ) );
#6144 = ORIENTED_EDGE ( 'NONE', *, *, #6634, .T. ) ;
#6145 = EDGE_LOOP ( 'NONE', ( #2435, #3353, #1513, #4061 ) ) ;
#6146 = B_SPLINE_CURVE_WITH_KNOTS ( 'NONE', 3,
 ( #1861, #7968, #4555, #1832, #6670, #90, #4120, #6757 ),
 .UNSPECIFIED., .F., .F.,
 ( 4, 2, 2, 4 ),
 ( 4.336808689942017700E-019, 0.0003611880071446888400, 0.0005417820107170305500, 0.0007223760142893722500 ),
 .UNSPECIFIED. ) ;
#6147 = VERTEX_POINT ( 'NONE', #4568 ) ;
#6148 = VECTOR ( 'NONE', #7625, 39.37007874015748100 ) ;
#6149 = MECHANICAL_DESIGN_GEOMETRIC_PRESENTATION_REPRESENTATION (  '', ( #6600 ), #487 ) ;
#6150 = DIRECTION ( 'NONE',  ( 0.0000000000000000000, 0.0000000000000000000, 1.000000000000000000 ) ) ;
#6151 = DIRECTION ( 'NONE',  ( 1.000000000000000000, 0.0000000000000000000, 0.0000000000000000000 ) ) ;
#6152 = EDGE_CURVE ( 'NONE', #3408, #8413, #6051, .T. ) ;
#6153 = DIRECTION ( 'NONE',  ( -1.000000000000000000, -0.0000000000000000000, -0.0000000000000000000 ) ) ;
#6154 = AXIS2_PLACEMENT_3D ( 'NONE', #5459, #3468, #216 ) ;
#6155 = ORIENTED_EDGE ( 'NONE', *, *, #6439, .F. ) ;
#6156 = CARTESIAN_POINT ( 'NONE',  ( -0.1820000000000000800, 0.05947333485074611500, -0.07970617080767200500 ) ) ;
#6157 = DIRECTION ( 'NONE',  ( 0.0000000000000000000, 0.0000000000000000000, 1.000000000000000000 ) ) ;
#6158 = ADVANCED_FACE ( 'NONE', ( #2970 ), #4659, .F. ) ;
#6159 = VERTEX_POINT ( 'NONE', #3127 ) ;
#6160 = CARTESIAN_POINT ( 'NONE',  ( -0.04800000000000004300, -0.1700000000000001000, 0.1724999999999999000 ) ) ;
#6161 = CARTESIAN_POINT ( 'NONE',  ( -0.1820000000000000800, -1.707404996040164500E-017, 0.1584999999999999700 ) ) ;
#6162 = VERTEX_POINT ( 'NONE', #1091 ) ;
#6163 = PLANE ( 'NONE',  #573 ) ;
#6164 = LINE ( 'NONE', #6979, #7655 ) ;
#6165 = MECHANICAL_DESIGN_GEOMETRIC_PRESENTATION_REPRESENTATION (  '', ( #1759 ), #3658 ) ;
#6166 = CARTESIAN_POINT ( 'NONE',  ( -0.1939999999999999200, 0.5219999999999999100, -0.1275000000000000300 ) ) ;
#6167 = DIRECTION ( 'NONE',  ( 0.0000000000000000000, 0.0000000000000000000, 1.000000000000000000 ) ) ;
#6168 = VERTEX_POINT ( 'NONE', #335 ) ;
#6169 = CARTESIAN_POINT ( 'NONE',  ( 0.1150000000000000000, 0.02569473886660282200, -0.02601515597181902300 ) ) ;
#6170 = LINE ( 'NONE', #2018, #6595 ) ;
#6171 = ADVANCED_FACE ( 'NONE', ( #663 ), #2029, .F. ) ;
#6172 = LENGTH_MEASURE_WITH_UNIT ( LENGTH_MEASURE( 0.02539999999999999900 ), #1590 );
#6173 = DIRECTION ( 'NONE',  ( 0.3420201433256637700, -0.9396926207859100900, 0.0000000000000000000 ) ) ;
#6174 = FILL_AREA_STYLE_COLOUR ( '', #7362 ) ;
#6175 = ORIENTED_EDGE ( 'NONE', *, *, #2430, .T. ) ;
#6176 = DIRECTION ( 'NONE',  ( -0.0000000000000000000, 1.000000000000000000, -0.0000000000000000000 ) ) ;
#6177 = CARTESIAN_POINT ( 'NONE',  ( -0.2870000000000000300, 0.07336898097372462900, -0.1080000000000000500 ) ) ;
#6178 = ORIENTED_EDGE ( 'NONE', *, *, #6796, .T. ) ;
#6179 =( GEOMETRIC_REPRESENTATION_CONTEXT ( 3 ) GLOBAL_UNCERTAINTY_ASSIGNED_CONTEXT ( ( #8414 ) ) GLOBAL_UNIT_ASSIGNED_CONTEXT ( ( #4931, #3571, #226 ) ) REPRESENTATION_CONTEXT ( 'NONE', 'WORKASPACE' ) );
#6180 = FACE_OUTER_BOUND ( 'NONE', #924, .T. ) ;
#6181 = CARTESIAN_POINT ( 'NONE',  ( 0.3841158428473159800, 0.5369999999999999200, -0.1885000000000000300 ) ) ;
#6182 = CARTESIAN_POINT ( 'NONE',  ( 0.2870000000000000300, 0.0000000000000000000, -0.04149999999999996100 ) ) ;
#6183 = ADVANCED_FACE ( 'NONE', ( #6221 ), #6019, .F. ) ;
#6184 = VECTOR ( 'NONE', #3350, 39.37007874015748100 ) ;
#6185 = FILL_AREA_STYLE_COLOUR ( '', #1266 ) ;
#6186 = EDGE_CURVE ( 'NONE', #8102, #3422, #2211, .T. ) ;
#6187 = FACE_OUTER_BOUND ( 'NONE', #3201, .T. ) ;
#6188 = CARTESIAN_POINT ( 'NONE',  ( -0.04800000000000004300, 0.07336898097372462900, -0.1080000000000000500 ) ) ;
#6189 = CARTESIAN_POINT ( 'NONE',  ( -0.3790000000000000600, 0.1358841571526839300, -0.01150000000000003500 ) ) ;
#6190 = DIRECTION ( 'NONE',  ( 0.0000000000000000000, -0.0000000000000000000, -1.000000000000000000 ) ) ;
#6191 = VECTOR ( 'NONE', #2545, 39.37007874015748100 ) ;
#6192 = EDGE_CURVE ( 'NONE', #6951, #5519, #3833, .T. ) ;
#6193 = CYLINDRICAL_SURFACE ( 'NONE', #1792, 0.03000000000000001300 ) ;
#6194 = CARTESIAN_POINT ( 'NONE',  ( -0.04800000000000004300, 0.01389564612297850000, 0.1602061708076718500 ) ) ;
#6195 = CARTESIAN_POINT ( 'NONE',  ( -0.3939999999999999600, 0.6999999999999996200, -0.1275000000000000900 ) ) ;
#6196 = DIMENSIONAL_EXPONENTS ( 1.000000000000000000, 0.0000000000000000000, 0.0000000000000000000, 0.0000000000000000000, 0.0000000000000000000, 0.0000000000000000000, 0.0000000000000000000 ) ;
#6197 = VERTEX_POINT ( 'NONE', #7989 ) ;
#6198 = EDGE_CURVE ( 'NONE', #2896, #3559, #8435, .T. ) ;
#6199 = ORIENTED_EDGE ( 'NONE', *, *, #2583, .F. ) ;
#6200 = FACE_OUTER_BOUND ( 'NONE', #3893, .T. ) ;
#6201 = EDGE_CURVE ( 'NONE', #1822, #1578, #257, .T. ) ;
#6202 = ADVANCED_FACE ( 'NONE', ( #6641 ), #2661, .F. ) ;
#6203 = UNCERTAINTY_MEASURE_WITH_UNIT (LENGTH_MEASURE( 1.000000000000000100E-005 ), #1439, 'distance_accuracy_value', 'NONE');
#6204 = VECTOR ( 'NONE', #6430, 39.37007874015748100 ) ;
#6205 = LINE ( 'NONE', #3050, #5077 ) ;
#6206 =( GEOMETRIC_REPRESENTATION_CONTEXT ( 3 ) GLOBAL_UNCERTAINTY_ASSIGNED_CONTEXT ( ( #8084 ) ) GLOBAL_UNIT_ASSIGNED_CONTEXT ( ( #3042, #7744, #5738 ) ) REPRESENTATION_CONTEXT ( 'NONE', 'WORKASPACE' ) );
#6207 = CARTESIAN_POINT ( 'NONE',  ( 0.3160000000000000600, 0.05947333485074611500, -0.07970617080767200500 ) ) ;
#6208 = VECTOR ( 'NONE', #1412, 39.37007874015748100 ) ;
#6209 = ORIENTED_EDGE ( 'NONE', *, *, #8502, .F. ) ;
#6210 = CARTESIAN_POINT ( 'NONE',  ( 0.1940000000000000100, 0.5319999999999999200, -0.1275000000000000300 ) ) ;
#6211 = ORIENTED_EDGE ( 'NONE', *, *, #5096, .F. ) ;
#6212 = EDGE_CURVE ( 'NONE', #1381, #5371, #4868, .T. ) ;
#6213 = PRESENTATION_STYLE_ASSIGNMENT (( #1458 ) ) ;
#6214 = SURFACE_SIDE_STYLE ('',( #8624 ) ) ;
#6215 = CARTESIAN_POINT ( 'NONE',  ( 0.1530000000000000200, 0.1260000000000001100, -0.1080000000000000300 ) ) ;
#6216 = FACE_OUTER_BOUND ( 'NONE', #8598, .T. ) ;
#6217 = ORIENTED_EDGE ( 'NONE', *, *, #6539, .F. ) ;
#6218 = CARTESIAN_POINT ( 'NONE',  ( 0.1439007441433451100, -0.1760000000000001600, -0.01149999999999993200 ) ) ;
#6219 = DIRECTION ( 'NONE',  ( 0.0000000000000000000, -1.000000000000000000, -1.455174712534229700E-016 ) ) ;
#6220 = DIRECTION ( 'NONE',  ( 0.0000000000000000000, 0.0000000000000000000, 1.000000000000000000 ) ) ;
#6221 = FACE_OUTER_BOUND ( 'NONE', #907, .T. ) ;
#6222 = DIRECTION ( 'NONE',  ( 0.0000000000000000000, 1.000000000000000000, 3.244104004879253700E-016 ) ) ;
#6223 = DIRECTION ( 'NONE',  ( -1.000000000000000000, 0.0000000000000000000, 0.0000000000000000000 ) ) ;
#6224 = VECTOR ( 'NONE', #8130, 39.37007874015748900 ) ;
#6225 = EDGE_CURVE ( 'NONE', #54, #346, #6228, .T. ) ;
#6226 = CARTESIAN_POINT ( 'NONE',  ( -0.2490000000000000300, 0.0000000000000000000, -0.04149999999999996100 ) ) ;
#6227 = ADVANCED_FACE ( 'NONE', ( #1691 ), #6724, .F. ) ;
#6228 = LINE ( 'NONE', #623, #5800 ) ;
#6229 = SURFACE_SIDE_STYLE ('',( #1623 ) ) ;
#6230 = ADVANCED_FACE ( 'NONE', ( #4459 ), #52, .F. ) ;
#6231 = CARTESIAN_POINT ( 'NONE',  ( -0.2490000000000000300, -0.1510000000000001300, -0.07800000000000002800 ) ) ;
#6232 = PLANE ( 'NONE',  #7959 ) ;
#6233 = PLANE ( 'NONE',  #8055 ) ;
#6234 = SURFACE_STYLE_FILL_AREA ( #4502 ) ;
#6235 = AXIS2_PLACEMENT_3D ( 'NONE', #1868, #7972, #5981 ) ;
#6236 = AXIS2_PLACEMENT_3D ( 'NONE', #8685, #4080, #654 ) ;
#6237 = ORIENTED_EDGE ( 'NONE', *, *, #5606, .F. ) ;
#6238 = EDGE_CURVE ( 'NONE', #5719, #8020, #8224, .T. ) ;
#6239 = EDGE_LOOP ( 'NONE', ( #292, #917, #6704, #5688 ) ) ;
#6240 = DIRECTION ( 'NONE',  ( 0.0000000000000000000, 0.0000000000000000000, 1.000000000000000000 ) ) ;
#6241 = VERTEX_POINT ( 'NONE', #6108 ) ;
#6242 = EDGE_LOOP ( 'NONE', ( #5788, #3733, #8561, #3913 ) ) ;
#6243 = VECTOR ( 'NONE', #2067, 39.37007874015747400 ) ;
#6244 = DIRECTION ( 'NONE',  ( -1.000000000000000000, -0.0000000000000000000, -0.0000000000000000000 ) ) ;
#6245 =( LENGTH_UNIT ( ) NAMED_UNIT ( * ) SI_UNIT ( $, .METRE. ) );
#6246 = DIRECTION ( 'NONE',  ( 0.0000000000000000000, 0.5161614676060311000, -0.8564912955534271800 ) ) ;
#6247 = AXIS2_PLACEMENT_3D ( 'NONE', #8189, #4149, #883 ) ;
#6248 = VERTEX_POINT ( 'NONE', #3299 ) ;
#6249 = DIRECTION ( 'NONE',  ( 0.0000000000000000000, -2.008711760047251600E-016, 1.000000000000000000 ) ) ;
#6250 = VERTEX_POINT ( 'NONE', #3998 ) ;
#6251 = LINE ( 'NONE', #8143, #2443 ) ;
#6252 = CARTESIAN_POINT ( 'NONE',  ( 0.3813772634747842300, 0.5520000000000000500, -0.1274999999999997200 ) ) ;
#6253 = AXIS2_PLACEMENT_3D ( 'NONE', #4060, #661, #8110 ) ;
#6254 = ORIENTED_EDGE ( 'NONE', *, *, #6980, .F. ) ;
#6255 = ORIENTED_EDGE ( 'NONE', *, *, #2945, .T. ) ;
#6256 = PLANE ( 'NONE',  #5565 ) ;
#6257 = EDGE_CURVE ( 'NONE', #2130, #5338, #8643, .T. ) ;
#6258 = PLANE ( 'NONE',  #2536 ) ;
#6259 = VERTEX_POINT ( 'NONE', #3329 ) ;
#6260 =( NAMED_UNIT ( * ) SI_UNIT ( $, .STERADIAN. ) SOLID_ANGLE_UNIT ( ) );
#6261 = MECHANICAL_DESIGN_GEOMETRIC_PRESENTATION_REPRESENTATION (  '', ( #7888 ), #8347 ) ;
#6262 = ORIENTED_EDGE ( 'NONE', *, *, #5911, .T. ) ;
#6263 = EDGE_CURVE ( 'NONE', #6725, #804, #6006, .T. ) ;
#6264 = CARTESIAN_POINT ( 'NONE',  ( 0.3449007441433451500, -0.1700000000000001000, -0.1885000000000000600 ) ) ;
#6265 = VECTOR ( 'NONE', #7650, 39.37007874015748100 ) ;
#6266 = DIRECTION ( 'NONE',  ( -0.0000000000000000000, -0.0000000000000000000, -1.000000000000000000 ) ) ;
#6267 = DIRECTION ( 'NONE',  ( -1.724651511151681200E-016, -1.000000000000000000, 0.0000000000000000000 ) ) ;
#6268 = DIRECTION ( 'NONE',  ( -0.0000000000000000000, -0.5161614676060311000, 0.8564912955534271800 ) ) ;
#6269 = VERTEX_POINT ( 'NONE', #5363 ) ;
#6270 = CARTESIAN_POINT ( 'NONE',  ( 0.2490000000000000000, 0.02569473886660282200, -0.02601515597181902300 ) ) ;
#6271 = VERTEX_POINT ( 'NONE', #7377 ) ;
#6272 = PLANE ( 'NONE',  #6992 ) ;
#6273 = CIRCLE ( 'NONE', #7623, 0.01999999999999999000 ) ;
#6274 = STYLED_ITEM ( 'NONE', ( #1863 ), #314 ) ;
#6275 = LINE ( 'NONE', #2566, #7648 ) ;
#6276 = ADVANCED_FACE ( 'NONE', ( #2865 ), #5477, .F. ) ;
#6277 = CARTESIAN_POINT ( 'NONE',  ( 0.3789999999999999500, 0.1358841571526839800, -0.1885000000000000300 ) ) ;
#6278 = ORIENTED_EDGE ( 'NONE', *, *, #2940, .F. ) ;
#6279 = DIRECTION ( 'NONE',  ( 0.0000000000000000000, 0.0000000000000000000, 1.000000000000000000 ) ) ;
#6280 = CARTESIAN_POINT ( 'NONE',  ( 0.2199999999999999700, 0.07336898097372462900, -0.09200000000000001200 ) ) ;
#6281 = VECTOR ( 'NONE', #7172, 39.37007874015748100 ) ;
#6282 = CARTESIAN_POINT ( 'NONE',  ( -0.1820000000000000800, 0.07336898097372462900, -0.07800000000000002800 ) ) ;
#6283 = DIRECTION ( 'NONE',  ( -1.000000000000000000, -0.0000000000000000000, -0.0000000000000000000 ) ) ;
#6284 = ORIENTED_EDGE ( 'NONE', *, *, #979, .T. ) ;
#6285 = PRESENTATION_LAYER_ASSIGNMENT (  '', '', ( #7029 ) ) ;
#6286 = CARTESIAN_POINT ( 'NONE',  ( -0.1939999999999999200, 0.5220000000000000200, -0.1885000000000000300 ) ) ;
#6287 = FILL_AREA_STYLE_COLOUR ( '', #5228 ) ;
#6288 = SURFACE_STYLE_USAGE ( .BOTH. , #4947 ) ;
#6289 = ORIENTED_EDGE ( 'NONE', *, *, #4638, .T. ) ;
#6290 = LINE ( 'NONE', #2573, #4935 ) ;
#6291 = MECHANICAL_DESIGN_GEOMETRIC_PRESENTATION_REPRESENTATION (  '', ( #3102 ), #7608 ) ;
#6292 = ORIENTED_EDGE ( 'NONE', *, *, #2897, .F. ) ;
#6293 = CIRCLE ( 'NONE', #6761, 0.01399999999999996600 ) ;
#6294 = CARTESIAN_POINT ( 'NONE',  ( -0.2490000000000000300, 0.06137810283597668100, -0.08522626054648445300 ) ) ;
#6295 = CARTESIAN_POINT ( 'NONE',  ( -0.3160000000000000600, 0.1260000000000001100, -0.1080000000000000300 ) ) ;
#6296 = CARTESIAN_POINT ( 'NONE',  ( -0.3415199992981791100, -0.1792885201230315100, 0.1724999999999999000 ) ) ;
#6297 = MECHANICAL_DESIGN_GEOMETRIC_PRESENTATION_REPRESENTATION (  '', ( #1332 ), #6868 ) ;
#6298 = ORIENTED_EDGE ( 'NONE', *, *, #2430, .F. ) ;
#6299 = FILL_AREA_STYLE ('',( #4307 ) ) ;
#6300 = EDGE_CURVE ( 'NONE', #6162, #5199, #1080, .T. ) ;
#6301 = CIRCLE ( 'NONE', #2379, 0.01399999999999997400 ) ;
#6302 = LINE ( 'NONE', #1174, #4542 ) ;
#6303 = VERTEX_POINT ( 'NONE', #4853 ) ;
#6304 = LINE ( 'NONE', #1571, #7263 ) ;
#6305 = ORIENTED_EDGE ( 'NONE', *, *, #7938, .F. ) ;
#6306 = CARTESIAN_POINT ( 'NONE',  ( -0.3160000000000000600, 0.01389564612297850000, 0.1602061708076718500 ) ) ;
#6307 = ORIENTED_EDGE ( 'NONE', *, *, #3936, .F. ) ;
#6308 = VERTEX_POINT ( 'NONE', #4269 ) ;
#6309 = EDGE_CURVE ( 'NONE', #6402, #2237, #4259, .T. ) ;
#6310 = PRESENTATION_STYLE_ASSIGNMENT (( #6697 ) ) ;
#6311 = UNCERTAINTY_MEASURE_WITH_UNIT (LENGTH_MEASURE( 1.000000000000000100E-005 ), #5944, 'distance_accuracy_value', 'NONE');
#6312 = FACE_OUTER_BOUND ( 'NONE', #1621, .T. ) ;
#6313 = DIRECTION ( 'NONE',  ( -0.0000000000000000000, -0.0000000000000000000, 1.000000000000000000 ) ) ;
#6314 = LINE ( 'NONE', #6773, #1572 ) ;
#6315 = CARTESIAN_POINT ( 'NONE',  ( -0.08600000000000002100, -1.707404996040164500E-017, 0.1724999999999999300 ) ) ;
#6316 = PRESENTATION_STYLE_ASSIGNMENT (( #5351 ) ) ;
#6317 = ORIENTED_EDGE ( 'NONE', *, *, #4850, .T. ) ;
#6318 = EDGE_CURVE ( 'NONE', #6783, #6132, #865, .T. ) ;
#6319 = ORIENTED_EDGE ( 'NONE', *, *, #1398, .F. ) ;
#6320 = CARTESIAN_POINT ( 'NONE',  ( 0.2140000000000000000, 0.5320000000000001400, 0.8807583994195136200 ) ) ;
#6321 = ADVANCED_FACE ( 'NONE', ( #5100 ), #4200, .T. ) ;
#6322 = CARTESIAN_POINT ( 'NONE',  ( 0.2739999999999999100, 0.8199999999999999500, 0.8807583994195136200 ) ) ;
#6323 = AXIS2_PLACEMENT_3D ( 'NONE', #8252, #910, #2943 ) ;
#6324 = CARTESIAN_POINT ( 'NONE',  ( -0.3160000000000000600, -2.134256245050205600E-017, 0.1884999999999999200 ) ) ;
#6325 =( NAMED_UNIT ( * ) SI_UNIT ( $, .STERADIAN. ) SOLID_ANGLE_UNIT ( ) );
#6326 = VECTOR ( 'NONE', #4756, 39.37007874015748100 ) ;
#6327 = LINE ( 'NONE', #1965, #2085 ) ;
#6328 = EDGE_CURVE ( 'NONE', #6775, #5381, #1892, .T. ) ;
#6329 = ORIENTED_EDGE ( 'NONE', *, *, #5337, .T. ) ;
#6330 = CARTESIAN_POINT ( 'NONE',  ( -0.3625000000000001000, 0.1910000000000002300, -0.03150000000000002800 ) ) ;
#6331 = PLANE ( 'NONE',  #5965 ) ;
#6332 = DIRECTION ( 'NONE',  ( 1.000000000000000000, 0.0000000000000000000, 0.0000000000000000000 ) ) ;
#6333 = COLOUR_RGB ( '',0.2509803921568627400, 0.2509803921568627400, 0.2509803921568627400 ) ;
#6334 = CARTESIAN_POINT ( 'NONE',  ( 0.01899999999999998900, 0.02569473886660282200, -0.02601515597181902300 ) ) ;
#6335 = SURFACE_STYLE_USAGE ( .BOTH. , #2986 ) ;
#6336 = DIRECTION ( 'NONE',  ( -1.000000000000000000, -0.0000000000000000000, -0.0000000000000000000 ) ) ;
#6337 = CARTESIAN_POINT ( 'NONE',  ( -0.3350000000000000200, 0.1910000000000002300, -0.03150000000000003500 ) ) ;
#6338 = LINE ( 'NONE', #3188, #6645 ) ;
#6339 = DIRECTION ( 'NONE',  ( -0.0000000000000000000, -0.0000000000000000000, 1.000000000000000000 ) ) ;
#6340 = ORIENTED_EDGE ( 'NONE', *, *, #1076, .T. ) ;
#6341 = PLANE ( 'NONE',  #6117 ) ;
#6342 = EDGE_LOOP ( 'NONE', ( #4547, #2158, #8644, #2679 ) ) ;
#6343 = DIRECTION ( 'NONE',  ( -1.000000000000000000, -0.0000000000000000000, -0.0000000000000000000 ) ) ;
#6344 = DIRECTION ( 'NONE',  ( -1.000000000000000000, -0.0000000000000000000, 0.0000000000000000000 ) ) ;
#6345 = DIRECTION ( 'NONE',  ( 0.3420201433256637700, 0.9396926207859100900, 0.0000000000000000000 ) ) ;
#6346 =( NAMED_UNIT ( * ) SI_UNIT ( $, .STERADIAN. ) SOLID_ANGLE_UNIT ( ) );
#6347 = ORIENTED_EDGE ( 'NONE', *, *, #8400, .F. ) ;
#6348 = ORIENTED_EDGE ( 'NONE', *, *, #2897, .T. ) ;
#6349 = ORIENTED_EDGE ( 'NONE', *, *, #3635, .T. ) ;
#6350 = ORIENTED_EDGE ( 'NONE', *, *, #1399, .F. ) ;
#6351 = ORIENTED_EDGE ( 'NONE', *, *, #1238, .F. ) ;
#6352 = LINE ( 'NONE', #2039, #392 ) ;
#6353 = PRESENTATION_LAYER_ASSIGNMENT (  '', '', ( #947 ) ) ;
#6354 = EDGE_CURVE ( 'NONE', #5600, #1329, #153, .T. ) ;
#6355 = CARTESIAN_POINT ( 'NONE',  ( -0.2200000000000000600, 0.01389564612297850000, 0.1602061708076718500 ) ) ;
#6356 = ORIENTED_EDGE ( 'NONE', *, *, #1625, .T. ) ;
#6357 = DIRECTION ( 'NONE',  ( -0.0000000000000000000, -0.0000000000000000000, -1.000000000000000000 ) ) ;
#6358 = ORIENTED_EDGE ( 'NONE', *, *, #5754, .T. ) ;
#6359 = EDGE_LOOP ( 'NONE', ( #8687, #7887, #4569, #5683 ) ) ;
#6360 = ORIENTED_EDGE ( 'NONE', *, *, #1663, .T. ) ;
#6361 = DIRECTION ( 'NONE',  ( -1.000000000000000000, -0.0000000000000000000, -0.0000000000000000000 ) ) ;
#6362 = VECTOR ( 'NONE', #1008, 39.37007874015748100 ) ;
#6363 = ADVANCED_FACE ( 'NONE', ( #5908 ), #3483, .T. ) ;
#6364 = CARTESIAN_POINT ( 'NONE',  ( 0.3540000000000000400, 0.1260000000000001100, -0.09200000000000001200 ) ) ;
#6365 = EDGE_CURVE ( 'NONE', #6899, #2968, #6972, .T. ) ;
#6366 = DIRECTION ( 'NONE',  ( -1.000000000000000000, -0.0000000000000000000, -0.0000000000000000000 ) ) ;
#6367 = SURFACE_SIDE_STYLE ('',( #3679 ) ) ;
#6368 = MECHANICAL_DESIGN_GEOMETRIC_PRESENTATION_REPRESENTATION (  '', ( #3391 ), #961 ) ;
#6369 = FILL_AREA_STYLE_COLOUR ( '', #4520 ) ;
#6370 = LINE ( 'NONE', #2448, #4793 ) ;
#6371 = DIRECTION ( 'NONE',  ( 0.0000000000000000000, -1.000000000000000000, 0.0000000000000000000 ) ) ;
#6372 = EDGE_CURVE ( 'NONE', #6259, #5461, #8215, .T. ) ;
#6373 = VERTEX_POINT ( 'NONE', #7592 ) ;
#6374 = EDGE_CURVE ( 'NONE', #2561, #8471, #6435, .T. ) ;
#6375 = VERTEX_POINT ( 'NONE', #3551 ) ;
#6376 =( CONVERSION_BASED_UNIT ( 'INCH', #8076 ) LENGTH_UNIT ( ) NAMED_UNIT ( #2854 ) );
#6377 = DIRECTION ( 'NONE',  ( -1.000000000000000000, -0.0000000000000000000, -0.0000000000000000000 ) ) ;
#6378 = AXIS2_PLACEMENT_3D ( 'NONE', #4748, #721, #5430 ) ;
#6379 = LINE ( 'NONE', #2756, #8682 ) ;
#6380 = AXIS2_PLACEMENT_3D ( 'NONE', #187, #1493, #6219 ) ;
#6381 = FACE_OUTER_BOUND ( 'NONE', #4879, .T. ) ;
#6382 = EDGE_CURVE ( 'NONE', #898, #2442, #3399, .T. ) ;
#6383 = DIRECTION ( 'NONE',  ( -0.3420201433256634900, -0.9396926207859103200, 0.0000000000000000000 ) ) ;
#6384 = CARTESIAN_POINT ( 'NONE',  ( -0.3540000000000000400, -1.707404996040164500E-017, 0.1584999999999999700 ) ) ;
#6385 = DIRECTION ( 'NONE',  ( -1.000000000000000000, -0.0000000000000000000, -0.0000000000000000000 ) ) ;
#6386 = ORIENTED_EDGE ( 'NONE', *, *, #6953, .F. ) ;
#6387 = CYLINDRICAL_SURFACE ( 'NONE', #5042, 0.01999999999999999000 ) ;
#6388 = FACE_OUTER_BOUND ( 'NONE', #1351, .T. ) ;
#6389 = LINE ( 'NONE', #7551, #2042 ) ;
#6390 = CARTESIAN_POINT ( 'NONE',  ( -0.3160000000000000600, 0.1260000000000001100, -0.1080000000000000300 ) ) ;
#6391 = CARTESIAN_POINT ( 'NONE',  ( -0.04800000000000004300, 0.04359259642448493800, -0.08165608030215425200 ) ) ;
#6392 = DIRECTION ( 'NONE',  ( -1.000000000000000000, 0.0000000000000000000, 0.0000000000000000000 ) ) ;
#6393 = CARTESIAN_POINT ( 'NONE',  ( -0.3790000000000000600, 0.5520000000000002700, -0.1275000000000000300 ) ) ;
#6394 = ORIENTED_EDGE ( 'NONE', *, *, #7380, .F. ) ;
#6396 = EDGE_CURVE ( 'NONE', #6847, #889, #1589, .T. ) ;
#6395 = LINE ( 'NONE', #532, #6490 ) ;
#6397 = DIRECTION ( 'NONE',  ( 1.000000000000000000, 0.0000000000000000000, -0.0000000000000000000 ) ) ;
#6398 = LINE ( 'NONE', #2738, #2589 ) ;
#6399 = DIRECTION ( 'NONE',  ( 0.0000000000000000000, 0.0000000000000000000, 1.000000000000000000 ) ) ;
#6400 = VERTEX_POINT ( 'NONE', #108 ) ;
#6401 = CARTESIAN_POINT ( 'NONE',  ( 0.3940000000000000200, 0.5435283357324216500, -0.1079999999999975600 ) ) ;
#6402 = VERTEX_POINT ( 'NONE', #1450 ) ;
#6403 = DIRECTION ( 'NONE',  ( -0.0000000000000000000, -0.0000000000000000000, -1.000000000000000000 ) ) ;
#6404 = VECTOR ( 'NONE', #5982, 39.37007874015748100 ) ;
#6405 = LINE ( 'NONE', #4288, #2824 ) ;
#6406 = CARTESIAN_POINT ( 'NONE',  ( -0.3540000000000000400, 0.07336898097372462900, -0.07800000000000002800 ) ) ;
#6407 =( GEOMETRIC_REPRESENTATION_CONTEXT ( 3 ) GLOBAL_UNCERTAINTY_ASSIGNED_CONTEXT ( ( #5108 ) ) GLOBAL_UNIT_ASSIGNED_CONTEXT ( ( #3413, #7398, #2079 ) ) REPRESENTATION_CONTEXT ( 'NONE', 'WORKASPACE' ) );
#6408 = ADVANCED_FACE ( 'NONE', ( #1373 ), #6163, .T. ) ;
#6409 = CIRCLE ( 'NONE', #6570, 0.01999999999999999000 ) ;
#6410 = VECTOR ( 'NONE', #2609, 39.37007874015748900 ) ;
#6411 = ORIENTED_EDGE ( 'NONE', *, *, #4685, .T. ) ;
#6412 = COLOUR_RGB ( '',0.2509803921568627400, 0.2509803921568627400, 0.2509803921568627400 ) ;
#6413 =( CONVERSION_BASED_UNIT ( 'INCH', #414 ) LENGTH_UNIT ( ) NAMED_UNIT ( #4448 ) );
#6414 = VECTOR ( 'NONE', #6371, 39.37007874015748100 ) ;
#6415 = SURFACE_STYLE_FILL_AREA ( #958 ) ;
#6416 = CARTESIAN_POINT ( 'NONE',  ( 0.2870000000000000300, -2.134256245050205600E-018, -0.02749999999999999700 ) ) ;
#6417 = CARTESIAN_POINT ( 'NONE',  ( -0.3836888968124838000, 0.5514452631789947800, -0.1229820311533786200 ) ) ;
#6418 = VERTEX_POINT ( 'NONE', #5650 ) ;
#6419 = PLANE ( 'NONE',  #3011 ) ;
#6420 = ORIENTED_EDGE ( 'NONE', *, *, #6603, .T. ) ;
#6421 = AXIS2_PLACEMENT_3D ( 'NONE', #7073, #3737, #4410 ) ;
#6422 = ORIENTED_EDGE ( 'NONE', *, *, #4537, .F. ) ;
#6423 = PLANE ( 'NONE',  #5975 ) ;
#6424 = FACE_OUTER_BOUND ( 'NONE', #517, .T. ) ;
#6425 = EDGE_CURVE ( 'NONE', #6568, #3916, #1474, .T. ) ;
#6426 = UNCERTAINTY_MEASURE_WITH_UNIT (LENGTH_MEASURE( 1.000000000000000100E-005 ), #4043, 'distance_accuracy_value', 'NONE');
#6427 = FACE_OUTER_BOUND ( 'NONE', #6037, .T. ) ;
#6428 = CARTESIAN_POINT ( 'NONE',  ( -0.05709925585665495000, -0.1700000000000001000, -0.1885000000000000600 ) ) ;
#6429 = AXIS2_PLACEMENT_3D ( 'NONE', #3600, #4358, #7713 ) ;
#6430 = DIRECTION ( 'NONE',  ( -0.0000000000000000000, -0.0000000000000000000, -1.000000000000000000 ) ) ;
#6431 = VERTEX_POINT ( 'NONE', #4792 ) ;
#6432 = EDGE_CURVE ( 'NONE', #5937, #1704, #2531, .T. ) ;
#6433 = DIRECTION ( 'NONE',  ( 0.0000000000000000000, -3.244104004879254200E-016, -1.000000000000000000 ) ) ;
#6434 = CARTESIAN_POINT ( 'NONE',  ( 0.2199999999999999700, 0.1260000000000001100, -0.09200000000000001200 ) ) ;
#6435 = LINE ( 'NONE', #800, #5291 ) ;
#6436 = DIRECTION ( 'NONE',  ( 0.0000000000000000000, 1.000000000000000000, 0.0000000000000000000 ) ) ;
#6437 = CARTESIAN_POINT ( 'NONE',  ( -0.2004695354686668600, -0.01766364454451666700, -0.02750000000000000000 ) ) ;
#6438 = LINE ( 'NONE', #6231, #3291 ) ;
#6439 = EDGE_CURVE ( 'NONE', #4675, #7193, #4761, .T. ) ;
#6440 = VECTOR ( 'NONE', #5336, 39.37007874015748100 ) ;
#6441 = DIRECTION ( 'NONE',  ( 0.0000000000000000000, -0.0000000000000000000, -1.000000000000000000 ) ) ;
#6442 = CARTESIAN_POINT ( 'NONE',  ( -0.1530000000000000200, 0.07336898097372462900, -0.07800000000000002800 ) ) ;
#6443 = CARTESIAN_POINT ( 'NONE',  ( 0.04800000000000000800, -1.707404996040164500E-017, 0.1584999999999999700 ) ) ;
#6444 = FACE_OUTER_BOUND ( 'NONE', #8556, .T. ) ;
#6445 = CARTESIAN_POINT ( 'NONE',  ( -0.3858072634978770800, 0.5503664192538791900, -0.1141955524855204400 ) ) ;
#6446 = DIRECTION ( 'NONE',  ( 0.0000000000000000000, 0.0000000000000000000, -1.000000000000000000 ) ) ;
#6447 = ADVANCED_FACE ( 'NONE', ( #5193 ), #1884, .T. ) ;
#6448 = DIRECTION ( 'NONE',  ( 0.0000000000000000000, 0.0000000000000000000, -1.000000000000000000 ) ) ;
#6449 = DIMENSIONAL_EXPONENTS ( 1.000000000000000000, 0.0000000000000000000, 0.0000000000000000000, 0.0000000000000000000, 0.0000000000000000000, 0.0000000000000000000, 0.0000000000000000000 ) ;
#6450 = ORIENTED_EDGE ( 'NONE', *, *, #6642, .T. ) ;
#6451 = DIRECTION ( 'NONE',  ( 0.0000000000000000000, 0.0000000000000000000, 1.000000000000000000 ) ) ;
#6452 = EDGE_LOOP ( 'NONE', ( #340, #7230, #5881, #6756 ) ) ;
#6453 = CARTESIAN_POINT ( 'NONE',  ( 0.3160000000000000600, 0.04359259642448493800, -0.08165608030215425200 ) ) ;
#6454 = PLANE ( 'NONE',  #1876 ) ;
#6455 = ORIENTED_EDGE ( 'NONE', *, *, #3812, .F. ) ;
#6456 = VERTEX_POINT ( 'NONE', #5003 ) ;
#6457 = LINE ( 'NONE', #1467, #5116 ) ;
#6458 = DIRECTION ( 'NONE',  ( 0.0000000000000000000, -3.244104004879254200E-016, 1.000000000000000000 ) ) ;
#6459 = CARTESIAN_POINT ( 'NONE',  ( 0.2870000000000000300, 0.0000000000000000000, -0.01149999999999994900 ) ) ;
#6460 = CARTESIAN_POINT ( 'NONE',  ( 0.2870000000000000300, 0.01199087813774794300, -0.03427373945351554900 ) ) ;
#6461 = ORIENTED_EDGE ( 'NONE', *, *, #7069, .F. ) ;
#6462 = DIRECTION ( 'NONE',  ( 0.9396926207859102000, 0.3420201433256638300, 0.0000000000000000000 ) ) ;
#6463 = ORIENTED_EDGE ( 'NONE', *, *, #5599, .T. ) ;
#6464 = ORIENTED_EDGE ( 'NONE', *, *, #8220, .F. ) ;
#6465 = DIRECTION ( 'NONE',  ( 0.0000000000000000000, 0.0000000000000000000, 1.000000000000000000 ) ) ;
#6466 = ORIENTED_EDGE ( 'NONE', *, *, #2925, .T. ) ;
#6467 = VECTOR ( 'NONE', #5566, 39.37007874015748100 ) ;
#6468 = ORIENTED_EDGE ( 'NONE', *, *, #7684, .T. ) ;
#6469 = AXIS2_PLACEMENT_3D ( 'NONE', #4109, #730, #1384 ) ;
#6470 = VERTEX_POINT ( 'NONE', #2971 ) ;
#6471 = CIRCLE ( 'NONE', #733, 0.01999999999999999000 ) ;
#6472 = EDGE_CURVE ( 'NONE', #5419, #5972, #7700, .T. ) ;
#6473 = DIRECTION ( 'NONE',  ( 1.000000000000000000, 0.0000000000000000000, 0.0000000000000000000 ) ) ;
#6474 = CARTESIAN_POINT ( 'NONE',  ( -0.2490000000000000300, -0.1510000000000001300, -0.01149999999999993200 ) ) ;
#6475 = PRESENTATION_LAYER_ASSIGNMENT (  '', '', ( #2997 ) ) ;
#6476 = VERTEX_POINT ( 'NONE', #7731 ) ;
#6477 = EDGE_CURVE ( 'NONE', #1432, #5160, #3079, .T. ) ;
#6478 = VERTEX_POINT ( 'NONE', #5620 ) ;
#6479 = DIRECTION ( 'NONE',  ( 0.0000000000000000000, -0.0000000000000000000, 1.000000000000000000 ) ) ;
#6480 = FACE_OUTER_BOUND ( 'NONE', #4129, .T. ) ;
#6481 = LINE ( 'NONE', #7410, #1526 ) ;
#6482 = PLANE ( 'NONE',  #4821 ) ;
#6483 = EDGE_CURVE ( 'NONE', #6402, #6456, #5092, .T. ) ;
#6484 = DIRECTION ( 'NONE',  ( -1.000000000000000000, -0.0000000000000000000, -0.0000000000000000000 ) ) ;
#6485 = LINE ( 'NONE', #5792, #4698 ) ;
#6486 = EDGE_CURVE ( 'NONE', #1376, #7345, #2860, .T. ) ;
#6487 = FILL_AREA_STYLE ('',( #3197 ) ) ;
#6488 = DIRECTION ( 'NONE',  ( -1.000000000000000000, 0.0000000000000000000, 0.0000000000000000000 ) ) ;
#6489 = EDGE_LOOP ( 'NONE', ( #1201, #7090, #673, #1947 ) ) ;
#6490 = VECTOR ( 'NONE', #5178, 39.37007874015748100 ) ;
#6491 = EDGE_CURVE ( 'NONE', #118, #5230, #3947, .T. ) ;
#6492 =( CONVERSION_BASED_UNIT ( 'INCH', #2682 ) LENGTH_UNIT ( ) NAMED_UNIT ( #8681 ) );
#6493 = VECTOR ( 'NONE', #1698, 39.37007874015748100 ) ;
#6494 = DIMENSIONAL_EXPONENTS ( 1.000000000000000000, 0.0000000000000000000, 0.0000000000000000000, 0.0000000000000000000, 0.0000000000000000000, 0.0000000000000000000, 0.0000000000000000000 ) ;
#6495 = CARTESIAN_POINT ( 'NONE',  ( -0.3790000000000000600, 0.5370000000000001400, -0.01150000000000003500 ) ) ;
#6496 = ORIENTED_EDGE ( 'NONE', *, *, #7777, .F. ) ;
#6497 = VERTEX_POINT ( 'NONE', #6315 ) ;
#6498 = ORIENTED_EDGE ( 'NONE', *, *, #4737, .F. ) ;
#6499 = LINE ( 'NONE', #1010, #4009 ) ;
#6500 =( CONVERSION_BASED_UNIT ( 'INCH', #2646 ) LENGTH_UNIT ( ) NAMED_UNIT ( #3841 ) );
#6501 = ORIENTED_EDGE ( 'NONE', *, *, #1101, .F. ) ;
#6502 = EDGE_CURVE ( 'NONE', #5905, #6074, #968, .T. ) ;
#6503 = CARTESIAN_POINT ( 'NONE',  ( -0.2490000000000000300, -2.134256245050205600E-018, -0.02749999999999999700 ) ) ;
#6504 =( CONVERSION_BASED_UNIT ( 'INCH', #3370 ) LENGTH_UNIT ( ) NAMED_UNIT ( #6449 ) );
#6505 = LINE ( 'NONE', #8606, #4627 ) ;
#6506 = PRESENTATION_STYLE_ASSIGNMENT (( #5075 ) ) ;
#6507 = VERTEX_POINT ( 'NONE', #293 ) ;
#6508 = DIRECTION ( 'NONE',  ( 0.0000000000000000000, 0.0000000000000000000, 1.000000000000000000 ) ) ;
#6509 = CARTESIAN_POINT ( 'NONE',  ( -0.1910992558566549600, -0.1700000000000001000, 0.1884999999999999200 ) ) ;
#6510 = DIRECTION ( 'NONE',  ( 0.0000000000000000000, -1.000000000000000000, 0.0000000000000000000 ) ) ;
#6511 = LENGTH_MEASURE_WITH_UNIT ( LENGTH_MEASURE( 0.02539999999999999900 ), #3661 );
#6512 = DIRECTION ( 'NONE',  ( -0.3420201433256637700, 0.9396926207859100900, 1.887571618202279600E-016 ) ) ;
#6513 = LINE ( 'NONE', #4504, #5983 ) ;
#6514 = CARTESIAN_POINT ( 'NONE',  ( -0.2140000000000000500, 0.5019999999999998900, -0.1885000000000000300 ) ) ;
#6515 = VERTEX_POINT ( 'NONE', #7059 ) ;
#6516 = VECTOR ( 'NONE', #824, 39.37007874015748100 ) ;
#6517 = VERTEX_POINT ( 'NONE', #7699 ) ;
#6518 = ORIENTED_EDGE ( 'NONE', *, *, #2350, .T. ) ;
#6519 = DIRECTION ( 'NONE',  ( -1.000000000000000000, -0.0000000000000000000, -0.0000000000000000000 ) ) ;
#6520 = STYLED_ITEM ( 'NONE', ( #3447 ), #3615 ) ;
#6521 = VECTOR ( 'NONE', #2668, 39.37007874015748100 ) ;
#6522 = EDGE_CURVE ( 'NONE', #2780, #6269, #8111, .T. ) ;
#6523 = LINE ( 'NONE', #4083, #2075 ) ;
#6524 = FACE_OUTER_BOUND ( 'NONE', #6660, .T. ) ;
#6525 = FACE_OUTER_BOUND ( 'NONE', #1405, .T. ) ;
#6526 = ORIENTED_EDGE ( 'NONE', *, *, #963, .T. ) ;
#6527 = CARTESIAN_POINT ( 'NONE',  ( -0.3731978351792616900, 0.5377569909352640800, -0.01150000000000003500 ) ) ;
#6528 = ORIENTED_EDGE ( 'NONE', *, *, #516, .F. ) ;
#6529 = VERTEX_POINT ( 'NONE', #3695 ) ;
#6530 = CARTESIAN_POINT ( 'NONE',  ( 0.3160000000000000600, 0.07336898097372462900, -0.1080000000000000500 ) ) ;
#6531 =( NAMED_UNIT ( * ) SI_UNIT ( $, .STERADIAN. ) SOLID_ANGLE_UNIT ( ) );
#6532 = UNCERTAINTY_MEASURE_WITH_UNIT (LENGTH_MEASURE( 1.000000000000000100E-005 ), #5673, 'distance_accuracy_value', 'NONE');
#6533 = AXIS2_PLACEMENT_3D ( 'NONE', #6024, #2725, #8049 ) ;
#6534 = CIRCLE ( 'NONE', #7094, 0.03000000000000002300 ) ;
#6535 = CARTESIAN_POINT ( 'NONE',  ( -0.3934509274205487700, 0.5414040957013504000, -0.09394982189794289000 ) ) ;
#6536 = CARTESIAN_POINT ( 'NONE',  ( -0.2870000000000000300, 0.0000000000000000000, -0.04149999999999996100 ) ) ;
#6537 = EDGE_CURVE ( 'NONE', #3612, #199, #367, .T. ) ;
#6538 = ORIENTED_EDGE ( 'NONE', *, *, #6637, .F. ) ;
#6539 = EDGE_CURVE ( 'NONE', #6074, #6548, #2089, .T. ) ;
#6540 = CARTESIAN_POINT ( 'NONE',  ( 0.2199999999999999700, -0.1700000000000001000, 0.1724999999999999000 ) ) ;
#6541 = CARTESIAN_POINT ( 'NONE',  ( -0.2693978982977265900, -0.01696177787387360300, 0.1884999999999999200 ) ) ;
#6542 = AXIS2_PLACEMENT_3D ( 'NONE', #7949, #8625, #6623 ) ;
#6543 = AXIS2_PLACEMENT_3D ( 'NONE', #5664, #8306, #8273 ) ;
#6544 =( NAMED_UNIT ( * ) SI_UNIT ( $, .STERADIAN. ) SOLID_ANGLE_UNIT ( ) );
#6545 = EDGE_CURVE ( 'NONE', #2335, #5262, #5502, .T. ) ;
#6546 = DIRECTION ( 'NONE',  ( 0.0000000000000000000, 0.0000000000000000000, 1.000000000000000000 ) ) ;
#6547 = PRESENTATION_STYLE_ASSIGNMENT (( #1828 ) ) ;
#6548 = VERTEX_POINT ( 'NONE', #2480 ) ;
#6549 = DIRECTION ( 'NONE',  ( -0.0000000000000000000, -0.0000000000000000000, 1.000000000000000000 ) ) ;
#6550 = DIRECTION ( 'NONE',  ( 0.0000000000000000000, 0.0000000000000000000, 1.000000000000000000 ) ) ;
#6551 = CARTESIAN_POINT ( 'NONE',  ( -0.08600000000000002100, 0.01389564612297849500, 0.1602061708076718500 ) ) ;
#6552 = ORIENTED_EDGE ( 'NONE', *, *, #377, .F. ) ;
#6553 = DIRECTION ( 'NONE',  ( 0.0000000000000000000, -0.0000000000000000000, 1.000000000000000000 ) ) ;
#6554 = DIRECTION ( 'NONE',  ( -0.0000000000000000000, -0.0000000000000000000, -1.000000000000000000 ) ) ;
#6555 = MECHANICAL_DESIGN_GEOMETRIC_PRESENTATION_REPRESENTATION (  '', ( #3890 ), #7905 ) ;
#6556 = DIRECTION ( 'NONE',  ( 0.0000000000000000000, 0.0000000000000000000, 1.000000000000000000 ) ) ;
#6557 = ORIENTED_EDGE ( 'NONE', *, *, #1123, .T. ) ;
#6558 = CARTESIAN_POINT ( 'NONE',  ( 0.01899999999999998900, 0.07336898097372462900, -0.07800000000000002800 ) ) ;
#6559 = ORIENTED_EDGE ( 'NONE', *, *, #1089, .F. ) ;
#6560 = VERTEX_POINT ( 'NONE', #7181 ) ;
#6561 = VERTEX_POINT ( 'NONE', #3181 ) ;
#6562 = EDGE_LOOP ( 'NONE', ( #1094, #1767 ) ) ;
#6563 = LINE ( 'NONE', #6008, #2886 ) ;
#6564 = CARTESIAN_POINT ( 'NONE',  ( 0.2500000000000000600, 0.1910000000000001700, 0.8807583994195136200 ) ) ;
#6565 =( LENGTH_UNIT ( ) NAMED_UNIT ( * ) SI_UNIT ( $, .METRE. ) );
#6566 = ORIENTED_EDGE ( 'NONE', *, *, #8185, .F. ) ;
#6567 = DIRECTION ( 'NONE',  ( -1.000000000000000000, -0.0000000000000000000, -0.0000000000000000000 ) ) ;
#6568 = VERTEX_POINT ( 'NONE', #6514 ) ;
#6569 = PLANE ( 'NONE',  #853 ) ;
#6570 = AXIS2_PLACEMENT_3D ( 'NONE', #3448, #6556, #1152 ) ;
#6571 = ORIENTED_EDGE ( 'NONE', *, *, #1519, .F. ) ;
#6572 = AXIS2_PLACEMENT_3D ( 'NONE', #4253, #2282, #7019 ) ;
#6573 = CARTESIAN_POINT ( 'NONE',  ( 0.1820000000000000000, -0.1450000000000001000, 0.1884999999999998900 ) ) ;
#6574 = CARTESIAN_POINT ( 'NONE',  ( 0.3449007441433451500, -0.1700000000000001000, 0.1724999999999998800 ) ) ;
#6575 = DIRECTION ( 'NONE',  ( 0.0000000000000000000, 0.0000000000000000000, -1.000000000000000000 ) ) ;
#6576 = ADVANCED_FACE ( 'NONE', ( #8636 ), #1114, .F. ) ;
#6577 = CARTESIAN_POINT ( 'NONE',  ( -0.1530000000000000200, 0.07336898097372462900, -0.1080000000000000500 ) ) ;
#6578 = CARTESIAN_POINT ( 'NONE',  ( -0.2490000000000000300, -0.1510000000000001300, -0.1885000000000000600 ) ) ;
#6579 = ORIENTED_EDGE ( 'NONE', *, *, #3543, .F. ) ;
#6580 = VERTEX_POINT ( 'NONE', #413 ) ;
#6581 = SURFACE_STYLE_FILL_AREA ( #1459 ) ;
#6582 = VECTOR ( 'NONE', #5390, 39.37007874015748100 ) ;
#6583 = CARTESIAN_POINT ( 'NONE',  ( 0.08599999999999997900, 0.07336898097372462900, -0.07800000000000002800 ) ) ;
#6584 = EDGE_CURVE ( 'NONE', #5731, #2014, #2743, .T. ) ;
#6585 =( NAMED_UNIT ( * ) PLANE_ANGLE_UNIT ( ) SI_UNIT ( $, .RADIAN. ) );
#6586 = VERTEX_POINT ( 'NONE', #4429 ) ;
#6587 = VECTOR ( 'NONE', #275, 39.37007874015748100 ) ;
#6588 = DIRECTION ( 'NONE',  ( -1.000000000000000000, -1.365923996832131600E-016, 0.0000000000000000000 ) ) ;
#6589 = DIRECTION ( 'NONE',  ( -0.0000000000000000000, -0.0000000000000000000, -1.000000000000000000 ) ) ;
#6590 = AXIS2_PLACEMENT_3D ( 'NONE', #8063, #2649, #5352 ) ;
#6591 = EDGE_CURVE ( 'NONE', #4692, #8353, #8336, .T. ) ;
#6592 = SURFACE_SIDE_STYLE ('',( #285 ) ) ;
#6593 = ORIENTED_EDGE ( 'NONE', *, *, #803, .F. ) ;
#6594 = DIRECTION ( 'NONE',  ( 0.0000000000000000000, 0.0000000000000000000, 1.000000000000000000 ) ) ;
#6595 = VECTOR ( 'NONE', #7311, 39.37007874015748100 ) ;
#6596 = SURFACE_STYLE_FILL_AREA ( #1527 ) ;
#6597 = EDGE_LOOP ( 'NONE', ( #8036, #7290, #3199, #3791 ) ) ;
#6598 = SURFACE_SIDE_STYLE ('',( #1543 ) ) ;
#6599 = CARTESIAN_POINT ( 'NONE',  ( -0.2299999999999999300, 0.4819999999999999300, -0.1885000000000000300 ) ) ;
#6600 = STYLED_ITEM ( 'NONE', ( #2290 ), #2638 ) ;
#6601 = ORIENTED_EDGE ( 'NONE', *, *, #1068, .T. ) ;
#6602 = ORIENTED_EDGE ( 'NONE', *, *, #7132, .F. ) ;
#6603 = EDGE_CURVE ( 'NONE', #5814, #7536, #7074, .T. ) ;
#6604 = CARTESIAN_POINT ( 'NONE',  ( 0.2870000000000000300, 0.06137810283597668100, -0.08522626054648445300 ) ) ;
#6605 = CARTESIAN_POINT ( 'NONE',  ( -0.3540000000000000400, 0.04359259642448493800, -0.08165608030215425200 ) ) ;
#6606 = MECHANICAL_DESIGN_GEOMETRIC_PRESENTATION_REPRESENTATION (  '', ( #3597 ), #5392 ) ;
#6607 =( CONVERSION_BASED_UNIT ( 'INCH', #4533 ) LENGTH_UNIT ( ) NAMED_UNIT ( #7776 ) );
#6608 = LINE ( 'NONE', #3889, #117 ) ;
#6609 = LENGTH_MEASURE_WITH_UNIT ( LENGTH_MEASURE( 0.02539999999999999900 ), #4232 );
#6610 = DIMENSIONAL_EXPONENTS ( 1.000000000000000000, 0.0000000000000000000, 0.0000000000000000000, 0.0000000000000000000, 0.0000000000000000000, 0.0000000000000000000, 0.0000000000000000000 ) ;
#6611 = CARTESIAN_POINT ( 'NONE',  ( 0.1530000000000000200, 0.07336898097372462900, -0.07800000000000002800 ) ) ;
#6612 = VERTEX_POINT ( 'NONE', #1085 ) ;
#6613 = AXIS2_PLACEMENT_3D ( 'NONE', #506, #4643, #1897 ) ;
#6614 = COLOUR_RGB ( '',0.2509803921568627400, 0.2509803921568627400, 0.2509803921568627400 ) ;
#6615 = PRESENTATION_STYLE_ASSIGNMENT (( #3608 ) ) ;
#6616 = LINE ( 'NONE', #1594, #3814 ) ;
#6617 = CIRCLE ( 'NONE', #5205, 0.01999999999999999000 ) ;
#6618 = ORIENTED_EDGE ( 'NONE', *, *, #6372, .F. ) ;
#6619 = DIRECTION ( 'NONE',  ( 1.000000000000000000, 0.0000000000000000000, 0.0000000000000000000 ) ) ;
#6620 = ORIENTED_EDGE ( 'NONE', *, *, #477, .T. ) ;
#6621 = ORIENTED_EDGE ( 'NONE', *, *, #4526, .T. ) ;
#6622 = LINE ( 'NONE', #6920, #4449 ) ;
#6623 = DIRECTION ( 'NONE',  ( 0.0000000000000000000, 0.0000000000000000000, 1.000000000000000000 ) ) ;
#6624 = CARTESIAN_POINT ( 'NONE',  ( -0.1530000000000000200, 0.1260000000000001100, -0.09200000000000001200 ) ) ;
#6625 = ADVANCED_FACE ( 'NONE', ( #2312 ), #8329, .F. ) ;
#6626 = PLANE ( 'NONE',  #7108 ) ;
#6627 = CIRCLE ( 'NONE', #1034, 0.02750000000000004900 ) ;
#6628 = PRESENTATION_STYLE_ASSIGNMENT (( #2908 ) ) ;
#6629 = CARTESIAN_POINT ( 'NONE',  ( -0.06308530895059388800, -0.02987660912856076500, -0.02750000000000000000 ) ) ;
#6630 = CARTESIAN_POINT ( 'NONE',  ( 0.2080000000000000200, 0.3339194916336046800, -0.01150000000000003500 ) ) ;
#6631 = PRESENTATION_LAYER_ASSIGNMENT (  '', '', ( #8331 ) ) ;
#6632 = ORIENTED_EDGE ( 'NONE', *, *, #4485, .F. ) ;
#6633 = CARTESIAN_POINT ( 'NONE',  ( 0.01899999999999998900, 0.07336898097372462900, -0.1080000000000000500 ) ) ;
#6634 = EDGE_CURVE ( 'NONE', #5964, #7395, #5285, .T. ) ;
#6635 = CARTESIAN_POINT ( 'NONE',  ( -0.1939999999999999200, 0.5220000000000000200, -0.1885000000000000300 ) ) ;
#6636 = PRESENTATION_LAYER_ASSIGNMENT (  '', '', ( #1227 ) ) ;
#6637 = EDGE_CURVE ( 'NONE', #2736, #7220, #1581, .T. ) ;
#6638 = CARTESIAN_POINT ( 'NONE',  ( 0.04800000000000000800, 0.01389564612297850000, 0.1602061708076718500 ) ) ;
#6639 = LINE ( 'NONE', #5655, #2640 ) ;
#6640 = CARTESIAN_POINT ( 'NONE',  ( 0.3790000000000000600, 0.5520000000000000500, -0.01150000000000003500 ) ) ;
#6641 = FACE_OUTER_BOUND ( 'NONE', #6489, .T. ) ;
#6642 = EDGE_CURVE ( 'NONE', #4162, #5065, #7274, .T. ) ;
#6643 = EDGE_CURVE ( 'NONE', #6884, #6723, #1366, .T. ) ;
#6644 = DIRECTION ( 'NONE',  ( 1.000000000000000000, 0.0000000000000000000, 0.0000000000000000000 ) ) ;
#6645 = VECTOR ( 'NONE', #3978, 39.37007874015748100 ) ;
#6646 = CARTESIAN_POINT ( 'NONE',  ( 0.07690074414334507900, -0.1700000000000001000, 0.1724999999999998800 ) ) ;
#6647 = EDGE_CURVE ( 'NONE', #5726, #7091, #5694, .T. ) ;
#6648 =( LENGTH_UNIT ( ) NAMED_UNIT ( * ) SI_UNIT ( $, .METRE. ) );
#6649 = DIRECTION ( 'NONE',  ( -0.0000000000000000000, -0.5161614676060311000, 0.8564912955534271800 ) ) ;
#6650 = EDGE_LOOP ( 'NONE', ( #7784, #7279, #1103, #4679 ) ) ;
#6651 = DIRECTION ( 'NONE',  ( 1.000000000000000000, 0.0000000000000000000, 0.0000000000000000000 ) ) ;
#6652 = ORIENTED_EDGE ( 'NONE', *, *, #4151, .T. ) ;
#6653 = ORIENTED_EDGE ( 'NONE', *, *, #491, .F. ) ;
#6654 = EDGE_LOOP ( 'NONE', ( #5334, #7506, #4040, #1521 ) ) ;
#6655 = VECTOR ( 'NONE', #4661, 39.37007874015748100 ) ;
#6656 = DIMENSIONAL_EXPONENTS ( 1.000000000000000000, 0.0000000000000000000, 0.0000000000000000000, 0.0000000000000000000, 0.0000000000000000000, 0.0000000000000000000, 0.0000000000000000000 ) ;
#6657 = CARTESIAN_POINT ( 'NONE',  ( 0.3841158428473162000, 0.1410000000000000700, -0.01150000000000003500 ) ) ;
#6658 = DIRECTION ( 'NONE',  ( 0.0000000000000000000, 0.0000000000000000000, 1.000000000000000000 ) ) ;
#6659 = ORIENTED_EDGE ( 'NONE', *, *, #3347, .F. ) ;
#6660 = EDGE_LOOP ( 'NONE', ( #8050, #5438, #4337, #5391, #3630, #6136, #5637, #6916, #2764, #1656, #5734, #5630 ) ) ;
#6661 = DIRECTION ( 'NONE',  ( 0.0000000000000000000, 0.0000000000000000000, 1.000000000000000000 ) ) ;
#6662 = VECTOR ( 'NONE', #1488, 39.37007874015748100 ) ;
#6663 = EDGE_CURVE ( 'NONE', #4193, #851, #1985, .T. ) ;
#6664 = ORIENTED_EDGE ( 'NONE', *, *, #963, .F. ) ;
#6665 = VERTEX_POINT ( 'NONE', #1710 ) ;
#6666 = VECTOR ( 'NONE', #1840, 39.37007874015748100 ) ;
#6667 = ADVANCED_FACE ( 'NONE', ( #757 ), #3815, .F. ) ;
#6668 = DIRECTION ( 'NONE',  ( 1.724651511151681200E-016, -1.000000000000000000, 0.0000000000000000000 ) ) ;
#6669 = ORIENTED_EDGE ( 'NONE', *, *, #3381, .F. ) ;
#6670 = CARTESIAN_POINT ( 'NONE',  ( 0.3919944205629792800, 0.5447058505969317700, -0.09717996727365577100 ) ) ;
#6671 = CIRCLE ( 'NONE', #785, 0.03000000000000002300 ) ;
#6672 = ORIENTED_EDGE ( 'NONE', *, *, #5773, .T. ) ;
#6673 = COLOUR_RGB ( '',0.2509803921568627400, 0.2509803921568627400, 0.2509803921568627400 ) ;
#6674 = CARTESIAN_POINT ( 'NONE',  ( -0.3160000000000000600, -1.707404996040164500E-017, 0.1724999999999999300 ) ) ;
#6675 = COLOUR_RGB ( '',0.7921568627450980000, 0.8196078431372548800, 0.9333333333333333500 ) ;
#6676 = CARTESIAN_POINT ( 'NONE',  ( 0.01899999999999998900, -0.1760000000000001600, -0.01149999999999994900 ) ) ;
#6677 =( GEOMETRIC_REPRESENTATION_CONTEXT ( 3 ) GLOBAL_UNCERTAINTY_ASSIGNED_CONTEXT ( ( #1760 ) ) GLOBAL_UNIT_ASSIGNED_CONTEXT ( ( #6492, #8577, #1846 ) ) REPRESENTATION_CONTEXT ( 'NONE', 'WORKASPACE' ) );
#6678 = ORIENTED_EDGE ( 'NONE', *, *, #7069, .T. ) ;
#6679 = DIRECTION ( 'NONE',  ( 1.000000000000000000, 0.0000000000000000000, 0.0000000000000000000 ) ) ;
#6680 = UNCERTAINTY_MEASURE_WITH_UNIT (LENGTH_MEASURE( 1.000000000000000100E-005 ), #6607, 'distance_accuracy_value', 'NONE');
#6681 = EDGE_CURVE ( 'NONE', #3242, #5210, #4352, .T. ) ;
#6682 = ORIENTED_EDGE ( 'NONE', *, *, #1019, .F. ) ;
#6683 = VECTOR ( 'NONE', #6313, 39.37007874015748100 ) ;
#6684 =( NAMED_UNIT ( * ) PLANE_ANGLE_UNIT ( ) SI_UNIT ( $, .RADIAN. ) );
#6685 = FACE_OUTER_BOUND ( 'NONE', #795, .T. ) ;
#6686 = CARTESIAN_POINT ( 'NONE',  ( -0.2490000000000000300, 0.07336898097372462900, -0.07800000000000002800 ) ) ;
#6687 = CARTESIAN_POINT ( 'NONE',  ( 0.1530000000000000200, -2.134256245050205600E-018, -0.02749999999999999700 ) ) ;
#6688 = ORIENTED_EDGE ( 'NONE', *, *, #3744, .F. ) ;
#6689 = DIRECTION ( 'NONE',  ( 0.0000000000000000000, -0.0000000000000000000, -1.000000000000000000 ) ) ;
#6690 = AXIS2_PLACEMENT_3D ( 'NONE', #3078, #3770, #5771 ) ;
#6691 = CIRCLE ( 'NONE', #4179, 0.01399999999999996600 ) ;
#6692 = VECTOR ( 'NONE', #5327, 39.37007874015748100 ) ;
#6693 = EDGE_CURVE ( 'NONE', #1432, #5937, #2635, .T. ) ;
#6694 = VECTOR ( 'NONE', #6986, 39.37007874015748100 ) ;
#6695 = DIRECTION ( 'NONE',  ( 0.0000000000000000000, 0.0000000000000000000, -1.000000000000000000 ) ) ;
#6696 = VERTEX_POINT ( 'NONE', #2441 ) ;
#6697 = SURFACE_STYLE_USAGE ( .BOTH. , #5370 ) ;
#6698 = VERTEX_POINT ( 'NONE', #8457 ) ;
#6699 = DIRECTION ( 'NONE',  ( -0.0000000000000000000, -0.0000000000000000000, 1.000000000000000000 ) ) ;
#6700 = AXIS2_PLACEMENT_3D ( 'NONE', #501, #5200, #6588 ) ;
#6701 = FACE_OUTER_BOUND ( 'NONE', #2835, .T. ) ;
#6702 = EDGE_CURVE ( 'NONE', #8127, #1067, #2083, .T. ) ;
#6703 = ADVANCED_FACE ( 'NONE', ( #4262 ), #3941, .T. ) ;
#6704 = ORIENTED_EDGE ( 'NONE', *, *, #2279, .F. ) ;
#6705 = LINE ( 'NONE', #5093, #224 ) ;
#6706 = CARTESIAN_POINT ( 'NONE',  ( -0.1939999999999999200, 0.5319999999999999200, 0.8807583994195136200 ) ) ;
#6707 = CARTESIAN_POINT ( 'NONE',  ( 0.1530000000000000200, 0.0000000000000000000, -0.04149999999999996100 ) ) ;
#6708 = VECTOR ( 'NONE', #7294, 39.37007874015748100 ) ;
#6709 = CARTESIAN_POINT ( 'NONE',  ( -0.3940000000000000200, 0.5370000000000001400, -0.09200000000000277400 ) ) ;
#6710 = ADVANCED_FACE ( 'NONE', ( #556 ), #3990, .F. ) ;
#6711 = FACE_OUTER_BOUND ( 'NONE', #5002, .T. ) ;
#6712 = DIRECTION ( 'NONE',  ( 0.0000000000000000000, -0.8564912955534272900, -0.5161614676060311000 ) ) ;
#6713 = ORIENTED_EDGE ( 'NONE', *, *, #1937, .T. ) ;
#6714 = VERTEX_POINT ( 'NONE', #8653 ) ;
#6715 = CARTESIAN_POINT ( 'NONE',  ( -0.3540000000000000400, -1.340010956295959200E-017, 0.1884999999999999200 ) ) ;
#6716 = CARTESIAN_POINT ( 'NONE',  ( -0.3350000000000000200, 0.1910000000000002300, -0.1092817459305203800 ) ) ;
#6717 = EDGE_CURVE ( 'NONE', #6775, #6768, #5604, .T. ) ;
#6718 = ORIENTED_EDGE ( 'NONE', *, *, #4607, .F. ) ;
#6719 = DIRECTION ( 'NONE',  ( 0.0000000000000000000, 0.0000000000000000000, 1.000000000000000000 ) ) ;
#6720 = LINE ( 'NONE', #3478, #4840 ) ;
#6721 = LINE ( 'NONE', #2555, #6410 ) ;
#6722 = ORIENTED_EDGE ( 'NONE', *, *, #8003, .F. ) ;
#6723 = VERTEX_POINT ( 'NONE', #2506 ) ;
#6724 = PLANE ( 'NONE',  #5360 ) ;
#6725 = VERTEX_POINT ( 'NONE', #1817 ) ;
#6726 = ORIENTED_EDGE ( 'NONE', *, *, #5036, .T. ) ;
#6727 = COLOUR_RGB ( '',0.2509803921568627400, 0.2509803921568627400, 0.2509803921568627400 ) ;
#6728 = DIRECTION ( 'NONE',  ( 0.0000000000000000000, 1.000000000000000000, 0.0000000000000000000 ) ) ;
#6729 = VERTEX_POINT ( 'NONE', #3907 ) ;
#6730 = CLOSED_SHELL ( 'NONE', ( #4182, #6096, #78, #4656, #143, #5746, #4757, #1945, #1888, #900, #4694, #1636, #8250, #816, #7811, #5444, #2090, #1494, #512, #5328, #939, #3424, #8211, #8260 ) ) ;
#6731 = STYLED_ITEM ( 'NONE', ( #1033 ), #1327 ) ;
#6732 = DIRECTION ( 'NONE',  ( -1.000000000000000000, -0.0000000000000000000, -0.0000000000000000000 ) ) ;
#6733 = FACE_OUTER_BOUND ( 'NONE', #3642, .T. ) ;
#6734 = PLANE ( 'NONE',  #8665 ) ;
#6735 = DIRECTION ( 'NONE',  ( -0.0000000000000000000, -0.0000000000000000000, -1.000000000000000000 ) ) ;
#6736 = LINE ( 'NONE', #3442, #4264 ) ;
#6737 = ORIENTED_EDGE ( 'NONE', *, *, #5754, .F. ) ;
#6738 = SURFACE_STYLE_USAGE ( .BOTH. , #1354 ) ;
#6739 = AXIS2_PLACEMENT_3D ( 'NONE', #3073, #4433, #443 ) ;
#6740 = VECTOR ( 'NONE', #7322, 39.37007874015748100 ) ;
#6741 = CARTESIAN_POINT ( 'NONE',  ( 0.2870000000000000300, -0.1760000000000001600, -0.02750000000000002100 ) ) ;
#6742 = VECTOR ( 'NONE', #5675, 39.37007874015748100 ) ;
#6743 = CARTESIAN_POINT ( 'NONE',  ( 0.01899999999999998900, 0.0000000000000000000, -0.04149999999999996100 ) ) ;
#6744 = DIRECTION ( 'NONE',  ( -1.724651511151681200E-016, 1.000000000000000000, 0.0000000000000000000 ) ) ;
#6745 = ADVANCED_FACE ( 'NONE', ( #5494 ), #7597, .T. ) ;
#6746 = CARTESIAN_POINT ( 'NONE',  ( 0.1530000000000000200, 0.07336898097372462900, -0.07800000000000002800 ) ) ;
#6747 = EDGE_CURVE ( 'NONE', #4121, #6729, #36, .T. ) ;
#6748 = LINE ( 'NONE', #7407, #4872 ) ;
#6749 = CARTESIAN_POINT ( 'NONE',  ( 0.1530000000000000200, 0.01199087813774794700, -0.03427373945351554900 ) ) ;
#6750 = STYLED_ITEM ( 'NONE', ( #1249 ), #7337 ) ;
#6751 = EDGE_CURVE ( 'NONE', #7404, #2442, #4749, .T. ) ;
#6752 = ORIENTED_EDGE ( 'NONE', *, *, #4033, .F. ) ;
#6753 = ADVANCED_FACE ( 'NONE', ( #2204 ), #594, .F. ) ;
#6754 = CARTESIAN_POINT ( 'NONE',  ( 0.1150000000000000000, 0.07336898097372462900, -0.07800000000000002800 ) ) ;
#6755 = DIRECTION ( 'NONE',  ( -0.0000000000000000000, 0.9925461516413228700, 0.1218693434051409700 ) ) ;
#6756 = ORIENTED_EDGE ( 'NONE', *, *, #5303, .F. ) ;
#6757 = CARTESIAN_POINT ( 'NONE',  ( 0.3939999999999999600, 0.5370000000000001400, -0.09202750207090758200 ) ) ;
#6758 = LENGTH_MEASURE_WITH_UNIT ( LENGTH_MEASURE( 0.02539999999999999900 ), #870 );
#6759 = EDGE_CURVE ( 'NONE', #503, #3015, #4965, .T. ) ;
#6760 = ORIENTED_EDGE ( 'NONE', *, *, #435, .F. ) ;
#6761 = AXIS2_PLACEMENT_3D ( 'NONE', #4844, #8125, #5441 ) ;
#6762 = CARTESIAN_POINT ( 'NONE',  ( -0.1150000000000000200, 0.07336898097372462900, -0.09199999999999999800 ) ) ;
#6763 = VERTEX_POINT ( 'NONE', #4018 ) ;
#6764 = ORIENTED_EDGE ( 'NONE', *, *, #3627, .F. ) ;
#6765 = CARTESIAN_POINT ( 'NONE',  ( -0.1439007441433451100, -0.1760000000000001600, -0.01149999999999993200 ) ) ;
#6766 = ORIENTED_EDGE ( 'NONE', *, *, #53, .T. ) ;
#6767 = EDGE_CURVE ( 'NONE', #3916, #854, #4148, .T. ) ;
#6768 = VERTEX_POINT ( 'NONE', #6574 ) ;
#6769 = LINE ( 'NONE', #3433, #4999 ) ;
#6770 = CARTESIAN_POINT ( 'NONE',  ( 0.04800000000000000800, 0.07336898097372462900, -0.1080000000000000500 ) ) ;
#6771 = DIRECTION ( 'NONE',  ( -1.000000000000000000, 0.0000000000000000000, -0.0000000000000000000 ) ) ;
#6772 = DIRECTION ( 'NONE',  ( -0.0000000000000000000, 1.000000000000000000, 1.455174712534229700E-016 ) ) ;
#6773 = CARTESIAN_POINT ( 'NONE',  ( 0.1530000000000000200, 0.06137810283597668100, -0.08522626054648445300 ) ) ;
#6774 = ADVANCED_FACE ( 'NONE', ( #7800 ), #4599, .F. ) ;
#6775 = VERTEX_POINT ( 'NONE', #2535 ) ;
#6776 = ORIENTED_EDGE ( 'NONE', *, *, #6483, .F. ) ;
#6777 = CARTESIAN_POINT ( 'NONE',  ( 0.2080000000000000200, 0.3339194916336046800, -0.03150000000000003500 ) ) ;
#6778 = CARTESIAN_POINT ( 'NONE',  ( 0.08599999999999997900, -0.1450000000000000700, -0.1885000000000000600 ) ) ;
#6779 = VECTOR ( 'NONE', #1731, 39.37007874015748100 ) ;
#6780 = VERTEX_POINT ( 'NONE', #2652 ) ;
#6781 = PRESENTATION_STYLE_ASSIGNMENT (( #8304 ) ) ;
#6782 = LENGTH_MEASURE_WITH_UNIT ( LENGTH_MEASURE( 0.02539999999999999900 ), #970 );
#6783 = VERTEX_POINT ( 'NONE', #2709 ) ;
#6784 = CARTESIAN_POINT ( 'NONE',  ( -0.3940000000000000200, 0.5435283357324216500, -0.1079999999999975600 ) ) ;
#6785 = ORIENTED_EDGE ( 'NONE', *, *, #3470, .T. ) ;
#6786 = PLANE ( 'NONE',  #8528 ) ;
#6787 = ADVANCED_FACE ( 'NONE', ( #5185 ), #6626, .F. ) ;
#6788 = ORIENTED_EDGE ( 'NONE', *, *, #4270, .T. ) ;
#6789 = DIRECTION ( 'NONE',  ( -1.000000000000000000, -0.0000000000000000000, -0.0000000000000000000 ) ) ;
#6790 = VECTOR ( 'NONE', #4183, 39.37007874015748100 ) ;
#6791 = VECTOR ( 'NONE', #6446, 39.37007874015748100 ) ;
#6792 = AXIS2_PLACEMENT_3D ( 'NONE', #2376, #1134, #8425 ) ;
#6793 = DIRECTION ( 'NONE',  ( -1.000000000000000000, -0.0000000000000000000, -0.0000000000000000000 ) ) ;
#6794 = ADVANCED_FACE ( 'NONE', ( #6733 ), #2677, .F. ) ;
#6795 = PLANE ( 'NONE',  #1942 ) ;
#6796 = EDGE_CURVE ( 'NONE', #66, #5731, #3389, .T. ) ;
#6797 = ORIENTED_EDGE ( 'NONE', *, *, #15, .T. ) ;
#6798 = PLANE ( 'NONE',  #2276 ) ;
#6799 = PLANE ( 'NONE',  #4979 ) ;
#6800 =( LENGTH_UNIT ( ) NAMED_UNIT ( * ) SI_UNIT ( $, .METRE. ) );
#6801 = LINE ( 'NONE', #1271, #8278 ) ;
#6802 = LINE ( 'NONE', #8650, #6692 ) ;
#6803 = AXIS2_PLACEMENT_3D ( 'NONE', #817, #2228, #4257 ) ;
#6804 =( NAMED_UNIT ( * ) PLANE_ANGLE_UNIT ( ) SI_UNIT ( $, .RADIAN. ) );
#6805 = FACE_OUTER_BOUND ( 'NONE', #5206, .T. ) ;
#6806 = EDGE_CURVE ( 'NONE', #6248, #5600, #7376, .T. ) ;
#6807 =( CONVERSION_BASED_UNIT ( 'INCH', #5808 ) LENGTH_UNIT ( ) NAMED_UNIT ( #1795 ) );
#6808 = ORIENTED_EDGE ( 'NONE', *, *, #3881, .F. ) ;
#6809 = MECHANICAL_DESIGN_GEOMETRIC_PRESENTATION_REPRESENTATION (  '', ( #3867 ), #7162 ) ;
#6810 = EDGE_LOOP ( 'NONE', ( #361, #6093, #4795, #1270 ) ) ;
#6811 = EDGE_CURVE ( 'NONE', #714, #5721, #4553, .T. ) ;
#6812 = SURFACE_STYLE_FILL_AREA ( #8153 ) ;
#6813 = EDGE_CURVE ( 'NONE', #621, #4826, #8104, .T. ) ;
#6814 = ADVANCED_FACE ( 'NONE', ( #7896 ), #3409, .F. ) ;
#6815 = ORIENTED_EDGE ( 'NONE', *, *, #2138, .F. ) ;
#6816 = LINE ( 'NONE', #5332, #5572 ) ;
#6817 = MECHANICAL_DESIGN_GEOMETRIC_PRESENTATION_REPRESENTATION (  '', ( #5651 ), #8051 ) ;
#6818 = CARTESIAN_POINT ( 'NONE',  ( 0.08599999999999997900, 0.07336898097372462900, -0.1080000000000000500 ) ) ;
#6819 = AXIS2_PLACEMENT_3D ( 'NONE', #957, #1622, #7021 ) ;
#6820 = EDGE_CURVE ( 'NONE', #3922, #1317, #4036, .T. ) ;
#6821 = LINE ( 'NONE', #3312, #2169 ) ;
#6822 = LINE ( 'NONE', #1809, #4731 ) ;
#6823 = DIRECTION ( 'NONE',  ( -0.0000000000000000000, -0.0000000000000000000, -1.000000000000000000 ) ) ;
#6824 = ORIENTED_EDGE ( 'NONE', *, *, #7390, .F. ) ;
#6825 = SURFACE_STYLE_USAGE ( .BOTH. , #4127 ) ;
#6826 = DIRECTION ( 'NONE',  ( 0.0000000000000000000, 1.000000000000000000, 3.244104004879253700E-016 ) ) ;
#6827 = ORIENTED_EDGE ( 'NONE', *, *, #6813, .F. ) ;
#6828 = CARTESIAN_POINT ( 'NONE',  ( 0.01899999999999998900, 0.04767424210712179600, -0.09348484402818098300 ) ) ;
#6829 = ORIENTED_EDGE ( 'NONE', *, *, #1262, .F. ) ;
#6830 = ORIENTED_EDGE ( 'NONE', *, *, #2602, .F. ) ;
#6831 = CARTESIAN_POINT ( 'NONE',  ( 0.1940000000000000100, 0.5220000000000001300, 0.8807583994195136200 ) ) ;
#6832 = DIRECTION ( 'NONE',  ( 0.0000000000000000000, -1.000000000000000000, -3.244104004879254200E-016 ) ) ;
#6833 = DIRECTION ( 'NONE',  ( 0.0000000000000000000, 0.0000000000000000000, 1.000000000000000000 ) ) ;
#6834 = FACE_OUTER_BOUND ( 'NONE', #5586, .T. ) ;
#6835 = LINE ( 'NONE', #2017, #2303 ) ;
#6836 = ORIENTED_EDGE ( 'NONE', *, *, #7178, .F. ) ;
#6837 = CARTESIAN_POINT ( 'NONE',  ( 0.01899999999999998900, 0.04767424210712179600, -0.09348484402818098300 ) ) ;
#6838 = DIRECTION ( 'NONE',  ( 0.0000000000000000000, -1.000000000000000000, -2.008711760047251600E-016 ) ) ;
#6839 = EDGE_CURVE ( 'NONE', #6586, #2610, #462, .T. ) ;
#6840 = ORIENTED_EDGE ( 'NONE', *, *, #5709, .F. ) ;
#6841 = DIRECTION ( 'NONE',  ( 0.3420201433256637700, -0.9396926207859100900, 0.0000000000000000000 ) ) ;
#6842 = ADVANCED_FACE ( 'NONE', ( #7998 ), #8064, .F. ) ;
#6843 = CARTESIAN_POINT ( 'NONE',  ( 0.08599999999999997900, 0.07336898097372462900, -0.07800000000000002800 ) ) ;
#6844 = CARTESIAN_POINT ( 'NONE',  ( -0.1939999999999999200, 0.5319999999999999200, -0.1275000000000000300 ) ) ;
#6845 = DIRECTION ( 'NONE',  ( 0.0000000000000000000, 0.0000000000000000000, 1.000000000000000000 ) ) ;
#6846 = VECTOR ( 'NONE', #7807, 39.37007874015748900 ) ;
#6847 = VERTEX_POINT ( 'NONE', #1304 ) ;
#6848 = ADVANCED_FACE ( 'NONE', ( #6524 ), #4073, .T. ) ;
#6849 =( BOUNDED_CURVE ( )  B_SPLINE_CURVE ( 3, ( #4207, #7564, #6784, #5452 ),
 .UNSPECIFIED., .F., .T. ) 
 B_SPLINE_CURVE_WITH_KNOTS ( ( 4, 4 ),
 ( 1.918836550552611000, 3.141592653589793100 ),
 .UNSPECIFIED. ) 
 CURVE ( )  GEOMETRIC_REPRESENTATION_ITEM ( )  RATIONAL_B_SPLINE_CURVE ( ( 1.000000000000000000, 0.8792385326371186000, 0.8792385326371186000, 1.000000000000000000 ) ) 
 REPRESENTATION_ITEM ( '' )  );
#6850 = CARTESIAN_POINT ( 'NONE',  ( 0.01899999999999998900, 0.02569473886660282200, -0.02601515597181902300 ) ) ;
#6851 = CARTESIAN_POINT ( 'NONE',  ( 0.1530000000000000200, 0.04767424210712179600, -0.09348484402818098300 ) ) ;
#6852 = CARTESIAN_POINT ( 'NONE',  ( -0.3790000000000000600, 0.5520000000000000500, -0.01150000000000003500 ) ) ;
#6853 = SURFACE_STYLE_FILL_AREA ( #2815 ) ;
#6854 = PRESENTATION_LAYER_ASSIGNMENT (  '', '', ( #415 ) ) ;
#6855 = AXIS2_PLACEMENT_3D ( 'NONE', #46, #1931, #5355 ) ;
#6856 = DIRECTION ( 'NONE',  ( -0.0000000000000000000, -0.0000000000000000000, -1.000000000000000000 ) ) ;
#6857 = LINE ( 'NONE', #6112, #5506 ) ;
#6858 = DIRECTION ( 'NONE',  ( -1.000000000000000000, -0.0000000000000000000, 0.0000000000000000000 ) ) ;
#6859 = DIRECTION ( 'NONE',  ( -1.724651511151681200E-016, -1.000000000000000000, 0.0000000000000000000 ) ) ;
#6860 = DIRECTION ( 'NONE',  ( -1.000000000000000000, -0.0000000000000000000, -0.0000000000000000000 ) ) ;
#6861 = ORIENTED_EDGE ( 'NONE', *, *, #399, .F. ) ;
#6862 = FILL_AREA_STYLE ('',( #6185 ) ) ;
#6863 = ADVANCED_FACE ( 'NONE', ( #3383 ), #6097, .F. ) ;
#6864 = AXIS2_PLACEMENT_3D ( 'NONE', #2387, #8405, #2424 ) ;
#6865 = DIRECTION ( 'NONE',  ( 0.0000000000000000000, 0.1218693434051409500, -0.9925461516413227600 ) ) ;
#6866 = CIRCLE ( 'NONE', #2001, 0.01399999999999997400 ) ;
#6867 = DIRECTION ( 'NONE',  ( -0.7071067811865465700, 0.7071067811865483500, -0.0000000000000000000 ) ) ;
#6868 =( GEOMETRIC_REPRESENTATION_CONTEXT ( 3 ) GLOBAL_UNCERTAINTY_ASSIGNED_CONTEXT ( ( #7236 ) ) GLOBAL_UNIT_ASSIGNED_CONTEXT ( ( #1480, #234, #4858 ) ) REPRESENTATION_CONTEXT ( 'NONE', 'WORKASPACE' ) );
#6869 = DIRECTION ( 'NONE',  ( -0.3420201433256637700, 0.9396926207859100900, 1.367416939322673900E-016 ) ) ;
#6870 = DIRECTION ( 'NONE',  ( 0.0000000000000000000, -0.1218693434051411300, 0.9925461516413227600 ) ) ;
#6871 = EDGE_CURVE ( 'NONE', #3224, #6058, #6314, .T. ) ;
#6872 = VERTEX_POINT ( 'NONE', #3439 ) ;
#6873 = CARTESIAN_POINT ( 'NONE',  ( -0.3449007441433451500, -0.1700000000000001000, 0.1884999999999999200 ) ) ;
#6874 = ORIENTED_EDGE ( 'NONE', *, *, #6472, .T. ) ;
#6875 = DIRECTION ( 'NONE',  ( 0.0000000000000000000, 1.000000000000000000, 3.244104004879253700E-016 ) ) ;
#6876 = ORIENTED_EDGE ( 'NONE', *, *, #207, .T. ) ;
#6877 = VERTEX_POINT ( 'NONE', #4718 ) ;
#6878 = LINE ( 'NONE', #8115, #1613 ) ;
#6879 = AXIS2_PLACEMENT_3D ( 'NONE', #5856, #4529, #3923 ) ;
#6880 = EDGE_CURVE ( 'NONE', #1291, #782, #6099, .T. ) ;
#6881 = VERTEX_POINT ( 'NONE', #2770 ) ;
#6882 = DIRECTION ( 'NONE',  ( 0.0000000000000000000, 0.0000000000000000000, -1.000000000000000000 ) ) ;
#6883 = DIRECTION ( 'NONE',  ( 0.0000000000000000000, 0.0000000000000000000, -1.000000000000000000 ) ) ;
#6884 = VERTEX_POINT ( 'NONE', #2020 ) ;
#6885 = VECTOR ( 'NONE', #183, 39.37007874015748100 ) ;
#6886 = ORIENTED_EDGE ( 'NONE', *, *, #3629, .T. ) ;
#6887 = EDGE_LOOP ( 'NONE', ( #5508, #5054, #7214, #8499, #1155, #4937, #5919, #618, #778, #458, #1400, #754 ) ) ;
#6888 = FACE_OUTER_BOUND ( 'NONE', #7855, .T. ) ;
#6889 = ADVANCED_FACE ( 'NONE', ( #2192 ), #6795, .F. ) ;
#6890 = VERTEX_POINT ( 'NONE', #2099 ) ;
#6891 = DIRECTION ( 'NONE',  ( -1.000000000000000000, 0.0000000000000000000, 0.0000000000000000000 ) ) ;
#6892 = DIRECTION ( 'NONE',  ( -1.000000000000000000, -0.0000000000000000000, -0.0000000000000000000 ) ) ;
#6893 = AXIS2_PLACEMENT_3D ( 'NONE', #5636, #839, #921 ) ;
#6894 = ORIENTED_EDGE ( 'NONE', *, *, #2320, .F. ) ;
#6895 = DIRECTION ( 'NONE',  ( -1.000000000000000000, -0.0000000000000000000, 0.0000000000000000000 ) ) ;
#6896 = DIRECTION ( 'NONE',  ( -1.000000000000000000, -0.0000000000000000000, -0.0000000000000000000 ) ) ;
#6897 = ADVANCED_FACE ( 'NONE', ( #3172 ), #7171, .F. ) ;
#6898 = FILL_AREA_STYLE_COLOUR ( '', #7368 ) ;
#6899 = VERTEX_POINT ( 'NONE', #3536 ) ;
#6900 = CARTESIAN_POINT ( 'NONE',  ( -0.2200000000000000600, -2.134256245050205600E-017, 0.1884999999999999200 ) ) ;
#6901 = LINE ( 'NONE', #1608, #8676 ) ;
#6902 = CARTESIAN_POINT ( 'NONE',  ( -0.3160000000000000600, -0.1700000000000001000, 0.1884999999999998900 ) ) ;
#6903 = DIRECTION ( 'NONE',  ( 0.0000000000000000000, 0.0000000000000000000, -1.000000000000000000 ) ) ;
#6904 = CARTESIAN_POINT ( 'NONE',  ( -0.3940000000000000200, 0.5377569909352640800, -0.01150000000000003500 ) ) ;
#6905 = ORIENTED_EDGE ( 'NONE', *, *, #6192, .F. ) ;
#6906 = ORIENTED_EDGE ( 'NONE', *, *, #6425, .T. ) ;
#6907 = CARTESIAN_POINT ( 'NONE',  ( -0.3160000000000000600, 0.07336898097372462900, -0.09200000000000001200 ) ) ;
#6908 = CARTESIAN_POINT ( 'NONE',  ( 0.3540000000000000400, -0.1700000000000001000, 0.1724999999999999000 ) ) ;
#6909 = CIRCLE ( 'NONE', #5485, 0.03000000000000001300 ) ;
#6910 = LINE ( 'NONE', #6210, #3339 ) ;
#6911 = AXIS2_PLACEMENT_3D ( 'NONE', #320, #6458, #4421 ) ;
#6912 = DIRECTION ( 'NONE',  ( -0.0000000000000000000, -0.0000000000000000000, -1.000000000000000000 ) ) ;
#6913 = CARTESIAN_POINT ( 'NONE',  ( 0.07499999999999999700, 0.7099999999999999600, 0.8807583994195136200 ) ) ;
#6914 = MANIFOLD_SOLID_BREP ( 'LPattern1[1]', #8108 ) ;
#6915 = CARTESIAN_POINT ( 'NONE',  ( -0.2870000000000000300, 0.07336898097372462900, -0.07800000000000002800 ) ) ;
#6916 = ORIENTED_EDGE ( 'NONE', *, *, #2637, .F. ) ;
#6917 = LINE ( 'NONE', #3954, #2688 ) ;
#6918 = LENGTH_MEASURE_WITH_UNIT ( LENGTH_MEASURE( 0.02539999999999999900 ), #980 );
#6919 = LINE ( 'NONE', #1333, #8394 ) ;
#6920 = CARTESIAN_POINT ( 'NONE',  ( 0.3160000000000000600, -2.134256245050205600E-017, 0.1884999999999999200 ) ) ;
#6921 = CARTESIAN_POINT ( 'NONE',  ( 0.3841158428473162600, 0.5369999999999999200, -0.01150000000000003500 ) ) ;
#6922 = ORIENTED_EDGE ( 'NONE', *, *, #5103, .T. ) ;
#6923 =( NAMED_UNIT ( * ) SI_UNIT ( $, .STERADIAN. ) SOLID_ANGLE_UNIT ( ) );
#6924 = CARTESIAN_POINT ( 'NONE',  ( -0.2870000000000000300, 0.07336898097372462900, -0.09199999999999999800 ) ) ;
#6925 = LINE ( 'NONE', #4716, #6184 ) ;
#6926 = EDGE_CURVE ( 'NONE', #4528, #7399, #4649, .T. ) ;
#6927 = ORIENTED_EDGE ( 'NONE', *, *, #1123, .F. ) ;
#6928 = VECTOR ( 'NONE', #2203, 39.37007874015748100 ) ;
#6929 = CARTESIAN_POINT ( 'NONE',  ( 0.1530000000000000200, 0.01199087813774794300, -0.03427373945351554900 ) ) ;
#6930 = DIRECTION ( 'NONE',  ( 0.0000000000000000000, 1.000000000000000000, 2.008711760047251600E-016 ) ) ;
#6931 = ORIENTED_EDGE ( 'NONE', *, *, #3821, .T. ) ;
#6932 = DIRECTION ( 'NONE',  ( 0.0000000000000000000, 0.0000000000000000000, -1.000000000000000000 ) ) ;
#6933 = AXIS2_PLACEMENT_3D ( 'NONE', #5288, #1913, #4523 ) ;
#6934 = DIRECTION ( 'NONE',  ( -0.0000000000000000000, -0.0000000000000000000, -1.000000000000000000 ) ) ;
#6935 = VECTOR ( 'NONE', #4762, 39.37007874015748100 ) ;
#6936 = EDGE_CURVE ( 'NONE', #3775, #7935, #1161, .T. ) ;
#6937 = FACE_OUTER_BOUND ( 'NONE', #2106, .T. ) ;
#6938 = SURFACE_STYLE_USAGE ( .BOTH. , #4319 ) ;
#6939 = EDGE_LOOP ( 'NONE', ( #602, #5817, #8661, #7966 ) ) ;
#6940 = EDGE_CURVE ( 'NONE', #4367, #5731, #8320, .T. ) ;
#6941 = ORIENTED_EDGE ( 'NONE', *, *, #3543, .T. ) ;
#6942 = DIRECTION ( 'NONE',  ( 0.0000000000000000000, 1.000000000000000000, 0.0000000000000000000 ) ) ;
#6943 = VECTOR ( 'NONE', #2149, 39.37007874015748100 ) ;
#6944 = EDGE_CURVE ( 'NONE', #6476, #894, #8629, .T. ) ;
#6945 = ADVANCED_FACE ( 'NONE', ( #2628 ), #2408, .T. ) ;
#6946 = VECTOR ( 'NONE', #3723, 39.37007874015748900 ) ;
#6947 = LINE ( 'NONE', #6564, #2076 ) ;
#6948 = PRESENTATION_LAYER_ASSIGNMENT (  '', '', ( #147 ) ) ;
#6949 =( CONVERSION_BASED_UNIT ( 'INCH', #843 ) LENGTH_UNIT ( ) NAMED_UNIT ( #5110 ) );
#6950 = ORIENTED_EDGE ( 'NONE', *, *, #1139, .F. ) ;
#6951 = VERTEX_POINT ( 'NONE', #6277 ) ;
#6952 = EDGE_LOOP ( 'NONE', ( #8267, #3175, #4289, #7829, #2334, #4491, #7576, #1856, #3417, #4506, #4695, #7892, #7717, #4891, #6394, #252, #2021, #406, #4293, #4026 ) ) ;
#6953 = EDGE_CURVE ( 'NONE', #395, #5661, #1358, .T. ) ;
#6954 = LINE ( 'NONE', #365, #5383 ) ;
#6955 = LINE ( 'NONE', #4496, #2851 ) ;
#6956 = FILL_AREA_STYLE ('',( #7686 ) ) ;
#6957 = PLANE ( 'NONE',  #7662 ) ;
#6958 = FACE_OUTER_BOUND ( 'NONE', #7722, .T. ) ;
#6959 = ORIENTED_EDGE ( 'NONE', *, *, #8565, .T. ) ;
#6960 = DIRECTION ( 'NONE',  ( 0.0000000000000000000, -0.8564912955534272900, -0.5161614676060311000 ) ) ;
#6961 = EDGE_LOOP ( 'NONE', ( #5191, #6347, #8192, #3759 ) ) ;
#6962 = CARTESIAN_POINT ( 'NONE',  ( 0.3789999999999999500, 0.1260000000000001100, -0.09200000000000235800 ) ) ;
#6963 = FILL_AREA_STYLE_COLOUR ( '', #1987 ) ;
#6964 = CARTESIAN_POINT ( 'NONE',  ( -0.3160000000000000600, -0.1700000000000001000, 0.1724999999999999000 ) ) ;
#6965 = VECTOR ( 'NONE', #7338, 39.37007874015748900 ) ;
#6966 = EDGE_CURVE ( 'NONE', #6517, #2839, #6001, .T. ) ;
#6967 = LINE ( 'NONE', #4651, #5900 ) ;
#6968 = CARTESIAN_POINT ( 'NONE',  ( 0.08599999999999997900, -2.134256245050205600E-017, 0.1884999999999999200 ) ) ;
#6969 = ORIENTED_EDGE ( 'NONE', *, *, #5749, .T. ) ;
#6970 = LINE ( 'NONE', #3301, #4159 ) ;
#6971 = DIRECTION ( 'NONE',  ( -1.000000000000000000, -2.346948448165176500E-016, 0.0000000000000000000 ) ) ;
#6972 = LINE ( 'NONE', #138, #560 ) ;
#6973 = CARTESIAN_POINT ( 'NONE',  ( 0.2300000000000000100, 0.5020000000000000000, -0.1885000000000000300 ) ) ;
#6974 =( CONVERSION_BASED_UNIT ( 'INCH', #6782 ) LENGTH_UNIT ( ) NAMED_UNIT ( #3154 ) );
#6975 = CIRCLE ( 'NONE', #7275, 0.03000000000000002300 ) ;
#6976 = ORIENTED_EDGE ( 'NONE', *, *, #637, .F. ) ;
#6977 = STYLED_ITEM ( 'NONE', ( #2035 ), #3700 ) ;
#6978 = ORIENTED_EDGE ( 'NONE', *, *, #1515, .T. ) ;
#6979 = CARTESIAN_POINT ( 'NONE',  ( -0.3540000000000000400, -2.134256245050205600E-017, 0.1884999999999999200 ) ) ;
#6980 = EDGE_CURVE ( 'NONE', #8286, #4819, #7591, .T. ) ;
#6981 = SURFACE_SIDE_STYLE ('',( #7472 ) ) ;
#6982 = CARTESIAN_POINT ( 'NONE',  ( 0.3939999999999999600, 0.1410000000000000700, -0.01150000000000003500 ) ) ;
#6983 = DIRECTION ( 'NONE',  ( 0.0000000000000000000, -0.1218693434051442300, 0.9925461516413224300 ) ) ;
#6984 = ORIENTED_EDGE ( 'NONE', *, *, #5860, .F. ) ;
#6985 = FACE_OUTER_BOUND ( 'NONE', #7163, .T. ) ;
#6986 = DIRECTION ( 'NONE',  ( -1.000000000000000000, -0.0000000000000000000, -0.0000000000000000000 ) ) ;
#6987 = ADVANCED_FACE ( 'NONE', ( #2853 ), #3065, .T. ) ;
#6988 = ORIENTED_EDGE ( 'NONE', *, *, #6820, .T. ) ;
#6989 = DIRECTION ( 'NONE',  ( 0.0000000000000000000, 0.0000000000000000000, 1.000000000000000000 ) ) ;
#6990 = ORIENTED_EDGE ( 'NONE', *, *, #4859, .T. ) ;
#6991 = CIRCLE ( 'NONE', #1620, 0.03000000000000001300 ) ;
#6992 = AXIS2_PLACEMENT_3D ( 'NONE', #2221, #1617, #306 ) ;
#6993 = CARTESIAN_POINT ( 'NONE',  ( 0.3250992558566549500, -0.1700000000000001000, 0.1724999999999998800 ) ) ;
#6994 = EDGE_LOOP ( 'NONE', ( #6025, #3790, #4669, #8581 ) ) ;
#6995 = ORIENTED_EDGE ( 'NONE', *, *, #8452, .F. ) ;
#6996 = VECTOR ( 'NONE', #3230, 39.37007874015748100 ) ;
#6997 = CARTESIAN_POINT ( 'NONE',  ( -0.3939999999999999600, 0.5519999999999999400, -0.1275000000000000900 ) ) ;
#6998 = EDGE_CURVE ( 'NONE', #2006, #3929, #4138, .T. ) ;
#6999 = EDGE_CURVE ( 'NONE', #2237, #1544, #1867, .T. ) ;
#7000 = FILL_AREA_STYLE ('',( #7788 ) ) ;
#7001 = ORIENTED_EDGE ( 'NONE', *, *, #1519, .T. ) ;
#7002 = CARTESIAN_POINT ( 'NONE',  ( 0.1530000000000000200, 0.02569473886660282200, -0.02601515597181902300 ) ) ;
#7003 = AXIS2_PLACEMENT_3D ( 'NONE', #8093, #2768, #7490 ) ;
#7004 = ORIENTED_EDGE ( 'NONE', *, *, #4791, .T. ) ;
#7005 = AXIS2_PLACEMENT_3D ( 'NONE', #7194, #3773, #5716 ) ;
#7006 = CYLINDRICAL_SURFACE ( 'NONE', #2391, 0.02750000000000004900 ) ;
#7007 = ORIENTED_EDGE ( 'NONE', *, *, #2413, .T. ) ;
#7008 = EDGE_CURVE ( 'NONE', #691, #1311, #5277, .T. ) ;
#7009 = FACE_OUTER_BOUND ( 'NONE', #2527, .T. ) ;
#7010 = CARTESIAN_POINT ( 'NONE',  ( -0.3075000000000000000, 0.1910000000000002300, -0.1092817459305203800 ) ) ;
#7011 = PLANE ( 'NONE',  #4052 ) ;
#7012 = DIRECTION ( 'NONE',  ( 0.0000000000000000000, 0.0000000000000000000, 1.000000000000000000 ) ) ;
#7013 = ORIENTED_EDGE ( 'NONE', *, *, #2705, .F. ) ;
#7014 = PLANE ( 'NONE',  #8458 ) ;
#7015 = ORIENTED_EDGE ( 'NONE', *, *, #1512, .F. ) ;
#7016 = DIRECTION ( 'NONE',  ( -1.000000000000000000, -3.794233324533701400E-016, 0.0000000000000000000 ) ) ;
#7017 =( NAMED_UNIT ( * ) SI_UNIT ( $, .STERADIAN. ) SOLID_ANGLE_UNIT ( ) );
#7018 = CYLINDRICAL_SURFACE ( 'NONE', #4321, 0.03000000000000001300 ) ;
#7019 = DIRECTION ( 'NONE',  ( -1.000000000000000000, 0.0000000000000000000, 0.0000000000000000000 ) ) ;
#7020 = FACE_OUTER_BOUND ( 'NONE', #2110, .T. ) ;
#7021 = DIRECTION ( 'NONE',  ( -0.3420201433256637700, -0.9396926207859100900, 0.0000000000000000000 ) ) ;
#7022 = ORIENTED_EDGE ( 'NONE', *, *, #4526, .F. ) ;
#7023 = DIRECTION ( 'NONE',  ( 0.0000000000000000000, 0.0000000000000000000, -1.000000000000000000 ) ) ;
#7024 = FACE_OUTER_BOUND ( 'NONE', #1111, .T. ) ;
#7025 = DIRECTION ( 'NONE',  ( 0.0000000000000000000, 0.0000000000000000000, 1.000000000000000000 ) ) ;
#7026 = LINE ( 'NONE', #8371, #4203 ) ;
#7027 = CARTESIAN_POINT ( 'NONE',  ( -0.3449007441433451500, -0.1700000000000001000, -0.1885000000000000600 ) ) ;
#7028 = EDGE_LOOP ( 'NONE', ( #5043, #7923, #5393, #5182 ) ) ;
#7029 = STYLED_ITEM ( 'NONE', ( #6 ), #1382 ) ;
#7030 = PLANE ( 'NONE',  #1120 ) ;
#7031 = ADVANCED_FACE ( 'NONE', ( #4440 ), #5889, .T. ) ;
#7032 = LINE ( 'NONE', #815, #3348 ) ;
#7033 = MECHANICAL_DESIGN_GEOMETRIC_PRESENTATION_REPRESENTATION (  '', ( #8491 ), #2333 ) ;
#7034 = LINE ( 'NONE', #2801, #7964 ) ;
#7035 = ORIENTED_EDGE ( 'NONE', *, *, #6152, .F. ) ;
#7036 = LINE ( 'NONE', #570, #1436 ) ;
#7037 = LINE ( 'NONE', #3882, #4017 ) ;
#7038 = AXIS2_PLACEMENT_3D ( 'NONE', #1026, #6436, #5732 ) ;
#7039 = ORIENTED_EDGE ( 'NONE', *, *, #1579, .F. ) ;
#7040 = FACE_OUTER_BOUND ( 'NONE', #1344, .T. ) ;
#7041 = CARTESIAN_POINT ( 'NONE',  ( -0.2490000000000000300, 0.07336898097372462900, -0.07800000000000002800 ) ) ;
#7042 = CARTESIAN_POINT ( 'NONE',  ( -0.04800000000000004300, 0.1260000000000001100, -0.1080000000000000300 ) ) ;
#7043 = AXIS2_PLACEMENT_3D ( 'NONE', #3771, #1747, #3104 ) ;
#7044 = DIRECTION ( 'NONE',  ( 0.0000000000000000000, -1.000000000000000000, 0.0000000000000000000 ) ) ;
#7045 = EDGE_CURVE ( 'NONE', #790, #792, #2301, .T. ) ;
#7046 = SURFACE_STYLE_FILL_AREA ( #464 ) ;
#7047 = CIRCLE ( 'NONE', #5101, 0.01999999999999999000 ) ;
#7048 = ORIENTED_EDGE ( 'NONE', *, *, #5810, .T. ) ;
#7049 = VERTEX_POINT ( 'NONE', #5062 ) ;
#7050 = LINE ( 'NONE', #6844, #5269 ) ;
#7051 = DIRECTION ( 'NONE',  ( 0.3420201433256637700, -0.9396926207859100900, 0.0000000000000000000 ) ) ;
#7052 = SURFACE_SIDE_STYLE ('',( #7329 ) ) ;
#7053 =( GEOMETRIC_REPRESENTATION_CONTEXT ( 3 ) GLOBAL_UNCERTAINTY_ASSIGNED_CONTEXT ( ( #8674 ) ) GLOBAL_UNIT_ASSIGNED_CONTEXT ( ( #6376, #1055, #5133 ) ) REPRESENTATION_CONTEXT ( 'NONE', 'WORKASPACE' ) );
#7054 = DIRECTION ( 'NONE',  ( 1.000000000000000000, 0.0000000000000000000, 0.0000000000000000000 ) ) ;
#7055 = EDGE_CURVE ( 'NONE', #818, #6373, #4841, .T. ) ;
#7056 = LINE ( 'NONE', #4239, #5276 ) ;
#7057 = LINE ( 'NONE', #2240, #1664 ) ;
#7058 = SURFACE_SIDE_STYLE ('',( #7955 ) ) ;
#7059 = CARTESIAN_POINT ( 'NONE',  ( -0.1820000000000000800, 0.07336898097372462900, -0.1080000000000000500 ) ) ;
#7060 = LINE ( 'NONE', #219, #5278 ) ;
#7061 = ORIENTED_EDGE ( 'NONE', *, *, #761, .F. ) ;
#7062 = VERTEX_POINT ( 'NONE', #8422 ) ;
#7063 = DIRECTION ( 'NONE',  ( 0.0000000000000000000, -1.000000000000000000, -3.244104004879254200E-016 ) ) ;
#7064 = DIRECTION ( 'NONE',  ( -0.0000000000000000000, -0.5161614676060311000, 0.8564912955534271800 ) ) ;
#7065 = AXIS2_PLACEMENT_3D ( 'NONE', #3541, #2047, #4195 ) ;
#7066 = DIRECTION ( 'NONE',  ( 0.0000000000000000000, -1.000000000000000000, 0.0000000000000000000 ) ) ;
#7067 = COLOUR_RGB ( '',0.2509803921568627400, 0.2509803921568627400, 0.2509803921568627400 ) ;
#7068 = LINE ( 'NONE', #1416, #3182 ) ;
#7069 = EDGE_CURVE ( 'NONE', #4067, #4528, #1969, .T. ) ;
#7070 = AXIS2_PLACEMENT_3D ( 'NONE', #2727, #7476, #6057 ) ;
#7071 = ORIENTED_EDGE ( 'NONE', *, *, #6300, .F. ) ;
#7072 = CARTESIAN_POINT ( 'NONE',  ( -0.2499999999999999200, 0.1910000000000000900, -0.1885000000000000300 ) ) ;
#7073 = CARTESIAN_POINT ( 'NONE',  ( 0.2739999999999999100, 0.8199999999999999500, 0.8807583994195136200 ) ) ;
#7074 = LINE ( 'NONE', #5211, #4861 ) ;
#7075 = FILL_AREA_STYLE ('',( #2344 ) ) ;
#7076 = CARTESIAN_POINT ( 'NONE',  ( 0.01899999999999998900, -0.1760000000000001600, -0.02750000000000002100 ) ) ;
#7077 = ADVANCED_FACE ( 'NONE', ( #7581 ), #369, .F. ) ;
#7078 = CARTESIAN_POINT ( 'NONE',  ( -0.1820000000000000800, 0.04359259642448493800, -0.08165608030215425200 ) ) ;
#7079 = MANIFOLD_SOLID_BREP ( 'Boss-Extrude5', #3484 ) ;
#7080 = CARTESIAN_POINT ( 'NONE',  ( -0.2139999999999999100, 0.5320000000000000300, -0.1885000000000000300 ) ) ;
#7081 = VECTOR ( 'NONE', #3519, 39.37007874015748100 ) ;
#7082 = DIRECTION ( 'NONE',  ( 1.000000000000000000, 0.0000000000000000000, 0.0000000000000000000 ) ) ;
#7083 = DIRECTION ( 'NONE',  ( 0.0000000000000000000, 0.0000000000000000000, 1.000000000000000000 ) ) ;
#7084 = VERTEX_POINT ( 'NONE', #7751 ) ;
#7085 = DIRECTION ( 'NONE',  ( -1.000000000000000000, 0.0000000000000000000, -0.0000000000000000000 ) ) ;
#7086 = CARTESIAN_POINT ( 'NONE',  ( 0.2614800007018209200, -0.1852885201230315400, -0.01149999999999994900 ) ) ;
#7087 = VECTOR ( 'NONE', #366, 39.37007874015748100 ) ;
#7088 = DIRECTION ( 'NONE',  ( -0.0000000000000000000, 1.000000000000000000, 1.455174712534229700E-016 ) ) ;
#7089 = ORIENTED_EDGE ( 'NONE', *, *, #6936, .F. ) ;
#7090 = ORIENTED_EDGE ( 'NONE', *, *, #5804, .F. ) ;
#7091 = VERTEX_POINT ( 'NONE', #2374 ) ;
#7092 = ORIENTED_EDGE ( 'NONE', *, *, #5756, .F. ) ;
#7093 = LINE ( 'NONE', #2618, #5722 ) ;
#7094 = AXIS2_PLACEMENT_3D ( 'NONE', #4194, #8124, #6126 ) ;
#7095 = DIRECTION ( 'NONE',  ( 0.0000000000000000000, 0.0000000000000000000, -1.000000000000000000 ) ) ;
#7096 = EDGE_CURVE ( 'NONE', #6698, #6259, #750, .T. ) ;
#7097 = ORIENTED_EDGE ( 'NONE', *, *, #3516, .T. ) ;
#7098 = PLANE ( 'NONE',  #1565 ) ;
#7099 = CARTESIAN_POINT ( 'NONE',  ( -0.2109007441433451400, -0.1700000000000001000, -0.1885000000000000600 ) ) ;
#7100 = ORIENTED_EDGE ( 'NONE', *, *, #6396, .T. ) ;
#7101 = LINE ( 'NONE', #2734, #2121 ) ;
#7102 = CARTESIAN_POINT ( 'NONE',  ( -0.1820000000000000800, 0.1260000000000001100, -0.1080000000000000300 ) ) ;
#7103 = ORIENTED_EDGE ( 'NONE', *, *, #92, .T. ) ;
#7104 = ORIENTED_EDGE ( 'NONE', *, *, #8056, .T. ) ;
#7105 = DIRECTION ( 'NONE',  ( -1.724651511151681200E-016, 1.000000000000000000, 0.0000000000000000000 ) ) ;
#7106 = FACE_OUTER_BOUND ( 'NONE', #8374, .T. ) ;
#7107 = CARTESIAN_POINT ( 'NONE',  ( 0.3841158428473162600, 0.5268389832672093500, -0.01150000000000003500 ) ) ;
#7108 = AXIS2_PLACEMENT_3D ( 'NONE', #8123, #6712, #128 ) ;
#7109 = EDGE_CURVE ( 'NONE', #5461, #7752, #6616, .T. ) ;
#7110 = EDGE_LOOP ( 'NONE', ( #4198, #3747, #3098, #709 ) ) ;
#7111 = FACE_OUTER_BOUND ( 'NONE', #6810, .T. ) ;
#7112 = CARTESIAN_POINT ( 'NONE',  ( -0.2499999999999999200, 0.4819999999999999300, -0.1885000000000000300 ) ) ;
#7113 = EDGE_CURVE ( 'NONE', #8428, #5726, #6205, .T. ) ;
#7114 = ORIENTED_EDGE ( 'NONE', *, *, #3524, .F. ) ;
#7115 = EDGE_CURVE ( 'NONE', #7220, #6375, #5039, .T. ) ;
#7116 = ORIENTED_EDGE ( 'NONE', *, *, #799, .F. ) ;
#7117 = CARTESIAN_POINT ( 'NONE',  ( 0.2490000000000000000, 0.07336898097372462900, -0.09199999999999999800 ) ) ;
#7118 = DIRECTION ( 'NONE',  ( -1.000000000000000000, -0.0000000000000000000, -0.0000000000000000000 ) ) ;
#7119 = DIRECTION ( 'NONE',  ( -1.000000000000000000, -0.0000000000000000000, -0.0000000000000000000 ) ) ;
#7120 = AXIS2_PLACEMENT_3D ( 'NONE', #2037, #6823, #3466 ) ;
#7121 = EDGE_CURVE ( 'NONE', #6515, #3991, #849, .T. ) ;
#7122 = DIRECTION ( 'NONE',  ( 1.000000000000000000, 0.0000000000000000000, 0.0000000000000000000 ) ) ;
#7123 = DIRECTION ( 'NONE',  ( -1.000000000000000000, -0.0000000000000000000, -0.0000000000000000000 ) ) ;
#7124 = VERTEX_POINT ( 'NONE', #5858 ) ;
#7125 = ORIENTED_EDGE ( 'NONE', *, *, #6940, .T. ) ;
#7126 = UNCERTAINTY_MEASURE_WITH_UNIT (LENGTH_MEASURE( 1.000000000000000100E-005 ), #7852, 'distance_accuracy_value', 'NONE');
#7127 = CARTESIAN_POINT ( 'NONE',  ( -0.2739999999999999100, 0.8199999999999999500, 0.8807583994195136200 ) ) ;
#7128 = DIRECTION ( 'NONE',  ( 0.0000000000000000000, 0.0000000000000000000, 1.000000000000000000 ) ) ;
#7129 = CARTESIAN_POINT ( 'NONE',  ( -0.04800000000000004300, 0.05947333485074611500, -0.07970617080767200500 ) ) ;
#7130 = ORIENTED_EDGE ( 'NONE', *, *, #8493, .F. ) ;
#7131 = DIRECTION ( 'NONE',  ( 0.3420201433256635500, 0.9396926207859103200, 1.887571618202280300E-016 ) ) ;
#7132 = EDGE_CURVE ( 'NONE', #2839, #4478, #2614, .T. ) ;
#7133 = DIRECTION ( 'NONE',  ( -1.000000000000000000, -0.0000000000000000000, -0.0000000000000000000 ) ) ;
#7134 = CIRCLE ( 'NONE', #4039, 0.01399999999999996600 ) ;
#7135 = DIRECTION ( 'NONE',  ( -1.000000000000000000, -0.0000000000000000000, -0.0000000000000000000 ) ) ;
#7136 = VECTOR ( 'NONE', #8337, 39.37007874015748100 ) ;
#7137 = PLANE ( 'NONE',  #1218 ) ;
#7138 = VERTEX_POINT ( 'NONE', #4583 ) ;
#7139 = CARTESIAN_POINT ( 'NONE',  ( 0.2739999999999999100, 0.8199999999999999500, -0.1885000000000000300 ) ) ;
#7140 = VECTOR ( 'NONE', #2937, 39.37007874015748100 ) ;
#7141 = LINE ( 'NONE', #4752, #107 ) ;
#7142 = DIRECTION ( 'NONE',  ( 0.0000000000000000000, -1.000000000000000000, 3.244104004879253700E-016 ) ) ;
#7143 = CARTESIAN_POINT ( 'NONE',  ( 0.2490000000000000000, -0.1510000000000001300, -0.1885000000000000600 ) ) ;
#7144 = AXIS2_PLACEMENT_3D ( 'NONE', #2992, #3055, #5695 ) ;
#7145 = DIRECTION ( 'NONE',  ( -0.1209742911513497800, -0.1209742911513481100, 0.9852565360152945000 ) ) ;
#7146 = CARTESIAN_POINT ( 'NONE',  ( 0.2199999999999999700, 0.07336898097372462900, -0.1080000000000000500 ) ) ;
#7147 = STYLED_ITEM ( 'NONE', ( #3683 ), #3151 ) ;
#7148 = COLOUR_RGB ( '',0.7921568627450980000, 0.8196078431372548800, 0.9333333333333333500 ) ;
#7149 = DIRECTION ( 'NONE',  ( 0.3420201433256635500, 0.9396926207859103200, 1.887571618202280300E-016 ) ) ;
#7150 = EDGE_CURVE ( 'NONE', #1651, #5179, #6947, .T. ) ;
#7151 = VERTEX_POINT ( 'NONE', #7850 ) ;
#7152 = VECTOR ( 'NONE', #3322, 39.37007874015748100 ) ;
#7153 = ORIENTED_EDGE ( 'NONE', *, *, #500, .F. ) ;
#7154 = ORIENTED_EDGE ( 'NONE', *, *, #1950, .F. ) ;
#7155 = LINE ( 'NONE', #2252, #6943 ) ;
#7156 = CARTESIAN_POINT ( 'NONE',  ( 0.3939999999999999600, 0.6999999999999996200, 0.8807583994195136200 ) ) ;
#7157 = CIRCLE ( 'NONE', #8157, 0.03000000000000002300 ) ;
#7158 = ORIENTED_EDGE ( 'NONE', *, *, #6198, .T. ) ;
#7159 = DIRECTION ( 'NONE',  ( -0.0000000000000000000, -0.0000000000000000000, -1.000000000000000000 ) ) ;
#7160 = CIRCLE ( 'NONE', #4430, 0.01399999999999997400 ) ;
#7161 = ORIENTED_EDGE ( 'NONE', *, *, #554, .T. ) ;
#7162 =( GEOMETRIC_REPRESENTATION_CONTEXT ( 3 ) GLOBAL_UNCERTAINTY_ASSIGNED_CONTEXT ( ( #6311 ) ) GLOBAL_UNIT_ASSIGNED_CONTEXT ( ( #5944, #579, #4527 ) ) REPRESENTATION_CONTEXT ( 'NONE', 'WORKASPACE' ) );
#7163 = EDGE_LOOP ( 'NONE', ( #5122, #1191, #5691, #5877 ) ) ;
#7164 = PLANE ( 'NONE',  #4913 ) ;
#7165 = DIRECTION ( 'NONE',  ( 1.000000000000000000, 0.0000000000000000000, 0.0000000000000000000 ) ) ;
#7166 = EDGE_CURVE ( 'NONE', #300, #7868, #3270, .T. ) ;
#7167 = ORIENTED_EDGE ( 'NONE', *, *, #31, .F. ) ;
#7168 = VECTOR ( 'NONE', #1948, 39.37007874015748100 ) ;
#7169 = FACE_OUTER_BOUND ( 'NONE', #3859, .T. ) ;
#7170 = PLANE ( 'NONE',  #1821 ) ;
#7171 = CYLINDRICAL_SURFACE ( 'NONE', #7554, 0.01399999999999997400 ) ;
#7172 = DIRECTION ( 'NONE',  ( -1.000000000000000000, -0.0000000000000000000, -0.0000000000000000000 ) ) ;
#7173 = VECTOR ( 'NONE', #6512, 39.37007874015748900 ) ;
#7174 =( GEOMETRIC_REPRESENTATION_CONTEXT ( 3 ) GLOBAL_UNCERTAINTY_ASSIGNED_CONTEXT ( ( #4135 ) ) GLOBAL_UNIT_ASSIGNED_CONTEXT ( ( #174, #6143, #7629 ) ) REPRESENTATION_CONTEXT ( 'NONE', 'WORKASPACE' ) );
#7175 = DIRECTION ( 'NONE',  ( 0.0000000000000000000, -0.0000000000000000000, -1.000000000000000000 ) ) ;
#7176 = CARTESIAN_POINT ( 'NONE',  ( 0.3540000000000000400, -0.1700000000000001000, 0.1884999999999998900 ) ) ;
#7177 = ORIENTED_EDGE ( 'NONE', *, *, #4292, .T. ) ;
#7178 = EDGE_CURVE ( 'NONE', #2489, #5453, #7157, .T. ) ;
#7179 = SURFACE_SIDE_STYLE ('',( #1065 ) ) ;
#7180 =( CONVERSION_BASED_UNIT ( 'INCH', #2275 ) LENGTH_UNIT ( ) NAMED_UNIT ( #6494 ) );
#7181 = CARTESIAN_POINT ( 'NONE',  ( -0.1150000000000000200, 0.06137810283597668100, -0.08522626054648445300 ) ) ;
#7182 = VECTOR ( 'NONE', #1478, 39.37007874015748100 ) ;
#7183 = LENGTH_MEASURE_WITH_UNIT ( LENGTH_MEASURE( 0.02539999999999999900 ), #7312 );
#7184 = LINE ( 'NONE', #5526, #5186 ) ;
#7185 = CARTESIAN_POINT ( 'NONE',  ( -0.1240992558566549300, -0.1760000000000001600, -0.02750000000000001400 ) ) ;
#7186 = SURFACE_STYLE_USAGE ( .BOTH. , #2360 ) ;
#7187 = CARTESIAN_POINT ( 'NONE',  ( -0.08600000000000002100, 0.07336898097372462900, -0.07800000000000002800 ) ) ;
#7188 = LINE ( 'NONE', #6638, #45 ) ;
#7189 = CARTESIAN_POINT ( 'NONE',  ( 0.08599999999999997900, 0.05947333485074611500, -0.07970617080767200500 ) ) ;
#7190 = AXIS2_PLACEMENT_3D ( 'NONE', #5486, #4092, #57 ) ;
#7191 = DIRECTION ( 'NONE',  ( -1.000000000000000000, -0.0000000000000000000, -0.0000000000000000000 ) ) ;
#7192 = MANIFOLD_SOLID_BREP ( 'Cut-Extrude2[2]', #7932 ) ;
#7193 = VERTEX_POINT ( 'NONE', #6474 ) ;
#7194 = CARTESIAN_POINT ( 'NONE',  ( 0.0000000000000000000, 0.7099999999999999600, 0.8807583994195136200 ) ) ;
#7195 = ORIENTED_EDGE ( 'NONE', *, *, #5852, .F. ) ;
#7196 = ORIENTED_EDGE ( 'NONE', *, *, #4962, .T. ) ;
#7197 = ORIENTED_EDGE ( 'NONE', *, *, #1697, .F. ) ;
#7198 =( LENGTH_UNIT ( ) NAMED_UNIT ( * ) SI_UNIT ( $, .METRE. ) );
#7199 =( NAMED_UNIT ( * ) SI_UNIT ( $, .STERADIAN. ) SOLID_ANGLE_UNIT ( ) );
#7200 = CARTESIAN_POINT ( 'NONE',  ( 0.2490000000000000000, 0.07336898097372462900, -0.07800000000000002800 ) ) ;
#7201 = FILL_AREA_STYLE ('',( #3257 ) ) ;
#7202 = ORIENTED_EDGE ( 'NONE', *, *, #2003, .F. ) ;
#7203 = VERTEX_POINT ( 'NONE', #3840 ) ;
#7204 = ORIENTED_EDGE ( 'NONE', *, *, #8288, .T. ) ;
#7205 = ORIENTED_EDGE ( 'NONE', *, *, #1406, .T. ) ;
#7206 = LINE ( 'NONE', #3848, #3316 ) ;
#7207 = PLANE ( 'NONE',  #6739 ) ;
#7208 = AXIS2_PLACEMENT_3D ( 'NONE', #3886, #1170, #514 ) ;
#7209 = CARTESIAN_POINT ( 'NONE',  ( -0.2490000000000000300, 0.1260000000000001100, -0.1080000000000000300 ) ) ;
#7210 = VERTEX_POINT ( 'NONE', #3140 ) ;
#7211 = CARTESIAN_POINT ( 'NONE',  ( -0.2299999999999999300, 0.4819999999999999300, -0.1885000000000000300 ) ) ;
#7212 = FACE_OUTER_BOUND ( 'NONE', #7944, .T. ) ;
#7213 = AXIS2_PLACEMENT_3D ( 'NONE', #3622, #5548, #2956 ) ;
#7214 = ORIENTED_EDGE ( 'NONE', *, *, #7436, .F. ) ;
#7215 = LINE ( 'NONE', #3623, #3432 ) ;
#7216 = DIRECTION ( 'NONE',  ( -0.3420201433256637700, 0.9396926207859100900, 1.887571618202279600E-016 ) ) ;
#7217 = EDGE_CURVE ( 'NONE', #8264, #6168, #6513, .T. ) ;
#7218 = CARTESIAN_POINT ( 'NONE',  ( -0.3884820600729114700, 0.5489180588441882100, -0.1050616324179039100 ) ) ;
#7219 =( GEOMETRIC_REPRESENTATION_CONTEXT ( 3 ) GLOBAL_UNCERTAINTY_ASSIGNED_CONTEXT ( ( #8251 ) ) GLOBAL_UNIT_ASSIGNED_CONTEXT ( ( #3952, #8000, #5974 ) ) REPRESENTATION_CONTEXT ( 'NONE', 'WORKASPACE' ) );
#7220 = VERTEX_POINT ( 'NONE', #7803 ) ;
#7221 = EDGE_CURVE ( 'NONE', #1253, #3613, #941, .T. ) ;
#7222 = VERTEX_POINT ( 'NONE', #1782 ) ;
#7223 = DIRECTION ( 'NONE',  ( -1.000000000000000000, -0.0000000000000000000, -0.0000000000000000000 ) ) ;
#7224 =( NAMED_UNIT ( * ) SI_UNIT ( $, .STERADIAN. ) SOLID_ANGLE_UNIT ( ) );
#7225 = VECTOR ( 'NONE', #807, 39.37007874015748100 ) ;
#7226 = DIRECTION ( 'NONE',  ( 0.0000000000000000000, -1.000000000000000000, 0.0000000000000000000 ) ) ;
#7227 = CARTESIAN_POINT ( 'NONE',  ( -0.2299999999999999300, 0.5019999999999998900, -0.1885000000000000300 ) ) ;
#7228 = CARTESIAN_POINT ( 'NONE',  ( 0.1820000000000000000, 0.07336898097372462900, -0.07800000000000002800 ) ) ;
#7229 = AXIS2_PLACEMENT_3D ( 'NONE', #1492, #6895, #8240 ) ;
#7230 = ORIENTED_EDGE ( 'NONE', *, *, #8514, .T. ) ;
#7231 = FACE_OUTER_BOUND ( 'NONE', #6031, .T. ) ;
#7232 = EDGE_CURVE ( 'NONE', #4776, #7705, #6088, .T. ) ;
#7233 = DIRECTION ( 'NONE',  ( 0.0000000000000000000, 0.0000000000000000000, 1.000000000000000000 ) ) ;
#7234 = VECTOR ( 'NONE', #1918, 39.37007874015748100 ) ;
#7235 = LINE ( 'NONE', #3845, #2582 ) ;
#7236 = UNCERTAINTY_MEASURE_WITH_UNIT (LENGTH_MEASURE( 1.000000000000000100E-005 ), #1480, 'distance_accuracy_value', 'NONE');
#7237 = DIRECTION ( 'NONE',  ( -0.0000000000000000000, -0.0000000000000000000, -1.000000000000000000 ) ) ;
#7238 = EDGE_LOOP ( 'NONE', ( #6317, #1720, #6142, #8117 ) ) ;
#7239 = FACE_OUTER_BOUND ( 'NONE', #4438, .T. ) ;
#7240 = CIRCLE ( 'NONE', #3116, 0.03000000000000001300 ) ;
#7241 = CARTESIAN_POINT ( 'NONE',  ( 0.01899999999999998900, 0.07336898097372462900, -0.09199999999999999800 ) ) ;
#7242 = ORIENTED_EDGE ( 'NONE', *, *, #6522, .F. ) ;
#7243 = LINE ( 'NONE', #3596, #7136 ) ;
#7244 = CARTESIAN_POINT ( 'NONE',  ( 0.1530000000000000200, -2.134256245050205600E-018, -0.02749999999999999700 ) ) ;
#7245 = ORIENTED_EDGE ( 'NONE', *, *, #4204, .F. ) ;
#7246 = CARTESIAN_POINT ( 'NONE',  ( 0.08599999999999997900, -0.1700000000000001000, 0.1724999999999999000 ) ) ;
#7247 = DIMENSIONAL_EXPONENTS ( 1.000000000000000000, 0.0000000000000000000, 0.0000000000000000000, 0.0000000000000000000, 0.0000000000000000000, 0.0000000000000000000, 0.0000000000000000000 ) ;
#7248 = VECTOR ( 'NONE', #4142, 39.37007874015748900 ) ;
#7249 = AXIS2_PLACEMENT_3D ( 'NONE', #4603, #7237, #3268 ) ;
#7250 = LINE ( 'NONE', #7086, #1650 ) ;
#7251 = VERTEX_POINT ( 'NONE', #4474 ) ;
#7252 = LINE ( 'NONE', #791, #10 ) ;
#7253 = FILL_AREA_STYLE ('',( #6092 ) ) ;
#7254 = SURFACE_STYLE_USAGE ( .BOTH. , #5890 ) ;
#7255 = CARTESIAN_POINT ( 'NONE',  ( -0.3160000000000000600, 0.04359259642448493800, -0.08165608030215425200 ) ) ;
#7256 = DIRECTION ( 'NONE',  ( -0.0000000000000000000, 1.000000000000000000, 0.0000000000000000000 ) ) ;
#7257 = VERTEX_POINT ( 'NONE', #3897 ) ;
#7258 = DIRECTION ( 'NONE',  ( 0.0000000000000000000, -1.455174712534229700E-016, 1.000000000000000000 ) ) ;
#7259 = DIRECTION ( 'NONE',  ( -1.000000000000000000, -0.0000000000000000000, -0.0000000000000000000 ) ) ;
#7260 = VECTOR ( 'NONE', #8583, 39.37007874015748900 ) ;
#7261 = EDGE_LOOP ( 'NONE', ( #6737, #6085, #7683, #3105 ) ) ;
#7262 = ORIENTED_EDGE ( 'NONE', *, *, #8291, .T. ) ;
#7263 = VECTOR ( 'NONE', #5534, 39.37007874015748100 ) ;
#7264 = DIRECTION ( 'NONE',  ( 1.000000000000000000, 0.0000000000000000000, 0.0000000000000000000 ) ) ;
#7265 =( GEOMETRIC_REPRESENTATION_CONTEXT ( 3 ) GLOBAL_UNCERTAINTY_ASSIGNED_CONTEXT ( ( #3873 ) ) GLOBAL_UNIT_ASSIGNED_CONTEXT ( ( #4186, #812, #3496 ) ) REPRESENTATION_CONTEXT ( 'NONE', 'WORKASPACE' ) );
#7266 = EDGE_CURVE ( 'NONE', #3607, #4478, #7467, .T. ) ;
#7267 = LINE ( 'NONE', #1122, #1160 ) ;
#7268 = ORIENTED_EDGE ( 'NONE', *, *, #6681, .T. ) ;
#7269 = ORIENTED_EDGE ( 'NONE', *, *, #4548, .T. ) ;
#7270 =( GEOMETRIC_REPRESENTATION_CONTEXT ( 3 ) GLOBAL_UNCERTAINTY_ASSIGNED_CONTEXT ( ( #1614 ) ) GLOBAL_UNIT_ASSIGNED_CONTEXT ( ( #1699, #8392, #1012 ) ) REPRESENTATION_CONTEXT ( 'NONE', 'WORKASPACE' ) );
#7271 = LINE ( 'NONE', #1465, #4130 ) ;
#7272 = EDGE_CURVE ( 'NONE', #1261, #7222, #6822, .T. ) ;
#7273 = CARTESIAN_POINT ( 'NONE',  ( 0.01899999999999998900, 0.0000000000000000000, -0.04149999999999996100 ) ) ;
#7274 = LINE ( 'NONE', #1685, #7486 ) ;
#7275 = AXIS2_PLACEMENT_3D ( 'NONE', #6754, #7350, #4633 ) ;
#7276 = SURFACE_STYLE_FILL_AREA ( #2323 ) ;
#7277 = CARTESIAN_POINT ( 'NONE',  ( -0.3869263301171643200, 0.5497964998757364200, -0.1095539316339088900 ) ) ;
#7278 = EDGE_CURVE ( 'NONE', #5863, #3246, #2388, .T. ) ;
#7279 = ORIENTED_EDGE ( 'NONE', *, *, #7383, .T. ) ;
#7280 = EDGE_CURVE ( 'NONE', #5600, #684, #2063, .T. ) ;
#7281 = CARTESIAN_POINT ( 'NONE',  ( -0.04800000000000004300, -1.707404996040164500E-017, 0.1584999999999999700 ) ) ;
#7282 = DIRECTION ( 'NONE',  ( -0.0000000000000000000, 1.000000000000000000, -0.0000000000000000000 ) ) ;
#7283 = EDGE_CURVE ( 'NONE', #54, #5814, #6721, .T. ) ;
#7284 = CARTESIAN_POINT ( 'NONE',  ( 0.2490000000000000000, 0.06137810283597668100, -0.08522626054648445300 ) ) ;
#7285 = FILL_AREA_STYLE ('',( #5329 ) ) ;
#7286 = VECTOR ( 'NONE', #4174, 39.37007874015748900 ) ;
#7287 = DIRECTION ( 'NONE',  ( 0.0000000000000000000, 0.0000000000000000000, 1.000000000000000000 ) ) ;
#7288 = DIRECTION ( 'NONE',  ( 0.0000000000000000000, 0.0000000000000000000, 1.000000000000000000 ) ) ;
#7289 = DIRECTION ( 'NONE',  ( -0.3420201433256637700, -0.9396926207859100900, 0.0000000000000000000 ) ) ;
#7290 = ORIENTED_EDGE ( 'NONE', *, *, #5036, .F. ) ;
#7291 = DIRECTION ( 'NONE',  ( 1.000000000000000000, 0.0000000000000000000, 0.0000000000000000000 ) ) ;
#7292 = CARTESIAN_POINT ( 'NONE',  ( 0.2300000000000000100, 0.4819999999999999800, -0.1275000000000000300 ) ) ;
#7293 = EDGE_CURVE ( 'NONE', #2014, #166, #2606, .T. ) ;
#7294 = DIRECTION ( 'NONE',  ( -1.000000000000000000, -0.0000000000000000000, -0.0000000000000000000 ) ) ;
#7295 = ORIENTED_EDGE ( 'NONE', *, *, #8316, .T. ) ;
#7296 = ADVANCED_FACE ( 'NONE', ( #3702 ), #8310, .F. ) ;
#7297 = FILL_AREA_STYLE ('',( #4609 ) ) ;
#7298 = ORIENTED_EDGE ( 'NONE', *, *, #6472, .F. ) ;
#7299 = ORIENTED_EDGE ( 'NONE', *, *, #597, .T. ) ;
#7300 = ORIENTED_EDGE ( 'NONE', *, *, #3232, .T. ) ;
#7301 = DIRECTION ( 'NONE',  ( 1.000000000000000000, 0.0000000000000000000, 0.0000000000000000000 ) ) ;
#7302 = LINE ( 'NONE', #3648, #8450 ) ;
#7303 = CARTESIAN_POINT ( 'NONE',  ( -0.009900744143345111300, -0.1760000000000001600, -0.02750000000000001400 ) ) ;
#7304 = ORIENTED_EDGE ( 'NONE', *, *, #6152, .T. ) ;
#7305 = ORIENTED_EDGE ( 'NONE', *, *, #5762, .F. ) ;
#7306 = LINE ( 'NONE', #7454, #5319 ) ;
#7307 = ORIENTED_EDGE ( 'NONE', *, *, #4976, .F. ) ;
#7308 = ORIENTED_EDGE ( 'NONE', *, *, #3043, .F. ) ;
#7309 = FACE_OUTER_BOUND ( 'NONE', #3309, .T. ) ;
#7310 = AXIS2_PLACEMENT_3D ( 'NONE', #1306, #5331, #4625 ) ;
#7311 = DIRECTION ( 'NONE',  ( -0.0000000000000000000, -1.000000000000000000, -0.0000000000000000000 ) ) ;
#7312 =( LENGTH_UNIT ( ) NAMED_UNIT ( * ) SI_UNIT ( $, .METRE. ) );
#7313 = ORIENTED_EDGE ( 'NONE', *, *, #1335, .T. ) ;
#7314 = DIRECTION ( 'NONE',  ( -0.3420201433256637700, 0.9396926207859100900, 1.367416939322673900E-016 ) ) ;
#7315 = PLANE ( 'NONE',  #7681 ) ;
#7316 = VECTOR ( 'NONE', #8467, 39.37007874015748100 ) ;
#7317 = ORIENTED_EDGE ( 'NONE', *, *, #965, .F. ) ;
#7318 = AXIS2_PLACEMENT_3D ( 'NONE', #2214, #4301, #387 ) ;
#7319 = CARTESIAN_POINT ( 'NONE',  ( 0.3540000000000000400, 0.07336898097372462900, -0.07800000000000002800 ) ) ;
#7320 = ORIENTED_EDGE ( 'NONE', *, *, #6811, .T. ) ;
#7321 = EDGE_CURVE ( 'NONE', #7332, #7049, #8407, .T. ) ;
#7322 = DIRECTION ( 'NONE',  ( -1.000000000000000000, 0.0000000000000000000, 0.0000000000000000000 ) ) ;
#7323 = ORIENTED_EDGE ( 'NONE', *, *, #2241, .F. ) ;
#7324 = VECTOR ( 'NONE', #1347, 39.37007874015748100 ) ;
#7325 = CARTESIAN_POINT ( 'NONE',  ( -0.01900000000000002400, 0.07336898097372462900, -0.1080000000000000500 ) ) ;
#7326 = LINE ( 'NONE', #4634, #710 ) ;
#7327 = CARTESIAN_POINT ( 'NONE',  ( 0.3540000000000000400, 0.07336898097372462900, -0.1080000000000000500 ) ) ;
#7328 = AXIS2_PLACEMENT_3D ( 'NONE', #2373, #6397, #2401 ) ;
#7329 = SURFACE_STYLE_FILL_AREA ( #3687 ) ;
#7330 = EDGE_CURVE ( 'NONE', #2855, #1638, #3164, .T. ) ;
#7331 = CARTESIAN_POINT ( 'NONE',  ( 0.01899999999999998900, 0.07336898097372462900, -0.09199999999999999800 ) ) ;
#7332 = VERTEX_POINT ( 'NONE', #7327 ) ;
#7333 = CARTESIAN_POINT ( 'NONE',  ( -0.01900000000000002400, 0.0000000000000000000, -0.01149999999999994900 ) ) ;
#7334 = VECTOR ( 'NONE', #3438, 39.37007874015748100 ) ;
#7335 = CARTESIAN_POINT ( 'NONE',  ( -0.1150000000000000200, -0.1760000000000001600, -0.02750000000000002100 ) ) ;
#7336 = CARTESIAN_POINT ( 'NONE',  ( -0.2299999999999999300, 0.4819999999999999300, 0.8807583994195136200 ) ) ;
#7337 = ADVANCED_FACE ( 'NONE', ( #5063 ), #4230, .F. ) ;
#7338 = DIRECTION ( 'NONE',  ( -0.3420201433256634900, -0.9396926207859103200, -1.887571618202280100E-016 ) ) ;
#7339 = UNCERTAINTY_MEASURE_WITH_UNIT (LENGTH_MEASURE( 1.000000000000000100E-005 ), #7618, 'distance_accuracy_value', 'NONE');
#7340 = ORIENTED_EDGE ( 'NONE', *, *, #2581, .F. ) ;
#7341 = ORIENTED_EDGE ( 'NONE', *, *, #2528, .T. ) ;
#7342 = FILL_AREA_STYLE_COLOUR ( '', #5140 ) ;
#7343 = CYLINDRICAL_SURFACE ( 'NONE', #7649, 0.02750000000000004900 ) ;
#7344 = CARTESIAN_POINT ( 'NONE',  ( 0.2679999999999999600, 0.3339194916336046800, -0.03150000000000003500 ) ) ;
#7345 = VERTEX_POINT ( 'NONE', #558 ) ;
#7346 = VECTOR ( 'NONE', #3080, 39.37007874015748100 ) ;
#7347 = CARTESIAN_POINT ( 'NONE',  ( -0.3540000000000000400, -0.1700000000000001000, 0.1724999999999999000 ) ) ;
#7348 = FACE_OUTER_BOUND ( 'NONE', #4990, .T. ) ;
#7349 = ORIENTED_EDGE ( 'NONE', *, *, #7217, .F. ) ;
#7350 = DIRECTION ( 'NONE',  ( 1.000000000000000000, 0.0000000000000000000, 0.0000000000000000000 ) ) ;
#7351 = ORIENTED_EDGE ( 'NONE', *, *, #585, .T. ) ;
#7352 = ORIENTED_EDGE ( 'NONE', *, *, #8609, .F. ) ;
#7353 = DIRECTION ( 'NONE',  ( -1.000000000000000000, -0.0000000000000000000, -0.0000000000000000000 ) ) ;
#7354 = AXIS2_PLACEMENT_3D ( 'NONE', #5753, #6403, #5723 ) ;
#7355 = SURFACE_STYLE_FILL_AREA ( #4980 ) ;
#7356 = DIRECTION ( 'NONE',  ( -0.0000000000000000000, -1.000000000000000000, -0.0000000000000000000 ) ) ;
#7357 = EDGE_LOOP ( 'NONE', ( #4065, #8634, #3824, #4287, #450, #2593 ) ) ;
#7358 = LINE ( 'NONE', #4071, #353 ) ;
#7359 = CARTESIAN_POINT ( 'NONE',  ( 0.1530000000000000200, 0.07336898097372462900, -0.1080000000000000500 ) ) ;
#7360 = VERTEX_POINT ( 'NONE', #5344 ) ;
#7361 = ORIENTED_EDGE ( 'NONE', *, *, #4000, .T. ) ;
#7362 = COLOUR_RGB ( '',0.2509803921568627400, 0.2509803921568627400, 0.2509803921568627400 ) ;
#7363 = VECTOR ( 'NONE', #89, 39.37007874015748100 ) ;
#7364 =( NAMED_UNIT ( * ) PLANE_ANGLE_UNIT ( ) SI_UNIT ( $, .RADIAN. ) );
#7365 = DIRECTION ( 'NONE',  ( -1.000000000000000000, -0.0000000000000000000, -0.0000000000000000000 ) ) ;
#7366 = DIRECTION ( 'NONE',  ( 1.000000000000000000, 0.0000000000000000000, 0.0000000000000000000 ) ) ;
#7367 = LINE ( 'NONE', #574, #4550 ) ;
#7368 = COLOUR_RGB ( '',0.2509803921568627400, 0.2509803921568627400, 0.2509803921568627400 ) ;
#7369 = VECTOR ( 'NONE', #1738, 39.37007874015748100 ) ;
#7370 = CLOSED_SHELL ( 'NONE', ( #6202, #6667, #603, #4054, #2782, #1288, #7523, #7394, #6897, #773, #8349, #3474, #5407, #2739, #8096, #3464 ) ) ;
#7371 = AXIS2_PLACEMENT_3D ( 'NONE', #6929, #5150, #4477 ) ;
#7372 = VERTEX_POINT ( 'NONE', #7303 ) ;
#7373 = DIRECTION ( 'NONE',  ( -1.000000000000000000, -0.0000000000000000000, -0.0000000000000000000 ) ) ;
#7374 = EDGE_CURVE ( 'NONE', #5065, #1014, #4123, .T. ) ;
#7375 = VECTOR ( 'NONE', #3390, 39.37007874015748100 ) ;
#7376 = LINE ( 'NONE', #5386, #6326 ) ;
#7377 = CARTESIAN_POINT ( 'NONE',  ( 0.1940000000000000100, 0.5319999999999999200, -0.1275000000000000900 ) ) ;
#7378 = VECTOR ( 'NONE', #3962, 39.37007874015748100 ) ;
#7379 = MECHANICAL_DESIGN_GEOMETRIC_PRESENTATION_REPRESENTATION (  '', ( #2997 ), #8280 ) ;
#7380 = EDGE_CURVE ( 'NONE', #782, #3584, #7047, .T. ) ;
#7381 = ADVANCED_FACE ( 'NONE', ( #4336 ), #8642, .F. ) ;
#7382 = DIRECTION ( 'NONE',  ( -1.000000000000000000, 0.0000000000000000000, -0.0000000000000000000 ) ) ;
#7383 = EDGE_CURVE ( 'NONE', #8102, #2613, #8083, .T. ) ;
#7384 = EDGE_CURVE ( 'NONE', #4779, #6497, #7978, .T. ) ;
#7385 = UNCERTAINTY_MEASURE_WITH_UNIT (LENGTH_MEASURE( 1.000000000000000100E-005 ), #6500, 'distance_accuracy_value', 'NONE');
#7386 = STYLED_ITEM ( 'NONE', ( #8301 ), #2788 ) ;
#7387 = DIRECTION ( 'NONE',  ( 0.0000000000000000000, 0.0000000000000000000, -1.000000000000000000 ) ) ;
#7388 = VECTOR ( 'NONE', #6079, 39.37007874015748100 ) ;
#7389 = CARTESIAN_POINT ( 'NONE',  ( 0.2870000000000000300, 0.0000000000000000000, -0.04149999999999996100 ) ) ;
#7390 = EDGE_CURVE ( 'NONE', #943, #6478, #6608, .T. ) ;
#7391 = CARTESIAN_POINT ( 'NONE',  ( 0.2140000000000001300, 0.5020000000000000000, -0.1275000000000000300 ) ) ;
#7392 = ORIENTED_EDGE ( 'NONE', *, *, #2009, .F. ) ;
#7393 = CARTESIAN_POINT ( 'NONE',  ( -0.3350000000000000200, 0.1910000000000002300, -0.03150000000000003500 ) ) ;
#7394 = ADVANCED_FACE ( 'NONE', ( #8518 ), #5848, .F. ) ;
#7395 = VERTEX_POINT ( 'NONE', #8552 ) ;
#7396 = EDGE_LOOP ( 'NONE', ( #5971, #1391, #8420, #1454 ) ) ;
#7397 = CARTESIAN_POINT ( 'NONE',  ( 0.2199999999999999700, 0.07336898097372462900, -0.1080000000000000500 ) ) ;
#7398 =( NAMED_UNIT ( * ) PLANE_ANGLE_UNIT ( ) SI_UNIT ( $, .RADIAN. ) );
#7399 = VERTEX_POINT ( 'NONE', #4606 ) ;
#7400 = EDGE_LOOP ( 'NONE', ( #2771, #7559, #1098, #4918, #5309, #63, #6004, #4691, #2222, #223, #905, #1922 ) ) ;
#7401 = CARTESIAN_POINT ( 'NONE',  ( 0.2199999999999999700, 0.07336898097372462900, -0.07800000000000002800 ) ) ;
#7402 = EDGE_CURVE ( 'NONE', #1852, #1484, #2719, .T. ) ;
#7403 = ORIENTED_EDGE ( 'NONE', *, *, #6257, .F. ) ;
#7404 = VERTEX_POINT ( 'NONE', #575 ) ;
#7405 = VECTOR ( 'NONE', #2857, 39.37007874015748100 ) ;
#7406 = CARTESIAN_POINT ( 'NONE',  ( -0.2870000000000000300, 0.07336898097372462900, -0.07800000000000002800 ) ) ;
#7407 = CARTESIAN_POINT ( 'NONE',  ( -0.3940000000000000200, 0.5370000000000001400, -0.1079999999999972800 ) ) ;
#7408 = ORIENTED_EDGE ( 'NONE', *, *, #4167, .T. ) ;
#7409 = CARTESIAN_POINT ( 'NONE',  ( -0.2490000000000000300, 0.1260000000000001100, -0.09200000000000001200 ) ) ;
#7410 = CARTESIAN_POINT ( 'NONE',  ( -0.3939999999999999600, 0.1410000000000000700, -0.09200000000000274600 ) ) ;
#7411 = CYLINDRICAL_SURFACE ( 'NONE', #2568, 0.02999999999999995400 ) ;
#7412 = ORIENTED_EDGE ( 'NONE', *, *, #2138, .T. ) ;
#7413 = FACE_OUTER_BOUND ( 'NONE', #3019, .T. ) ;
#7414 = ADVANCED_FACE ( 'NONE', ( #5681 ), #1045, .F. ) ;
#7415 = CARTESIAN_POINT ( 'NONE',  ( 0.3940000000000000200, 0.5367231404198930000, -0.09200000000000277400 ) ) ;
#7416 = FILL_AREA_STYLE_COLOUR ( '', #124 ) ;
#7417 = CARTESIAN_POINT ( 'NONE',  ( 0.08599999999999997900, 0.07336898097372462900, -0.07800000000000002800 ) ) ;
#7418 = DIRECTION ( 'NONE',  ( 0.0000000000000000000, 0.0000000000000000000, 1.000000000000000000 ) ) ;
#7419 = COLOUR_RGB ( '',0.2509803921568627400, 0.2509803921568627400, 0.2509803921568627400 ) ;
#7420 = AXIS2_PLACEMENT_3D ( 'NONE', #5066, #5780, #6451 ) ;
#7421 = ORIENTED_EDGE ( 'NONE', *, *, #2451, .T. ) ;
#7422 = DIRECTION ( 'NONE',  ( -1.000000000000000000, 0.0000000000000000000, 0.0000000000000000000 ) ) ;
#7423 = ADVANCED_FACE ( 'NONE', ( #738 ), #496, .F. ) ;
#7424 = CARTESIAN_POINT ( 'NONE',  ( 0.2080000000000000500, 0.3339194916336046800, -0.03150000000000003500 ) ) ;
#7425 = EDGE_CURVE ( 'NONE', #237, #5130, #6302, .T. ) ;
#7426 = ORIENTED_EDGE ( 'NONE', *, *, #5796, .T. ) ;
#7427 = CARTESIAN_POINT ( 'NONE',  ( 0.009900744143345076600, -0.1760000000000001600, -0.02750000000000001400 ) ) ;
#7428 = VECTOR ( 'NONE', #59, 39.37007874015748100 ) ;
#7429 = CYLINDRICAL_SURFACE ( 'NONE', #5190, 0.02750000000000004900 ) ;
#7430 = PLANE ( 'NONE',  #6236 ) ;
#7431 = MECHANICAL_DESIGN_GEOMETRIC_PRESENTATION_REPRESENTATION (  '', ( #3863 ), #959 ) ;
#7432 = CARTESIAN_POINT ( 'NONE',  ( -0.1820000000000000800, 0.01389564612297849500, 0.1602061708076718500 ) ) ;
#7433 = VERTEX_POINT ( 'NONE', #6527 ) ;
#7434 = CIRCLE ( 'NONE', #5923, 0.03000000000000002300 ) ;
#7435 = EDGE_CURVE ( 'NONE', #2015, #6780, #5265, .T. ) ;
#7436 = EDGE_CURVE ( 'NONE', #3538, #4654, #2505, .T. ) ;
#7437 = ADVANCED_FACE ( 'NONE', ( #7672 ), #1438, .F. ) ;
#7438 = DIRECTION ( 'NONE',  ( 0.0000000000000000000, -1.000000000000000000, -3.244104004879254200E-016 ) ) ;
#7439 = EDGE_LOOP ( 'NONE', ( #5710, #7820, #5862, #3986 ) ) ;
#7440 = AXIS2_PLACEMENT_3D ( 'NONE', #393, #7818, #5017 ) ;
#7441 =( LENGTH_UNIT ( ) NAMED_UNIT ( * ) SI_UNIT ( $, .METRE. ) );
#7442 = VERTEX_POINT ( 'NONE', #1224 ) ;
#7443 = CARTESIAN_POINT ( 'NONE',  ( 0.3540000000000000400, 0.05947333485074611500, -0.07970617080767200500 ) ) ;
#7444 = AXIS2_PLACEMENT_3D ( 'NONE', #1342, #1402, #6114 ) ;
#7445 = FACE_OUTER_BOUND ( 'NONE', #4700, .T. ) ;
#7446 = EDGE_CURVE ( 'NONE', #2839, #4692, #7456, .T. ) ;
#7447 = VECTOR ( 'NONE', #3317, 39.37007874015748100 ) ;
#7448 = ORIENTED_EDGE ( 'NONE', *, *, #5926, .T. ) ;
#7449 = MANIFOLD_SOLID_BREP ( 'LPattern1[3]', #3705 ) ;
#7450 = CARTESIAN_POINT ( 'NONE',  ( 0.3939999999999999600, 0.5370000000000001400, -0.09202750207090758200 ) ) ;
#7451 = CARTESIAN_POINT ( 'NONE',  ( -0.2200000000000000600, 0.05947333485074611500, -0.07970617080767200500 ) ) ;
#7452 = VERTEX_POINT ( 'NONE', #1084 ) ;
#7453 = DIRECTION ( 'NONE',  ( -1.000000000000000000, -0.0000000000000000000, -0.0000000000000000000 ) ) ;
#7454 = CARTESIAN_POINT ( 'NONE',  ( 0.2490000000000000000, 0.1260000000000001100, -0.1080000000000000300 ) ) ;
#7455 = SURFACE_STYLE_FILL_AREA ( #6128 ) ;
#7456 = CIRCLE ( 'NONE', #3925, 0.01399999999999999000 ) ;
#7457 = CARTESIAN_POINT ( 'NONE',  ( -0.2299999999999999300, 0.5019999999999998900, 0.8807583994195136200 ) ) ;
#7458 = ORIENTED_EDGE ( 'NONE', *, *, #385, .T. ) ;
#7459 = FACE_OUTER_BOUND ( 'NONE', #6052, .T. ) ;
#7460 = CARTESIAN_POINT ( 'NONE',  ( 0.08599999999999997900, 0.01389564612297849500, 0.1602061708076718500 ) ) ;
#7461 = CARTESIAN_POINT ( 'NONE',  ( 0.3939999999999999600, 0.1410000000000000700, -0.1079999999999972800 ) ) ;
#7462 = EDGE_CURVE ( 'NONE', #6478, #1557, #7250, .T. ) ;
#7463 = ORIENTED_EDGE ( 'NONE', *, *, #1793, .F. ) ;
#7464 = ADVANCED_FACE ( 'NONE', ( #2056 ), #5674, .F. ) ;
#7465 = CARTESIAN_POINT ( 'NONE',  ( -0.2200000000000000600, 0.05947333485074611500, -0.07970617080767200500 ) ) ;
#7466 = VECTOR ( 'NONE', #7856, 39.37007874015748100 ) ;
#7467 = LINE ( 'NONE', #1158, #4946 ) ;
#7468 = VERTEX_POINT ( 'NONE', #8430 ) ;
#7469 = ORIENTED_EDGE ( 'NONE', *, *, #913, .T. ) ;
#7470 = ORIENTED_EDGE ( 'NONE', *, *, #3327, .T. ) ;
#7471 =( LENGTH_UNIT ( ) NAMED_UNIT ( * ) SI_UNIT ( $, .METRE. ) );
#7472 = SURFACE_STYLE_FILL_AREA ( #8334 ) ;
#7473 = LINE ( 'NONE', #6818, #3927 ) ;
#7474 = ADVANCED_FACE ( 'NONE', ( #2278 ), #1632, .F. ) ;
#7475 = CARTESIAN_POINT ( 'NONE',  ( -0.3540000000000000400, -0.1450000000000001000, -0.07800000000000002800 ) ) ;
#7476 = DIRECTION ( 'NONE',  ( -1.000000000000000000, -0.0000000000000000000, 0.0000000000000000000 ) ) ;
#7477 = LINE ( 'NONE', #1437, #3068 ) ;
#7478 = ORIENTED_EDGE ( 'NONE', *, *, #4791, .F. ) ;
#7479 = CARTESIAN_POINT ( 'NONE',  ( -0.1150000000000000200, 0.04767424210712179600, -0.09348484402818098300 ) ) ;
#7480 = ORIENTED_EDGE ( 'NONE', *, *, #1951, .T. ) ;
#7481 = ORIENTED_EDGE ( 'NONE', *, *, #1181, .F. ) ;
#7482 =( GEOMETRIC_REPRESENTATION_CONTEXT ( 3 ) GLOBAL_UNCERTAINTY_ASSIGNED_CONTEXT ( ( #4351 ) ) GLOBAL_UNIT_ASSIGNED_CONTEXT ( ( #3357, #6044, #1996 ) ) REPRESENTATION_CONTEXT ( 'NONE', 'WORKASPACE' ) );
#7483 = MECHANICAL_DESIGN_GEOMETRIC_PRESENTATION_REPRESENTATION (  '', ( #6977 ), #4772 ) ;
#7484 = DIRECTION ( 'NONE',  ( 0.0000000000000000000, 0.0000000000000000000, 1.000000000000000000 ) ) ;
#7485 = CARTESIAN_POINT ( 'NONE',  ( 0.01899999999999998900, 0.1260000000000001100, -0.09200000000000001200 ) ) ;
#7486 = VECTOR ( 'NONE', #2416, 39.37007874015748100 ) ;
#7487 = CARTESIAN_POINT ( 'NONE',  ( -0.3939999999999999600, 0.5368143296315856000, -0.09200000000000245500 ) ) ;
#7488 = CIRCLE ( 'NONE', #515, 0.03000000000000002300 ) ;
#7489 = ORIENTED_EDGE ( 'NONE', *, *, #6702, .F. ) ;
#7490 = DIRECTION ( 'NONE',  ( 0.0000000000000000000, 0.0000000000000000000, -1.000000000000000000 ) ) ;
#7491 = CARTESIAN_POINT ( 'NONE',  ( 0.01899999999999998900, 0.0000000000000000000, -0.01149999999999994900 ) ) ;
#7492 = CARTESIAN_POINT ( 'NONE',  ( 0.04800000000000000800, 0.07336898097372462900, -0.07800000000000002800 ) ) ;
#7493 = ADVANCED_FACE ( 'NONE', ( #3250 ), #3124, .F. ) ;
#7494 = AXIS2_PLACEMENT_3D ( 'NONE', #8546, #3910, #5874 ) ;
#7495 = DIRECTION ( 'NONE',  ( -0.3420201433256637700, 0.9396926207859100900, 0.0000000000000000000 ) ) ;
#7496 = DIRECTION ( 'NONE',  ( -0.9396926207859103200, 0.3420201433256634900, 0.0000000000000000000 ) ) ;
#7497 = VECTOR ( 'NONE', #1653, 39.37007874015748100 ) ;
#7498 = FILL_AREA_STYLE_COLOUR ( '', #1147 ) ;
#7499 = FILL_AREA_STYLE_COLOUR ( '', #6727 ) ;
#7500 = EDGE_CURVE ( 'NONE', #199, #3538, #6078, .T. ) ;
#7501 = VECTOR ( 'NONE', #1427, 39.37007874015748100 ) ;
#7502 = DIRECTION ( 'NONE',  ( -1.000000000000000000, -0.0000000000000000000, -0.0000000000000000000 ) ) ;
#7503 = ORIENTED_EDGE ( 'NONE', *, *, #3975, .T. ) ;
#7504 = AXIS2_PLACEMENT_3D ( 'NONE', #6611, #7969, #3248 ) ;
#7505 = EDGE_CURVE ( 'NONE', #3613, #2233, #8503, .T. ) ;
#7506 = ORIENTED_EDGE ( 'NONE', *, *, #6309, .F. ) ;
#7507 = UNCERTAINTY_MEASURE_WITH_UNIT (LENGTH_MEASURE( 1.000000000000000100E-005 ), #4664, 'distance_accuracy_value', 'NONE');
#7508 = DIRECTION ( 'NONE',  ( -1.000000000000000000, -0.0000000000000000000, -0.0000000000000000000 ) ) ;
#7509 = DIRECTION ( 'NONE',  ( 0.0000000000000000000, -0.8564912955534272900, -0.5161614676060311000 ) ) ;
#7510 = DIRECTION ( 'NONE',  ( 1.000000000000000000, 0.0000000000000000000, 0.0000000000000000000 ) ) ;
#7511 = FACE_OUTER_BOUND ( 'NONE', #3875, .T. ) ;
#7512 = ADVANCED_FACE ( 'NONE', ( #6937 ), #8487, .F. ) ;
#7513 = ORIENTED_EDGE ( 'NONE', *, *, #4839, .T. ) ;
#7514 = AXIS2_PLACEMENT_3D ( 'NONE', #163, #291, #3511 ) ;
#7515 = ORIENTED_EDGE ( 'NONE', *, *, #2405, .T. ) ;
#7516 = DIRECTION ( 'NONE',  ( -0.3420201433256634900, -0.9396926207859103200, -1.887571618202280100E-016 ) ) ;
#7517 = ORIENTED_EDGE ( 'NONE', *, *, #3801, .T. ) ;
#7518 = EDGE_CURVE ( 'NONE', #3431, #2610, #3691, .T. ) ;
#7519 = ORIENTED_EDGE ( 'NONE', *, *, #2879, .T. ) ;
#7520 = LINE ( 'NONE', #6034, #5935 ) ;
#7521 = MECHANICAL_DESIGN_GEOMETRIC_PRESENTATION_REPRESENTATION (  '', ( #8069 ), #872 ) ;
#7522 = DIRECTION ( 'NONE',  ( -0.0000000000000000000, -1.000000000000000000, -0.0000000000000000000 ) ) ;
#7523 = ADVANCED_FACE ( 'NONE', ( #6711 ), #3000, .F. ) ;
#7524 = DIRECTION ( 'NONE',  ( -1.000000000000000000, -0.0000000000000000000, -0.0000000000000000000 ) ) ;
#7525 = ORIENTED_EDGE ( 'NONE', *, *, #3243, .T. ) ;
#7526 = DIRECTION ( 'NONE',  ( 1.000000000000000000, 0.0000000000000000000, 0.0000000000000000000 ) ) ;
#7527 = ORIENTED_EDGE ( 'NONE', *, *, #313, .F. ) ;
#7528 = PRESENTATION_STYLE_ASSIGNMENT (( #8235 ) ) ;
#7529 = CARTESIAN_POINT ( 'NONE',  ( -0.3939999999999999600, 0.1410000000000000700, -0.1079999999999972800 ) ) ;
#7530 = ORIENTED_EDGE ( 'NONE', *, *, #1836, .T. ) ;
#7531 = ORIENTED_EDGE ( 'NONE', *, *, #6086, .T. ) ;
#7532 = CARTESIAN_POINT ( 'NONE',  ( -0.2200000000000000600, 0.07336898097372462900, -0.07800000000000002800 ) ) ;
#7533 = ORIENTED_EDGE ( 'NONE', *, *, #2365, .T. ) ;
#7534 = FACE_OUTER_BOUND ( 'NONE', #5833, .T. ) ;
#7535 = AXIS2_PLACEMENT_3D ( 'NONE', #8549, #548, #4549 ) ;
#7536 = VERTEX_POINT ( 'NONE', #5757 ) ;
#7537 = ORIENTED_EDGE ( 'NONE', *, *, #2887, .F. ) ;
#7538 = DIRECTION ( 'NONE',  ( -1.000000000000000000, -0.0000000000000000000, -0.0000000000000000000 ) ) ;
#7539 = CARTESIAN_POINT ( 'NONE',  ( 0.2199999999999999700, 0.1260000000000001100, -0.1080000000000000300 ) ) ;
#7540 = ORIENTED_EDGE ( 'NONE', *, *, #3340, .F. ) ;
#7541 = CARTESIAN_POINT ( 'NONE',  ( -0.3939999999999999600, 0.5369066208452650800, -0.09200916782255576200 ) ) ;
#7542 = DIRECTION ( 'NONE',  ( -1.000000000000000000, -0.0000000000000000000, -0.0000000000000000000 ) ) ;
#7543 = VECTOR ( 'NONE', #473, 39.37007874015748100 ) ;
#7544 =( GEOMETRIC_REPRESENTATION_CONTEXT ( 3 ) GLOBAL_UNCERTAINTY_ASSIGNED_CONTEXT ( ( #85 ) ) GLOBAL_UNIT_ASSIGNED_CONTEXT ( ( #250, #1666, #7017 ) ) REPRESENTATION_CONTEXT ( 'NONE', 'WORKASPACE' ) );
#7545 = VECTOR ( 'NONE', #7831, 39.37007874015748100 ) ;
#7546 = CARTESIAN_POINT ( 'NONE',  ( 0.1940000000000000100, 0.5319999999999999200, -0.1275000000000000900 ) ) ;
#7547 = SURFACE_STYLE_USAGE ( .BOTH. , #3626 ) ;
#7548 = EDGE_CURVE ( 'NONE', #1021, #6134, #626, .T. ) ;
#7549 = ORIENTED_EDGE ( 'NONE', *, *, #8159, .T. ) ;
#7550 = LENGTH_MEASURE_WITH_UNIT ( LENGTH_MEASURE( 0.02539999999999999900 ), #8645 );
#7551 = CARTESIAN_POINT ( 'NONE',  ( -0.006519999298179108400, -0.1852885201230315400, -0.01149999999999994900 ) ) ;
#7552 = LINE ( 'NONE', #1592, #2811 ) ;
#7553 = ADVANCED_FACE ( 'NONE', ( #3911 ), #3802, .T. ) ;
#7554 = AXIS2_PLACEMENT_3D ( 'NONE', #4961, #7524, #6220 ) ;
#7555 = DIRECTION ( 'NONE',  ( -1.000000000000000000, -0.0000000000000000000, -0.0000000000000000000 ) ) ;
#7556 = VECTOR ( 'NONE', #76, 39.37007874015748100 ) ;
#7557 = EDGE_CURVE ( 'NONE', #851, #6560, #728, .T. ) ;
#7558 = FILL_AREA_STYLE ('',( #8284 ) ) ;
#7559 = ORIENTED_EDGE ( 'NONE', *, *, #8149, .T. ) ;
#7560 = EDGE_CURVE ( 'NONE', #854, #5434, #1961, .T. ) ;
#7561 = EDGE_CURVE ( 'NONE', #6696, #3916, #5164, .T. ) ;
#7562 = ADVANCED_FACE ( 'NONE', ( #4936 ), #3906, .F. ) ;
#7563 = LINE ( 'NONE', #5812, #5768 ) ;
#7564 = CARTESIAN_POINT ( 'NONE',  ( -0.3902527585762049500, 0.5488741143611158800, -0.1385188323046422900 ) ) ;
#7565 = VECTOR ( 'NONE', #283, 39.37007874015748100 ) ;
#7566 =( BOUNDED_CURVE ( )  B_SPLINE_CURVE ( 3, ( #2701, #8085, #8141, #7415 ),
 .UNSPECIFIED., .F., .T. ) 
 B_SPLINE_CURVE_WITH_KNOTS ( ( 4, 4 ),
 ( 6.243646118742364400, 6.268332624234548500 ),
 .UNSPECIFIED. ) 
 CURVE ( )  GEOMETRIC_REPRESENTATION_ITEM ( )  RATIONAL_B_SPLINE_CURVE ( ( 1.000000000000000000, 0.9999492153486653200, 0.9999492153486653200, 1.000000000000000000 ) ) 
 REPRESENTATION_ITEM ( '' )  );
#7567 = AXIS2_PLACEMENT_3D ( 'NONE', #7200, #539, #2414 ) ;
#7568 =( NAMED_UNIT ( * ) SI_UNIT ( $, .STERADIAN. ) SOLID_ANGLE_UNIT ( ) );
#7569 = CARTESIAN_POINT ( 'NONE',  ( 0.01899999999999998900, -2.134256245050205600E-018, -0.02749999999999999700 ) ) ;
#7570 = EDGE_CURVE ( 'NONE', #2968, #2295, #7037, .T. ) ;
#7571 = VECTOR ( 'NONE', #2532, 39.37007874015748100 ) ;
#7572 = VECTOR ( 'NONE', #7729, 39.37007874015748100 ) ;
#7573 = ORIENTED_EDGE ( 'NONE', *, *, #965, .T. ) ;
#7574 = CARTESIAN_POINT ( 'NONE',  ( -0.3841158428473160400, 0.1410000000000000700, -0.1885000000000000300 ) ) ;
#7575 = CARTESIAN_POINT ( 'NONE',  ( 0.3940000000000000200, 0.5367231404198930000, -0.09200000000000277400 ) ) ;
#7576 = ORIENTED_EDGE ( 'NONE', *, *, #5708, .F. ) ;
#7577 = ORIENTED_EDGE ( 'NONE', *, *, #5468, .F. ) ;
#7578 = ORIENTED_EDGE ( 'NONE', *, *, #2777, .T. ) ;
#7579 = CARTESIAN_POINT ( 'NONE',  ( 0.3939999999999999600, 0.5520000000000000500, -0.1275000000000000900 ) ) ;
#7580 = CARTESIAN_POINT ( 'NONE',  ( -0.04800000000000004300, 0.07336898097372462900, -0.07800000000000002800 ) ) ;
#7581 = FACE_OUTER_BOUND ( 'NONE', #2786, .T. ) ;
#7582 = LINE ( 'NONE', #6181, #3371 ) ;
#7583 = ORIENTED_EDGE ( 'NONE', *, *, #5749, .F. ) ;
#7584 = CARTESIAN_POINT ( 'NONE',  ( -0.1530000000000000200, 0.1260000000000001100, -0.1080000000000000300 ) ) ;
#7585 = SURFACE_STYLE_USAGE ( .BOTH. , #160 ) ;
#7586 = ORIENTED_EDGE ( 'NONE', *, *, #3792, .F. ) ;
#7587 = EDGE_CURVE ( 'NONE', #776, #1638, #231, .T. ) ;
#7588 = ORIENTED_EDGE ( 'NONE', *, *, #7221, .T. ) ;
#7589 = VECTOR ( 'NONE', #2310, 39.37007874015748100 ) ;
#7590 =( LENGTH_UNIT ( ) NAMED_UNIT ( * ) SI_UNIT ( $, .METRE. ) );
#7591 = CIRCLE ( 'NONE', #1388, 0.01399999999999997400 ) ;
#7592 = CARTESIAN_POINT ( 'NONE',  ( 0.2199999999999999700, -1.340010956295959200E-017, 0.1884999999999999200 ) ) ;
#7593 = ORIENTED_EDGE ( 'NONE', *, *, #8165, .T. ) ;
#7594 = CARTESIAN_POINT ( 'NONE',  ( -0.1820000000000000800, -0.1450000000000000700, -0.1885000000000000600 ) ) ;
#7595 = DIRECTION ( 'NONE',  ( 0.0000000000000000000, 1.000000000000000000, 2.008711760047251800E-016 ) ) ;
#7596 = CARTESIAN_POINT ( 'NONE',  ( 0.1530000000000000200, 0.07336898097372462900, -0.07800000000000002800 ) ) ;
#7597 = CYLINDRICAL_SURFACE ( 'NONE', #5748, 0.01499999999999997700 ) ;
#7598 = LINE ( 'NONE', #2135, #5696 ) ;
#7599 = ADVANCED_FACE ( 'NONE', ( #3157 ), #7768, .T. ) ;
#7600 = AXIS2_PLACEMENT_3D ( 'NONE', #5612, #5577, #4898 ) ;
#7601 = EDGE_CURVE ( 'NONE', #1911, #6122, #8292, .T. ) ;
#7602 = CARTESIAN_POINT ( 'NONE',  ( -0.2870000000000000300, 0.0000000000000000000, -0.04149999999999996100 ) ) ;
#7603 = COLOUR_RGB ( '',0.2509803921568627400, 0.2509803921568627400, 0.2509803921568627400 ) ;
#7604 = DIRECTION ( 'NONE',  ( -0.0000000000000000000, -0.0000000000000000000, 1.000000000000000000 ) ) ;
#7605 = DIRECTION ( 'NONE',  ( -0.3420201433256637700, 0.9396926207859100900, 1.367416939322673900E-016 ) ) ;
#7606 = ADVANCED_FACE ( 'NONE', ( #4709 ), #540, .T. ) ;
#7607 = FILL_AREA_STYLE ('',( #6898 ) ) ;
#7608 =( GEOMETRIC_REPRESENTATION_CONTEXT ( 3 ) GLOBAL_UNCERTAINTY_ASSIGNED_CONTEXT ( ( #712 ) ) GLOBAL_UNIT_ASSIGNED_CONTEXT ( ( #4519, #5844, #1062 ) ) REPRESENTATION_CONTEXT ( 'NONE', 'WORKASPACE' ) );
#7609 = CARTESIAN_POINT ( 'NONE',  ( 0.06753046453133315600, -0.01766364454451666700, -0.02750000000000000000 ) ) ;
#7610 = LENGTH_MEASURE_WITH_UNIT ( LENGTH_MEASURE( 0.02539999999999999900 ), #499 );
#7611 = PLANE ( 'NONE',  #2418 ) ;
#7612 = AXIS2_PLACEMENT_3D ( 'NONE', #5574, #2900, #6891 ) ;
#7613 = ORIENTED_EDGE ( 'NONE', *, *, #204, .F. ) ;
#7614 = DIRECTION ( 'NONE',  ( -1.000000000000000000, -0.0000000000000000000, -0.0000000000000000000 ) ) ;
#7615 = EDGE_CURVE ( 'NONE', #6612, #2516, #7563, .T. ) ;
#7616 = ORIENTED_EDGE ( 'NONE', *, *, #3342, .T. ) ;
#7617 =( BOUNDED_CURVE ( )  B_SPLINE_CURVE ( 3, ( #8432, #386, #3033, #7737 ),
 .UNSPECIFIED., .F., .T. ) 
 B_SPLINE_CURVE_WITH_KNOTS ( ( 4, 4 ),
 ( 5.505213485254649300, 7.061157129104502800 ),
 .UNSPECIFIED. ) 
 CURVE ( )  GEOMETRIC_REPRESENTATION_ITEM ( )  RATIONAL_B_SPLINE_CURVE ( ( 1.000000000000000000, 0.8082256338399267400, 0.8082256338399267400, 1.000000000000000000 ) ) 
 REPRESENTATION_ITEM ( '' )  );
#7618 =( CONVERSION_BASED_UNIT ( 'INCH', #5064 ) LENGTH_UNIT ( ) NAMED_UNIT ( #3321 ) );
#7619 = AXIS2_PLACEMENT_3D ( 'NONE', #380, #5074, #1083 ) ;
#7620 = ORIENTED_EDGE ( 'NONE', *, *, #4607, .T. ) ;
#7621 = ORIENTED_EDGE ( 'NONE', *, *, #8565, .F. ) ;
#7622 = CYLINDRICAL_SURFACE ( 'NONE', #7612, 0.01999999999999999000 ) ;
#7623 = AXIS2_PLACEMENT_3D ( 'NONE', #2641, #6083, #5400 ) ;
#7624 = EDGE_CURVE ( 'NONE', #3611, #782, #4112, .T. ) ;
#7625 = DIRECTION ( 'NONE',  ( 0.0000000000000000000, 0.0000000000000000000, -1.000000000000000000 ) ) ;
#7626 = CARTESIAN_POINT ( 'NONE',  ( 0.1940000000000000100, 0.5220000000000001300, -0.1275000000000000300 ) ) ;
#7627 = ORIENTED_EDGE ( 'NONE', *, *, #2751, .T. ) ;
#7628 = CARTESIAN_POINT ( 'NONE',  ( -0.1820000000000000800, -1.707404996040164500E-017, 0.1724999999999999300 ) ) ;
#7629 =( NAMED_UNIT ( * ) SI_UNIT ( $, .STERADIAN. ) SOLID_ANGLE_UNIT ( ) );
#7630 = ORIENTED_EDGE ( 'NONE', *, *, #7665, .F. ) ;
#7631 = VECTOR ( 'NONE', #3469, 39.37007874015748100 ) ;
#7632 = ORIENTED_EDGE ( 'NONE', *, *, #6309, .T. ) ;
#7633 = VERTEX_POINT ( 'NONE', #6573 ) ;
#7634 = DIRECTION ( 'NONE',  ( 0.0000000000000000000, 0.0000000000000000000, 1.000000000000000000 ) ) ;
#7635 = ORIENTED_EDGE ( 'NONE', *, *, #197, .F. ) ;
#7636 =( LENGTH_UNIT ( ) NAMED_UNIT ( * ) SI_UNIT ( $, .METRE. ) );
#7637 = DIRECTION ( 'NONE',  ( 1.000000000000000000, 0.0000000000000000000, 0.0000000000000000000 ) ) ;
#7638 = CARTESIAN_POINT ( 'NONE',  ( 0.1150000000000000000, 0.1260000000000001100, -0.09200000000000001200 ) ) ;
#7639 =( GEOMETRIC_REPRESENTATION_CONTEXT ( 3 ) GLOBAL_UNCERTAINTY_ASSIGNED_CONTEXT ( ( #8369 ) ) GLOBAL_UNIT_ASSIGNED_CONTEXT ( ( #6949, #916, #3640 ) ) REPRESENTATION_CONTEXT ( 'NONE', 'WORKASPACE' ) );
#7640 = ORIENTED_EDGE ( 'NONE', *, *, #3183, .T. ) ;
#7641 = LINE ( 'NONE', #976, #2248 ) ;
#7642 = DIRECTION ( 'NONE',  ( -1.000000000000000000, -0.0000000000000000000, 0.0000000000000000000 ) ) ;
#7643 = CARTESIAN_POINT ( 'NONE',  ( 0.1530000000000000200, 0.01199087813774794700, -0.03427373945351554900 ) ) ;
#7644 = ORIENTED_EDGE ( 'NONE', *, *, #3223, .T. ) ;
#7645 = ORIENTED_EDGE ( 'NONE', *, *, #4033, .T. ) ;
#7646 = DIRECTION ( 'NONE',  ( -1.000000000000000000, -0.0000000000000000000, -0.0000000000000000000 ) ) ;
#7647 = LINE ( 'NONE', #3338, #7428 ) ;
#7648 = VECTOR ( 'NONE', #4517, 39.37007874015748100 ) ;
#7649 = AXIS2_PLACEMENT_3D ( 'NONE', #6716, #8126, #13 ) ;
#7650 = DIRECTION ( 'NONE',  ( -0.0000000000000000000, -1.000000000000000000, -0.0000000000000000000 ) ) ;
#7651 = ADVANCED_FACE ( 'NONE', ( #5978 ), #4598, .F. ) ;
#7652 = CARTESIAN_POINT ( 'NONE',  ( -0.04800000000000004300, -1.340010956295959200E-017, 0.1884999999999999200 ) ) ;
#7653 = FILL_AREA_STYLE ('',( #2893 ) ) ;
#7654 = EDGE_LOOP ( 'NONE', ( #8276, #1030, #8651, #2617 ) ) ;
#7655 = VECTOR ( 'NONE', #5769, 39.37007874015748100 ) ;
#7656 = LINE ( 'NONE', #7076, #2269 ) ;
#7657 = PRESENTATION_LAYER_ASSIGNMENT (  '', '', ( #8497 ) ) ;
#7658 = CARTESIAN_POINT ( 'NONE',  ( -0.2140000000000000500, 0.5520000000000000500, 0.8807583994195136200 ) ) ;
#7659 = ORIENTED_EDGE ( 'NONE', *, *, #6030, .T. ) ;
#7660 = CARTESIAN_POINT ( 'NONE',  ( -0.1530000000000000200, 0.07336898097372462900, -0.1080000000000000500 ) ) ;
#7661 = ORIENTED_EDGE ( 'NONE', *, *, #8555, .T. ) ;
#7662 = AXIS2_PLACEMENT_3D ( 'NONE', #6921, #2901, #4985 ) ;
#7663 = DIRECTION ( 'NONE',  ( 0.0000000000000000000, -0.5161614676060311000, 0.8564912955534271800 ) ) ;
#7664 = VECTOR ( 'NONE', #4072, 39.37007874015748100 ) ;
#7665 = EDGE_CURVE ( 'NONE', #6780, #4746, #8179, .T. ) ;
#7666 = LINE ( 'NONE', #1418, #4710 ) ;
#7667 = CARTESIAN_POINT ( 'NONE',  ( 0.05709925585665491500, -0.1700000000000001000, -0.1885000000000000600 ) ) ;
#7668 = DIRECTION ( 'NONE',  ( 0.0000000000000000000, 0.0000000000000000000, 1.000000000000000000 ) ) ;
#7669 = DIRECTION ( 'NONE',  ( -1.000000000000000000, -0.0000000000000000000, 0.0000000000000000000 ) ) ;
#7670 = VECTOR ( 'NONE', #1910, 39.37007874015748100 ) ;
#7671 = EDGE_CURVE ( 'NONE', #1202, #7138, #2821, .T. ) ;
#7672 = FACE_OUTER_BOUND ( 'NONE', #989, .T. ) ;
#7673 = ORIENTED_EDGE ( 'NONE', *, *, #8613, .T. ) ;
#7674 = SURFACE_STYLE_USAGE ( .BOTH. , #7058 ) ;
#7675 = DIRECTION ( 'NONE',  ( -1.000000000000000000, -0.0000000000000000000, -0.0000000000000000000 ) ) ;
#7676 = ORIENTED_EDGE ( 'NONE', *, *, #5314, .T. ) ;
#7677 = DIRECTION ( 'NONE',  ( -1.000000000000000000, 0.0000000000000000000, 0.0000000000000000000 ) ) ;
#7678 = CARTESIAN_POINT ( 'NONE',  ( -0.3350000000000000200, 0.1910000000000002300, -0.03150000000000003500 ) ) ;
#7679 = LINE ( 'NONE', #3195, #7571 ) ;
#7680 = ORIENTED_EDGE ( 'NONE', *, *, #2466, .F. ) ;
#7681 = AXIS2_PLACEMENT_3D ( 'NONE', #6070, #5356, #4021 ) ;
#7682 = VECTOR ( 'NONE', #8319, 39.37007874015748900 ) ;
#7683 = ORIENTED_EDGE ( 'NONE', *, *, #8365, .T. ) ;
#7684 = EDGE_CURVE ( 'NONE', #5330, #8300, #4929, .T. ) ;
#7685 = VECTOR ( 'NONE', #4673, 39.37007874015748100 ) ;
#7686 = FILL_AREA_STYLE_COLOUR ( '', #6028 ) ;
#7687 = CARTESIAN_POINT ( 'NONE',  ( -0.2870000000000000300, 0.0000000000000000000, -0.01149999999999994900 ) ) ;
#7688 = ORIENTED_EDGE ( 'NONE', *, *, #500, .T. ) ;
#7689 =( NAMED_UNIT ( * ) PLANE_ANGLE_UNIT ( ) SI_UNIT ( $, .RADIAN. ) );
#7690 = ADVANCED_FACE ( 'NONE', ( #4008 ), #7971, .T. ) ;
#7691 = DIRECTION ( 'NONE',  ( 0.0000000000000000000, 1.000000000000000000, 3.244104004879253700E-016 ) ) ;
#7692 = CARTESIAN_POINT ( 'NONE',  ( -0.08600000000000002100, 0.1260000000000001100, -0.1080000000000000300 ) ) ;
#7693 = VECTOR ( 'NONE', #672, 39.37007874015748100 ) ;
#7694 = DIRECTION ( 'NONE',  ( 1.724651511151681200E-016, 1.000000000000000000, -0.0000000000000000000 ) ) ;
#7695 = CARTESIAN_POINT ( 'NONE',  ( -0.08600000000000002100, -0.1450000000000001000, 0.1884999999999998900 ) ) ;
#7696 = EDGE_LOOP ( 'NONE', ( #5, #3970, #2730, #2667 ) ) ;
#7697 = AXIS2_PLACEMENT_3D ( 'NONE', #3288, #5260, #8593 ) ;
#7698 = CARTESIAN_POINT ( 'NONE',  ( 0.1150000000000000000, 0.0000000000000000000, -0.04149999999999996100 ) ) ;
#7699 = CARTESIAN_POINT ( 'NONE',  ( -0.04800000000000004300, 0.1260000000000001100, -0.09200000000000001200 ) ) ;
#7700 = LINE ( 'NONE', #8321, #1071 ) ;
#7701 = DIRECTION ( 'NONE',  ( -1.000000000000000000, -0.0000000000000000000, -0.0000000000000000000 ) ) ;
#7702 = CARTESIAN_POINT ( 'NONE',  ( 0.3939999999999999600, 0.6999999999999996200, -0.1275000000000000900 ) ) ;
#7703 =( CONVERSION_BASED_UNIT ( 'INCH', #2359 ) LENGTH_UNIT ( ) NAMED_UNIT ( #8477 ) );
#7704 = FACE_OUTER_BOUND ( 'NONE', #7815, .T. ) ;
#7705 = VERTEX_POINT ( 'NONE', #7 ) ;
#7706 = VERTEX_POINT ( 'NONE', #4693 ) ;
#7707 = CARTESIAN_POINT ( 'NONE',  ( -0.2580992558566549400, -0.1760000000000001600, -0.02750000000000001400 ) ) ;
#7708 = EDGE_CURVE ( 'NONE', #8550, #8322, #2597, .T. ) ;
#7709 = CARTESIAN_POINT ( 'NONE',  ( -0.08600000000000002100, 0.04359259642448493800, -0.08165608030215425200 ) ) ;
#7710 = DIRECTION ( 'NONE',  ( -1.000000000000000000, -0.0000000000000000000, 0.0000000000000000000 ) ) ;
#7711 = VECTOR ( 'NONE', #2193, 39.37007874015748100 ) ;
#7712 = DIRECTION ( 'NONE',  ( 0.0000000000000000000, 1.000000000000000000, -3.244104004879254200E-016 ) ) ;
#7713 = DIRECTION ( 'NONE',  ( -0.3420201433256637700, 0.9396926207859100900, 0.0000000000000000000 ) ) ;
#7714 = CARTESIAN_POINT ( 'NONE',  ( 0.08599999999999997900, -1.707404996040164500E-017, 0.1584999999999999700 ) ) ;
#7715 = AXIS2_PLACEMENT_3D ( 'NONE', #2934, #4191, #4903 ) ;
#7716 = EDGE_CURVE ( 'NONE', #2913, #1376, #6925, .T. ) ;
#7717 = ORIENTED_EDGE ( 'NONE', *, *, #7986, .F. ) ;
#7718 = UNCERTAINTY_MEASURE_WITH_UNIT (LENGTH_MEASURE( 1.000000000000000100E-005 ), #2850, 'distance_accuracy_value', 'NONE');
#7719 = ORIENTED_EDGE ( 'NONE', *, *, #2581, .T. ) ;
#7720 = PLANE ( 'NONE',  #3092 ) ;
#7721 =( CONVERSION_BASED_UNIT ( 'INCH', #5037 ) LENGTH_UNIT ( ) NAMED_UNIT ( #6610 ) );
#7722 = EDGE_LOOP ( 'NONE', ( #94, #6329, #6824, #3394, #1096, #6830, #8091, #3040, #4666, #5699, #7154, #4831 ) ) ;
#7723 = ORIENTED_EDGE ( 'NONE', *, *, #8047, .F. ) ;
#7724 = CIRCLE ( 'NONE', #7213, 0.07499999999999999700 ) ;
#7725 = DIRECTION ( 'NONE',  ( 0.0000000000000000000, 0.0000000000000000000, -1.000000000000000000 ) ) ;
#7726 = EDGE_CURVE ( 'NONE', #7442, #898, #4222, .T. ) ;
#7727 = EDGE_CURVE ( 'NONE', #3546, #5210, #829, .T. ) ;
#7728 = DIRECTION ( 'NONE',  ( 1.000000000000000000, 0.0000000000000000000, -0.0000000000000000000 ) ) ;
#7729 = DIRECTION ( 'NONE',  ( -0.0000000000000000000, -1.000000000000000000, -0.0000000000000000000 ) ) ;
#7730 = VERTEX_POINT ( 'NONE', #4048 ) ;
#7731 = CARTESIAN_POINT ( 'NONE',  ( -0.2490000000000000300, 0.01199087813774794700, -0.03427373945351554900 ) ) ;
#7732 = VERTEX_POINT ( 'NONE', #616 ) ;
#7733 = PRESENTATION_LAYER_ASSIGNMENT (  '', '', ( #7783 ) ) ;
#7734 = VECTOR ( 'NONE', #123, 39.37007874015748100 ) ;
#7735 = ORIENTED_EDGE ( 'NONE', *, *, #8220, .T. ) ;
#7736 = EDGE_CURVE ( 'NONE', #5222, #6877, #8496, .T. ) ;
#7737 = CARTESIAN_POINT ( 'NONE',  ( -0.3841158428473162000, 0.5268389832672095700, -0.01150000000000003500 ) ) ;
#7738 = ORIENTED_EDGE ( 'NONE', *, *, #1368, .T. ) ;
#7739 = DIMENSIONAL_EXPONENTS ( 1.000000000000000000, 0.0000000000000000000, 0.0000000000000000000, 0.0000000000000000000, 0.0000000000000000000, 0.0000000000000000000, 0.0000000000000000000 ) ;
#7740 =( NAMED_UNIT ( * ) PLANE_ANGLE_UNIT ( ) SI_UNIT ( $, .RADIAN. ) );
#7741 =( NAMED_UNIT ( * ) PLANE_ANGLE_UNIT ( ) SI_UNIT ( $, .RADIAN. ) );
#7742 = CYLINDRICAL_SURFACE ( 'NONE', #7318, 0.01099999999999998000 ) ;
#7743 = ORIENTED_EDGE ( 'NONE', *, *, #6998, .F. ) ;
#7744 =( NAMED_UNIT ( * ) PLANE_ANGLE_UNIT ( ) SI_UNIT ( $, .RADIAN. ) );
#7745 = EDGE_LOOP ( 'NONE', ( #5315, #7723, #6894, #3057 ) ) ;
#7746 = DIRECTION ( 'NONE',  ( -0.0000000000000000000, -0.0000000000000000000, -1.000000000000000000 ) ) ;
#7747 = CARTESIAN_POINT ( 'NONE',  ( 0.005843053878465750600, -0.02917474245791772100, 0.1884999999999999200 ) ) ;
#7748 = LINE ( 'NONE', #4243, #298 ) ;
#7749 = EDGE_CURVE ( 'NONE', #5210, #4950, #1334, .T. ) ;
#7750 = DIRECTION ( 'NONE',  ( 0.0000000000000000000, -1.455174712534229700E-016, 1.000000000000000000 ) ) ;
#7751 = CARTESIAN_POINT ( 'NONE',  ( -0.04800000000000004300, 0.1260000000000001100, -0.1080000000000000300 ) ) ;
#7752 = VERTEX_POINT ( 'NONE', #1247 ) ;
#7753 = CARTESIAN_POINT ( 'NONE',  ( -0.2490000000000000300, -0.1760000000000001600, -0.02750000000000002100 ) ) ;
#7754 = FACE_OUTER_BOUND ( 'NONE', #1289, .T. ) ;
#7755 = DIRECTION ( 'NONE',  ( 1.000000000000000000, 0.0000000000000000000, 0.0000000000000000000 ) ) ;
#7756 = VECTOR ( 'NONE', #6869, 39.37007874015748100 ) ;
#7757 = DIRECTION ( 'NONE',  ( 0.0000000000000000000, 0.0000000000000000000, 1.000000000000000000 ) ) ;
#7758 = CARTESIAN_POINT ( 'NONE',  ( 0.3841158428473162600, 0.5370000000000001400, -0.01150000000000003500 ) ) ;
#7759 = ORIENTED_EDGE ( 'NONE', *, *, #529, .T. ) ;
#7760 = DIRECTION ( 'NONE',  ( -0.0000000000000000000, 0.9925461516413228700, 0.1218693434051409700 ) ) ;
#7761 = LINE ( 'NONE', #6624, #3139 ) ;
#7762 =( LENGTH_UNIT ( ) NAMED_UNIT ( * ) SI_UNIT ( $, .METRE. ) );
#7763 =( GEOMETRIC_REPRESENTATION_CONTEXT ( 3 ) GLOBAL_UNCERTAINTY_ASSIGNED_CONTEXT ( ( #198 ) ) GLOBAL_UNIT_ASSIGNED_CONTEXT ( ( #4808, #784, #2767 ) ) REPRESENTATION_CONTEXT ( 'NONE', 'WORKASPACE' ) );
#7764 = COLOUR_RGB ( '',0.7921568627450980000, 0.8196078431372548800, 0.9333333333333333500 ) ;
#7765 = PRODUCT_CONTEXT ( 'NONE', #8384, 'mechanical' ) ;
#7766 = ORIENTED_EDGE ( 'NONE', *, *, #1579, .T. ) ;
#7767 = CIRCLE ( 'NONE', #7144, 0.03000000000000002300 ) ;
#7768 = CYLINDRICAL_SURFACE ( 'NONE', #1893, 0.03000000000000001300 ) ;
#7769 = UNCERTAINTY_MEASURE_WITH_UNIT (LENGTH_MEASURE( 1.000000000000000100E-005 ), #6974, 'distance_accuracy_value', 'NONE');
#7770 = STYLED_ITEM ( 'NONE', ( #8013 ), #6321 ) ;
#7771 = CARTESIAN_POINT ( 'NONE',  ( -0.3540000000000000400, -0.1450000000000001000, -0.1885000000000000600 ) ) ;
#7772 = CARTESIAN_POINT ( 'NONE',  ( -0.1150000000000000200, -2.134256245050205600E-018, -0.02749999999999999700 ) ) ;
#7773 = CARTESIAN_POINT ( 'NONE',  ( 0.1940000000000000100, 0.5319999999999999200, -0.1885000000000000300 ) ) ;
#7774 = CARTESIAN_POINT ( 'NONE',  ( -0.1150000000000000200, -2.134256245050205600E-018, -0.02749999999999999700 ) ) ;
#7775 = ADVANCED_FACE ( 'NONE', ( #3358 ), #645, .F. ) ;
#7776 = DIMENSIONAL_EXPONENTS ( 1.000000000000000000, 0.0000000000000000000, 0.0000000000000000000, 0.0000000000000000000, 0.0000000000000000000, 0.0000000000000000000, 0.0000000000000000000 ) ;
#7777 = EDGE_CURVE ( 'NONE', #8418, #7935, #8071, .T. ) ;
#7778 = LINE ( 'NONE', #3862, #3701 ) ;
#7779 = ORIENTED_EDGE ( 'NONE', *, *, #7833, .T. ) ;
#7780 = DIRECTION ( 'NONE',  ( -0.9396926207859102000, 0.3420201433256638300, 0.0000000000000000000 ) ) ;
#7781 = CARTESIAN_POINT ( 'NONE',  ( -0.1939999999999999200, 0.5220000000000000200, 0.8807583994195136200 ) ) ;
#7782 = EDGE_LOOP ( 'NONE', ( #488, #8667, #4778, #3300 ) ) ;
#7783 = STYLED_ITEM ( 'NONE', ( #3669 ), #8202 ) ;
#7784 = ORIENTED_EDGE ( 'NONE', *, *, #6186, .F. ) ;
#7785 = EDGE_CURVE ( 'NONE', #6548, #5281, #6170, .T. ) ;
#7786 = CYLINDRICAL_SURFACE ( 'NONE', #7190, 0.03000000000000002300 ) ;
#7787 = VECTOR ( 'NONE', #3145, 39.37007874015748100 ) ;
#7788 = FILL_AREA_STYLE_COLOUR ( '', #3032 ) ;
#7789 = CARTESIAN_POINT ( 'NONE',  ( 0.01899999999999998900, 0.02569473886660282200, -0.02601515597181902300 ) ) ;
#7790 = LINE ( 'NONE', #1303, #5585 ) ;
#7791 = EDGE_LOOP ( 'NONE', ( #7847, #7583, #7352, #2817 ) ) ;
#7792 = ORIENTED_EDGE ( 'NONE', *, *, #3463, .T. ) ;
#7793 = CARTESIAN_POINT ( 'NONE',  ( -0.1530000000000000200, 0.02569473886660282200, -0.02601515597181902300 ) ) ;
#7794 = LINE ( 'NONE', #3794, #4343 ) ;
#7795 = LINE ( 'NONE', #1029, #7589 ) ;
#7796 = AXIS2_PLACEMENT_3D ( 'NONE', #3520, #6167, #715 ) ;
#7797 = ORIENTED_EDGE ( 'NONE', *, *, #7402, .T. ) ;
#7798 = DIRECTION ( 'NONE',  ( 0.0000000000000000000, -0.0000000000000000000, -1.000000000000000000 ) ) ;
#7799 = DIRECTION ( 'NONE',  ( 1.000000000000000000, 0.0000000000000000000, 0.0000000000000000000 ) ) ;
#7800 = FACE_OUTER_BOUND ( 'NONE', #1883, .T. ) ;
#7801 = PRESENTATION_STYLE_ASSIGNMENT (( #1626 ) ) ;
#7802 =( NAMED_UNIT ( * ) PLANE_ANGLE_UNIT ( ) SI_UNIT ( $, .RADIAN. ) );
#7803 = CARTESIAN_POINT ( 'NONE',  ( 0.3841158428473162600, 0.5268389832672093500, -0.01150000000000003500 ) ) ;
#7804 = CARTESIAN_POINT ( 'NONE',  ( -0.1150000000000000200, 0.0000000000000000000, -0.01149999999999994900 ) ) ;
#7805 = CARTESIAN_POINT ( 'NONE',  ( 0.3540000000000000400, 0.07336898097372462900, -0.07800000000000002800 ) ) ;
#7806 = PLANE ( 'NONE',  #3191 ) ;
#7807 = DIRECTION ( 'NONE',  ( 0.0000000000000000000, 0.1218693434051409500, -0.9925461516413227600 ) ) ;
#7808 = CARTESIAN_POINT ( 'NONE',  ( -0.04800000000000004300, 0.07336898097372462900, -0.07800000000000002800 ) ) ;
#7809 = CARTESIAN_POINT ( 'NONE',  ( -0.1150000000000000200, 0.1260000000000001100, -0.09200000000000001200 ) ) ;
#7810 = ORIENTED_EDGE ( 'NONE', *, *, #378, .F. ) ;
#7811 = ADVANCED_FACE ( 'NONE', ( #3786 ), #5763, .T. ) ;
#7812 = DIMENSIONAL_EXPONENTS ( 1.000000000000000000, 0.0000000000000000000, 0.0000000000000000000, 0.0000000000000000000, 0.0000000000000000000, 0.0000000000000000000, 0.0000000000000000000 ) ;
#7813 = ORIENTED_EDGE ( 'NONE', *, *, #8404, .T. ) ;
#7814 = ORIENTED_EDGE ( 'NONE', *, *, #81, .T. ) ;
#7815 = EDGE_LOOP ( 'NONE', ( #5171, #1200, #1921, #466 ) ) ;
#7816 = VECTOR ( 'NONE', #1007, 39.37007874015748100 ) ;
#7817 = AXIS2_PLACEMENT_3D ( 'NONE', #5058, #953, #2983 ) ;
#7818 = DIRECTION ( 'NONE',  ( 0.0000000000000000000, 0.0000000000000000000, 1.000000000000000000 ) ) ;
#7819 = EDGE_CURVE ( 'NONE', #8315, #5863, #1534, .T. ) ;
#7820 = ORIENTED_EDGE ( 'NONE', *, *, #7280, .T. ) ;
#7821 = CARTESIAN_POINT ( 'NONE',  ( 0.1820000000000000000, 0.05947333485074611500, -0.07970617080767200500 ) ) ;
#7822 = ORIENTED_EDGE ( 'NONE', *, *, #8118, .T. ) ;
#7823 = ORIENTED_EDGE ( 'NONE', *, *, #1032, .F. ) ;
#7824 = ORIENTED_EDGE ( 'NONE', *, *, #5375, .F. ) ;
#7825 = DIRECTION ( 'NONE',  ( 1.000000000000000000, 1.724651511151681200E-016, -0.0000000000000000000 ) ) ;
#7826 = LINE ( 'NONE', #507, #6996 ) ;
#7827 = EDGE_CURVE ( 'NONE', #2161, #400, #8595, .T. ) ;
#7828 = CARTESIAN_POINT ( 'NONE',  ( -0.1150000000000000200, 0.07336898097372462900, -0.07800000000000002800 ) ) ;
#7829 = ORIENTED_EDGE ( 'NONE', *, *, #1406, .F. ) ;
#7830 = FILL_AREA_STYLE ('',( #2433 ) ) ;
#7831 = DIRECTION ( 'NONE',  ( 0.3420201433256635500, 0.9396926207859103200, 1.887571618202280300E-016 ) ) ;
#7832 = FACE_OUTER_BOUND ( 'NONE', #8088, .T. ) ;
#7833 = EDGE_CURVE ( 'NONE', #2953, #2130, #6802, .T. ) ;
#7834 = ORIENTED_EDGE ( 'NONE', *, *, #2229, .F. ) ;
#7835 = EDGE_CURVE ( 'NONE', #6241, #4587, #5558, .T. ) ;
#7836 = DIRECTION ( 'NONE',  ( 0.3420201433256635500, 0.9396926207859103200, 1.887571618202280300E-016 ) ) ;
#7837 = CARTESIAN_POINT ( 'NONE',  ( -0.3790000000000000600, 0.5370000000000001400, -0.1885000000000000300 ) ) ;
#7838 = DIRECTION ( 'NONE',  ( 0.0000000000000000000, 0.1218693434051440200, 0.9925461516413225400 ) ) ;
#7839 = PRESENTATION_LAYER_ASSIGNMENT (  '', '', ( #6600 ) ) ;
#7840 = EDGE_CURVE ( 'NONE', #5728, #8504, #7761, .T. ) ;
#7841 = CARTESIAN_POINT ( 'NONE',  ( -0.3350000000000000200, 0.1910000000000002300, -0.03150000000000003500 ) ) ;
#7842 = ORIENTED_EDGE ( 'NONE', *, *, #5692, .T. ) ;
#7843 = DIRECTION ( 'NONE',  ( -1.000000000000000000, -0.0000000000000000000, 0.0000000000000000000 ) ) ;
#7844 = ORIENTED_EDGE ( 'NONE', *, *, #7096, .F. ) ;
#7845 = LINE ( 'NONE', #1981, #912 ) ;
#7846 = DIRECTION ( 'NONE',  ( 0.0000000000000000000, 0.0000000000000000000, 1.000000000000000000 ) ) ;
#7847 = ORIENTED_EDGE ( 'NONE', *, *, #3008, .T. ) ;
#7848 = EDGE_CURVE ( 'NONE', #1599, #2081, #7240, .T. ) ;
#7849 = DIMENSIONAL_EXPONENTS ( 1.000000000000000000, 0.0000000000000000000, 0.0000000000000000000, 0.0000000000000000000, 0.0000000000000000000, 0.0000000000000000000, 0.0000000000000000000 ) ;
#7850 = CARTESIAN_POINT ( 'NONE',  ( 0.3939999999999999600, 0.5520000000000000500, -0.1885000000000000300 ) ) ;
#7851 = VECTOR ( 'NONE', #2876, 39.37007874015748100 ) ;
#7852 =( CONVERSION_BASED_UNIT ( 'INCH', #1404 ) LENGTH_UNIT ( ) NAMED_UNIT ( #4652 ) );
#7853 = ORIENTED_EDGE ( 'NONE', *, *, #4971, .F. ) ;
#7854 =( NAMED_UNIT ( * ) PLANE_ANGLE_UNIT ( ) SI_UNIT ( $, .RADIAN. ) );
#7855 = EDGE_LOOP ( 'NONE', ( #6144, #4231, #7991, #8065 ) ) ;
#7856 = DIRECTION ( 'NONE',  ( -2.346948448165176000E-016, 1.000000000000000000, -0.0000000000000000000 ) ) ;
#7857 = VECTOR ( 'NONE', #6339, 39.37007874015748100 ) ;
#7858 = ORIENTED_EDGE ( 'NONE', *, *, #5483, .F. ) ;
#7859 = CARTESIAN_POINT ( 'NONE',  ( -0.3350000000000000200, 0.1910000000000002300, -0.03150000000000002800 ) ) ;
#7860 = DIRECTION ( 'NONE',  ( 0.0000000000000000000, 0.0000000000000000000, 1.000000000000000000 ) ) ;
#7861 = ORIENTED_EDGE ( 'NONE', *, *, #2123, .T. ) ;
#7862 = CARTESIAN_POINT ( 'NONE',  ( -0.2499999999999999200, 0.4819999999999999300, -0.1885000000000000300 ) ) ;
#7863 = CARTESIAN_POINT ( 'NONE',  ( -0.3789999999999999500, 0.1260000000000001100, -0.1079999999999972800 ) ) ;
#7864 =( GEOMETRIC_REPRESENTATION_CONTEXT ( 3 ) GLOBAL_UNCERTAINTY_ASSIGNED_CONTEXT ( ( #2133 ) ) GLOBAL_UNIT_ASSIGNED_CONTEXT ( ( #3227, #8591, #3374 ) ) REPRESENTATION_CONTEXT ( 'NONE', 'WORKASPACE' ) );
#7865 = LINE ( 'NONE', #4787, #1338 ) ;
#7866 = UNCERTAINTY_MEASURE_WITH_UNIT (LENGTH_MEASURE( 1.000000000000000100E-005 ), #3563, 'distance_accuracy_value', 'NONE');
#7867 = EDGE_CURVE ( 'NONE', #7633, #1487, #5967, .T. ) ;
#7868 = VERTEX_POINT ( 'NONE', #4647 ) ;
#7869 = DIRECTION ( 'NONE',  ( 0.0000000000000000000, -1.000000000000000000, -2.008711760047251600E-016 ) ) ;
#7870 = ORIENTED_EDGE ( 'NONE', *, *, #8411, .T. ) ;
#7871 = DIRECTION ( 'NONE',  ( 0.0000000000000000000, 0.0000000000000000000, 1.000000000000000000 ) ) ;
#7872 = AXIS2_PLACEMENT_3D ( 'NONE', #6599, #7952, #8627 ) ;
#7873 = CIRCLE ( 'NONE', #6613, 0.01999999999999999000 ) ;
#7874 = DIRECTION ( 'NONE',  ( 0.9396926207859102000, 0.3420201433256638300, 0.0000000000000000000 ) ) ;
#7875 = CARTESIAN_POINT ( 'NONE',  ( -0.1820000000000000800, -1.707404996040164500E-017, 0.1584999999999999700 ) ) ;
#7876 = SURFACE_STYLE_FILL_AREA ( #5785 ) ;
#7877 = EDGE_LOOP ( 'NONE', ( #1489, #668, #6211, #3935 ) ) ;
#7878 = ORIENTED_EDGE ( 'NONE', *, *, #7945, .T. ) ;
#7879 = AXIS2_PLACEMENT_3D ( 'NONE', #748, #2058, #1516 ) ;
#7880 = ORIENTED_EDGE ( 'NONE', *, *, #7624, .T. ) ;
#7881 = DIRECTION ( 'NONE',  ( -0.0000000000000000000, -0.0000000000000000000, -1.000000000000000000 ) ) ;
#7882 = EDGE_CURVE ( 'NONE', #5647, #22, #5048, .T. ) ;
#7883 = EDGE_CURVE ( 'NONE', #8248, #6723, #3244, .T. ) ;
#7884 = CIRCLE ( 'NONE', #8590, 0.01399999999999999000 ) ;
#7885 = CARTESIAN_POINT ( 'NONE',  ( 0.2870000000000000300, 0.0000000000000000000, -0.04149999999999996100 ) ) ;
#7886 = FACE_OUTER_BOUND ( 'NONE', #3017, .T. ) ;
#7887 = ORIENTED_EDGE ( 'NONE', *, *, #1894, .T. ) ;
#7888 = STYLED_ITEM ( 'NONE', ( #1430 ), #8072 ) ;
#7889 = CARTESIAN_POINT ( 'NONE',  ( 0.1940000000000000100, 0.5319999999999999200, -0.1885000000000000300 ) ) ;
#7890 =( CONVERSION_BASED_UNIT ( 'INCH', #1105 ) LENGTH_UNIT ( ) NAMED_UNIT ( #475 ) );
#7891 = VERTEX_POINT ( 'NONE', #4837 ) ;
#7892 = ORIENTED_EDGE ( 'NONE', *, *, #933, .F. ) ;
#7893 = EDGE_CURVE ( 'NONE', #1651, #6159, #7032, .T. ) ;
#7894 = CARTESIAN_POINT ( 'NONE',  ( 0.1150000000000000000, 0.1260000000000001100, -0.09200000000000001200 ) ) ;
#7895 = DIRECTION ( 'NONE',  ( -0.0000000000000000000, 1.000000000000000000, -0.0000000000000000000 ) ) ;
#7896 = FACE_OUTER_BOUND ( 'NONE', #8459, .T. ) ;
#7897 = FACE_OUTER_BOUND ( 'NONE', #5626, .T. ) ;
#7898 = DIRECTION ( 'NONE',  ( 0.0000000000000000000, 0.0000000000000000000, -1.000000000000000000 ) ) ;
#7899 = DIMENSIONAL_EXPONENTS ( 1.000000000000000000, 0.0000000000000000000, 0.0000000000000000000, 0.0000000000000000000, 0.0000000000000000000, 0.0000000000000000000, 0.0000000000000000000 ) ;
#7900 = CARTESIAN_POINT ( 'NONE',  ( 0.1449651548789183700, -0.1730755555389874600, -0.01149999999999994900 ) ) ;
#7901 = CARTESIAN_POINT ( 'NONE',  ( -0.2299999999999999300, 0.4819999999999999300, -0.1275000000000000300 ) ) ;
#7902 = ORIENTED_EDGE ( 'NONE', *, *, #3857, .T. ) ;
#7903 = VECTOR ( 'NONE', #3726, 39.37007874015748100 ) ;
#7904 = DIRECTION ( 'NONE',  ( -1.000000000000000000, -0.0000000000000000000, -0.0000000000000000000 ) ) ;
#7905 =( GEOMETRIC_REPRESENTATION_CONTEXT ( 3 ) GLOBAL_UNCERTAINTY_ASSIGNED_CONTEXT ( ( #2082 ) ) GLOBAL_UNIT_ASSIGNED_CONTEXT ( ( #95, #4774, #1486 ) ) REPRESENTATION_CONTEXT ( 'NONE', 'WORKASPACE' ) );
#7906 = CARTESIAN_POINT ( 'NONE',  ( 0.2490000000000000000, 0.01199087813774794700, -0.03427373945351554900 ) ) ;
#7907 = DIRECTION ( 'NONE',  ( 0.0000000000000000000, -3.244104004879254200E-016, -1.000000000000000000 ) ) ;
#7908 = ORIENTED_EDGE ( 'NONE', *, *, #5300, .T. ) ;
#7909 = CARTESIAN_POINT ( 'NONE',  ( 0.2140000000000000000, 0.5320000000000001400, -0.1885000000000000300 ) ) ;
#7910 = DIRECTION ( 'NONE',  ( -0.0000000000000000000, -0.0000000000000000000, -1.000000000000000000 ) ) ;
#7911 = VERTEX_POINT ( 'NONE', #5466 ) ;
#7912 = CARTESIAN_POINT ( 'NONE',  ( -0.1150000000000000200, 0.02569473886660282200, -0.02601515597181902300 ) ) ;
#7913 = LINE ( 'NONE', #3834, #2543 ) ;
#7914 = DIRECTION ( 'NONE',  ( -0.0000000000000000000, -0.0000000000000000000, -1.000000000000000000 ) ) ;
#7915 = DIRECTION ( 'NONE',  ( 0.0000000000000000000, -3.244104004879254200E-016, 1.000000000000000000 ) ) ;
#7916 = STYLED_ITEM ( 'NONE', ( #519 ), #1457 ) ;
#7917 = AXIS2_PLACEMENT_3D ( 'NONE', #6226, #4875, #2102 ) ;
#7918 = CARTESIAN_POINT ( 'NONE',  ( 0.3540000000000000400, -2.134256245050205600E-017, 0.1884999999999999200 ) ) ;
#7919 =( LENGTH_UNIT ( ) NAMED_UNIT ( * ) SI_UNIT ( $, .METRE. ) );
#7920 = ORIENTED_EDGE ( 'NONE', *, *, #3043, .T. ) ;
#7921 = DIRECTION ( 'NONE',  ( -0.3420201433256637700, 0.9396926207859100900, 0.0000000000000000000 ) ) ;
#7922 = ORIENTED_EDGE ( 'NONE', *, *, #6201, .F. ) ;
#7923 = ORIENTED_EDGE ( 'NONE', *, *, #5796, .F. ) ;
#7924 = ORIENTED_EDGE ( 'NONE', *, *, #6225, .F. ) ;
#7925 = CARTESIAN_POINT ( 'NONE',  ( -0.2490000000000000300, 0.0000000000000000000, -0.04149999999999996100 ) ) ;
#7926 = ORIENTED_EDGE ( 'NONE', *, *, #1841, .F. ) ;
#7927 = VECTOR ( 'NONE', #5925, 39.37007874015748100 ) ;
#7928 = DIRECTION ( 'NONE',  ( -0.9396926207859102000, 0.3420201433256638300, 0.0000000000000000000 ) ) ;
#7929 =( GEOMETRIC_REPRESENTATION_CONTEXT ( 3 ) GLOBAL_UNCERTAINTY_ASSIGNED_CONTEXT ( ( #362 ) ) GLOBAL_UNIT_ASSIGNED_CONTEXT ( ( #3966, #1882, #6544 ) ) REPRESENTATION_CONTEXT ( 'NONE', 'WORKASPACE' ) );
#7930 = CARTESIAN_POINT ( 'NONE',  ( -0.3160000000000000600, -0.1700000000000001000, 0.1724999999999999000 ) ) ;
#7931 = ORIENTED_EDGE ( 'NONE', *, *, #1834, .T. ) ;
#7932 = CLOSED_SHELL ( 'NONE', ( #1927, #2050, #1370, #2933, #3568, #5665, #4164, #8180, #3333, #6753, #5422, #660, #1483, #6171, #3976, #6129 ) ) ;
#7933 = DIRECTION ( 'NONE',  ( 0.0000000000000000000, 0.0000000000000000000, 1.000000000000000000 ) ) ;
#7934 = VECTOR ( 'NONE', #3434, 39.37007874015748100 ) ;
#7935 = VERTEX_POINT ( 'NONE', #4189 ) ;
#7936 = ORIENTED_EDGE ( 'NONE', *, *, #7601, .F. ) ;
#7937 = DIRECTION ( 'NONE',  ( 0.0000000000000000000, 0.0000000000000000000, -1.000000000000000000 ) ) ;
#7938 = EDGE_CURVE ( 'NONE', #6147, #3818, #4616, .T. ) ;
#7939 = DIRECTION ( 'NONE',  ( -0.3420201433256637700, 0.9396926207859100900, 0.0000000000000000000 ) ) ;
#7940 = CARTESIAN_POINT ( 'NONE',  ( 0.08599999999999997900, -0.1700000000000001000, 0.1724999999999999000 ) ) ;
#7941 = DIMENSIONAL_EXPONENTS ( 1.000000000000000000, 0.0000000000000000000, 0.0000000000000000000, 0.0000000000000000000, 0.0000000000000000000, 0.0000000000000000000, 0.0000000000000000000 ) ;
#7942 = SURFACE_SIDE_STYLE ('',( #1559 ) ) ;
#7943 = FACE_OUTER_BOUND ( 'NONE', #1395, .T. ) ;
#7944 = EDGE_LOOP ( 'NONE', ( #1903, #2729, #2134, #2832 ) ) ;
#7945 = EDGE_CURVE ( 'NONE', #5222, #4950, #4921, .T. ) ;
#7946 = ORIENTED_EDGE ( 'NONE', *, *, #3581, .T. ) ;
#7947 = DIRECTION ( 'NONE',  ( 0.0000000000000000000, 0.1218693434051409500, -0.9925461516413227600 ) ) ;
#7948 = CARTESIAN_POINT ( 'NONE',  ( -0.06646953546866685200, -0.01766364454451666700, -0.02750000000000000000 ) ) ;
#7949 = CARTESIAN_POINT ( 'NONE',  ( -0.1820000000000000800, 0.07336898097372462900, -0.07800000000000002800 ) ) ;
#7950 = CARTESIAN_POINT ( 'NONE',  ( -0.04800000000000004300, 0.05947333485074611500, -0.07970617080767200500 ) ) ;
#7951 = ADVANCED_FACE ( 'NONE', ( #4815 ), #8147, .F. ) ;
#7952 = DIRECTION ( 'NONE',  ( 0.0000000000000000000, 0.0000000000000000000, 1.000000000000000000 ) ) ;
#7953 = AXIS2_PLACEMENT_3D ( 'NONE', #819, #159, #103 ) ;
#7954 = ORIENTED_EDGE ( 'NONE', *, *, #5421, .F. ) ;
#7955 = SURFACE_STYLE_FILL_AREA ( #7000 ) ;
#7956 = EDGE_CURVE ( 'NONE', #5230, #5379, #3574, .T. ) ;
#7957 =( NAMED_UNIT ( * ) SI_UNIT ( $, .STERADIAN. ) SOLID_ANGLE_UNIT ( ) );
#7958 = PLANE ( 'NONE',  #1722 ) ;
#7959 = AXIS2_PLACEMENT_3D ( 'NONE', #8296, #3666, #6267 ) ;
#7960 = LINE ( 'NONE', #2434, #4408 ) ;
#7961 = CARTESIAN_POINT ( 'NONE',  ( -0.1150000000000000200, -0.1510000000000001300, -0.07800000000000002800 ) ) ;
#7962 = ORIENTED_EDGE ( 'NONE', *, *, #2911, .T. ) ;
#7963 = VECTOR ( 'NONE', #1472, 39.37007874015748100 ) ;
#7964 = VECTOR ( 'NONE', #2866, 39.37007874015748100 ) ;
#7965 = ORIENTED_EDGE ( 'NONE', *, *, #4584, .F. ) ;
#7966 = ORIENTED_EDGE ( 'NONE', *, *, #5968, .T. ) ;
#7967 = ORIENTED_EDGE ( 'NONE', *, *, #3516, .F. ) ;
#7968 = CARTESIAN_POINT ( 'NONE',  ( 0.3869255368111058100, 0.5497969038914472000, -0.1095572220778209700 ) ) ;
#7969 = DIRECTION ( 'NONE',  ( -1.000000000000000000, -0.0000000000000000000, -0.0000000000000000000 ) ) ;
#7970 = AXIS2_PLACEMENT_3D ( 'NONE', #2684, #3326, #3298 ) ;
#7971 = CYLINDRICAL_SURFACE ( 'NONE', #4531, 0.03000000000000001300 ) ;
#7972 = DIRECTION ( 'NONE',  ( -1.000000000000000000, -2.346948448165176000E-016, 0.0000000000000000000 ) ) ;
#7973 = DIRECTION ( 'NONE',  ( 1.000000000000000000, 0.0000000000000000000, 0.0000000000000000000 ) ) ;
#7974 = DIRECTION ( 'NONE',  ( -0.3420201433256634900, -0.9396926207859103200, -1.887571618202280100E-016 ) ) ;
#7975 = LINE ( 'NONE', #8447, #4013 ) ;
#7976 = DIRECTION ( 'NONE',  ( 0.0000000000000000000, 0.0000000000000000000, -1.000000000000000000 ) ) ;
#7977 = CARTESIAN_POINT ( 'NONE',  ( 0.1820000000000000000, 0.1260000000000001100, -0.09200000000000001200 ) ) ;
#7978 = LINE ( 'NONE', #5312, #2288 ) ;
#7979 = UNCERTAINTY_MEASURE_WITH_UNIT (LENGTH_MEASURE( 1.000000000000000100E-005 ), #2220, 'distance_accuracy_value', 'NONE');
#7980 = LINE ( 'NONE', #4878, #4338 ) ;
#7981 = FACE_OUTER_BOUND ( 'NONE', #1100, .T. ) ;
#7982 = SURFACE_SIDE_STYLE ('',( #447 ) ) ;
#7983 = PRESENTATION_LAYER_ASSIGNMENT (  '', '', ( #1491 ) ) ;
#7984 = ORIENTED_EDGE ( 'NONE', *, *, #1383, .F. ) ;
#7985 = VECTOR ( 'NONE', #5510, 39.37007874015748100 ) ;
#7986 = EDGE_CURVE ( 'NONE', #2655, #5179, #6398, .T. ) ;
#7987 = CIRCLE ( 'NONE', #7003, 0.02999999999999995400 ) ;
#7988 = ORIENTED_EDGE ( 'NONE', *, *, #3340, .T. ) ;
#7989 = CARTESIAN_POINT ( 'NONE',  ( 0.1820000000000000000, 0.1260000000000001100, -0.1080000000000000300 ) ) ;
#7990 = EDGE_LOOP ( 'NONE', ( #8323, #5071, #994, #2345 ) ) ;
#7991 = ORIENTED_EDGE ( 'NONE', *, *, #477, .F. ) ;
#7992 = AXIS2_PLACEMENT_3D ( 'NONE', #1844, #5353, #5870 ) ;
#7993 = CYLINDRICAL_SURFACE ( 'NONE', #3767, 0.05999999999999997700 ) ;
#7994 = EDGE_CURVE ( 'NONE', #2899, #2490, #1646, .T. ) ;
#7995 = FACE_OUTER_BOUND ( 'NONE', #2507, .T. ) ;
#7996 = ADVANCED_FACE ( 'NONE', ( #4212 ), #220, .F. ) ;
#7997 = FACE_OUTER_BOUND ( 'NONE', #3532, .T. ) ;
#7998 = FACE_OUTER_BOUND ( 'NONE', #2882, .T. ) ;
#7999 = COLOUR_RGB ( '',0.2509803921568627400, 0.2509803921568627400, 0.2509803921568627400 ) ;
#8000 =( NAMED_UNIT ( * ) PLANE_ANGLE_UNIT ( ) SI_UNIT ( $, .RADIAN. ) );
#8001 = EDGE_CURVE ( 'NONE', #1900, #6507, #3681, .T. ) ;
#8002 = ORIENTED_EDGE ( 'NONE', *, *, #4303, .F. ) ;
#8003 = EDGE_CURVE ( 'NONE', #8478, #5199, #1842, .T. ) ;
#8004 = CARTESIAN_POINT ( 'NONE',  ( -0.1240992558566549300, -0.1760000000000001600, -0.01149999999999993200 ) ) ;
#8005 = AXIS2_PLACEMENT_3D ( 'NONE', #2534, #7258, #8575 ) ;
#8006 = VECTOR ( 'NONE', #5078, 39.37007874015748900 ) ;
#8007 = EDGE_CURVE ( 'NONE', #8353, #5160, #3034, .T. ) ;
#8008 = CARTESIAN_POINT ( 'NONE',  ( -0.3160000000000000600, 0.02977638454923963200, 0.1621560803021541200 ) ) ;
#8009 = CARTESIAN_POINT ( 'NONE',  ( -0.3790000000000000600, 0.5370000000000001400, -0.1885000000000000300 ) ) ;
#8010 = DIRECTION ( 'NONE',  ( -0.0000000000000000000, 0.8564912955534271800, 0.5161614676060311000 ) ) ;
#8011 = LINE ( 'NONE', #1265, #3843 ) ;
#8012 = CARTESIAN_POINT ( 'NONE',  ( 0.3540000000000000400, 0.05947333485074611500, -0.07970617080767200500 ) ) ;
#8013 = PRESENTATION_STYLE_ASSIGNMENT (( #201 ) ) ;
#8014 = DIRECTION ( 'NONE',  ( -0.0000000000000000000, -0.0000000000000000000, -1.000000000000000000 ) ) ;
#8015 = CARTESIAN_POINT ( 'NONE',  ( -0.3160000000000000600, -0.1450000000000001000, -0.07800000000000002800 ) ) ;
#8016 = EDGE_CURVE ( 'NONE', #401, #3559, #7134, .T. ) ;
#8017 = ORIENTED_EDGE ( 'NONE', *, *, #1512, .T. ) ;
#8018 = ORIENTED_EDGE ( 'NONE', *, *, #8171, .T. ) ;
#8019 = CARTESIAN_POINT ( 'NONE',  ( -0.2490000000000000300, -0.1760000000000001600, -0.01149999999999994900 ) ) ;
#8020 = VERTEX_POINT ( 'NONE', #2769 ) ;
#8021 = ORIENTED_EDGE ( 'NONE', *, *, #2356, .T. ) ;
#8022 = ORIENTED_EDGE ( 'NONE', *, *, #4584, .T. ) ;
#8023 = LINE ( 'NONE', #4305, #6138 ) ;
#8024 = DIMENSIONAL_EXPONENTS ( 1.000000000000000000, 0.0000000000000000000, 0.0000000000000000000, 0.0000000000000000000, 0.0000000000000000000, 0.0000000000000000000, 0.0000000000000000000 ) ;
#8025 = UNCERTAINTY_MEASURE_WITH_UNIT (LENGTH_MEASURE( 1.000000000000000100E-005 ), #6413, 'distance_accuracy_value', 'NONE');
#8026 = ORIENTED_EDGE ( 'NONE', *, *, #6491, .F. ) ;
#8027 = ORIENTED_EDGE ( 'NONE', *, *, #5860, .T. ) ;
#8028 = FACE_OUTER_BOUND ( 'NONE', #375, .T. ) ;
#8029 = ORIENTED_EDGE ( 'NONE', *, *, #7716, .F. ) ;
#8030 = ORIENTED_EDGE ( 'NONE', *, *, #7446, .F. ) ;
#8031 = PRESENTATION_LAYER_ASSIGNMENT (  '', '', ( #7147 ) ) ;
#8032 = DIRECTION ( 'NONE',  ( 0.0000000000000000000, 0.0000000000000000000, -1.000000000000000000 ) ) ;
#8033 = DIRECTION ( 'NONE',  ( -0.0000000000000000000, -0.0000000000000000000, 1.000000000000000000 ) ) ;
#8034 = ADVANCED_FACE ( 'NONE', ( #4414 ), #3625, .F. ) ;
#8035 = EDGE_CURVE ( 'NONE', #5942, #772, #1024, .T. ) ;
#8036 = ORIENTED_EDGE ( 'NONE', *, *, #3163, .F. ) ;
#8037 = PLANE ( 'NONE',  #2251 ) ;
#8038 = FACE_OUTER_BOUND ( 'NONE', #379, .T. ) ;
#8039 = ORIENTED_EDGE ( 'NONE', *, *, #1823, .T. ) ;
#8040 = VECTOR ( 'NONE', #7516, 39.37007874015748900 ) ;
#8041 = AXIS2_PLACEMENT_3D ( 'NONE', #3637, #5049, #888 ) ;
#8042 = DIRECTION ( 'NONE',  ( -1.000000000000000000, -0.0000000000000000000, -0.0000000000000000000 ) ) ;
#8043 = DIRECTION ( 'NONE',  ( -1.000000000000000000, 0.0000000000000000000, 0.0000000000000000000 ) ) ;
#8044 = MECHANICAL_DESIGN_GEOMETRIC_PRESENTATION_REPRESENTATION (  '', ( #5479 ), #1129 ) ;
#8045 = VECTOR ( 'NONE', #1689, 39.37007874015748100 ) ;
#8046 = ORIENTED_EDGE ( 'NONE', *, *, #8393, .T. ) ;
#8047 = EDGE_CURVE ( 'NONE', #4834, #425, #7552, .T. ) ;
#8048 = ORIENTED_EDGE ( 'NONE', *, *, #4859, .F. ) ;
#8049 = DIRECTION ( 'NONE',  ( 0.0000000000000000000, 0.0000000000000000000, 1.000000000000000000 ) ) ;
#8050 = ORIENTED_EDGE ( 'NONE', *, *, #6940, .F. ) ;
#8051 =( GEOMETRIC_REPRESENTATION_CONTEXT ( 3 ) GLOBAL_UNCERTAINTY_ASSIGNED_CONTEXT ( ( #6532 ) ) GLOBAL_UNIT_ASSIGNED_CONTEXT ( ( #5673, #8346, #4345 ) ) REPRESENTATION_CONTEXT ( 'NONE', 'WORKASPACE' ) );
#8052 = CARTESIAN_POINT ( 'NONE',  ( 0.1530000000000000200, 0.02569473886660282200, -0.02601515597181902300 ) ) ;
#8053 = EDGE_LOOP ( 'NONE', ( #7530, #2182, #5246, #2031 ) ) ;
#8054 = CARTESIAN_POINT ( 'NONE',  ( -0.2200000000000000600, 0.02977638454923963200, 0.1621560803021541200 ) ) ;
#8055 = AXIS2_PLACEMENT_3D ( 'NONE', #6852, #211, #4801 ) ;
#8056 = EDGE_CURVE ( 'NONE', #5799, #409, #5348, .T. ) ;
#8057 = VERTEX_POINT ( 'NONE', #2906 ) ;
#8058 = DIRECTION ( 'NONE',  ( -1.000000000000000000, -0.0000000000000000000, -0.0000000000000000000 ) ) ;
#8059 = DIRECTION ( 'NONE',  ( 0.0000000000000000000, 0.0000000000000000000, -1.000000000000000000 ) ) ;
#8060 = CARTESIAN_POINT ( 'NONE',  ( -0.3841158428473161500, 0.1410000000000000700, -0.01150000000000003500 ) ) ;
#8061 = COLOUR_RGB ( '',0.2509803921568627400, 0.2509803921568627400, 0.2509803921568627400 ) ;
#8062 = CARTESIAN_POINT ( 'NONE',  ( 0.08599999999999997900, 0.01389564612297850000, 0.1602061708076718500 ) ) ;
#8063 = CARTESIAN_POINT ( 'NONE',  ( -0.3160000000000000600, -0.1450000000000000700, -0.1885000000000000600 ) ) ;
#8064 = PLANE ( 'NONE',  #5910 ) ;
#8065 = ORIENTED_EDGE ( 'NONE', *, *, #2644, .T. ) ;
#8066 = EDGE_LOOP ( 'NONE', ( #5424, #2728, #7630, #3756, #8351, #4877, #5268, #6906, #210, #2608, #7962, #4069, #7573, #17, #5068, #8131, #3542, #6351, #3335, #600, #6959, #3797 ) ) ;
#8067 = CARTESIAN_POINT ( 'NONE',  ( 0.1820000000000000000, 0.07336898097372462900, -0.07800000000000002800 ) ) ;
#8068 = CARTESIAN_POINT ( 'NONE',  ( -0.3540000000000000400, 0.01389564612297850000, 0.1602061708076718500 ) ) ;
#8069 = STYLED_ITEM ( 'NONE', ( #5480 ), #43 ) ;
#8070 = DIRECTION ( 'NONE',  ( 0.0000000000000000000, 0.5161614676060311000, -0.8564912955534271800 ) ) ;
#8071 = LINE ( 'NONE', #2591, #7664 ) ;
#8072 = ADVANCED_FACE ( 'NONE', ( #1325 ), #2199, .T. ) ;
#8073 = PRESENTATION_STYLE_ASSIGNMENT (( #1041 ) ) ;
#8074 = ORIENTED_EDGE ( 'NONE', *, *, #7436, .T. ) ;
#8075 = ADVANCED_FACE ( 'NONE', ( #6388 ), #5613, .F. ) ;
#8076 = LENGTH_MEASURE_WITH_UNIT ( LENGTH_MEASURE( 0.02539999999999999900 ), #5158 );
#8077 = CARTESIAN_POINT ( 'NONE',  ( -0.1530000000000000200, 0.1260000000000001100, -0.09200000000000001200 ) ) ;
#8078 =( NAMED_UNIT ( * ) PLANE_ANGLE_UNIT ( ) SI_UNIT ( $, .RADIAN. ) );
#8079 = DIRECTION ( 'NONE',  ( 0.0000000000000000000, 0.0000000000000000000, -1.000000000000000000 ) ) ;
#8080 = ORIENTED_EDGE ( 'NONE', *, *, #687, .F. ) ;
#8081 = AXIS2_PLACEMENT_3D ( 'NONE', #4813, #4111, #732 ) ;
#8082 = FACE_OUTER_BOUND ( 'NONE', #2195, .T. ) ;
#8083 = LINE ( 'NONE', #1800, #4434 ) ;
#8084 = UNCERTAINTY_MEASURE_WITH_UNIT (LENGTH_MEASURE( 1.000000000000000100E-005 ), #3042, 'distance_accuracy_value', 'NONE');
#8085 = CARTESIAN_POINT ( 'NONE',  ( 0.3939999999999999600, 0.5369066208452650800, -0.09200916782255566500 ) ) ;
#8086 = DIRECTION ( 'NONE',  ( -1.000000000000000000, -0.0000000000000000000, -0.0000000000000000000 ) ) ;
#8087 = DIRECTION ( 'NONE',  ( 0.0000000000000000000, -0.1218693434051411300, 0.9925461516413227600 ) ) ;
#8088 = EDGE_LOOP ( 'NONE', ( #1060, #1649, #5934, #3768 ) ) ;
#8089 = CARTESIAN_POINT ( 'NONE',  ( -0.04800000000000004300, 0.1260000000000001100, -0.09200000000000001200 ) ) ;
#8090 = VERTEX_POINT ( 'NONE', #1528 ) ;
#8091 = ORIENTED_EDGE ( 'NONE', *, *, #6049, .F. ) ;
#8092 = FACE_OUTER_BOUND ( 'NONE', #4810, .T. ) ;
#8093 = CARTESIAN_POINT ( 'NONE',  ( 0.3540000000000000400, -1.707404996040164500E-017, 0.1584999999999999700 ) ) ;
#8094 = DIRECTION ( 'NONE',  ( 0.0000000000000000000, 0.0000000000000000000, 1.000000000000000000 ) ) ;
#8095 = DIRECTION ( 'NONE',  ( 0.0000000000000000000, -1.000000000000000000, -3.244104004879254200E-016 ) ) ;
#8096 = ADVANCED_FACE ( 'NONE', ( #5449 ), #3652, .F. ) ;
#8097 = MECHANICAL_DESIGN_GEOMETRIC_PRESENTATION_REPRESENTATION (  '', ( #7770 ), #129 ) ;
#8098 = LINE ( 'NONE', #2598, #858 ) ;
#8099 = ORIENTED_EDGE ( 'NONE', *, *, #8035, .T. ) ;
#8100 = PLANE ( 'NONE',  #6469 ) ;
#8101 = DIRECTION ( 'NONE',  ( 1.000000000000000000, 0.0000000000000000000, -0.0000000000000000000 ) ) ;
#8102 = VERTEX_POINT ( 'NONE', #4333 ) ;
#8103 = EDGE_CURVE ( 'NONE', #1980, #4445, #5857, .T. ) ;
#8104 = CIRCLE ( 'NONE', #2103, 0.02750000000000004900 ) ;
#8105 = CARTESIAN_POINT ( 'NONE',  ( -0.1150000000000000200, 0.1260000000000001100, -0.09200000000000001200 ) ) ;
#8106 = CIRCLE ( 'NONE', #3670, 0.01399999999999997400 ) ;
#8107 = STYLED_ITEM ( 'NONE', ( #8 ), #7437 ) ;
#8108 = CLOSED_SHELL ( 'NONE', ( #4822, #3537, #3558, #5451, #766, #6774, #2019, #270, #688, #3518, #2626, #5625, #4059, #2605, #3415, #4771 ) ) ;
#8109 = EDGE_CURVE ( 'NONE', #6373, #2351, #1833, .T. ) ;
#8110 = DIRECTION ( 'NONE',  ( 1.000000000000000000, 0.0000000000000000000, 0.0000000000000000000 ) ) ;
#8111 = LINE ( 'NONE', #5727, #1173 ) ;
#8112 = ADVANCED_FACE ( 'NONE', ( #3238 ), #4285, .F. ) ;
#8113 = AXIS2_PLACEMENT_3D ( 'NONE', #8067, #3356, #7288 ) ;
#8114 = STYLED_ITEM ( 'NONE', ( #1725 ), #3088 ) ;
#8115 = CARTESIAN_POINT ( 'NONE',  ( -0.2490000000000000300, 0.02569473886660282200, -0.02601515597181902300 ) ) ;
#8116 = CARTESIAN_POINT ( 'NONE',  ( -0.08600000000000002100, 0.07336898097372462900, -0.09200000000000001200 ) ) ;
#8117 = ORIENTED_EDGE ( 'NONE', *, *, #4747, .T. ) ;
#8118 = EDGE_CURVE ( 'NONE', #3619, #5297, #2580, .T. ) ;
#8119 = CARTESIAN_POINT ( 'NONE',  ( 0.2300000000000000100, 0.4819999999999999800, -0.1275000000000000300 ) ) ;
#8120 = CARTESIAN_POINT ( 'NONE',  ( 0.01899999999999998900, -2.134256245050205600E-018, -0.02749999999999999700 ) ) ;
#8121 = ORIENTED_EDGE ( 'NONE', *, *, #204, .T. ) ;
#8122 = ADVANCED_FACE ( 'NONE', ( #813 ), #4959, .F. ) ;
#8123 = CARTESIAN_POINT ( 'NONE',  ( 0.2870000000000000300, 0.02569473886660282200, -0.02601515597181902300 ) ) ;
#8124 = DIRECTION ( 'NONE',  ( 1.000000000000000000, 0.0000000000000000000, 0.0000000000000000000 ) ) ;
#8125 = DIRECTION ( 'NONE',  ( -1.000000000000000000, -0.0000000000000000000, -0.0000000000000000000 ) ) ;
#8126 = DIRECTION ( 'NONE',  ( 0.0000000000000000000, 0.0000000000000000000, 1.000000000000000000 ) ) ;
#8127 = VERTEX_POINT ( 'NONE', #6962 ) ;
#8128 = ORIENTED_EDGE ( 'NONE', *, *, #4690, .F. ) ;
#8129 = ORIENTED_EDGE ( 'NONE', *, *, #4157, .F. ) ;
#8130 = DIRECTION ( 'NONE',  ( 0.0000000000000000000, -0.1218693434051411300, 0.9925461516413227600 ) ) ;
#8131 = ORIENTED_EDGE ( 'NONE', *, *, #5141, .T. ) ;
#8132 = ORIENTED_EDGE ( 'NONE', *, *, #3225, .F. ) ;
#8133 = VECTOR ( 'NONE', #3944, 39.37007874015748100 ) ;
#8134 = AXIS2_PLACEMENT_3D ( 'NONE', #3575, #135, #1476 ) ;
#8135 = DIRECTION ( 'NONE',  ( 0.0000000000000000000, 0.0000000000000000000, -1.000000000000000000 ) ) ;
#8136 = ORIENTED_EDGE ( 'NONE', *, *, #8638, .F. ) ;
#8137 = DIRECTION ( 'NONE',  ( 0.0000000000000000000, -1.000000000000000000, 3.244104004879253700E-016 ) ) ;
#8138 = ORIENTED_EDGE ( 'NONE', *, *, #7833, .F. ) ;
#8139 = ORIENTED_EDGE ( 'NONE', *, *, #2751, .F. ) ;
#8140 = VECTOR ( 'NONE', #4281, 39.37007874015748100 ) ;
#8141 = CARTESIAN_POINT ( 'NONE',  ( 0.3939999999999999600, 0.5368143296315856000, -0.09200000000000235800 ) ) ;
#8142 = CARTESIAN_POINT ( 'NONE',  ( -0.01900000000000002400, 0.02569473886660282200, -0.02601515597181902300 ) ) ;
#8143 = CARTESIAN_POINT ( 'NONE',  ( 0.2199999999999999700, -1.707404996040164500E-017, 0.1724999999999999300 ) ) ;
#8144 = ORIENTED_EDGE ( 'NONE', *, *, #2759, .T. ) ;
#8145 = EDGE_LOOP ( 'NONE', ( #7759, #173, #4551, #4175, #4058, #5818 ) ) ;
#8146 = CARTESIAN_POINT ( 'NONE',  ( -0.04800000000000004300, -1.707404996040164500E-017, 0.1584999999999999700 ) ) ;
#8147 = PLANE ( 'NONE',  #1734 ) ;
#8148 = DIRECTION ( 'NONE',  ( -0.0000000000000000000, -1.000000000000000000, -0.0000000000000000000 ) ) ;
#8149 = EDGE_CURVE ( 'NONE', #770, #3314, #2485, .T. ) ;
#8150 = ORIENTED_EDGE ( 'NONE', *, *, #8437, .T. ) ;
#8151 = CARTESIAN_POINT ( 'NONE',  ( -0.08600000000000002100, 0.07336898097372462900, -0.1080000000000000500 ) ) ;
#8152 = LINE ( 'NONE', #2859, #5440 ) ;
#8153 = FILL_AREA_STYLE ('',( #7498 ) ) ;
#8154 = CYLINDRICAL_SURFACE ( 'NONE', #1988, 0.01399999999999999000 ) ;
#8155 = DIRECTION ( 'NONE',  ( 0.0000000000000000000, -1.000000000000000000, 0.0000000000000000000 ) ) ;
#8156 = ADVANCED_FACE ( 'NONE', ( #7754 ), #6423, .F. ) ;
#8157 = AXIS2_PLACEMENT_3D ( 'NONE', #3871, #7165, #6448 ) ;
#8158 = PLANE ( 'NONE',  #8134 ) ;
#8159 = EDGE_CURVE ( 'NONE', #7138, #4489, #4704, .T. ) ;
#8160 = EDGE_LOOP ( 'NONE', ( #7531, #703, #4575, #3606 ) ) ;
#8161 = AXIS2_PLACEMENT_3D ( 'NONE', #5423, #8692, #7438 ) ;
#8162 = LINE ( 'NONE', #6674, #3894 ) ;
#8163 = CIRCLE ( 'NONE', #5537, 0.005115842847316090300 ) ;
#8164 = EDGE_CURVE ( 'NONE', #134, #671, #5034, .T. ) ;
#8165 = EDGE_CURVE ( 'NONE', #3885, #7372, #7656, .T. ) ;
#8166 = ADVANCED_FACE ( 'NONE', ( #2689 ), #7164, .F. ) ;
#8167 = DIRECTION ( 'NONE',  ( -0.0000000000000000000, -0.0000000000000000000, -1.000000000000000000 ) ) ;
#8168 = CARTESIAN_POINT ( 'NONE',  ( -0.1281569461215342800, -0.02917474245791772100, 0.1884999999999999200 ) ) ;
#8169 = VERTEX_POINT ( 'NONE', #5143 ) ;
#8170 = DIRECTION ( 'NONE',  ( 0.0000000000000000000, 1.000000000000000000, 3.244104004879253700E-016 ) ) ;
#8171 = EDGE_CURVE ( 'NONE', #4675, #6418, #2366, .T. ) ;
#8172 = VECTOR ( 'NONE', #70, 39.37007874015748100 ) ;
#8173 = VECTOR ( 'NONE', #2960, 39.37007874015748100 ) ;
#8174 = ORIENTED_EDGE ( 'NONE', *, *, #8016, .T. ) ;
#8175 = FILL_AREA_STYLE ('',( #2093 ) ) ;
#8176 = ORIENTED_EDGE ( 'NONE', *, *, #1236, .F. ) ;
#8177 = CARTESIAN_POINT ( 'NONE',  ( 0.1820000000000000000, 0.07336898097372462900, -0.1080000000000000500 ) ) ;
#8178 = CARTESIAN_POINT ( 'NONE',  ( -0.3160000000000000600, 0.1260000000000001100, -0.09200000000000001200 ) ) ;
#8179 = CIRCLE ( 'NONE', #23, 0.01499999999999990800 ) ;
#8180 = ADVANCED_FACE ( 'NONE', ( #420 ), #1104, .F. ) ;
#8181 = CYLINDRICAL_SURFACE ( 'NONE', #7065, 0.01399999999999997400 ) ;
#8182 = CARTESIAN_POINT ( 'NONE',  ( -0.1820000000000000800, 0.1260000000000001100, -0.1080000000000000300 ) ) ;
#8183 = CARTESIAN_POINT ( 'NONE',  ( 0.3789999999999999500, 0.1260000000000001100, -0.01150000000000003500 ) ) ;
#8184 = CARTESIAN_POINT ( 'NONE',  ( -0.04800000000000004300, 0.02977638454923963200, 0.1621560803021541200 ) ) ;
#8185 = EDGE_CURVE ( 'NONE', #2371, #3538, #1425, .T. ) ;
#8186 = VECTOR ( 'NONE', #2520, 39.37007874015748100 ) ;
#8187 = VECTOR ( 'NONE', #3112, 39.37007874015748100 ) ;
#8188 = FACE_OUTER_BOUND ( 'NONE', #2124, .T. ) ;
#8189 = CARTESIAN_POINT ( 'NONE',  ( 0.3540000000000000400, -0.1450000000000000700, -0.1885000000000000600 ) ) ;
#8190 = ORIENTED_EDGE ( 'NONE', *, *, #8348, .F. ) ;
#8191 = PRESENTATION_STYLE_ASSIGNMENT (( #6825 ) ) ;
#8192 = ORIENTED_EDGE ( 'NONE', *, *, #5313, .F. ) ;
#8193 = ORIENTED_EDGE ( 'NONE', *, *, #3285, .F. ) ;
#8194 = PRESENTATION_STYLE_ASSIGNMENT (( #236 ) ) ;
#8195 = DIRECTION ( 'NONE',  ( 0.0000000000000000000, -0.0000000000000000000, 1.000000000000000000 ) ) ;
#8196 = FACE_OUTER_BOUND ( 'NONE', #1336, .T. ) ;
#8197 = CARTESIAN_POINT ( 'NONE',  ( -0.3625000000000001000, 0.1910000000000002300, -0.01150000000000003500 ) ) ;
#8198 = SURFACE_STYLE_FILL_AREA ( #844 ) ;
#8199 = EDGE_LOOP ( 'NONE', ( #2765, #1548, #2695, #4476 ) ) ;
#8200 = EDGE_LOOP ( 'NONE', ( #6450, #2217, #1912, #7392, #518, #581 ) ) ;
#8201 = EDGE_LOOP ( 'NONE', ( #288, #277, #4949, #1502 ) ) ;
#8202 = ADVANCED_FACE ( 'NONE', ( #3027 ), #4473, .F. ) ;
#8203 = VECTOR ( 'NONE', #5056, 39.37007874015748100 ) ;
#8204 = FACE_OUTER_BOUND ( 'NONE', #5478, .T. ) ;
#8205 = SURFACE_STYLE_FILL_AREA ( #7653 ) ;
#8206 = DIRECTION ( 'NONE',  ( -0.0000000000000000000, -0.0000000000000000000, 1.000000000000000000 ) ) ;
#8207 = CARTESIAN_POINT ( 'NONE',  ( 0.3250992558566549500, -0.1700000000000001000, 0.1884999999999999200 ) ) ;
#8208 = LINE ( 'NONE', #5897, #463 ) ;
#8209 = ORIENTED_EDGE ( 'NONE', *, *, #6584, .T. ) ;
#8210 = CARTESIAN_POINT ( 'NONE',  ( -0.01900000000000002400, 0.04767424210712179600, -0.09348484402818098300 ) ) ;
#8211 = ADVANCED_FACE ( 'NONE', ( #513 ), #8386, .F. ) ;
#8212 = AXIS2_PLACEMENT_3D ( 'NONE', #6495, #5794, #8434 ) ;
#8213 = DIRECTION ( 'NONE',  ( 0.0000000000000000000, 0.0000000000000000000, 1.000000000000000000 ) ) ;
#8214 = CARTESIAN_POINT ( 'NONE',  ( 0.3790000000000000600, 0.5520000000000000500, -0.1275000000000000300 ) ) ;
#8215 = CIRCLE ( 'NONE', #8548, 0.03000000000000002300 ) ;
#8216 = CARTESIAN_POINT ( 'NONE',  ( -0.1530000000000000200, 0.07336898097372462900, -0.07800000000000002800 ) ) ;
#8217 = AXIS2_PLACEMENT_3D ( 'NONE', #269, #6942, #8258 ) ;
#8218 = DIRECTION ( 'NONE',  ( -1.000000000000000000, -0.0000000000000000000, -0.0000000000000000000 ) ) ;
#8219 = DIRECTION ( 'NONE',  ( 0.0000000000000000000, 0.1218693434051409100, -0.9925461516413227600 ) ) ;
#8220 = EDGE_CURVE ( 'NONE', #8395, #7360, #4201, .T. ) ;
#8221 = SURFACE_SIDE_STYLE ('',( #2951 ) ) ;
#8222 = FACE_OUTER_BOUND ( 'NONE', #1606, .T. ) ;
#8223 = SURFACE_SIDE_STYLE ('',( #2417 ) ) ;
#8224 = LINE ( 'NONE', #8015, #2634 ) ;
#8225 = AXIS2_PLACEMENT_3D ( 'NONE', #5642, #8533, #5174 ) ;
#8226 = EDGE_CURVE ( 'NONE', #6250, #7891, #4315, .T. ) ;
#8227 = DIRECTION ( 'NONE',  ( 0.0000000000000000000, 0.0000000000000000000, 1.000000000000000000 ) ) ;
#8228 = DIRECTION ( 'NONE',  ( 0.0000000000000000000, 0.0000000000000000000, -1.000000000000000000 ) ) ;
#8229 = CARTESIAN_POINT ( 'NONE',  ( 0.2199999999999999700, -1.707404996040164500E-017, 0.1724999999999999300 ) ) ;
#8230 = COLOUR_RGB ( '',0.2509803921568627400, 0.2509803921568627400, 0.2509803921568627400 ) ;
#8231 = ORIENTED_EDGE ( 'NONE', *, *, #8283, .T. ) ;
#8232 = CARTESIAN_POINT ( 'NONE',  ( -0.3540000000000000400, 0.07336898097372462900, -0.1080000000000000500 ) ) ;
#8233 = ORIENTED_EDGE ( 'NONE', *, *, #428, .F. ) ;
#8234 =( NAMED_UNIT ( * ) PLANE_ANGLE_UNIT ( ) SI_UNIT ( $, .RADIAN. ) );
#8235 = SURFACE_STYLE_USAGE ( .BOTH. , #1468 ) ;
#8236 = VERTEX_POINT ( 'NONE', #5225 ) ;
#8237 = ORIENTED_EDGE ( 'NONE', *, *, #3169, .T. ) ;
#8238 = VECTOR ( 'NONE', #952, 39.37007874015748900 ) ;
#8239 = AXIS2_PLACEMENT_3D ( 'NONE', #6324, #1547, #7595 ) ;
#8240 = DIRECTION ( 'NONE',  ( 0.0000000000000000000, 0.0000000000000000000, 1.000000000000000000 ) ) ;
#8241 = DIRECTION ( 'NONE',  ( -1.000000000000000000, -0.0000000000000000000, -0.0000000000000000000 ) ) ;
#8242 = CARTESIAN_POINT ( 'NONE',  ( -0.2490000000000000300, 0.01199087813774794300, -0.03427373945351554900 ) ) ;
#8243 = ORIENTED_EDGE ( 'NONE', *, *, #2889, .T. ) ;
#8244 = ORIENTED_EDGE ( 'NONE', *, *, #3081, .T. ) ;
#8245 = LINE ( 'NONE', #4535, #996 ) ;
#8246 = CARTESIAN_POINT ( 'NONE',  ( 0.3836888968124838000, 0.5514452631789948900, -0.1229820311533796300 ) ) ;
#8247 = PLANE ( 'NONE',  #1275 ) ;
#8248 = VERTEX_POINT ( 'NONE', #3838 ) ;
#8249 = ORIENTED_EDGE ( 'NONE', *, *, #3836, .T. ) ;
#8250 = ADVANCED_FACE ( 'NONE', ( #2144 ), #1235, .F. ) ;
#8251 = UNCERTAINTY_MEASURE_WITH_UNIT (LENGTH_MEASURE( 1.000000000000000100E-005 ), #3952, 'distance_accuracy_value', 'NONE');
#8252 = CARTESIAN_POINT ( 'NONE',  ( 0.2140000000000001300, 0.5020000000000000000, -0.1275000000000000300 ) ) ;
#8253 = EDGE_LOOP ( 'NONE', ( #5216, #3958, #642, #7920 ) ) ;
#8254 = FILL_AREA_STYLE_COLOUR ( '', #7603 ) ;
#8255 = CIRCLE ( 'NONE', #1934, 0.03000000000000002300 ) ;
#8256 = AXIS2_PLACEMENT_3D ( 'NONE', #8635, #5245, #3946 ) ;
#8257 = ORIENTED_EDGE ( 'NONE', *, *, #2692, .F. ) ;
#8258 = DIRECTION ( 'NONE',  ( 0.0000000000000000000, -0.0000000000000000000, 1.000000000000000000 ) ) ;
#8259 = LINE ( 'NONE', #6286, #6265 ) ;
#8260 = ADVANCED_FACE ( 'NONE', ( #2800, #1016 ), #2552, .T. ) ;
#8261 = DIRECTION ( 'NONE',  ( 0.0000000000000000000, -0.1218693434051411300, 0.9925461516413227600 ) ) ;
#8262 = DIRECTION ( 'NONE',  ( 0.0000000000000000000, -1.000000000000000000, -2.008711760047251600E-016 ) ) ;
#8263 = DIRECTION ( 'NONE',  ( -0.0000000000000000000, 1.000000000000000000, -0.0000000000000000000 ) ) ;
#8264 = VERTEX_POINT ( 'NONE', #5094 ) ;
#8265 = EDGE_LOOP ( 'NONE', ( #762, #2259, #7489, #1208 ) ) ;
#8266 = DIRECTION ( 'NONE',  ( 0.0000000000000000000, 1.000000000000000000, 3.244104004879253700E-016 ) ) ;
#8267 = ORIENTED_EDGE ( 'NONE', *, *, #1630, .F. ) ;
#8268 = DIRECTION ( 'NONE',  ( -1.000000000000000000, 0.0000000000000000000, 0.0000000000000000000 ) ) ;
#8269 = VECTOR ( 'NONE', #5310, 39.37007874015748100 ) ;
#8270 = CARTESIAN_POINT ( 'NONE',  ( -0.2870000000000000300, -0.1760000000000001600, -0.01149999999999994900 ) ) ;
#8271 = AXIS2_PLACEMENT_3D ( 'NONE', #1810, #4558, #6151 ) ;
#8272 = SURFACE_STYLE_FILL_AREA ( #1769 ) ;
#8273 = DIRECTION ( 'NONE',  ( -0.3420201433256637700, 0.9396926207859100900, 0.0000000000000000000 ) ) ;
#8274 =( NAMED_UNIT ( * ) PLANE_ANGLE_UNIT ( ) SI_UNIT ( $, .RADIAN. ) );
#8275 = EDGE_CURVE ( 'NONE', #1051, #5996, #3993, .T. ) ;
#8276 = ORIENTED_EDGE ( 'NONE', *, *, #3470, .F. ) ;
#8277 = DIRECTION ( 'NONE',  ( 0.0000000000000000000, -0.9925461516413228700, -0.1218693434051411500 ) ) ;
#8278 = VECTOR ( 'NONE', #7356, 39.37007874015748100 ) ;
#8279 = CARTESIAN_POINT ( 'NONE',  ( 0.07091469104940613400, -0.02987660912856076500, -0.02750000000000000000 ) ) ;
#8280 =( GEOMETRIC_REPRESENTATION_CONTEXT ( 3 ) GLOBAL_UNCERTAINTY_ASSIGNED_CONTEXT ( ( #3753 ) ) GLOBAL_UNIT_ASSIGNED_CONTEXT ( ( #7180, #2564, #3957 ) ) REPRESENTATION_CONTEXT ( 'NONE', 'WORKASPACE' ) );
#8281 = CARTESIAN_POINT ( 'NONE',  ( -0.3540000000000000400, -1.707404996040164500E-017, 0.1724999999999999300 ) ) ;
#8282 = VECTOR ( 'NONE', #4726, 39.37007874015748100 ) ;
#8283 = EDGE_CURVE ( 'NONE', #8169, #2988, #2186, .T. ) ;
#8284 = FILL_AREA_STYLE_COLOUR ( '', #4827 ) ;
#8285 =( CONVERSION_BASED_UNIT ( 'INCH', #4975 ) LENGTH_UNIT ( ) NAMED_UNIT ( #405 ) );
#8286 = VERTEX_POINT ( 'NONE', #1156 ) ;
#8287 = EDGE_LOOP ( 'NONE', ( #7503, #5531, #390, #4619 ) ) ;
#8288 = EDGE_CURVE ( 'NONE', #4347, #1067, #7326, .T. ) ;
#8289 = LENGTH_MEASURE_WITH_UNIT ( LENGTH_MEASURE( 0.02539999999999999900 ), #5669 );
#8290 = DIRECTION ( 'NONE',  ( 0.1218693434051442300, 0.0000000000000000000, 0.9925461516413224300 ) ) ;
#8291 = EDGE_CURVE ( 'NONE', #4396, #8428, #7434, .T. ) ;
#8292 = CIRCLE ( 'NONE', #2353, 0.02750000000000004900 ) ;
#8293 = CARTESIAN_POINT ( 'NONE',  ( 0.2140000000000001100, 0.5520000000000000500, -0.1885000000000000300 ) ) ;
#8294 = FACE_OUTER_BOUND ( 'NONE', #5938, .T. ) ;
#8295 = MECHANICAL_DESIGN_GEOMETRIC_PRESENTATION_REPRESENTATION (  '', ( #1517 ), #3344 ) ;
#8296 = CARTESIAN_POINT ( 'NONE',  ( 0.3940000000000000200, 0.5370000000000001400, -0.01150000000000003500 ) ) ;
#8297 =( NAMED_UNIT ( * ) PLANE_ANGLE_UNIT ( ) SI_UNIT ( $, .RADIAN. ) );
#8298 = EDGE_CURVE ( 'NONE', #4948, #66, #5659, .T. ) ;
#8299 = PLANE ( 'NONE',  #6063 ) ;
#8300 = VERTEX_POINT ( 'NONE', #3305 ) ;
#8301 = PRESENTATION_STYLE_ASSIGNMENT (( #2807 ) ) ;
#8302 = SURFACE_STYLE_USAGE ( .BOTH. , #6981 ) ;
#8303 = DIRECTION ( 'NONE',  ( -3.794233324533701400E-016, 1.000000000000000000, 0.0000000000000000000 ) ) ;
#8304 = SURFACE_STYLE_USAGE ( .BOTH. , #2318 ) ;
#8305 = CARTESIAN_POINT ( 'NONE',  ( 0.3279999999999999600, 0.3339194916336046800, -0.03150000000000003500 ) ) ;
#8306 = DIRECTION ( 'NONE',  ( 0.9396926207859102000, 0.3420201433256638300, 0.0000000000000000000 ) ) ;
#8307 = ADVANCED_FACE ( 'NONE', ( #1132 ), #5885, .F. ) ;
#8308 = DIRECTION ( 'NONE',  ( 0.0000000000000000000, 0.0000000000000000000, 1.000000000000000000 ) ) ;
#8309 = LINE ( 'NONE', #7465, #3711 ) ;
#8310 = CYLINDRICAL_SURFACE ( 'NONE', #7504, 0.01399999999999997400 ) ;
#8311 = LINE ( 'NONE', #4900, #6516 ) ;
#8312 = PLANE ( 'NONE',  #3967 ) ;
#8313 = CARTESIAN_POINT ( 'NONE',  ( 0.1530000000000000200, 0.1260000000000001100, -0.1080000000000000300 ) ) ;
#8314 = FILL_AREA_STYLE ('',( #793 ) ) ;
#8315 = VERTEX_POINT ( 'NONE', #3895 ) ;
#8316 = EDGE_CURVE ( 'NONE', #6580, #2006, #319, .T. ) ;
#8317 = VERTEX_POINT ( 'NONE', #3951 ) ;
#8318 = CYLINDRICAL_SURFACE ( 'NONE', #4395, 0.01399999999999999000 ) ;
#8319 = DIRECTION ( 'NONE',  ( 0.0000000000000000000, 0.1218693434051409500, -0.9925461516413227600 ) ) ;
#8320 = LINE ( 'NONE', #255, #1675 ) ;
#8321 = CARTESIAN_POINT ( 'NONE',  ( -0.1150000000000000200, -2.134256245050205600E-018, -0.02749999999999999700 ) ) ;
#8322 = VERTEX_POINT ( 'NONE', #525 ) ;
#8323 = ORIENTED_EDGE ( 'NONE', *, *, #3917, .T. ) ;
#8324 = ORIENTED_EDGE ( 'NONE', *, *, #1697, .T. ) ;
#8325 = CARTESIAN_POINT ( 'NONE',  ( 0.08599999999999997900, -0.1700000000000001000, 0.1724999999999999000 ) ) ;
#8326 = DIRECTION ( 'NONE',  ( 0.1209742911513506000, -0.1209742911513481400, 0.9852565360152943900 ) ) ;
#8327 = CARTESIAN_POINT ( 'NONE',  ( -0.3350000000000000200, 0.1910000000000002300, -0.01150000000000003500 ) ) ;
#8328 = FILL_AREA_STYLE ('',( #5733 ) ) ;
#8329 = CYLINDRICAL_SURFACE ( 'NONE', #5302, 0.01399999999999997400 ) ;
#8330 = VECTOR ( 'NONE', #7314, 39.37007874015748100 ) ;
#8331 = STYLED_ITEM ( 'NONE', ( #7528 ), #4359 ) ;
#8332 = ORIENTED_EDGE ( 'NONE', *, *, #7561, .T. ) ;
#8333 = EDGE_CURVE ( 'NONE', #5519, #6561, #8163, .T. ) ;
#8334 = FILL_AREA_STYLE ('',( #1522 ) ) ;
#8335 = CARTESIAN_POINT ( 'NONE',  ( 0.3160000000000000600, 0.1260000000000001100, -0.09200000000000001200 ) ) ;
#8336 = LINE ( 'NONE', #3851, #6115 ) ;
#8337 = DIRECTION ( 'NONE',  ( 0.0000000000000000000, 0.0000000000000000000, -1.000000000000000000 ) ) ;
#8338 = CARTESIAN_POINT ( 'NONE',  ( -0.2299999999999999300, 0.5019999999999998900, -0.1275000000000000300 ) ) ;
#8339 = AXIS2_PLACEMENT_3D ( 'NONE', #3351, #7366, #729 ) ;
#8340 = DIRECTION ( 'NONE',  ( -0.3420201433256637700, -0.9396926207859100900, -1.367416939322673900E-016 ) ) ;
#8341 = SURFACE_STYLE_FILL_AREA ( #7297 ) ;
#8342 =( NAMED_UNIT ( * ) PLANE_ANGLE_UNIT ( ) SI_UNIT ( $, .RADIAN. ) );
#8343 = EDGE_CURVE ( 'NONE', #5453, #7091, #2041, .T. ) ;
#8344 = EDGE_CURVE ( 'NONE', #8317, #1798, #6146, .T. ) ;
#8345 = ORIENTED_EDGE ( 'NONE', *, *, #4862, .F. ) ;
#8346 =( NAMED_UNIT ( * ) PLANE_ANGLE_UNIT ( ) SI_UNIT ( $, .RADIAN. ) );
#8347 =( GEOMETRIC_REPRESENTATION_CONTEXT ( 3 ) GLOBAL_UNCERTAINTY_ASSIGNED_CONTEXT ( ( #4758 ) ) GLOBAL_UNIT_ASSIGNED_CONTEXT ( ( #4389, #7689, #310 ) ) REPRESENTATION_CONTEXT ( 'NONE', 'WORKASPACE' ) );
#8348 = EDGE_CURVE ( 'NONE', #2953, #1904, #5847, .T. ) ;
#8349 = ADVANCED_FACE ( 'NONE', ( #505 ), #7018, .T. ) ;
#8350 = SURFACE_SIDE_STYLE ('',( #5806 ) ) ;
#8351 = ORIENTED_EDGE ( 'NONE', *, *, #4218, .T. ) ;
#8352 = CARTESIAN_POINT ( 'NONE',  ( 0.3540000000000000400, -1.707404996040164500E-017, 0.1724999999999999300 ) ) ;
#8353 = VERTEX_POINT ( 'NONE', #5426 ) ;
#8354 = ORIENTED_EDGE ( 'NONE', *, *, #736, .F. ) ;
#8355 = FACE_OUTER_BOUND ( 'NONE', #238, .T. ) ;
#8356 = EDGE_LOOP ( 'NONE', ( #1872, #1328, #7320, #586 ) ) ;
#8357 = ORIENTED_EDGE ( 'NONE', *, *, #2451, .F. ) ;
#8358 = CYLINDRICAL_SURFACE ( 'NONE', #3740, 0.01399999999999996000 ) ;
#8359 = ORIENTED_EDGE ( 'NONE', *, *, #1133, .T. ) ;
#8360 = DIRECTION ( 'NONE',  ( 0.0000000000000000000, 0.0000000000000000000, 1.000000000000000000 ) ) ;
#8361 = DIRECTION ( 'NONE',  ( -0.0000000000000000000, -0.0000000000000000000, 1.000000000000000000 ) ) ;
#8362 = ORIENTED_EDGE ( 'NONE', *, *, #7835, .F. ) ;
#8363 = LINE ( 'NONE', #2407, #4897 ) ;
#8364 = FILL_AREA_STYLE_COLOUR ( '', #7764 ) ;
#8365 = EDGE_CURVE ( 'NONE', #5685, #281, #6273, .T. ) ;
#8366 = ORIENTED_EDGE ( 'NONE', *, *, #6681, .F. ) ;
#8367 = DIRECTION ( 'NONE',  ( 0.0000000000000000000, 0.0000000000000000000, -1.000000000000000000 ) ) ;
#8368 = DIRECTION ( 'NONE',  ( 0.0000000000000000000, 0.0000000000000000000, 1.000000000000000000 ) ) ;
#8369 = UNCERTAINTY_MEASURE_WITH_UNIT (LENGTH_MEASURE( 1.000000000000000100E-005 ), #6949, 'distance_accuracy_value', 'NONE');
#8370 = PLANE ( 'NONE',  #7371 ) ;
#8371 = CARTESIAN_POINT ( 'NONE',  ( -0.04800000000000004300, 0.1260000000000001100, -0.1080000000000000300 ) ) ;
#8372 = LINE ( 'NONE', #3823, #7316 ) ;
#8373 = ORIENTED_EDGE ( 'NONE', *, *, #7819, .T. ) ;
#8374 = EDGE_LOOP ( 'NONE', ( #4255, #7022, #7478, #6760 ) ) ;
#8375 = CLOSED_SHELL ( 'NONE', ( #3352, #6230, #6625, #3189, #6447, #4622, #2200, #8156, #114, #8075, #4228, #701, #4016, #1407, #3290, #7381 ) ) ;
#8376 =( NAMED_UNIT ( * ) PLANE_ANGLE_UNIT ( ) SI_UNIT ( $, .RADIAN. ) );
#8377 = LINE ( 'NONE', #3427, #5551 ) ;
#8378 = VECTOR ( 'NONE', #7088, 39.37007874015748100 ) ;
#8379 = MECHANICAL_DESIGN_GEOMETRIC_PRESENTATION_REPRESENTATION (  '', ( #7916 ), #1274 ) ;
#8380 = DIRECTION ( 'NONE',  ( 0.0000000000000000000, 0.0000000000000000000, 1.000000000000000000 ) ) ;
#8381 = PRESENTATION_LAYER_ASSIGNMENT (  '', '', ( #2623 ) ) ;
#8382 = CARTESIAN_POINT ( 'NONE',  ( 0.1820000000000000000, 0.07336898097372462900, -0.09200000000000001200 ) ) ;
#8383 = VERTEX_POINT ( 'NONE', #3365 ) ;
#8384 = APPLICATION_CONTEXT ( 'automotive_design' ) ;
#8385 = LINE ( 'NONE', #4248, #98 ) ;
#8386 = CYLINDRICAL_SURFACE ( 'NONE', #7005, 0.07499999999999999700 ) ;
#8387 = DIRECTION ( 'NONE',  ( 0.0000000000000000000, -0.9925461516413228700, -0.1218693434051411500 ) ) ;
#8388 = DIRECTION ( 'NONE',  ( 0.0000000000000000000, -1.000000000000000000, 3.244104004879253700E-016 ) ) ;
#8389 = ORIENTED_EDGE ( 'NONE', *, *, #6820, .F. ) ;
#8390 = AXIS2_PLACEMENT_3D ( 'NONE', #2475, #7915, #3196 ) ;
#8391 = DIMENSIONAL_EXPONENTS ( 1.000000000000000000, 0.0000000000000000000, 0.0000000000000000000, 0.0000000000000000000, 0.0000000000000000000, 0.0000000000000000000, 0.0000000000000000000 ) ;
#8392 =( NAMED_UNIT ( * ) PLANE_ANGLE_UNIT ( ) SI_UNIT ( $, .RADIAN. ) );
#8393 = EDGE_CURVE ( 'NONE', #6132, #4193, #7845, .T. ) ;
#8394 = VECTOR ( 'NONE', #8070, 39.37007874015748100 ) ;
#8395 = VERTEX_POINT ( 'NONE', #662 ) ;
#8396 = CARTESIAN_POINT ( 'NONE',  ( 0.2870000000000000300, -2.134256245050205600E-018, -0.02749999999999999700 ) ) ;
#8397 =( NAMED_UNIT ( * ) PLANE_ANGLE_UNIT ( ) SI_UNIT ( $, .RADIAN. ) );
#8398 = ORIENTED_EDGE ( 'NONE', *, *, #6238, .F. ) ;
#8399 = PRESENTATION_LAYER_ASSIGNMENT (  '', '', ( #8107 ) ) ;
#8400 = EDGE_CURVE ( 'NONE', #3366, #6133, #3443, .T. ) ;
#8401 = ORIENTED_EDGE ( 'NONE', *, *, #2393, .T. ) ;
#8402 = FACE_OUTER_BOUND ( 'NONE', #8160, .T. ) ;
#8403 = DIRECTION ( 'NONE',  ( -0.0000000000000000000, 1.000000000000000000, 0.0000000000000000000 ) ) ;
#8404 = EDGE_CURVE ( 'NONE', #3979, #3120, #203, .T. ) ;
#8405 = DIRECTION ( 'NONE',  ( 1.000000000000000000, 0.0000000000000000000, 0.0000000000000000000 ) ) ;
#8406 = FACE_OUTER_BOUND ( 'NONE', #8356, .T. ) ;
#8407 = LINE ( 'NONE', #4006, #2949 ) ;
#8408 = AXIS2_PLACEMENT_3D ( 'NONE', #193, #3444, #5501 ) ;
#8409 = PLANE ( 'NONE',  #169 ) ;
#8410 = ORIENTED_EDGE ( 'NONE', *, *, #1469, .F. ) ;
#8411 = EDGE_CURVE ( 'NONE', #890, #7752, #5023, .T. ) ;
#8412 = MECHANICAL_DESIGN_GEOMETRIC_PRESENTATION_REPRESENTATION (  '', ( #6274 ), #7639 ) ;
#8413 = VERTEX_POINT ( 'NONE', #8054 ) ;
#8414 = UNCERTAINTY_MEASURE_WITH_UNIT (LENGTH_MEASURE( 1.000000000000000100E-005 ), #4931, 'distance_accuracy_value', 'NONE');
#8415 = VECTOR ( 'NONE', #2402, 39.37007874015748100 ) ;
#8416 = CARTESIAN_POINT ( 'NONE',  ( -0.2139999999999999100, 0.5219999999999999100, -0.1885000000000000300 ) ) ;
#8417 = CYLINDRICAL_SURFACE ( 'NONE', #5317, 0.01999999999999999000 ) ;
#8418 = VERTEX_POINT ( 'NONE', #7479 ) ;
#8419 = DIRECTION ( 'NONE',  ( 0.0000000000000000000, 1.000000000000000000, -0.0000000000000000000 ) ) ;
#8420 = ORIENTED_EDGE ( 'NONE', *, *, #7986, .T. ) ;
#8421 = CARTESIAN_POINT ( 'NONE',  ( 0.2140000000000001300, 0.5020000000000000000, -0.1275000000000000900 ) ) ;
#8422 = CARTESIAN_POINT ( 'NONE',  ( -0.009900744143345111300, -0.1760000000000001600, -0.01149999999999993200 ) ) ;
#8423 = LENGTH_MEASURE_WITH_UNIT ( LENGTH_MEASURE( 0.02539999999999999900 ), #2156 );
#8424 = FACE_OUTER_BOUND ( 'NONE', #5579, .T. ) ;
#8425 = DIRECTION ( 'NONE',  ( 0.0000000000000000000, -0.0000000000000000000, -1.000000000000000000 ) ) ;
#8426 = SURFACE_STYLE_FILL_AREA ( #6862 ) ;
#8427 = SURFACE_SIDE_STYLE ('',( #7046 ) ) ;
#8428 = VERTEX_POINT ( 'NONE', #717 ) ;
#8429 = AXIS2_PLACEMENT_3D ( 'NONE', #1936, #1365, #8686 ) ;
#8430 = CARTESIAN_POINT ( 'NONE',  ( -0.2139999999999999100, 0.5520000000000001600, -0.1275000000000000300 ) ) ;
#8431 = DIRECTION ( 'NONE',  ( -1.000000000000000000, -0.0000000000000000000, -0.0000000000000000000 ) ) ;
#8432 = CARTESIAN_POINT ( 'NONE',  ( -0.3731978351792616900, 0.5377569909352640800, -0.01150000000000003500 ) ) ;
#8433 = DIMENSIONAL_EXPONENTS ( 1.000000000000000000, 0.0000000000000000000, 0.0000000000000000000, 0.0000000000000000000, 0.0000000000000000000, 0.0000000000000000000, 0.0000000000000000000 ) ;
#8434 = DIRECTION ( 'NONE',  ( -1.000000000000000000, 0.0000000000000000000, 0.0000000000000000000 ) ) ;
#8435 = LINE ( 'NONE', #6749, #3846 ) ;
#8436 = AXIS2_PLACEMENT_3D ( 'NONE', #5805, #431, #4392 ) ;
#8437 = EDGE_CURVE ( 'NONE', #6847, #323, #2472, .T. ) ;
#8438 = DIRECTION ( 'NONE',  ( 0.0000000000000000000, 0.1218693434051409500, -0.9925461516413227600 ) ) ;
#8439 = VECTOR ( 'NONE', #8584, 39.37007874015748100 ) ;
#8440 = DIRECTION ( 'NONE',  ( 0.0000000000000000000, 0.1218693434051409500, -0.9925461516413227600 ) ) ;
#8441 = AXIS2_PLACEMENT_3D ( 'NONE', #7228, #3200, #2592 ) ;
#8442 = EDGE_CURVE ( 'NONE', #6133, #7732, #8377, .T. ) ;
#8443 = ORIENTED_EDGE ( 'NONE', *, *, #8576, .F. ) ;
#8444 = DIRECTION ( 'NONE',  ( 0.0000000000000000000, 1.000000000000000000, 0.0000000000000000000 ) ) ;
#8445 = ORIENTED_EDGE ( 'NONE', *, *, #6029, .T. ) ;
#8446 = DIRECTION ( 'NONE',  ( 0.0000000000000000000, 0.0000000000000000000, -1.000000000000000000 ) ) ;
#8447 = CARTESIAN_POINT ( 'NONE',  ( -0.3160000000000000600, -1.340010956295959200E-017, 0.1884999999999999200 ) ) ;
#8448 = EDGE_LOOP ( 'NONE', ( #1811, #7426, #6678, #2619, #7924, #2716 ) ) ;
#8449 = ORIENTED_EDGE ( 'NONE', *, *, #4431, .T. ) ;
#8450 = VECTOR ( 'NONE', #4866, 39.37007874015748100 ) ;
#8451 = CARTESIAN_POINT ( 'NONE',  ( 0.3789999999999999500, 0.1410000000000000700, -0.01150000000000003500 ) ) ;
#8452 = EDGE_CURVE ( 'NONE', #5160, #1704, #3778, .T. ) ;
#8453 = EDGE_CURVE ( 'NONE', #454, #6197, #6379, .T. ) ;
#8454 = CARTESIAN_POINT ( 'NONE',  ( 0.1530000000000000200, -0.1760000000000001600, -0.01149999999999994900 ) ) ;
#8455 = CARTESIAN_POINT ( 'NONE',  ( 0.2199999999999999700, -0.1700000000000001000, 0.1884999999999998900 ) ) ;
#8456 = ORIENTED_EDGE ( 'NONE', *, *, #7280, .F. ) ;
#8457 = CARTESIAN_POINT ( 'NONE',  ( 0.2870000000000000300, 0.01199087813774794700, -0.03427373945351554900 ) ) ;
#8458 = AXIS2_PLACEMENT_3D ( 'NONE', #5607, #4951, #1584 ) ;
#8459 = EDGE_LOOP ( 'NONE', ( #6886, #1301, #8622, #2576 ) ) ;
#8460 = PRODUCT_DEFINITION ( 'UNKNOWN', '', #4546, #6050 ) ;
#8461 = LINE ( 'NONE', #1524, #6662 ) ;
#8462 = EDGE_LOOP ( 'NONE', ( #4507, #722, #5406, #5949 ) ) ;
#8463 = EDGE_CURVE ( 'NONE', #5661, #1499, #6481, .T. ) ;
#8464 = CARTESIAN_POINT ( 'NONE',  ( -0.08600000000000002100, 0.1260000000000001100, -0.09200000000000001200 ) ) ;
#8465 = ORIENTED_EDGE ( 'NONE', *, *, #6813, .T. ) ;
#8466 = FACE_OUTER_BOUND ( 'NONE', #3031, .T. ) ;
#8467 = DIRECTION ( 'NONE',  ( -1.000000000000000000, -0.0000000000000000000, -0.0000000000000000000 ) ) ;
#8468 = DIRECTION ( 'NONE',  ( 0.0000000000000000000, -0.9925461516413228700, -0.1218693434051411500 ) ) ;
#8469 = EDGE_LOOP ( 'NONE', ( #7870, #5005, #6618, #3525 ) ) ;
#8470 = VECTOR ( 'NONE', #1866, 39.37007874015748100 ) ;
#8471 = VERTEX_POINT ( 'NONE', #2060 ) ;
#8472 = UNCERTAINTY_MEASURE_WITH_UNIT (LENGTH_MEASURE( 1.000000000000000100E-005 ), #1654, 'distance_accuracy_value', 'NONE');
#8473 = PLANE ( 'NONE',  #7043 ) ;
#8474 = EDGE_CURVE ( 'NONE', #4193, #5728, #2262, .T. ) ;
#8475 = CARTESIAN_POINT ( 'NONE',  ( 0.1530000000000000200, 0.0000000000000000000, -0.01149999999999994900 ) ) ;
#8476 = FILL_AREA_STYLE ('',( #5124 ) ) ;
#8477 = DIMENSIONAL_EXPONENTS ( 1.000000000000000000, 0.0000000000000000000, 0.0000000000000000000, 0.0000000000000000000, 0.0000000000000000000, 0.0000000000000000000, 0.0000000000000000000 ) ;
#8478 = VERTEX_POINT ( 'NONE', #8695 ) ;
#8479 = ORIENTED_EDGE ( 'NONE', *, *, #7684, .F. ) ;
#8480 = DIRECTION ( 'NONE',  ( -1.000000000000000000, -0.0000000000000000000, 0.0000000000000000000 ) ) ;
#8481 = CARTESIAN_POINT ( 'NONE',  ( -0.2200000000000000600, -0.1450000000000001000, -0.1885000000000000600 ) ) ;
#8482 = LINE ( 'NONE', #1020, #4912 ) ;
#8483 = LENGTH_MEASURE_WITH_UNIT ( LENGTH_MEASURE( 0.02539999999999999900 ), #5488 );
#8484 = CARTESIAN_POINT ( 'NONE',  ( -0.1939999999999999200, 0.5219999999999999100, 0.8807583994195136200 ) ) ;
#8485 = DIRECTION ( 'NONE',  ( -1.000000000000000000, -0.0000000000000000000, -0.0000000000000000000 ) ) ;
#8486 = DIRECTION ( 'NONE',  ( -1.000000000000000000, 0.0000000000000000000, 0.0000000000000000000 ) ) ;
#8487 = PLANE ( 'NONE',  #3751 ) ;
#8488 = DIRECTION ( 'NONE',  ( 1.724651511151681200E-016, 1.000000000000000000, 0.0000000000000000000 ) ) ;
#8489 = EDGE_LOOP ( 'NONE', ( #7202, #6827, #7861, #1259 ) ) ;
#8490 = VECTOR ( 'NONE', #845, 39.37007874015748100 ) ;
#8491 = STYLED_ITEM ( 'NONE', ( #711 ), #3379 ) ;
#8492 = LINE ( 'NONE', #5496, #5458 ) ;
#8493 = EDGE_CURVE ( 'NONE', #889, #5270, #7647, .T. ) ;
#8494 = VERTEX_POINT ( 'NONE', #631 ) ;
#8495 = LINE ( 'NONE', #227, #5249 ) ;
#8496 = LINE ( 'NONE', #8679, #3148 ) ;
#8497 = STYLED_ITEM ( 'NONE', ( #2030 ), #6011 ) ;
#8498 = LINE ( 'NONE', #3476, #3793 ) ;
#8499 = ORIENTED_EDGE ( 'NONE', *, *, #7500, .F. ) ;
#8500 = AXIS2_PLACEMENT_3D ( 'NONE', #2369, #4469, #7798 ) ;
#8501 = DIRECTION ( 'NONE',  ( 0.0000000000000000000, -1.000000000000000000, -1.455174712534229700E-016 ) ) ;
#8502 = EDGE_CURVE ( 'NONE', #3408, #2335, #4697, .T. ) ;
#8503 = LINE ( 'NONE', #5106, #3590 ) ;
#8504 = VERTEX_POINT ( 'NONE', #4684 ) ;
#8505 = LENGTH_MEASURE_WITH_UNIT ( LENGTH_MEASURE( 0.02539999999999999900 ), #6245 );
#8506 = CARTESIAN_POINT ( 'NONE',  ( 0.1530000000000000200, 0.1260000000000001100, -0.1080000000000000300 ) ) ;
#8507 =( CONVERSION_BASED_UNIT ( 'INCH', #4614 ) LENGTH_UNIT ( ) NAMED_UNIT ( #474 ) );
#8508 = PRESENTATION_LAYER_ASSIGNMENT (  '', '', ( #2302 ) ) ;
#8509 = ORIENTED_EDGE ( 'NONE', *, *, #6796, .F. ) ;
#8510 = MECHANICAL_DESIGN_GEOMETRIC_PRESENTATION_REPRESENTATION (  '', ( #534 ), #7174 ) ;
#8511 =( NAMED_UNIT ( * ) PLANE_ANGLE_UNIT ( ) SI_UNIT ( $, .RADIAN. ) );
#8512 = CARTESIAN_POINT ( 'NONE',  ( -0.1530000000000000200, 0.07336898097372462900, -0.07800000000000002800 ) ) ;
#8513 = ORIENTED_EDGE ( 'NONE', *, *, #820, .T. ) ;
#8514 = EDGE_CURVE ( 'NONE', #2899, #3275, #6059, .T. ) ;
#8515 = LENGTH_MEASURE_WITH_UNIT ( LENGTH_MEASURE( 0.02539999999999999900 ), #1444 );
#8516 =( LENGTH_UNIT ( ) NAMED_UNIT ( * ) SI_UNIT ( $, .METRE. ) );
#8517 = FILL_AREA_STYLE ('',( #1763 ) ) ;
#8518 = FACE_OUTER_BOUND ( 'NONE', #8448, .T. ) ;
#8519 = ORIENTED_EDGE ( 'NONE', *, *, #6374, .T. ) ;
#8520 = VERTEX_POINT ( 'NONE', #4210 ) ;
#8521 = COLOUR_RGB ( '',0.2509803921568627400, 0.2509803921568627400, 0.2509803921568627400 ) ;
#8522 = DIRECTION ( 'NONE',  ( -1.000000000000000000, -0.0000000000000000000, -0.0000000000000000000 ) ) ;
#8523 = FACE_OUTER_BOUND ( 'NONE', #6035, .T. ) ;
#8524 = SURFACE_STYLE_FILL_AREA ( #7607 ) ;
#8525 = LINE ( 'NONE', #1167, #7369 ) ;
#8526 = ORIENTED_EDGE ( 'NONE', *, *, #53, .F. ) ;
#8527 = CARTESIAN_POINT ( 'NONE',  ( 0.04800000000000000800, -0.1450000000000001000, -0.1885000000000000600 ) ) ;
#8528 = AXIS2_PLACEMENT_3D ( 'NONE', #144, #6728, #1341 ) ;
#8529 = ORIENTED_EDGE ( 'NONE', *, *, #8291, .F. ) ;
#8530 = FILL_AREA_STYLE_COLOUR ( '', #6119 ) ;
#8531 = VECTOR ( 'NONE', #9, 39.37007874015748900 ) ;
#8532 = LINE ( 'NONE', #5293, #39 ) ;
#8533 = DIRECTION ( 'NONE',  ( 0.0000000000000000000, -1.455174712534229700E-016, 1.000000000000000000 ) ) ;
#8534 = ORIENTED_EDGE ( 'NONE', *, *, #4258, .T. ) ;
#8535 = DIRECTION ( 'NONE',  ( 1.724651511151681200E-016, -1.000000000000000000, 0.0000000000000000000 ) ) ;
#8536 = VECTOR ( 'NONE', #8261, 39.37007874015748900 ) ;
#8537 = FILL_AREA_STYLE ('',( #2470 ) ) ;
#8538 = CARTESIAN_POINT ( 'NONE',  ( 0.3540000000000000400, 0.1260000000000001100, -0.09200000000000001200 ) ) ;
#8539 =( LENGTH_UNIT ( ) NAMED_UNIT ( * ) SI_UNIT ( $, .METRE. ) );
#8540 = MECHANICAL_DESIGN_GEOMETRIC_PRESENTATION_REPRESENTATION (  '', ( #7029 ), #7482 ) ;
#8541 = CARTESIAN_POINT ( 'NONE',  ( -0.3160000000000000600, 0.05947333485074611500, -0.07970617080767200500 ) ) ;
#8542 = DIRECTION ( 'NONE',  ( 0.0000000000000000000, -0.9925461516413228700, -0.1218693434051411500 ) ) ;
#8543 = CARTESIAN_POINT ( 'NONE',  ( -0.1530000000000000200, 0.0000000000000000000, -0.04149999999999996100 ) ) ;
#8544 = CYLINDRICAL_SURFACE ( 'NONE', #5198, 0.03000000000000001300 ) ;
#8545 =( LENGTH_UNIT ( ) NAMED_UNIT ( * ) SI_UNIT ( $, .METRE. ) );
#8546 = CARTESIAN_POINT ( 'NONE',  ( 0.3540000000000000400, -0.1700000000000001000, 0.1724999999999999000 ) ) ;
#8547 = ORIENTED_EDGE ( 'NONE', *, *, #3362, .F. ) ;
#8548 = AXIS2_PLACEMENT_3D ( 'NONE', #5507, #4880, #5561 ) ;
#8549 = CARTESIAN_POINT ( 'NONE',  ( -0.3160000000000000600, 0.07336898097372462900, -0.07800000000000002800 ) ) ;
#8550 = VERTEX_POINT ( 'NONE', #1482 ) ;
#8551 = SURFACE_STYLE_FILL_AREA ( #6956 ) ;
#8552 = CARTESIAN_POINT ( 'NONE',  ( -0.3540000000000000400, 0.05947333485074611500, -0.07970617080767200500 ) ) ;
#8553 = MECHANICAL_DESIGN_GEOMETRIC_PRESENTATION_REPRESENTATION (  '', ( #2226 ), #4788 ) ;
#8554 = CARTESIAN_POINT ( 'NONE',  ( 0.2140000000000001300, 0.5020000000000000000, -0.1885000000000000300 ) ) ;
#8555 = EDGE_CURVE ( 'NONE', #6058, #199, #705, .T. ) ;
#8556 = EDGE_LOOP ( 'NONE', ( #6941, #2266, #5247, #2336 ) ) ;
#8557 = PLANE ( 'NONE',  #1677 ) ;
#8558 = VERTEX_POINT ( 'NONE', #111 ) ;
#8559 = ORIENTED_EDGE ( 'NONE', *, *, #8298, .T. ) ;
#8560 = ORIENTED_EDGE ( 'NONE', *, *, #4272, .F. ) ;
#8561 = ORIENTED_EDGE ( 'NONE', *, *, #6663, .F. ) ;
#8562 = LINE ( 'NONE', #6091, #2112 ) ;
#8563 = ADVANCED_FACE ( 'NONE', ( #6685 ), #6233, .F. ) ;
#8564 =( GEOMETRIC_REPRESENTATION_CONTEXT ( 3 ) GLOBAL_UNCERTAINTY_ASSIGNED_CONTEXT ( ( #6680 ) ) GLOBAL_UNIT_ASSIGNED_CONTEXT ( ( #6607, #3861, #3211 ) ) REPRESENTATION_CONTEXT ( 'NONE', 'WORKASPACE' ) );
#8565 = EDGE_CURVE ( 'NONE', #8494, #6951, #4509, .T. ) ;
#8566 = CARTESIAN_POINT ( 'NONE',  ( 0.04800000000000000800, 0.1260000000000001100, -0.1080000000000000300 ) ) ;
#8567 = ORIENTED_EDGE ( 'NONE', *, *, #4424, .T. ) ;
#8568 =( LENGTH_UNIT ( ) NAMED_UNIT ( * ) SI_UNIT ( $, .METRE. ) );
#8569 = ORIENTED_EDGE ( 'NONE', *, *, #31, .T. ) ;
#8570 = ORIENTED_EDGE ( 'NONE', *, *, #3342, .F. ) ;
#8571 = DIRECTION ( 'NONE',  ( -1.000000000000000000, -0.0000000000000000000, -0.0000000000000000000 ) ) ;
#8572 = DIRECTION ( 'NONE',  ( -1.000000000000000000, 0.0000000000000000000, -0.0000000000000000000 ) ) ;
#8573 = ORIENTED_EDGE ( 'NONE', *, *, #3362, .T. ) ;
#8574 = CIRCLE ( 'NONE', #7817, 0.02750000000000004900 ) ;
#8575 = DIRECTION ( 'NONE',  ( 0.0000000000000000000, -1.000000000000000000, -1.455174712534229700E-016 ) ) ;
#8576 = EDGE_CURVE ( 'NONE', #6507, #8236, #2680, .T. ) ;
#8577 =( NAMED_UNIT ( * ) PLANE_ANGLE_UNIT ( ) SI_UNIT ( $, .RADIAN. ) );
#8578 = VECTOR ( 'NONE', #8326, 39.37007874015748100 ) ;
#8579 = CARTESIAN_POINT ( 'NONE',  ( -0.001397898297726550100, -0.01696177787387360300, 0.1884999999999999200 ) ) ;
#8580 = ORIENTED_EDGE ( 'NONE', *, *, #7121, .T. ) ;
#8581 = ORIENTED_EDGE ( 'NONE', *, *, #7615, .T. ) ;
#8582 = ORIENTED_EDGE ( 'NONE', *, *, #6998, .T. ) ;
#8583 = DIRECTION ( 'NONE',  ( 0.0000000000000000000, -0.1218693434051411300, 0.9925461516413227600 ) ) ;
#8584 = DIRECTION ( 'NONE',  ( -1.000000000000000000, -0.0000000000000000000, -0.0000000000000000000 ) ) ;
#8585 = ORIENTED_EDGE ( 'NONE', *, *, #4914, .F. ) ;
#8586 = CIRCLE ( 'NONE', #7120, 0.01999999999999999000 ) ;
#8587 = CARTESIAN_POINT ( 'NONE',  ( 0.01899999999999998900, 0.07336898097372462900, -0.07800000000000002800 ) ) ;
#8588 = VECTOR ( 'NONE', #7605, 39.37007874015748100 ) ;
#8589 = DIRECTION ( 'NONE',  ( 1.000000000000000000, 0.0000000000000000000, 0.0000000000000000000 ) ) ;
#8590 = AXIS2_PLACEMENT_3D ( 'NONE', #7187, #7843, #3856 ) ;
#8591 =( NAMED_UNIT ( * ) PLANE_ANGLE_UNIT ( ) SI_UNIT ( $, .RADIAN. ) );
#8592 = ORIENTED_EDGE ( 'NONE', *, *, #6717, .T. ) ;
#8593 = DIRECTION ( 'NONE',  ( 0.0000000000000000000, -0.5161614676060311000, 0.8564912955534271800 ) ) ;
#8594 = DIRECTION ( 'NONE',  ( 0.0000000000000000000, 0.0000000000000000000, 1.000000000000000000 ) ) ;
#8595 = LINE ( 'NONE', #7977, #8172 ) ;
#8596 = CIRCLE ( 'NONE', #7600, 0.01399999999999999000 ) ;
#8597 = DIRECTION ( 'NONE',  ( 0.0000000000000000000, -0.5161614676060311000, 0.8564912955534271800 ) ) ;
#8598 = EDGE_LOOP ( 'NONE', ( #2107, #6498, #2569, #937 ) ) ;
#8599 = ORIENTED_EDGE ( 'NONE', *, *, #5148, .T. ) ;
#8600 = STYLED_ITEM ( 'NONE', ( #6781 ), #4566 ) ;
#8601 = LINE ( 'NONE', #2681, #6935 ) ;
#8602 = VECTOR ( 'NONE', #7118, 39.37007874015748100 ) ;
#8603 = CARTESIAN_POINT ( 'NONE',  ( -0.3540000000000000400, 0.07336898097372462900, -0.07800000000000002800 ) ) ;
#8604 = EDGE_CURVE ( 'NONE', #5931, #6137, #1825, .T. ) ;
#8605 = SURFACE_SIDE_STYLE ('',( #4717 ) ) ;
#8606 = CARTESIAN_POINT ( 'NONE',  ( -0.1530000000000000200, 0.1260000000000001100, -0.1080000000000000300 ) ) ;
#8607 = AXIS2_PLACEMENT_3D ( 'NONE', #2803, #2201, #6157 ) ;
#8608 = LINE ( 'NONE', #3118, #7466 ) ;
#8609 = EDGE_CURVE ( 'NONE', #5461, #8675, #4802, .T. ) ;
#8610 = DIRECTION ( 'NONE',  ( 0.0000000000000000000, 0.0000000000000000000, -1.000000000000000000 ) ) ;
#8611 = CARTESIAN_POINT ( 'NONE',  ( -0.3940000000000000200, 0.5370000000000001400, -0.09202750207090820700 ) ) ;
#8612 = CARTESIAN_POINT ( 'NONE',  ( 0.04800000000000000800, -1.707404996040164500E-017, 0.1584999999999999700 ) ) ;
#8613 = EDGE_CURVE ( 'NONE', #454, #5416, #1211, .T. ) ;
#8614 = EDGE_CURVE ( 'NONE', #6470, #2546, #8152, .T. ) ;
#8615 = COLOUR_RGB ( '',0.7921568627450980000, 0.8196078431372548800, 0.9333333333333333500 ) ;
#8616 = LENGTH_MEASURE_WITH_UNIT ( LENGTH_MEASURE( 0.02539999999999999900 ), #5027 );
#8617 = CARTESIAN_POINT ( 'NONE',  ( -0.1939999999999999200, 0.5319999999999999200, -0.1275000000000000900 ) ) ;
#8618 = AXIS2_PLACEMENT_3D ( 'NONE', #302, #7634, #4865 ) ;
#8619 = CIRCLE ( 'NONE', #7229, 0.01399999999999999000 ) ;
#8620 = VERTEX_POINT ( 'NONE', #2894 ) ;
#8621 = DIRECTION ( 'NONE',  ( 0.3420201433256637700, -0.9396926207859100900, 0.0000000000000000000 ) ) ;
#8622 = ORIENTED_EDGE ( 'NONE', *, *, #7402, .F. ) ;
#8623 = EDGE_CURVE ( 'NONE', #5992, #691, #6910, .T. ) ;
#8624 = SURFACE_STYLE_FILL_AREA ( #893 ) ;
#8625 = DIRECTION ( 'NONE',  ( -1.000000000000000000, -0.0000000000000000000, 0.0000000000000000000 ) ) ;
#8626 = CARTESIAN_POINT ( 'NONE',  ( -0.2299999999999999300, 0.5019999999999998900, -0.1275000000000000300 ) ) ;
#8627 = DIRECTION ( 'NONE',  ( -1.000000000000000000, 0.0000000000000000000, 0.0000000000000000000 ) ) ;
#8628 = UNCERTAINTY_MEASURE_WITH_UNIT (LENGTH_MEASURE( 1.000000000000000100E-005 ), #3572, 'distance_accuracy_value', 'NONE');
#8629 = LINE ( 'NONE', #8242, #951 ) ;
#8630 = LINE ( 'NONE', #5157, #6846 ) ;
#8631 = CARTESIAN_POINT ( 'NONE',  ( -0.3625000000000001000, 0.1910000000000002300, -0.1092817459305203800 ) ) ;
#8632 = DIRECTION ( 'NONE',  ( 0.0000000000000000000, 0.5161614676060311000, -0.8564912955534271800 ) ) ;
#8633 = DIRECTION ( 'NONE',  ( -1.000000000000000000, -0.0000000000000000000, 0.0000000000000000000 ) ) ;
#8634 = ORIENTED_EDGE ( 'NONE', *, *, #5415, .T. ) ;
#8635 = CARTESIAN_POINT ( 'NONE',  ( 0.3789999999999999500, 0.1410000000000000700, -0.09200000000000235800 ) ) ;
#8636 = FACE_OUTER_BOUND ( 'NONE', #7782, .T. ) ;
#8637 = SURFACE_STYLE_USAGE ( .BOTH. , #8605 ) ;
#8638 = EDGE_CURVE ( 'NONE', #1509, #2919, #1009, .T. ) ;
#8639 = VECTOR ( 'NONE', #2148, 39.37007874015748100 ) ;
#8640 = ORIENTED_EDGE ( 'NONE', *, *, #4102, .F. ) ;
#8641 = CARTESIAN_POINT ( 'NONE',  ( -0.3858072634978770800, 0.5503664192538791900, -0.1141955524855204400 ) ) ;
#8642 = PLANE ( 'NONE',  #6933 ) ;
#8643 = LINE ( 'NONE', #8663, #6440 ) ;
#8644 = ORIENTED_EDGE ( 'NONE', *, *, #8623, .T. ) ;
#8645 =( LENGTH_UNIT ( ) NAMED_UNIT ( * ) SI_UNIT ( $, .METRE. ) );
#8646 = CIRCLE ( 'NONE', #7208, 0.02750000000000004900 ) ;
#8647 = CARTESIAN_POINT ( 'NONE',  ( 0.1940000000000000100, 0.5319999999999999200, -0.1885000000000000300 ) ) ;
#8648 = MECHANICAL_DESIGN_GEOMETRIC_PRESENTATION_REPRESENTATION (  '', ( #2973 ), #2330 ) ;
#8649 = DIRECTION ( 'NONE',  ( -1.000000000000000000, -0.0000000000000000000, -0.0000000000000000000 ) ) ;
#8650 = CARTESIAN_POINT ( 'NONE',  ( 0.3540000000000000400, 0.1260000000000001100, -0.1080000000000000300 ) ) ;
#8651 = ORIENTED_EDGE ( 'NONE', *, *, #7380, .T. ) ;
#8652 = ADVANCED_FACE ( 'NONE', ( #3328 ), #3557, .T. ) ;
#8653 = CARTESIAN_POINT ( 'NONE',  ( 0.3939999999999999600, 0.6999999999999996200, -0.1885000000000000300 ) ) ;
#8654 = EDGE_LOOP ( 'NONE', ( #102, #6593, #8190, #7779 ) ) ;
#8655 = ORIENTED_EDGE ( 'NONE', *, *, #1013, .F. ) ;
#8656 = CARTESIAN_POINT ( 'NONE',  ( -0.2200000000000000600, 0.07336898097372462900, -0.09200000000000001200 ) ) ;
#8657 = ORIENTED_EDGE ( 'NONE', *, *, #6374, .F. ) ;
#8658 = VECTOR ( 'NONE', #2797, 39.37007874015748100 ) ;
#8659 = DIRECTION ( 'NONE',  ( 0.0000000000000000000, 1.000000000000000000, 0.0000000000000000000 ) ) ;
#8660 = CARTESIAN_POINT ( 'NONE',  ( -0.2739999999999999100, 0.8199999999999999500, -0.1885000000000000300 ) ) ;
#8661 = ORIENTED_EDGE ( 'NONE', *, *, #3225, .T. ) ;
#8662 = VERTEX_POINT ( 'NONE', #834 ) ;
#8663 = CARTESIAN_POINT ( 'NONE',  ( 0.3160000000000000600, 0.1260000000000001100, -0.1080000000000000300 ) ) ;
#8664 = LINE ( 'NONE', #150, #7934 ) ;
#8665 = AXIS2_PLACEMENT_3D ( 'NONE', #7417, #6858, #2703 ) ;
#8666 = ORIENTED_EDGE ( 'NONE', *, *, #8442, .F. ) ;
#8667 = ORIENTED_EDGE ( 'NONE', *, *, #2750, .F. ) ;
#8668 = FACE_OUTER_BOUND ( 'NONE', #1435, .T. ) ;
#8669 = EDGE_CURVE ( 'NONE', #5304, #5173, #6901, .T. ) ;
#8670 = CARTESIAN_POINT ( 'NONE',  ( -0.009900744143345111300, -0.1760000000000001600, -0.1885000000000000600 ) ) ;
#8671 = ORIENTED_EDGE ( 'NONE', *, *, #6396, .F. ) ;
#8672 = ORIENTED_EDGE ( 'NONE', *, *, #8400, .T. ) ;
#8673 = EDGE_CURVE ( 'NONE', #8520, #7633, #7748, .T. ) ;
#8674 = UNCERTAINTY_MEASURE_WITH_UNIT (LENGTH_MEASURE( 1.000000000000000100E-005 ), #6376, 'distance_accuracy_value', 'NONE');
#8675 = VERTEX_POINT ( 'NONE', #5706 ) ;
#8676 = VECTOR ( 'NONE', #3641, 39.37007874015748100 ) ;
#8677 = ORIENTED_EDGE ( 'NONE', *, *, #577, .F. ) ;
#8678 = DIRECTION ( 'NONE',  ( -1.000000000000000000, -0.0000000000000000000, -0.0000000000000000000 ) ) ;
#8679 = CARTESIAN_POINT ( 'NONE',  ( 0.01899999999999998900, -0.1760000000000001600, -0.01149999999999994900 ) ) ;
#8680 = VERTEX_POINT ( 'NONE', #4981 ) ;
#8681 = DIMENSIONAL_EXPONENTS ( 1.000000000000000000, 0.0000000000000000000, 0.0000000000000000000, 0.0000000000000000000, 0.0000000000000000000, 0.0000000000000000000, 0.0000000000000000000 ) ;
#8682 = VECTOR ( 'NONE', #4093, 39.37007874015748100 ) ;
#8683 = STYLED_ITEM ( 'NONE', ( #8194 ), #311 ) ;
#8684 = CIRCLE ( 'NONE', #3254, 0.01399999999999996600 ) ;
#8685 = CARTESIAN_POINT ( 'NONE',  ( -0.1530000000000000200, -0.1510000000000001300, -0.1885000000000000600 ) ) ;
#8686 = DIRECTION ( 'NONE',  ( 0.0000000000000000000, -1.000000000000000000, -3.244104004879254200E-016 ) ) ;
#8687 = ORIENTED_EDGE ( 'NONE', *, *, #820, .F. ) ;
#8688 = LINE ( 'NONE', #5781, #2483 ) ;
#8689 = COLOUR_RGB ( '',0.2509803921568627400, 0.2509803921568627400, 0.2509803921568627400 ) ;
#8690 = LINE ( 'NONE', #2778, #7556 ) ;
#8691 = ADVANCED_FACE ( 'NONE', ( #2910 ), #5628, .F. ) ;
#8692 = DIRECTION ( 'NONE',  ( 0.0000000000000000000, -3.244104004879254200E-016, 1.000000000000000000 ) ) ;
#8693 = DIRECTION ( 'NONE',  ( -1.000000000000000000, 0.0000000000000000000, 0.0000000000000000000 ) ) ;
#8694 = ORIENTED_EDGE ( 'NONE', *, *, #1972, .T. ) ;
#8695 = CARTESIAN_POINT ( 'NONE',  ( 0.07499999999999999700, 0.7099999999999999600, -0.1885000000000000300 ) ) ;
ENDSEC;
END-ISO-10303-21;
