ISO-10303-21;
HEADER;
FILE_DESCRIPTION(('STEP AP214'),
    '1');
FILE_NAME('Msbl',
    '2024-02-09T20:32:38',
    (''),
    (''),
    'C3D Converter',
    'C3D Toolkit',
    '');
/**/
FILE_SCHEMA(('AUTOMOTIVE_DESIGN { 1 0 10303 214 3 1 1}'));
ENDSEC;

DATA;
#1=PRODUCT_DEFINITION('','UNSPECIFIED',#28,#31);
#2=SHAPE_DEFINITION_REPRESENTATION(#26,#3);
#3=SHAPE_REPRESENTATION('NONE',(#4),#8);
#4=AXIS2_PLACEMENT_3D('',#5,#6,#7);
#5=CARTESIAN_POINT('',(0.,0.,0.));
#6=DIRECTION('',(0.,0.,1.));
#7=DIRECTION('',(1.,0.,0.));
#8=(GEOMETRIC_REPRESENTATION_CONTEXT(3)GLOBAL_UNCERTAINTY_ASSIGNED_CONTEXT((#10))
GLOBAL_UNIT_ASSIGNED_CONTEXT((#9,#11,#12))REPRESENTATION_CONTEXT('NONE','NONE'));
#9=(LENGTH_UNIT()NAMED_UNIT(*)SI_UNIT(.MILLI.,.METRE.));
#10=UNCERTAINTY_MEASURE_WITH_UNIT(LENGTH_MEASURE(1.E-5),#9,'NONE','NONE');
#11=(NAMED_UNIT(*)PLANE_ANGLE_UNIT()SI_UNIT($,.RADIAN.));
#12=(NAMED_UNIT(*)SI_UNIT($,.STERADIAN.)SOLID_ANGLE_UNIT());
#13=MANIFOLD_SOLID_BREP('',#14);
#14=CLOSED_SHELL('',(#53,#62,#71,#80,#89,#98,#107,#116,#125,#134,#143,#152,#161,
#170,#179,#188,#197,#206,#215,#224,#233,#242,#251,#260,#269,#278,#287,#296,#305,
#314,#323,#332,#341,#350,#359,#368,#377,#386,#395,#404,#413,#422,#431,#440,#449,
#458,#467,#476,#485,#494,#503,#512,#521,#530,#539,#548,#557,#566,#575,#584,#593,
#602,#611,#620,#629,#638,#647,#656,#665,#674,#683,#692,#701,#710,#719,#728,#737,
#746,#755,#764,#773,#782,#791,#800,#809,#818,#827,#836,#845,#854,#863,#872,#881,
#890,#899,#908,#917,#926,#935,#944,#953,#962,#971,#980,#989,#998,#1007,#1016,#1025,
#1034,#1043,#1052,#1061,#1070,#1079,#1088,#1097,#1106,#1115,#1124,#1133,#1142,#1151,
#1160,#1169,#1178,#1187,#1196,#1205,#1214,#1223,#1232,#1241,#1250,#1259,#1268,#1277,
#1286,#1295,#1304,#1313,#1322,#1331,#1340,#1349,#1358,#1367,#1376,#1385,#1394,#1403,
#1412,#1421,#1430,#1439,#1448,#1457,#1466,#1475,#1484,#1493,#1502,#1511,#1520,#1529,
#1538,#1547,#1556,#1565,#1574,#1583,#1592,#1601,#1610,#1619,#1628,#1637,#1646,#1655,
#1664,#1673,#1682,#1691,#1700,#1709,#1718,#1727,#1736,#1745,#1754,#1763,#1772,#1781,
#1790,#1799,#1808,#1817,#1826,#1835,#1844,#1853,#1862,#1871,#1880,#1889,#1898,#1907,
#1916,#1925,#1934,#1943,#1952,#1961,#1970,#1979,#1988));
#15=COLOUR_RGB('',0.564705882352941,0.564705882352941,0.564705882352941);
#16=FILL_AREA_STYLE_COLOUR('',#15);
#17=FILL_AREA_STYLE($,(#16));
#18=SURFACE_STYLE_FILL_AREA(#17);
#19=SURFACE_SIDE_STYLE('',(#18));
#20=SURFACE_STYLE_USAGE(.BOTH.,#19);
#21=PRESENTATION_STYLE_ASSIGNMENT((#20));
#22=MECHANICAL_DESIGN_GEOMETRIC_PRESENTATION_REPRESENTATION('NONE',(#23,#61,#70,
#79,#88,#97,#106,#115,#124,#133,#142,#151,#160,#169,#178,#187,#196,#205,#214,#223,
#232,#241,#250,#259,#268,#277,#286,#295,#304,#313,#322,#331,#340,#349,#358,#367,
#376,#385,#394,#403,#412,#421,#430,#439,#448,#457,#466,#475,#484,#493,#502,#511,
#520,#529,#538,#547,#556,#565,#574,#583,#592,#601,#610,#619,#628,#637,#646,#655,
#664,#673,#682,#691,#700,#709,#718,#727,#736,#745,#754,#763,#772,#781,#790,#799,
#808,#817,#826,#835,#844,#853,#862,#871,#880,#889,#898,#907,#916,#925,#934,#943,
#952,#961,#970,#979,#988,#997,#1006,#1015,#1024,#1033,#1042,#1051,#1060,#1069,#1078,
#1087,#1096,#1105,#1114,#1123,#1132,#1141,#1150,#1159,#1168,#1177,#1186,#1195,#1204,
#1213,#1222,#1231,#1240,#1249,#1258,#1267,#1276,#1285,#1294,#1303,#1312,#1321,#1330,
#1339,#1348,#1357,#1366,#1375,#1384,#1393,#1402,#1411,#1420,#1429,#1438,#1447,#1456,
#1465,#1474,#1483,#1492,#1501,#1510,#1519,#1528,#1537,#1546,#1555,#1564,#1573,#1582,
#1591,#1600,#1609,#1618,#1627,#1636,#1645,#1654,#1663,#1672,#1681,#1690,#1699,#1708,
#1717,#1726,#1735,#1744,#1753,#1762,#1771,#1780,#1789,#1798,#1807,#1816,#1825,#1834,
#1843,#1852,#1861,#1870,#1879,#1888,#1897,#1906,#1915,#1924,#1933,#1942,#1951,#1960,
#1969,#1978,#1987,#1996),#8);
#23=STYLED_ITEM('',(#21),#13);
#24=ADVANCED_BREP_SHAPE_REPRESENTATION('NONE',(#13),#8);
#25=SHAPE_REPRESENTATION_RELATIONSHIP('','',#3,#24);
#26=PRODUCT_DEFINITION_SHAPE('NONE','NONE',#1);
#27=MECHANICAL_CONTEXT('NONE',#32,'mechanical');
#28=PRODUCT_DEFINITION_FORMATION_WITH_SPECIFIED_SOURCE('ANY','UNSPECIFIED',#29,.NOT_KNOWN.);
#29=PRODUCT('','MSBL','NONE',(#27));
#30=PRODUCT_RELATED_PRODUCT_CATEGORY('detail','',(#29));
#31=DESIGN_CONTEXT('detailed design',#32,'design');
#32=APPLICATION_CONTEXT('configuration controlled 3d designs of mechanical parts and assemblies');
#33=APPLICATION_PROTOCOL_DEFINITION('international standard','config_control_design',
1994,#32);
#34=CC_DESIGN_DATE_AND_TIME_ASSIGNMENT(#35,#39,(#1));
#35=DATE_AND_TIME(#36,#37);
#36=CALENDAR_DATE(0,1,1);
#37=LOCAL_TIME(0,0,0.,#38);
#38=COORDINATED_UNIVERSAL_TIME_OFFSET(0,0,.AHEAD.);
#39=DATE_TIME_ROLE('creation_date');
#40=CC_DESIGN_APPROVAL(#41,(#1));
#41=APPROVAL(#42,'UNSPECIFIED');
#42=APPROVAL_STATUS('not_yet_approved');
#43=APPROVAL_DATE_TIME(#44,#41);
#44=DATE_AND_TIME(#45,#46);
#45=CALENDAR_DATE(0,1,1);
#46=LOCAL_TIME(0,0,0.,#47);
#47=COORDINATED_UNIVERSAL_TIME_OFFSET(0,0,.AHEAD.);
#48=PERSON('UNSPECIFIED','UNSPECIFIED','UNSPECIFIED',('UNSPECIFIED'),('UNSPECIFIED'),
('UNSPECIFIED'));
#49=ORGANIZATION('UNSPECIFIED','UNSPECIFIED','UNSPECIFIED');
#50=PERSON_AND_ORGANIZATION(#48,#49);
#51=PERSON_AND_ORGANIZATION_ROLE('creator');
#52=CC_DESIGN_PERSON_AND_ORGANIZATION_ASSIGNMENT(#50,#51,(#28,#1));
#53=ADVANCED_FACE('',(#1997),#1999,.T.);
#54=COLOUR_RGB('',0.141176470588235,0.141176470588235,0.141176470588235);
#55=FILL_AREA_STYLE_COLOUR('',#54);
#56=FILL_AREA_STYLE($,(#55));
#57=SURFACE_STYLE_FILL_AREA(#56);
#58=SURFACE_SIDE_STYLE('',(#57));
#59=SURFACE_STYLE_USAGE(.BOTH.,#58);
#60=PRESENTATION_STYLE_ASSIGNMENT((#59));
#61=STYLED_ITEM('',(#60),#53);
#62=ADVANCED_FACE('',(#2004),#2006,.T.);
#63=COLOUR_RGB('',0.141176470588235,0.141176470588235,0.141176470588235);
#64=FILL_AREA_STYLE_COLOUR('',#63);
#65=FILL_AREA_STYLE($,(#64));
#66=SURFACE_STYLE_FILL_AREA(#65);
#67=SURFACE_SIDE_STYLE('',(#66));
#68=SURFACE_STYLE_USAGE(.BOTH.,#67);
#69=PRESENTATION_STYLE_ASSIGNMENT((#68));
#70=STYLED_ITEM('',(#69),#62);
#71=ADVANCED_FACE('',(#2011),#2013,.T.);
#72=COLOUR_RGB('',0.141176470588235,0.141176470588235,0.141176470588235);
#73=FILL_AREA_STYLE_COLOUR('',#72);
#74=FILL_AREA_STYLE($,(#73));
#75=SURFACE_STYLE_FILL_AREA(#74);
#76=SURFACE_SIDE_STYLE('',(#75));
#77=SURFACE_STYLE_USAGE(.BOTH.,#76);
#78=PRESENTATION_STYLE_ASSIGNMENT((#77));
#79=STYLED_ITEM('',(#78),#71);
#80=ADVANCED_FACE('',(#2018,#2020,#2022,#2024,#2026,#2028,#2030,#2032,#2034,#2036,
#2038),#2040,.T.);
#81=COLOUR_RGB('',0.141176470588235,0.141176470588235,0.141176470588235);
#82=FILL_AREA_STYLE_COLOUR('',#81);
#83=FILL_AREA_STYLE($,(#82));
#84=SURFACE_STYLE_FILL_AREA(#83);
#85=SURFACE_SIDE_STYLE('',(#84));
#86=SURFACE_STYLE_USAGE(.BOTH.,#85);
#87=PRESENTATION_STYLE_ASSIGNMENT((#86));
#88=STYLED_ITEM('',(#87),#80);
#89=ADVANCED_FACE('',(#2045),#2047,.F.);
#90=COLOUR_RGB('',1.,1.,1.);
#91=FILL_AREA_STYLE_COLOUR('',#90);
#92=FILL_AREA_STYLE($,(#91));
#93=SURFACE_STYLE_FILL_AREA(#92);
#94=SURFACE_SIDE_STYLE('',(#93));
#95=SURFACE_STYLE_USAGE(.BOTH.,#94);
#96=PRESENTATION_STYLE_ASSIGNMENT((#95));
#97=STYLED_ITEM('',(#96),#89);
#98=ADVANCED_FACE('',(#2052),#2054,.F.);
#99=COLOUR_RGB('',1.,1.,1.);
#100=FILL_AREA_STYLE_COLOUR('',#99);
#101=FILL_AREA_STYLE($,(#100));
#102=SURFACE_STYLE_FILL_AREA(#101);
#103=SURFACE_SIDE_STYLE('',(#102));
#104=SURFACE_STYLE_USAGE(.BOTH.,#103);
#105=PRESENTATION_STYLE_ASSIGNMENT((#104));
#106=STYLED_ITEM('',(#105),#98);
#107=ADVANCED_FACE('',(#2059),#2061,.F.);
#108=COLOUR_RGB('',1.,1.,1.);
#109=FILL_AREA_STYLE_COLOUR('',#108);
#110=FILL_AREA_STYLE($,(#109));
#111=SURFACE_STYLE_FILL_AREA(#110);
#112=SURFACE_SIDE_STYLE('',(#111));
#113=SURFACE_STYLE_USAGE(.BOTH.,#112);
#114=PRESENTATION_STYLE_ASSIGNMENT((#113));
#115=STYLED_ITEM('',(#114),#107);
#116=ADVANCED_FACE('',(#2066),#2068,.F.);
#117=COLOUR_RGB('',1.,1.,1.);
#118=FILL_AREA_STYLE_COLOUR('',#117);
#119=FILL_AREA_STYLE($,(#118));
#120=SURFACE_STYLE_FILL_AREA(#119);
#121=SURFACE_SIDE_STYLE('',(#120));
#122=SURFACE_STYLE_USAGE(.BOTH.,#121);
#123=PRESENTATION_STYLE_ASSIGNMENT((#122));
#124=STYLED_ITEM('',(#123),#116);
#125=ADVANCED_FACE('',(#2073),#2075,.F.);
#126=COLOUR_RGB('',1.,1.,1.);
#127=FILL_AREA_STYLE_COLOUR('',#126);
#128=FILL_AREA_STYLE($,(#127));
#129=SURFACE_STYLE_FILL_AREA(#128);
#130=SURFACE_SIDE_STYLE('',(#129));
#131=SURFACE_STYLE_USAGE(.BOTH.,#130);
#132=PRESENTATION_STYLE_ASSIGNMENT((#131));
#133=STYLED_ITEM('',(#132),#125);
#134=ADVANCED_FACE('',(#2079),#2081,.F.);
#135=COLOUR_RGB('',1.,1.,1.);
#136=FILL_AREA_STYLE_COLOUR('',#135);
#137=FILL_AREA_STYLE($,(#136));
#138=SURFACE_STYLE_FILL_AREA(#137);
#139=SURFACE_SIDE_STYLE('',(#138));
#140=SURFACE_STYLE_USAGE(.BOTH.,#139);
#141=PRESENTATION_STYLE_ASSIGNMENT((#140));
#142=STYLED_ITEM('',(#141),#134);
#143=ADVANCED_FACE('',(#2085),#2087,.F.);
#144=COLOUR_RGB('',1.,1.,1.);
#145=FILL_AREA_STYLE_COLOUR('',#144);
#146=FILL_AREA_STYLE($,(#145));
#147=SURFACE_STYLE_FILL_AREA(#146);
#148=SURFACE_SIDE_STYLE('',(#147));
#149=SURFACE_STYLE_USAGE(.BOTH.,#148);
#150=PRESENTATION_STYLE_ASSIGNMENT((#149));
#151=STYLED_ITEM('',(#150),#143);
#152=ADVANCED_FACE('',(#2091),#2093,.F.);
#153=COLOUR_RGB('',1.,1.,1.);
#154=FILL_AREA_STYLE_COLOUR('',#153);
#155=FILL_AREA_STYLE($,(#154));
#156=SURFACE_STYLE_FILL_AREA(#155);
#157=SURFACE_SIDE_STYLE('',(#156));
#158=SURFACE_STYLE_USAGE(.BOTH.,#157);
#159=PRESENTATION_STYLE_ASSIGNMENT((#158));
#160=STYLED_ITEM('',(#159),#152);
#161=ADVANCED_FACE('',(#2097),#2099,.F.);
#162=COLOUR_RGB('',1.,1.,1.);
#163=FILL_AREA_STYLE_COLOUR('',#162);
#164=FILL_AREA_STYLE($,(#163));
#165=SURFACE_STYLE_FILL_AREA(#164);
#166=SURFACE_SIDE_STYLE('',(#165));
#167=SURFACE_STYLE_USAGE(.BOTH.,#166);
#168=PRESENTATION_STYLE_ASSIGNMENT((#167));
#169=STYLED_ITEM('',(#168),#161);
#170=ADVANCED_FACE('',(#2104),#2106,.F.);
#171=COLOUR_RGB('',1.,1.,1.);
#172=FILL_AREA_STYLE_COLOUR('',#171);
#173=FILL_AREA_STYLE($,(#172));
#174=SURFACE_STYLE_FILL_AREA(#173);
#175=SURFACE_SIDE_STYLE('',(#174));
#176=SURFACE_STYLE_USAGE(.BOTH.,#175);
#177=PRESENTATION_STYLE_ASSIGNMENT((#176));
#178=STYLED_ITEM('',(#177),#170);
#179=ADVANCED_FACE('',(#2111),#2113,.F.);
#180=COLOUR_RGB('',1.,1.,1.);
#181=FILL_AREA_STYLE_COLOUR('',#180);
#182=FILL_AREA_STYLE($,(#181));
#183=SURFACE_STYLE_FILL_AREA(#182);
#184=SURFACE_SIDE_STYLE('',(#183));
#185=SURFACE_STYLE_USAGE(.BOTH.,#184);
#186=PRESENTATION_STYLE_ASSIGNMENT((#185));
#187=STYLED_ITEM('',(#186),#179);
#188=ADVANCED_FACE('',(#2117),#2119,.F.);
#189=COLOUR_RGB('',1.,1.,1.);
#190=FILL_AREA_STYLE_COLOUR('',#189);
#191=FILL_AREA_STYLE($,(#190));
#192=SURFACE_STYLE_FILL_AREA(#191);
#193=SURFACE_SIDE_STYLE('',(#192));
#194=SURFACE_STYLE_USAGE(.BOTH.,#193);
#195=PRESENTATION_STYLE_ASSIGNMENT((#194));
#196=STYLED_ITEM('',(#195),#188);
#197=ADVANCED_FACE('',(#2123),#2125,.F.);
#198=COLOUR_RGB('',1.,1.,1.);
#199=FILL_AREA_STYLE_COLOUR('',#198);
#200=FILL_AREA_STYLE($,(#199));
#201=SURFACE_STYLE_FILL_AREA(#200);
#202=SURFACE_SIDE_STYLE('',(#201));
#203=SURFACE_STYLE_USAGE(.BOTH.,#202);
#204=PRESENTATION_STYLE_ASSIGNMENT((#203));
#205=STYLED_ITEM('',(#204),#197);
#206=ADVANCED_FACE('',(#2129),#2131,.F.);
#207=COLOUR_RGB('',1.,1.,1.);
#208=FILL_AREA_STYLE_COLOUR('',#207);
#209=FILL_AREA_STYLE($,(#208));
#210=SURFACE_STYLE_FILL_AREA(#209);
#211=SURFACE_SIDE_STYLE('',(#210));
#212=SURFACE_STYLE_USAGE(.BOTH.,#211);
#213=PRESENTATION_STYLE_ASSIGNMENT((#212));
#214=STYLED_ITEM('',(#213),#206);
#215=ADVANCED_FACE('',(#2135),#2137,.F.);
#216=COLOUR_RGB('',1.,1.,1.);
#217=FILL_AREA_STYLE_COLOUR('',#216);
#218=FILL_AREA_STYLE($,(#217));
#219=SURFACE_STYLE_FILL_AREA(#218);
#220=SURFACE_SIDE_STYLE('',(#219));
#221=SURFACE_STYLE_USAGE(.BOTH.,#220);
#222=PRESENTATION_STYLE_ASSIGNMENT((#221));
#223=STYLED_ITEM('',(#222),#215);
#224=ADVANCED_FACE('',(#2142),#2144,.F.);
#225=COLOUR_RGB('',1.,1.,1.);
#226=FILL_AREA_STYLE_COLOUR('',#225);
#227=FILL_AREA_STYLE($,(#226));
#228=SURFACE_STYLE_FILL_AREA(#227);
#229=SURFACE_SIDE_STYLE('',(#228));
#230=SURFACE_STYLE_USAGE(.BOTH.,#229);
#231=PRESENTATION_STYLE_ASSIGNMENT((#230));
#232=STYLED_ITEM('',(#231),#224);
#233=ADVANCED_FACE('',(#2149),#2151,.F.);
#234=COLOUR_RGB('',1.,1.,1.);
#235=FILL_AREA_STYLE_COLOUR('',#234);
#236=FILL_AREA_STYLE($,(#235));
#237=SURFACE_STYLE_FILL_AREA(#236);
#238=SURFACE_SIDE_STYLE('',(#237));
#239=SURFACE_STYLE_USAGE(.BOTH.,#238);
#240=PRESENTATION_STYLE_ASSIGNMENT((#239));
#241=STYLED_ITEM('',(#240),#233);
#242=ADVANCED_FACE('',(#2155),#2157,.F.);
#243=COLOUR_RGB('',1.,1.,1.);
#244=FILL_AREA_STYLE_COLOUR('',#243);
#245=FILL_AREA_STYLE($,(#244));
#246=SURFACE_STYLE_FILL_AREA(#245);
#247=SURFACE_SIDE_STYLE('',(#246));
#248=SURFACE_STYLE_USAGE(.BOTH.,#247);
#249=PRESENTATION_STYLE_ASSIGNMENT((#248));
#250=STYLED_ITEM('',(#249),#242);
#251=ADVANCED_FACE('',(#2161),#2163,.F.);
#252=COLOUR_RGB('',1.,1.,1.);
#253=FILL_AREA_STYLE_COLOUR('',#252);
#254=FILL_AREA_STYLE($,(#253));
#255=SURFACE_STYLE_FILL_AREA(#254);
#256=SURFACE_SIDE_STYLE('',(#255));
#257=SURFACE_STYLE_USAGE(.BOTH.,#256);
#258=PRESENTATION_STYLE_ASSIGNMENT((#257));
#259=STYLED_ITEM('',(#258),#251);
#260=ADVANCED_FACE('',(#2168),#2170,.F.);
#261=COLOUR_RGB('',1.,1.,1.);
#262=FILL_AREA_STYLE_COLOUR('',#261);
#263=FILL_AREA_STYLE($,(#262));
#264=SURFACE_STYLE_FILL_AREA(#263);
#265=SURFACE_SIDE_STYLE('',(#264));
#266=SURFACE_STYLE_USAGE(.BOTH.,#265);
#267=PRESENTATION_STYLE_ASSIGNMENT((#266));
#268=STYLED_ITEM('',(#267),#260);
#269=ADVANCED_FACE('',(#2175),#2177,.F.);
#270=COLOUR_RGB('',1.,1.,1.);
#271=FILL_AREA_STYLE_COLOUR('',#270);
#272=FILL_AREA_STYLE($,(#271));
#273=SURFACE_STYLE_FILL_AREA(#272);
#274=SURFACE_SIDE_STYLE('',(#273));
#275=SURFACE_STYLE_USAGE(.BOTH.,#274);
#276=PRESENTATION_STYLE_ASSIGNMENT((#275));
#277=STYLED_ITEM('',(#276),#269);
#278=ADVANCED_FACE('',(#2181),#2183,.F.);
#279=COLOUR_RGB('',1.,1.,1.);
#280=FILL_AREA_STYLE_COLOUR('',#279);
#281=FILL_AREA_STYLE($,(#280));
#282=SURFACE_STYLE_FILL_AREA(#281);
#283=SURFACE_SIDE_STYLE('',(#282));
#284=SURFACE_STYLE_USAGE(.BOTH.,#283);
#285=PRESENTATION_STYLE_ASSIGNMENT((#284));
#286=STYLED_ITEM('',(#285),#278);
#287=ADVANCED_FACE('',(#2188),#2190,.F.);
#288=COLOUR_RGB('',1.,1.,1.);
#289=FILL_AREA_STYLE_COLOUR('',#288);
#290=FILL_AREA_STYLE($,(#289));
#291=SURFACE_STYLE_FILL_AREA(#290);
#292=SURFACE_SIDE_STYLE('',(#291));
#293=SURFACE_STYLE_USAGE(.BOTH.,#292);
#294=PRESENTATION_STYLE_ASSIGNMENT((#293));
#295=STYLED_ITEM('',(#294),#287);
#296=ADVANCED_FACE('',(#2194),#2196,.F.);
#297=COLOUR_RGB('',1.,1.,1.);
#298=FILL_AREA_STYLE_COLOUR('',#297);
#299=FILL_AREA_STYLE($,(#298));
#300=SURFACE_STYLE_FILL_AREA(#299);
#301=SURFACE_SIDE_STYLE('',(#300));
#302=SURFACE_STYLE_USAGE(.BOTH.,#301);
#303=PRESENTATION_STYLE_ASSIGNMENT((#302));
#304=STYLED_ITEM('',(#303),#296);
#305=ADVANCED_FACE('',(#2200),#2202,.F.);
#306=COLOUR_RGB('',1.,1.,1.);
#307=FILL_AREA_STYLE_COLOUR('',#306);
#308=FILL_AREA_STYLE($,(#307));
#309=SURFACE_STYLE_FILL_AREA(#308);
#310=SURFACE_SIDE_STYLE('',(#309));
#311=SURFACE_STYLE_USAGE(.BOTH.,#310);
#312=PRESENTATION_STYLE_ASSIGNMENT((#311));
#313=STYLED_ITEM('',(#312),#305);
#314=ADVANCED_FACE('',(#2207),#2209,.F.);
#315=COLOUR_RGB('',1.,1.,1.);
#316=FILL_AREA_STYLE_COLOUR('',#315);
#317=FILL_AREA_STYLE($,(#316));
#318=SURFACE_STYLE_FILL_AREA(#317);
#319=SURFACE_SIDE_STYLE('',(#318));
#320=SURFACE_STYLE_USAGE(.BOTH.,#319);
#321=PRESENTATION_STYLE_ASSIGNMENT((#320));
#322=STYLED_ITEM('',(#321),#314);
#323=ADVANCED_FACE('',(#2214),#2216,.F.);
#324=COLOUR_RGB('',1.,1.,1.);
#325=FILL_AREA_STYLE_COLOUR('',#324);
#326=FILL_AREA_STYLE($,(#325));
#327=SURFACE_STYLE_FILL_AREA(#326);
#328=SURFACE_SIDE_STYLE('',(#327));
#329=SURFACE_STYLE_USAGE(.BOTH.,#328);
#330=PRESENTATION_STYLE_ASSIGNMENT((#329));
#331=STYLED_ITEM('',(#330),#323);
#332=ADVANCED_FACE('',(#2221),#2223,.F.);
#333=COLOUR_RGB('',1.,1.,1.);
#334=FILL_AREA_STYLE_COLOUR('',#333);
#335=FILL_AREA_STYLE($,(#334));
#336=SURFACE_STYLE_FILL_AREA(#335);
#337=SURFACE_SIDE_STYLE('',(#336));
#338=SURFACE_STYLE_USAGE(.BOTH.,#337);
#339=PRESENTATION_STYLE_ASSIGNMENT((#338));
#340=STYLED_ITEM('',(#339),#332);
#341=ADVANCED_FACE('',(#2228),#2230,.F.);
#342=COLOUR_RGB('',1.,1.,1.);
#343=FILL_AREA_STYLE_COLOUR('',#342);
#344=FILL_AREA_STYLE($,(#343));
#345=SURFACE_STYLE_FILL_AREA(#344);
#346=SURFACE_SIDE_STYLE('',(#345));
#347=SURFACE_STYLE_USAGE(.BOTH.,#346);
#348=PRESENTATION_STYLE_ASSIGNMENT((#347));
#349=STYLED_ITEM('',(#348),#341);
#350=ADVANCED_FACE('',(#2234),#2236,.F.);
#351=COLOUR_RGB('',1.,1.,1.);
#352=FILL_AREA_STYLE_COLOUR('',#351);
#353=FILL_AREA_STYLE($,(#352));
#354=SURFACE_STYLE_FILL_AREA(#353);
#355=SURFACE_SIDE_STYLE('',(#354));
#356=SURFACE_STYLE_USAGE(.BOTH.,#355);
#357=PRESENTATION_STYLE_ASSIGNMENT((#356));
#358=STYLED_ITEM('',(#357),#350);
#359=ADVANCED_FACE('',(#2240),#2242,.F.);
#360=COLOUR_RGB('',1.,1.,1.);
#361=FILL_AREA_STYLE_COLOUR('',#360);
#362=FILL_AREA_STYLE($,(#361));
#363=SURFACE_STYLE_FILL_AREA(#362);
#364=SURFACE_SIDE_STYLE('',(#363));
#365=SURFACE_STYLE_USAGE(.BOTH.,#364);
#366=PRESENTATION_STYLE_ASSIGNMENT((#365));
#367=STYLED_ITEM('',(#366),#359);
#368=ADVANCED_FACE('',(#2246),#2248,.F.);
#369=COLOUR_RGB('',1.,1.,1.);
#370=FILL_AREA_STYLE_COLOUR('',#369);
#371=FILL_AREA_STYLE($,(#370));
#372=SURFACE_STYLE_FILL_AREA(#371);
#373=SURFACE_SIDE_STYLE('',(#372));
#374=SURFACE_STYLE_USAGE(.BOTH.,#373);
#375=PRESENTATION_STYLE_ASSIGNMENT((#374));
#376=STYLED_ITEM('',(#375),#368);
#377=ADVANCED_FACE('',(#2252),#2254,.F.);
#378=COLOUR_RGB('',1.,1.,1.);
#379=FILL_AREA_STYLE_COLOUR('',#378);
#380=FILL_AREA_STYLE($,(#379));
#381=SURFACE_STYLE_FILL_AREA(#380);
#382=SURFACE_SIDE_STYLE('',(#381));
#383=SURFACE_STYLE_USAGE(.BOTH.,#382);
#384=PRESENTATION_STYLE_ASSIGNMENT((#383));
#385=STYLED_ITEM('',(#384),#377);
#386=ADVANCED_FACE('',(#2259),#2261,.F.);
#387=COLOUR_RGB('',1.,1.,1.);
#388=FILL_AREA_STYLE_COLOUR('',#387);
#389=FILL_AREA_STYLE($,(#388));
#390=SURFACE_STYLE_FILL_AREA(#389);
#391=SURFACE_SIDE_STYLE('',(#390));
#392=SURFACE_STYLE_USAGE(.BOTH.,#391);
#393=PRESENTATION_STYLE_ASSIGNMENT((#392));
#394=STYLED_ITEM('',(#393),#386);
#395=ADVANCED_FACE('',(#2266),#2268,.F.);
#396=COLOUR_RGB('',1.,1.,1.);
#397=FILL_AREA_STYLE_COLOUR('',#396);
#398=FILL_AREA_STYLE($,(#397));
#399=SURFACE_STYLE_FILL_AREA(#398);
#400=SURFACE_SIDE_STYLE('',(#399));
#401=SURFACE_STYLE_USAGE(.BOTH.,#400);
#402=PRESENTATION_STYLE_ASSIGNMENT((#401));
#403=STYLED_ITEM('',(#402),#395);
#404=ADVANCED_FACE('',(#2272),#2274,.F.);
#405=COLOUR_RGB('',1.,1.,1.);
#406=FILL_AREA_STYLE_COLOUR('',#405);
#407=FILL_AREA_STYLE($,(#406));
#408=SURFACE_STYLE_FILL_AREA(#407);
#409=SURFACE_SIDE_STYLE('',(#408));
#410=SURFACE_STYLE_USAGE(.BOTH.,#409);
#411=PRESENTATION_STYLE_ASSIGNMENT((#410));
#412=STYLED_ITEM('',(#411),#404);
#413=ADVANCED_FACE('',(#2279),#2281,.F.);
#414=COLOUR_RGB('',1.,1.,1.);
#415=FILL_AREA_STYLE_COLOUR('',#414);
#416=FILL_AREA_STYLE($,(#415));
#417=SURFACE_STYLE_FILL_AREA(#416);
#418=SURFACE_SIDE_STYLE('',(#417));
#419=SURFACE_STYLE_USAGE(.BOTH.,#418);
#420=PRESENTATION_STYLE_ASSIGNMENT((#419));
#421=STYLED_ITEM('',(#420),#413);
#422=ADVANCED_FACE('',(#2285),#2287,.F.);
#423=COLOUR_RGB('',1.,1.,1.);
#424=FILL_AREA_STYLE_COLOUR('',#423);
#425=FILL_AREA_STYLE($,(#424));
#426=SURFACE_STYLE_FILL_AREA(#425);
#427=SURFACE_SIDE_STYLE('',(#426));
#428=SURFACE_STYLE_USAGE(.BOTH.,#427);
#429=PRESENTATION_STYLE_ASSIGNMENT((#428));
#430=STYLED_ITEM('',(#429),#422);
#431=ADVANCED_FACE('',(#2291),#2293,.F.);
#432=COLOUR_RGB('',1.,1.,1.);
#433=FILL_AREA_STYLE_COLOUR('',#432);
#434=FILL_AREA_STYLE($,(#433));
#435=SURFACE_STYLE_FILL_AREA(#434);
#436=SURFACE_SIDE_STYLE('',(#435));
#437=SURFACE_STYLE_USAGE(.BOTH.,#436);
#438=PRESENTATION_STYLE_ASSIGNMENT((#437));
#439=STYLED_ITEM('',(#438),#431);
#440=ADVANCED_FACE('',(#2298),#2300,.F.);
#441=COLOUR_RGB('',1.,1.,1.);
#442=FILL_AREA_STYLE_COLOUR('',#441);
#443=FILL_AREA_STYLE($,(#442));
#444=SURFACE_STYLE_FILL_AREA(#443);
#445=SURFACE_SIDE_STYLE('',(#444));
#446=SURFACE_STYLE_USAGE(.BOTH.,#445);
#447=PRESENTATION_STYLE_ASSIGNMENT((#446));
#448=STYLED_ITEM('',(#447),#440);
#449=ADVANCED_FACE('',(#2304),#2306,.F.);
#450=COLOUR_RGB('',1.,1.,1.);
#451=FILL_AREA_STYLE_COLOUR('',#450);
#452=FILL_AREA_STYLE($,(#451));
#453=SURFACE_STYLE_FILL_AREA(#452);
#454=SURFACE_SIDE_STYLE('',(#453));
#455=SURFACE_STYLE_USAGE(.BOTH.,#454);
#456=PRESENTATION_STYLE_ASSIGNMENT((#455));
#457=STYLED_ITEM('',(#456),#449);
#458=ADVANCED_FACE('',(#2310),#2312,.F.);
#459=COLOUR_RGB('',1.,1.,1.);
#460=FILL_AREA_STYLE_COLOUR('',#459);
#461=FILL_AREA_STYLE($,(#460));
#462=SURFACE_STYLE_FILL_AREA(#461);
#463=SURFACE_SIDE_STYLE('',(#462));
#464=SURFACE_STYLE_USAGE(.BOTH.,#463);
#465=PRESENTATION_STYLE_ASSIGNMENT((#464));
#466=STYLED_ITEM('',(#465),#458);
#467=ADVANCED_FACE('',(#2317),#2319,.F.);
#468=COLOUR_RGB('',1.,1.,1.);
#469=FILL_AREA_STYLE_COLOUR('',#468);
#470=FILL_AREA_STYLE($,(#469));
#471=SURFACE_STYLE_FILL_AREA(#470);
#472=SURFACE_SIDE_STYLE('',(#471));
#473=SURFACE_STYLE_USAGE(.BOTH.,#472);
#474=PRESENTATION_STYLE_ASSIGNMENT((#473));
#475=STYLED_ITEM('',(#474),#467);
#476=ADVANCED_FACE('',(#2323),#2325,.F.);
#477=COLOUR_RGB('',1.,1.,1.);
#478=FILL_AREA_STYLE_COLOUR('',#477);
#479=FILL_AREA_STYLE($,(#478));
#480=SURFACE_STYLE_FILL_AREA(#479);
#481=SURFACE_SIDE_STYLE('',(#480));
#482=SURFACE_STYLE_USAGE(.BOTH.,#481);
#483=PRESENTATION_STYLE_ASSIGNMENT((#482));
#484=STYLED_ITEM('',(#483),#476);
#485=ADVANCED_FACE('',(#2329),#2331,.F.);
#486=COLOUR_RGB('',1.,1.,1.);
#487=FILL_AREA_STYLE_COLOUR('',#486);
#488=FILL_AREA_STYLE($,(#487));
#489=SURFACE_STYLE_FILL_AREA(#488);
#490=SURFACE_SIDE_STYLE('',(#489));
#491=SURFACE_STYLE_USAGE(.BOTH.,#490);
#492=PRESENTATION_STYLE_ASSIGNMENT((#491));
#493=STYLED_ITEM('',(#492),#485);
#494=ADVANCED_FACE('',(#2336),#2338,.F.);
#495=COLOUR_RGB('',1.,1.,1.);
#496=FILL_AREA_STYLE_COLOUR('',#495);
#497=FILL_AREA_STYLE($,(#496));
#498=SURFACE_STYLE_FILL_AREA(#497);
#499=SURFACE_SIDE_STYLE('',(#498));
#500=SURFACE_STYLE_USAGE(.BOTH.,#499);
#501=PRESENTATION_STYLE_ASSIGNMENT((#500));
#502=STYLED_ITEM('',(#501),#494);
#503=ADVANCED_FACE('',(#2342),#2344,.T.);
#504=COLOUR_RGB('',1.,1.,1.);
#505=FILL_AREA_STYLE_COLOUR('',#504);
#506=FILL_AREA_STYLE($,(#505));
#507=SURFACE_STYLE_FILL_AREA(#506);
#508=SURFACE_SIDE_STYLE('',(#507));
#509=SURFACE_STYLE_USAGE(.BOTH.,#508);
#510=PRESENTATION_STYLE_ASSIGNMENT((#509));
#511=STYLED_ITEM('',(#510),#503);
#512=ADVANCED_FACE('',(#2348),#2350,.T.);
#513=COLOUR_RGB('',1.,1.,1.);
#514=FILL_AREA_STYLE_COLOUR('',#513);
#515=FILL_AREA_STYLE($,(#514));
#516=SURFACE_STYLE_FILL_AREA(#515);
#517=SURFACE_SIDE_STYLE('',(#516));
#518=SURFACE_STYLE_USAGE(.BOTH.,#517);
#519=PRESENTATION_STYLE_ASSIGNMENT((#518));
#520=STYLED_ITEM('',(#519),#512);
#521=ADVANCED_FACE('',(#2354),#2356,.T.);
#522=COLOUR_RGB('',1.,1.,1.);
#523=FILL_AREA_STYLE_COLOUR('',#522);
#524=FILL_AREA_STYLE($,(#523));
#525=SURFACE_STYLE_FILL_AREA(#524);
#526=SURFACE_SIDE_STYLE('',(#525));
#527=SURFACE_STYLE_USAGE(.BOTH.,#526);
#528=PRESENTATION_STYLE_ASSIGNMENT((#527));
#529=STYLED_ITEM('',(#528),#521);
#530=ADVANCED_FACE('',(#2361),#2363,.T.);
#531=COLOUR_RGB('',1.,1.,1.);
#532=FILL_AREA_STYLE_COLOUR('',#531);
#533=FILL_AREA_STYLE($,(#532));
#534=SURFACE_STYLE_FILL_AREA(#533);
#535=SURFACE_SIDE_STYLE('',(#534));
#536=SURFACE_STYLE_USAGE(.BOTH.,#535);
#537=PRESENTATION_STYLE_ASSIGNMENT((#536));
#538=STYLED_ITEM('',(#537),#530);
#539=ADVANCED_FACE('',(#2367),#2369,.T.);
#540=COLOUR_RGB('',1.,1.,1.);
#541=FILL_AREA_STYLE_COLOUR('',#540);
#542=FILL_AREA_STYLE($,(#541));
#543=SURFACE_STYLE_FILL_AREA(#542);
#544=SURFACE_SIDE_STYLE('',(#543));
#545=SURFACE_STYLE_USAGE(.BOTH.,#544);
#546=PRESENTATION_STYLE_ASSIGNMENT((#545));
#547=STYLED_ITEM('',(#546),#539);
#548=ADVANCED_FACE('',(#2373),#2375,.T.);
#549=COLOUR_RGB('',1.,1.,1.);
#550=FILL_AREA_STYLE_COLOUR('',#549);
#551=FILL_AREA_STYLE($,(#550));
#552=SURFACE_STYLE_FILL_AREA(#551);
#553=SURFACE_SIDE_STYLE('',(#552));
#554=SURFACE_STYLE_USAGE(.BOTH.,#553);
#555=PRESENTATION_STYLE_ASSIGNMENT((#554));
#556=STYLED_ITEM('',(#555),#548);
#557=ADVANCED_FACE('',(#2380),#2382,.T.);
#558=COLOUR_RGB('',1.,1.,1.);
#559=FILL_AREA_STYLE_COLOUR('',#558);
#560=FILL_AREA_STYLE($,(#559));
#561=SURFACE_STYLE_FILL_AREA(#560);
#562=SURFACE_SIDE_STYLE('',(#561));
#563=SURFACE_STYLE_USAGE(.BOTH.,#562);
#564=PRESENTATION_STYLE_ASSIGNMENT((#563));
#565=STYLED_ITEM('',(#564),#557);
#566=ADVANCED_FACE('',(#2386),#2388,.T.);
#567=COLOUR_RGB('',1.,1.,1.);
#568=FILL_AREA_STYLE_COLOUR('',#567);
#569=FILL_AREA_STYLE($,(#568));
#570=SURFACE_STYLE_FILL_AREA(#569);
#571=SURFACE_SIDE_STYLE('',(#570));
#572=SURFACE_STYLE_USAGE(.BOTH.,#571);
#573=PRESENTATION_STYLE_ASSIGNMENT((#572));
#574=STYLED_ITEM('',(#573),#566);
#575=ADVANCED_FACE('',(#2392),#2394,.T.);
#576=COLOUR_RGB('',1.,1.,1.);
#577=FILL_AREA_STYLE_COLOUR('',#576);
#578=FILL_AREA_STYLE($,(#577));
#579=SURFACE_STYLE_FILL_AREA(#578);
#580=SURFACE_SIDE_STYLE('',(#579));
#581=SURFACE_STYLE_USAGE(.BOTH.,#580);
#582=PRESENTATION_STYLE_ASSIGNMENT((#581));
#583=STYLED_ITEM('',(#582),#575);
#584=ADVANCED_FACE('',(#2399),#2401,.T.);
#585=COLOUR_RGB('',1.,1.,1.);
#586=FILL_AREA_STYLE_COLOUR('',#585);
#587=FILL_AREA_STYLE($,(#586));
#588=SURFACE_STYLE_FILL_AREA(#587);
#589=SURFACE_SIDE_STYLE('',(#588));
#590=SURFACE_STYLE_USAGE(.BOTH.,#589);
#591=PRESENTATION_STYLE_ASSIGNMENT((#590));
#592=STYLED_ITEM('',(#591),#584);
#593=ADVANCED_FACE('',(#2405),#2407,.T.);
#594=COLOUR_RGB('',1.,1.,1.);
#595=FILL_AREA_STYLE_COLOUR('',#594);
#596=FILL_AREA_STYLE($,(#595));
#597=SURFACE_STYLE_FILL_AREA(#596);
#598=SURFACE_SIDE_STYLE('',(#597));
#599=SURFACE_STYLE_USAGE(.BOTH.,#598);
#600=PRESENTATION_STYLE_ASSIGNMENT((#599));
#601=STYLED_ITEM('',(#600),#593);
#602=ADVANCED_FACE('',(#2411),#2413,.T.);
#603=COLOUR_RGB('',1.,1.,1.);
#604=FILL_AREA_STYLE_COLOUR('',#603);
#605=FILL_AREA_STYLE($,(#604));
#606=SURFACE_STYLE_FILL_AREA(#605);
#607=SURFACE_SIDE_STYLE('',(#606));
#608=SURFACE_STYLE_USAGE(.BOTH.,#607);
#609=PRESENTATION_STYLE_ASSIGNMENT((#608));
#610=STYLED_ITEM('',(#609),#602);
#611=ADVANCED_FACE('',(#2418),#2420,.F.);
#612=COLOUR_RGB('',1.,1.,1.);
#613=FILL_AREA_STYLE_COLOUR('',#612);
#614=FILL_AREA_STYLE($,(#613));
#615=SURFACE_STYLE_FILL_AREA(#614);
#616=SURFACE_SIDE_STYLE('',(#615));
#617=SURFACE_STYLE_USAGE(.BOTH.,#616);
#618=PRESENTATION_STYLE_ASSIGNMENT((#617));
#619=STYLED_ITEM('',(#618),#611);
#620=ADVANCED_FACE('',(#2425),#2427,.F.);
#621=COLOUR_RGB('',1.,1.,1.);
#622=FILL_AREA_STYLE_COLOUR('',#621);
#623=FILL_AREA_STYLE($,(#622));
#624=SURFACE_STYLE_FILL_AREA(#623);
#625=SURFACE_SIDE_STYLE('',(#624));
#626=SURFACE_STYLE_USAGE(.BOTH.,#625);
#627=PRESENTATION_STYLE_ASSIGNMENT((#626));
#628=STYLED_ITEM('',(#627),#620);
#629=ADVANCED_FACE('',(#2431),#2433,.F.);
#630=COLOUR_RGB('',1.,1.,1.);
#631=FILL_AREA_STYLE_COLOUR('',#630);
#632=FILL_AREA_STYLE($,(#631));
#633=SURFACE_STYLE_FILL_AREA(#632);
#634=SURFACE_SIDE_STYLE('',(#633));
#635=SURFACE_STYLE_USAGE(.BOTH.,#634);
#636=PRESENTATION_STYLE_ASSIGNMENT((#635));
#637=STYLED_ITEM('',(#636),#629);
#638=ADVANCED_FACE('',(#2438),#2440,.F.);
#639=COLOUR_RGB('',1.,1.,1.);
#640=FILL_AREA_STYLE_COLOUR('',#639);
#641=FILL_AREA_STYLE($,(#640));
#642=SURFACE_STYLE_FILL_AREA(#641);
#643=SURFACE_SIDE_STYLE('',(#642));
#644=SURFACE_STYLE_USAGE(.BOTH.,#643);
#645=PRESENTATION_STYLE_ASSIGNMENT((#644));
#646=STYLED_ITEM('',(#645),#638);
#647=ADVANCED_FACE('',(#2444),#2446,.F.);
#648=COLOUR_RGB('',1.,1.,1.);
#649=FILL_AREA_STYLE_COLOUR('',#648);
#650=FILL_AREA_STYLE($,(#649));
#651=SURFACE_STYLE_FILL_AREA(#650);
#652=SURFACE_SIDE_STYLE('',(#651));
#653=SURFACE_STYLE_USAGE(.BOTH.,#652);
#654=PRESENTATION_STYLE_ASSIGNMENT((#653));
#655=STYLED_ITEM('',(#654),#647);
#656=ADVANCED_FACE('',(#2450),#2452,.F.);
#657=COLOUR_RGB('',1.,1.,1.);
#658=FILL_AREA_STYLE_COLOUR('',#657);
#659=FILL_AREA_STYLE($,(#658));
#660=SURFACE_STYLE_FILL_AREA(#659);
#661=SURFACE_SIDE_STYLE('',(#660));
#662=SURFACE_STYLE_USAGE(.BOTH.,#661);
#663=PRESENTATION_STYLE_ASSIGNMENT((#662));
#664=STYLED_ITEM('',(#663),#656);
#665=ADVANCED_FACE('',(#2457),#2459,.F.);
#666=COLOUR_RGB('',1.,1.,1.);
#667=FILL_AREA_STYLE_COLOUR('',#666);
#668=FILL_AREA_STYLE($,(#667));
#669=SURFACE_STYLE_FILL_AREA(#668);
#670=SURFACE_SIDE_STYLE('',(#669));
#671=SURFACE_STYLE_USAGE(.BOTH.,#670);
#672=PRESENTATION_STYLE_ASSIGNMENT((#671));
#673=STYLED_ITEM('',(#672),#665);
#674=ADVANCED_FACE('',(#2463),#2465,.F.);
#675=COLOUR_RGB('',1.,1.,1.);
#676=FILL_AREA_STYLE_COLOUR('',#675);
#677=FILL_AREA_STYLE($,(#676));
#678=SURFACE_STYLE_FILL_AREA(#677);
#679=SURFACE_SIDE_STYLE('',(#678));
#680=SURFACE_STYLE_USAGE(.BOTH.,#679);
#681=PRESENTATION_STYLE_ASSIGNMENT((#680));
#682=STYLED_ITEM('',(#681),#674);
#683=ADVANCED_FACE('',(#2469),#2471,.F.);
#684=COLOUR_RGB('',1.,1.,1.);
#685=FILL_AREA_STYLE_COLOUR('',#684);
#686=FILL_AREA_STYLE($,(#685));
#687=SURFACE_STYLE_FILL_AREA(#686);
#688=SURFACE_SIDE_STYLE('',(#687));
#689=SURFACE_STYLE_USAGE(.BOTH.,#688);
#690=PRESENTATION_STYLE_ASSIGNMENT((#689));
#691=STYLED_ITEM('',(#690),#683);
#692=ADVANCED_FACE('',(#2475),#2477,.F.);
#693=COLOUR_RGB('',1.,1.,1.);
#694=FILL_AREA_STYLE_COLOUR('',#693);
#695=FILL_AREA_STYLE($,(#694));
#696=SURFACE_STYLE_FILL_AREA(#695);
#697=SURFACE_SIDE_STYLE('',(#696));
#698=SURFACE_STYLE_USAGE(.BOTH.,#697);
#699=PRESENTATION_STYLE_ASSIGNMENT((#698));
#700=STYLED_ITEM('',(#699),#692);
#701=ADVANCED_FACE('',(#2481),#2483,.F.);
#702=COLOUR_RGB('',1.,1.,1.);
#703=FILL_AREA_STYLE_COLOUR('',#702);
#704=FILL_AREA_STYLE($,(#703));
#705=SURFACE_STYLE_FILL_AREA(#704);
#706=SURFACE_SIDE_STYLE('',(#705));
#707=SURFACE_STYLE_USAGE(.BOTH.,#706);
#708=PRESENTATION_STYLE_ASSIGNMENT((#707));
#709=STYLED_ITEM('',(#708),#701);
#710=ADVANCED_FACE('',(#2488),#2490,.F.);
#711=COLOUR_RGB('',1.,1.,1.);
#712=FILL_AREA_STYLE_COLOUR('',#711);
#713=FILL_AREA_STYLE($,(#712));
#714=SURFACE_STYLE_FILL_AREA(#713);
#715=SURFACE_SIDE_STYLE('',(#714));
#716=SURFACE_STYLE_USAGE(.BOTH.,#715);
#717=PRESENTATION_STYLE_ASSIGNMENT((#716));
#718=STYLED_ITEM('',(#717),#710);
#719=ADVANCED_FACE('',(#2495),#2497,.F.);
#720=COLOUR_RGB('',1.,1.,1.);
#721=FILL_AREA_STYLE_COLOUR('',#720);
#722=FILL_AREA_STYLE($,(#721));
#723=SURFACE_STYLE_FILL_AREA(#722);
#724=SURFACE_SIDE_STYLE('',(#723));
#725=SURFACE_STYLE_USAGE(.BOTH.,#724);
#726=PRESENTATION_STYLE_ASSIGNMENT((#725));
#727=STYLED_ITEM('',(#726),#719);
#728=ADVANCED_FACE('',(#2501),#2503,.F.);
#729=COLOUR_RGB('',1.,1.,1.);
#730=FILL_AREA_STYLE_COLOUR('',#729);
#731=FILL_AREA_STYLE($,(#730));
#732=SURFACE_STYLE_FILL_AREA(#731);
#733=SURFACE_SIDE_STYLE('',(#732));
#734=SURFACE_STYLE_USAGE(.BOTH.,#733);
#735=PRESENTATION_STYLE_ASSIGNMENT((#734));
#736=STYLED_ITEM('',(#735),#728);
#737=ADVANCED_FACE('',(#2507),#2509,.F.);
#738=COLOUR_RGB('',1.,1.,1.);
#739=FILL_AREA_STYLE_COLOUR('',#738);
#740=FILL_AREA_STYLE($,(#739));
#741=SURFACE_STYLE_FILL_AREA(#740);
#742=SURFACE_SIDE_STYLE('',(#741));
#743=SURFACE_STYLE_USAGE(.BOTH.,#742);
#744=PRESENTATION_STYLE_ASSIGNMENT((#743));
#745=STYLED_ITEM('',(#744),#737);
#746=ADVANCED_FACE('',(#2514),#2516,.F.);
#747=COLOUR_RGB('',1.,1.,1.);
#748=FILL_AREA_STYLE_COLOUR('',#747);
#749=FILL_AREA_STYLE($,(#748));
#750=SURFACE_STYLE_FILL_AREA(#749);
#751=SURFACE_SIDE_STYLE('',(#750));
#752=SURFACE_STYLE_USAGE(.BOTH.,#751);
#753=PRESENTATION_STYLE_ASSIGNMENT((#752));
#754=STYLED_ITEM('',(#753),#746);
#755=ADVANCED_FACE('',(#2520),#2522,.F.);
#756=COLOUR_RGB('',1.,1.,1.);
#757=FILL_AREA_STYLE_COLOUR('',#756);
#758=FILL_AREA_STYLE($,(#757));
#759=SURFACE_STYLE_FILL_AREA(#758);
#760=SURFACE_SIDE_STYLE('',(#759));
#761=SURFACE_STYLE_USAGE(.BOTH.,#760);
#762=PRESENTATION_STYLE_ASSIGNMENT((#761));
#763=STYLED_ITEM('',(#762),#755);
#764=ADVANCED_FACE('',(#2527),#2529,.T.);
#765=COLOUR_RGB('',1.,1.,1.);
#766=FILL_AREA_STYLE_COLOUR('',#765);
#767=FILL_AREA_STYLE($,(#766));
#768=SURFACE_STYLE_FILL_AREA(#767);
#769=SURFACE_SIDE_STYLE('',(#768));
#770=SURFACE_STYLE_USAGE(.BOTH.,#769);
#771=PRESENTATION_STYLE_ASSIGNMENT((#770));
#772=STYLED_ITEM('',(#771),#764);
#773=ADVANCED_FACE('',(#2533),#2535,.T.);
#774=COLOUR_RGB('',1.,1.,1.);
#775=FILL_AREA_STYLE_COLOUR('',#774);
#776=FILL_AREA_STYLE($,(#775));
#777=SURFACE_STYLE_FILL_AREA(#776);
#778=SURFACE_SIDE_STYLE('',(#777));
#779=SURFACE_STYLE_USAGE(.BOTH.,#778);
#780=PRESENTATION_STYLE_ASSIGNMENT((#779));
#781=STYLED_ITEM('',(#780),#773);
#782=ADVANCED_FACE('',(#2539),#2541,.T.);
#783=COLOUR_RGB('',1.,1.,1.);
#784=FILL_AREA_STYLE_COLOUR('',#783);
#785=FILL_AREA_STYLE($,(#784));
#786=SURFACE_STYLE_FILL_AREA(#785);
#787=SURFACE_SIDE_STYLE('',(#786));
#788=SURFACE_STYLE_USAGE(.BOTH.,#787);
#789=PRESENTATION_STYLE_ASSIGNMENT((#788));
#790=STYLED_ITEM('',(#789),#782);
#791=ADVANCED_FACE('',(#2546),#2548,.T.);
#792=COLOUR_RGB('',1.,1.,1.);
#793=FILL_AREA_STYLE_COLOUR('',#792);
#794=FILL_AREA_STYLE($,(#793));
#795=SURFACE_STYLE_FILL_AREA(#794);
#796=SURFACE_SIDE_STYLE('',(#795));
#797=SURFACE_STYLE_USAGE(.BOTH.,#796);
#798=PRESENTATION_STYLE_ASSIGNMENT((#797));
#799=STYLED_ITEM('',(#798),#791);
#800=ADVANCED_FACE('',(#2552),#2554,.T.);
#801=COLOUR_RGB('',1.,1.,1.);
#802=FILL_AREA_STYLE_COLOUR('',#801);
#803=FILL_AREA_STYLE($,(#802));
#804=SURFACE_STYLE_FILL_AREA(#803);
#805=SURFACE_SIDE_STYLE('',(#804));
#806=SURFACE_STYLE_USAGE(.BOTH.,#805);
#807=PRESENTATION_STYLE_ASSIGNMENT((#806));
#808=STYLED_ITEM('',(#807),#800);
#809=ADVANCED_FACE('',(#2558),#2560,.T.);
#810=COLOUR_RGB('',1.,1.,1.);
#811=FILL_AREA_STYLE_COLOUR('',#810);
#812=FILL_AREA_STYLE($,(#811));
#813=SURFACE_STYLE_FILL_AREA(#812);
#814=SURFACE_SIDE_STYLE('',(#813));
#815=SURFACE_STYLE_USAGE(.BOTH.,#814);
#816=PRESENTATION_STYLE_ASSIGNMENT((#815));
#817=STYLED_ITEM('',(#816),#809);
#818=ADVANCED_FACE('',(#2565),#2567,.T.);
#819=COLOUR_RGB('',1.,1.,1.);
#820=FILL_AREA_STYLE_COLOUR('',#819);
#821=FILL_AREA_STYLE($,(#820));
#822=SURFACE_STYLE_FILL_AREA(#821);
#823=SURFACE_SIDE_STYLE('',(#822));
#824=SURFACE_STYLE_USAGE(.BOTH.,#823);
#825=PRESENTATION_STYLE_ASSIGNMENT((#824));
#826=STYLED_ITEM('',(#825),#818);
#827=ADVANCED_FACE('',(#2572),#2574,.T.);
#828=COLOUR_RGB('',1.,1.,1.);
#829=FILL_AREA_STYLE_COLOUR('',#828);
#830=FILL_AREA_STYLE($,(#829));
#831=SURFACE_STYLE_FILL_AREA(#830);
#832=SURFACE_SIDE_STYLE('',(#831));
#833=SURFACE_STYLE_USAGE(.BOTH.,#832);
#834=PRESENTATION_STYLE_ASSIGNMENT((#833));
#835=STYLED_ITEM('',(#834),#827);
#836=ADVANCED_FACE('',(#2579),#2581,.T.);
#837=COLOUR_RGB('',1.,1.,1.);
#838=FILL_AREA_STYLE_COLOUR('',#837);
#839=FILL_AREA_STYLE($,(#838));
#840=SURFACE_STYLE_FILL_AREA(#839);
#841=SURFACE_SIDE_STYLE('',(#840));
#842=SURFACE_STYLE_USAGE(.BOTH.,#841);
#843=PRESENTATION_STYLE_ASSIGNMENT((#842));
#844=STYLED_ITEM('',(#843),#836);
#845=ADVANCED_FACE('',(#2585),#2587,.T.);
#846=COLOUR_RGB('',1.,1.,1.);
#847=FILL_AREA_STYLE_COLOUR('',#846);
#848=FILL_AREA_STYLE($,(#847));
#849=SURFACE_STYLE_FILL_AREA(#848);
#850=SURFACE_SIDE_STYLE('',(#849));
#851=SURFACE_STYLE_USAGE(.BOTH.,#850);
#852=PRESENTATION_STYLE_ASSIGNMENT((#851));
#853=STYLED_ITEM('',(#852),#845);
#854=ADVANCED_FACE('',(#2591),#2593,.T.);
#855=COLOUR_RGB('',1.,1.,1.);
#856=FILL_AREA_STYLE_COLOUR('',#855);
#857=FILL_AREA_STYLE($,(#856));
#858=SURFACE_STYLE_FILL_AREA(#857);
#859=SURFACE_SIDE_STYLE('',(#858));
#860=SURFACE_STYLE_USAGE(.BOTH.,#859);
#861=PRESENTATION_STYLE_ASSIGNMENT((#860));
#862=STYLED_ITEM('',(#861),#854);
#863=ADVANCED_FACE('',(#2598),#2600,.T.);
#864=COLOUR_RGB('',1.,1.,1.);
#865=FILL_AREA_STYLE_COLOUR('',#864);
#866=FILL_AREA_STYLE($,(#865));
#867=SURFACE_STYLE_FILL_AREA(#866);
#868=SURFACE_SIDE_STYLE('',(#867));
#869=SURFACE_STYLE_USAGE(.BOTH.,#868);
#870=PRESENTATION_STYLE_ASSIGNMENT((#869));
#871=STYLED_ITEM('',(#870),#863);
#872=ADVANCED_FACE('',(#2604),#2606,.T.);
#873=COLOUR_RGB('',1.,1.,1.);
#874=FILL_AREA_STYLE_COLOUR('',#873);
#875=FILL_AREA_STYLE($,(#874));
#876=SURFACE_STYLE_FILL_AREA(#875);
#877=SURFACE_SIDE_STYLE('',(#876));
#878=SURFACE_STYLE_USAGE(.BOTH.,#877);
#879=PRESENTATION_STYLE_ASSIGNMENT((#878));
#880=STYLED_ITEM('',(#879),#872);
#881=ADVANCED_FACE('',(#2610),#2612,.T.);
#882=COLOUR_RGB('',1.,1.,1.);
#883=FILL_AREA_STYLE_COLOUR('',#882);
#884=FILL_AREA_STYLE($,(#883));
#885=SURFACE_STYLE_FILL_AREA(#884);
#886=SURFACE_SIDE_STYLE('',(#885));
#887=SURFACE_STYLE_USAGE(.BOTH.,#886);
#888=PRESENTATION_STYLE_ASSIGNMENT((#887));
#889=STYLED_ITEM('',(#888),#881);
#890=ADVANCED_FACE('',(#2617),#2619,.T.);
#891=COLOUR_RGB('',1.,1.,1.);
#892=FILL_AREA_STYLE_COLOUR('',#891);
#893=FILL_AREA_STYLE($,(#892));
#894=SURFACE_STYLE_FILL_AREA(#893);
#895=SURFACE_SIDE_STYLE('',(#894));
#896=SURFACE_STYLE_USAGE(.BOTH.,#895);
#897=PRESENTATION_STYLE_ASSIGNMENT((#896));
#898=STYLED_ITEM('',(#897),#890);
#899=ADVANCED_FACE('',(#2624),#2626,.T.);
#900=COLOUR_RGB('',1.,1.,1.);
#901=FILL_AREA_STYLE_COLOUR('',#900);
#902=FILL_AREA_STYLE($,(#901));
#903=SURFACE_STYLE_FILL_AREA(#902);
#904=SURFACE_SIDE_STYLE('',(#903));
#905=SURFACE_STYLE_USAGE(.BOTH.,#904);
#906=PRESENTATION_STYLE_ASSIGNMENT((#905));
#907=STYLED_ITEM('',(#906),#899);
#908=ADVANCED_FACE('',(#2631),#2633,.F.);
#909=COLOUR_RGB('',1.,1.,1.);
#910=FILL_AREA_STYLE_COLOUR('',#909);
#911=FILL_AREA_STYLE($,(#910));
#912=SURFACE_STYLE_FILL_AREA(#911);
#913=SURFACE_SIDE_STYLE('',(#912));
#914=SURFACE_STYLE_USAGE(.BOTH.,#913);
#915=PRESENTATION_STYLE_ASSIGNMENT((#914));
#916=STYLED_ITEM('',(#915),#908);
#917=ADVANCED_FACE('',(#2637),#2639,.F.);
#918=COLOUR_RGB('',1.,1.,1.);
#919=FILL_AREA_STYLE_COLOUR('',#918);
#920=FILL_AREA_STYLE($,(#919));
#921=SURFACE_STYLE_FILL_AREA(#920);
#922=SURFACE_SIDE_STYLE('',(#921));
#923=SURFACE_STYLE_USAGE(.BOTH.,#922);
#924=PRESENTATION_STYLE_ASSIGNMENT((#923));
#925=STYLED_ITEM('',(#924),#917);
#926=ADVANCED_FACE('',(#2643),#2645,.F.);
#927=COLOUR_RGB('',1.,1.,1.);
#928=FILL_AREA_STYLE_COLOUR('',#927);
#929=FILL_AREA_STYLE($,(#928));
#930=SURFACE_STYLE_FILL_AREA(#929);
#931=SURFACE_SIDE_STYLE('',(#930));
#932=SURFACE_STYLE_USAGE(.BOTH.,#931);
#933=PRESENTATION_STYLE_ASSIGNMENT((#932));
#934=STYLED_ITEM('',(#933),#926);
#935=ADVANCED_FACE('',(#2649),#2651,.F.);
#936=COLOUR_RGB('',1.,1.,1.);
#937=FILL_AREA_STYLE_COLOUR('',#936);
#938=FILL_AREA_STYLE($,(#937));
#939=SURFACE_STYLE_FILL_AREA(#938);
#940=SURFACE_SIDE_STYLE('',(#939));
#941=SURFACE_STYLE_USAGE(.BOTH.,#940);
#942=PRESENTATION_STYLE_ASSIGNMENT((#941));
#943=STYLED_ITEM('',(#942),#935);
#944=ADVANCED_FACE('',(#2655),#2657,.F.);
#945=COLOUR_RGB('',1.,1.,1.);
#946=FILL_AREA_STYLE_COLOUR('',#945);
#947=FILL_AREA_STYLE($,(#946));
#948=SURFACE_STYLE_FILL_AREA(#947);
#949=SURFACE_SIDE_STYLE('',(#948));
#950=SURFACE_STYLE_USAGE(.BOTH.,#949);
#951=PRESENTATION_STYLE_ASSIGNMENT((#950));
#952=STYLED_ITEM('',(#951),#944);
#953=ADVANCED_FACE('',(#2662),#2664,.F.);
#954=COLOUR_RGB('',1.,1.,1.);
#955=FILL_AREA_STYLE_COLOUR('',#954);
#956=FILL_AREA_STYLE($,(#955));
#957=SURFACE_STYLE_FILL_AREA(#956);
#958=SURFACE_SIDE_STYLE('',(#957));
#959=SURFACE_STYLE_USAGE(.BOTH.,#958);
#960=PRESENTATION_STYLE_ASSIGNMENT((#959));
#961=STYLED_ITEM('',(#960),#953);
#962=ADVANCED_FACE('',(#2669),#2671,.F.);
#963=COLOUR_RGB('',1.,1.,1.);
#964=FILL_AREA_STYLE_COLOUR('',#963);
#965=FILL_AREA_STYLE($,(#964));
#966=SURFACE_STYLE_FILL_AREA(#965);
#967=SURFACE_SIDE_STYLE('',(#966));
#968=SURFACE_STYLE_USAGE(.BOTH.,#967);
#969=PRESENTATION_STYLE_ASSIGNMENT((#968));
#970=STYLED_ITEM('',(#969),#962);
#971=ADVANCED_FACE('',(#2675),#2677,.F.);
#972=COLOUR_RGB('',1.,1.,1.);
#973=FILL_AREA_STYLE_COLOUR('',#972);
#974=FILL_AREA_STYLE($,(#973));
#975=SURFACE_STYLE_FILL_AREA(#974);
#976=SURFACE_SIDE_STYLE('',(#975));
#977=SURFACE_STYLE_USAGE(.BOTH.,#976);
#978=PRESENTATION_STYLE_ASSIGNMENT((#977));
#979=STYLED_ITEM('',(#978),#971);
#980=ADVANCED_FACE('',(#2681),#2683,.F.);
#981=COLOUR_RGB('',1.,1.,1.);
#982=FILL_AREA_STYLE_COLOUR('',#981);
#983=FILL_AREA_STYLE($,(#982));
#984=SURFACE_STYLE_FILL_AREA(#983);
#985=SURFACE_SIDE_STYLE('',(#984));
#986=SURFACE_STYLE_USAGE(.BOTH.,#985);
#987=PRESENTATION_STYLE_ASSIGNMENT((#986));
#988=STYLED_ITEM('',(#987),#980);
#989=ADVANCED_FACE('',(#2687),#2689,.F.);
#990=COLOUR_RGB('',1.,1.,1.);
#991=FILL_AREA_STYLE_COLOUR('',#990);
#992=FILL_AREA_STYLE($,(#991));
#993=SURFACE_STYLE_FILL_AREA(#992);
#994=SURFACE_SIDE_STYLE('',(#993));
#995=SURFACE_STYLE_USAGE(.BOTH.,#994);
#996=PRESENTATION_STYLE_ASSIGNMENT((#995));
#997=STYLED_ITEM('',(#996),#989);
#998=ADVANCED_FACE('',(#2693),#2695,.F.);
#999=COLOUR_RGB('',1.,1.,1.);
#1000=FILL_AREA_STYLE_COLOUR('',#999);
#1001=FILL_AREA_STYLE($,(#1000));
#1002=SURFACE_STYLE_FILL_AREA(#1001);
#1003=SURFACE_SIDE_STYLE('',(#1002));
#1004=SURFACE_STYLE_USAGE(.BOTH.,#1003);
#1005=PRESENTATION_STYLE_ASSIGNMENT((#1004));
#1006=STYLED_ITEM('',(#1005),#998);
#1007=ADVANCED_FACE('',(#2700),#2702,.F.);
#1008=COLOUR_RGB('',1.,1.,1.);
#1009=FILL_AREA_STYLE_COLOUR('',#1008);
#1010=FILL_AREA_STYLE($,(#1009));
#1011=SURFACE_STYLE_FILL_AREA(#1010);
#1012=SURFACE_SIDE_STYLE('',(#1011));
#1013=SURFACE_STYLE_USAGE(.BOTH.,#1012);
#1014=PRESENTATION_STYLE_ASSIGNMENT((#1013));
#1015=STYLED_ITEM('',(#1014),#1007);
#1016=ADVANCED_FACE('',(#2707),#2709,.F.);
#1017=COLOUR_RGB('',1.,1.,1.);
#1018=FILL_AREA_STYLE_COLOUR('',#1017);
#1019=FILL_AREA_STYLE($,(#1018));
#1020=SURFACE_STYLE_FILL_AREA(#1019);
#1021=SURFACE_SIDE_STYLE('',(#1020));
#1022=SURFACE_STYLE_USAGE(.BOTH.,#1021);
#1023=PRESENTATION_STYLE_ASSIGNMENT((#1022));
#1024=STYLED_ITEM('',(#1023),#1016);
#1025=ADVANCED_FACE('',(#2713),#2715,.F.);
#1026=COLOUR_RGB('',1.,1.,1.);
#1027=FILL_AREA_STYLE_COLOUR('',#1026);
#1028=FILL_AREA_STYLE($,(#1027));
#1029=SURFACE_STYLE_FILL_AREA(#1028);
#1030=SURFACE_SIDE_STYLE('',(#1029));
#1031=SURFACE_STYLE_USAGE(.BOTH.,#1030);
#1032=PRESENTATION_STYLE_ASSIGNMENT((#1031));
#1033=STYLED_ITEM('',(#1032),#1025);
#1034=ADVANCED_FACE('',(#2719),#2721,.F.);
#1035=COLOUR_RGB('',1.,1.,1.);
#1036=FILL_AREA_STYLE_COLOUR('',#1035);
#1037=FILL_AREA_STYLE($,(#1036));
#1038=SURFACE_STYLE_FILL_AREA(#1037);
#1039=SURFACE_SIDE_STYLE('',(#1038));
#1040=SURFACE_STYLE_USAGE(.BOTH.,#1039);
#1041=PRESENTATION_STYLE_ASSIGNMENT((#1040));
#1042=STYLED_ITEM('',(#1041),#1034);
#1043=ADVANCED_FACE('',(#2725),#2727,.F.);
#1044=COLOUR_RGB('',1.,1.,1.);
#1045=FILL_AREA_STYLE_COLOUR('',#1044);
#1046=FILL_AREA_STYLE($,(#1045));
#1047=SURFACE_STYLE_FILL_AREA(#1046);
#1048=SURFACE_SIDE_STYLE('',(#1047));
#1049=SURFACE_STYLE_USAGE(.BOTH.,#1048);
#1050=PRESENTATION_STYLE_ASSIGNMENT((#1049));
#1051=STYLED_ITEM('',(#1050),#1043);
#1052=ADVANCED_FACE('',(#2731),#2733,.F.);
#1053=COLOUR_RGB('',1.,1.,1.);
#1054=FILL_AREA_STYLE_COLOUR('',#1053);
#1055=FILL_AREA_STYLE($,(#1054));
#1056=SURFACE_STYLE_FILL_AREA(#1055);
#1057=SURFACE_SIDE_STYLE('',(#1056));
#1058=SURFACE_STYLE_USAGE(.BOTH.,#1057);
#1059=PRESENTATION_STYLE_ASSIGNMENT((#1058));
#1060=STYLED_ITEM('',(#1059),#1052);
#1061=ADVANCED_FACE('',(#2738),#2740,.F.);
#1062=COLOUR_RGB('',1.,1.,1.);
#1063=FILL_AREA_STYLE_COLOUR('',#1062);
#1064=FILL_AREA_STYLE($,(#1063));
#1065=SURFACE_STYLE_FILL_AREA(#1064);
#1066=SURFACE_SIDE_STYLE('',(#1065));
#1067=SURFACE_STYLE_USAGE(.BOTH.,#1066);
#1068=PRESENTATION_STYLE_ASSIGNMENT((#1067));
#1069=STYLED_ITEM('',(#1068),#1061);
#1070=ADVANCED_FACE('',(#2745),#2747,.F.);
#1071=COLOUR_RGB('',1.,1.,1.);
#1072=FILL_AREA_STYLE_COLOUR('',#1071);
#1073=FILL_AREA_STYLE($,(#1072));
#1074=SURFACE_STYLE_FILL_AREA(#1073);
#1075=SURFACE_SIDE_STYLE('',(#1074));
#1076=SURFACE_STYLE_USAGE(.BOTH.,#1075);
#1077=PRESENTATION_STYLE_ASSIGNMENT((#1076));
#1078=STYLED_ITEM('',(#1077),#1070);
#1079=ADVANCED_FACE('',(#2752),#2754,.F.);
#1080=COLOUR_RGB('',1.,1.,1.);
#1081=FILL_AREA_STYLE_COLOUR('',#1080);
#1082=FILL_AREA_STYLE($,(#1081));
#1083=SURFACE_STYLE_FILL_AREA(#1082);
#1084=SURFACE_SIDE_STYLE('',(#1083));
#1085=SURFACE_STYLE_USAGE(.BOTH.,#1084);
#1086=PRESENTATION_STYLE_ASSIGNMENT((#1085));
#1087=STYLED_ITEM('',(#1086),#1079);
#1088=ADVANCED_FACE('',(#2758),#2760,.F.);
#1089=COLOUR_RGB('',1.,1.,1.);
#1090=FILL_AREA_STYLE_COLOUR('',#1089);
#1091=FILL_AREA_STYLE($,(#1090));
#1092=SURFACE_STYLE_FILL_AREA(#1091);
#1093=SURFACE_SIDE_STYLE('',(#1092));
#1094=SURFACE_STYLE_USAGE(.BOTH.,#1093);
#1095=PRESENTATION_STYLE_ASSIGNMENT((#1094));
#1096=STYLED_ITEM('',(#1095),#1088);
#1097=ADVANCED_FACE('',(#2764),#2766,.F.);
#1098=COLOUR_RGB('',1.,1.,1.);
#1099=FILL_AREA_STYLE_COLOUR('',#1098);
#1100=FILL_AREA_STYLE($,(#1099));
#1101=SURFACE_STYLE_FILL_AREA(#1100);
#1102=SURFACE_SIDE_STYLE('',(#1101));
#1103=SURFACE_STYLE_USAGE(.BOTH.,#1102);
#1104=PRESENTATION_STYLE_ASSIGNMENT((#1103));
#1105=STYLED_ITEM('',(#1104),#1097);
#1106=ADVANCED_FACE('',(#2770),#2772,.F.);
#1107=COLOUR_RGB('',1.,1.,1.);
#1108=FILL_AREA_STYLE_COLOUR('',#1107);
#1109=FILL_AREA_STYLE($,(#1108));
#1110=SURFACE_STYLE_FILL_AREA(#1109);
#1111=SURFACE_SIDE_STYLE('',(#1110));
#1112=SURFACE_STYLE_USAGE(.BOTH.,#1111);
#1113=PRESENTATION_STYLE_ASSIGNMENT((#1112));
#1114=STYLED_ITEM('',(#1113),#1106);
#1115=ADVANCED_FACE('',(#2777),#2779,.F.);
#1116=COLOUR_RGB('',1.,1.,1.);
#1117=FILL_AREA_STYLE_COLOUR('',#1116);
#1118=FILL_AREA_STYLE($,(#1117));
#1119=SURFACE_STYLE_FILL_AREA(#1118);
#1120=SURFACE_SIDE_STYLE('',(#1119));
#1121=SURFACE_STYLE_USAGE(.BOTH.,#1120);
#1122=PRESENTATION_STYLE_ASSIGNMENT((#1121));
#1123=STYLED_ITEM('',(#1122),#1115);
#1124=ADVANCED_FACE('',(#2784),#2786,.F.);
#1125=COLOUR_RGB('',1.,1.,1.);
#1126=FILL_AREA_STYLE_COLOUR('',#1125);
#1127=FILL_AREA_STYLE($,(#1126));
#1128=SURFACE_STYLE_FILL_AREA(#1127);
#1129=SURFACE_SIDE_STYLE('',(#1128));
#1130=SURFACE_STYLE_USAGE(.BOTH.,#1129);
#1131=PRESENTATION_STYLE_ASSIGNMENT((#1130));
#1132=STYLED_ITEM('',(#1131),#1124);
#1133=ADVANCED_FACE('',(#2791),#2793,.T.);
#1134=COLOUR_RGB('',1.,1.,1.);
#1135=FILL_AREA_STYLE_COLOUR('',#1134);
#1136=FILL_AREA_STYLE($,(#1135));
#1137=SURFACE_STYLE_FILL_AREA(#1136);
#1138=SURFACE_SIDE_STYLE('',(#1137));
#1139=SURFACE_STYLE_USAGE(.BOTH.,#1138);
#1140=PRESENTATION_STYLE_ASSIGNMENT((#1139));
#1141=STYLED_ITEM('',(#1140),#1133);
#1142=ADVANCED_FACE('',(#2798),#2800,.F.);
#1143=COLOUR_RGB('',1.,1.,1.);
#1144=FILL_AREA_STYLE_COLOUR('',#1143);
#1145=FILL_AREA_STYLE($,(#1144));
#1146=SURFACE_STYLE_FILL_AREA(#1145);
#1147=SURFACE_SIDE_STYLE('',(#1146));
#1148=SURFACE_STYLE_USAGE(.BOTH.,#1147);
#1149=PRESENTATION_STYLE_ASSIGNMENT((#1148));
#1150=STYLED_ITEM('',(#1149),#1142);
#1151=ADVANCED_FACE('',(#2805),#2807,.F.);
#1152=COLOUR_RGB('',1.,1.,1.);
#1153=FILL_AREA_STYLE_COLOUR('',#1152);
#1154=FILL_AREA_STYLE($,(#1153));
#1155=SURFACE_STYLE_FILL_AREA(#1154);
#1156=SURFACE_SIDE_STYLE('',(#1155));
#1157=SURFACE_STYLE_USAGE(.BOTH.,#1156);
#1158=PRESENTATION_STYLE_ASSIGNMENT((#1157));
#1159=STYLED_ITEM('',(#1158),#1151);
#1160=ADVANCED_FACE('',(#2812),#2814,.T.);
#1161=COLOUR_RGB('',1.,1.,1.);
#1162=FILL_AREA_STYLE_COLOUR('',#1161);
#1163=FILL_AREA_STYLE($,(#1162));
#1164=SURFACE_STYLE_FILL_AREA(#1163);
#1165=SURFACE_SIDE_STYLE('',(#1164));
#1166=SURFACE_STYLE_USAGE(.BOTH.,#1165);
#1167=PRESENTATION_STYLE_ASSIGNMENT((#1166));
#1168=STYLED_ITEM('',(#1167),#1160);
#1169=ADVANCED_FACE('',(#2819),#2821,.F.);
#1170=COLOUR_RGB('',1.,1.,1.);
#1171=FILL_AREA_STYLE_COLOUR('',#1170);
#1172=FILL_AREA_STYLE($,(#1171));
#1173=SURFACE_STYLE_FILL_AREA(#1172);
#1174=SURFACE_SIDE_STYLE('',(#1173));
#1175=SURFACE_STYLE_USAGE(.BOTH.,#1174);
#1176=PRESENTATION_STYLE_ASSIGNMENT((#1175));
#1177=STYLED_ITEM('',(#1176),#1169);
#1178=ADVANCED_FACE('',(#2826),#2828,.F.);
#1179=COLOUR_RGB('',1.,1.,1.);
#1180=FILL_AREA_STYLE_COLOUR('',#1179);
#1181=FILL_AREA_STYLE($,(#1180));
#1182=SURFACE_STYLE_FILL_AREA(#1181);
#1183=SURFACE_SIDE_STYLE('',(#1182));
#1184=SURFACE_STYLE_USAGE(.BOTH.,#1183);
#1185=PRESENTATION_STYLE_ASSIGNMENT((#1184));
#1186=STYLED_ITEM('',(#1185),#1178);
#1187=ADVANCED_FACE('',(#2833),#2835,.T.);
#1188=COLOUR_RGB('',1.,1.,1.);
#1189=FILL_AREA_STYLE_COLOUR('',#1188);
#1190=FILL_AREA_STYLE($,(#1189));
#1191=SURFACE_STYLE_FILL_AREA(#1190);
#1192=SURFACE_SIDE_STYLE('',(#1191));
#1193=SURFACE_STYLE_USAGE(.BOTH.,#1192);
#1194=PRESENTATION_STYLE_ASSIGNMENT((#1193));
#1195=STYLED_ITEM('',(#1194),#1187);
#1196=ADVANCED_FACE('',(#2840),#2842,.F.);
#1197=COLOUR_RGB('',1.,1.,1.);
#1198=FILL_AREA_STYLE_COLOUR('',#1197);
#1199=FILL_AREA_STYLE($,(#1198));
#1200=SURFACE_STYLE_FILL_AREA(#1199);
#1201=SURFACE_SIDE_STYLE('',(#1200));
#1202=SURFACE_STYLE_USAGE(.BOTH.,#1201);
#1203=PRESENTATION_STYLE_ASSIGNMENT((#1202));
#1204=STYLED_ITEM('',(#1203),#1196);
#1205=ADVANCED_FACE('',(#2847),#2849,.F.);
#1206=COLOUR_RGB('',1.,1.,1.);
#1207=FILL_AREA_STYLE_COLOUR('',#1206);
#1208=FILL_AREA_STYLE($,(#1207));
#1209=SURFACE_STYLE_FILL_AREA(#1208);
#1210=SURFACE_SIDE_STYLE('',(#1209));
#1211=SURFACE_STYLE_USAGE(.BOTH.,#1210);
#1212=PRESENTATION_STYLE_ASSIGNMENT((#1211));
#1213=STYLED_ITEM('',(#1212),#1205);
#1214=ADVANCED_FACE('',(#2854),#2856,.T.);
#1215=COLOUR_RGB('',1.,1.,1.);
#1216=FILL_AREA_STYLE_COLOUR('',#1215);
#1217=FILL_AREA_STYLE($,(#1216));
#1218=SURFACE_STYLE_FILL_AREA(#1217);
#1219=SURFACE_SIDE_STYLE('',(#1218));
#1220=SURFACE_STYLE_USAGE(.BOTH.,#1219);
#1221=PRESENTATION_STYLE_ASSIGNMENT((#1220));
#1222=STYLED_ITEM('',(#1221),#1214);
#1223=ADVANCED_FACE('',(#2861),#2863,.F.);
#1224=COLOUR_RGB('',1.,1.,1.);
#1225=FILL_AREA_STYLE_COLOUR('',#1224);
#1226=FILL_AREA_STYLE($,(#1225));
#1227=SURFACE_STYLE_FILL_AREA(#1226);
#1228=SURFACE_SIDE_STYLE('',(#1227));
#1229=SURFACE_STYLE_USAGE(.BOTH.,#1228);
#1230=PRESENTATION_STYLE_ASSIGNMENT((#1229));
#1231=STYLED_ITEM('',(#1230),#1223);
#1232=ADVANCED_FACE('',(#2868),#2870,.F.);
#1233=COLOUR_RGB('',1.,1.,1.);
#1234=FILL_AREA_STYLE_COLOUR('',#1233);
#1235=FILL_AREA_STYLE($,(#1234));
#1236=SURFACE_STYLE_FILL_AREA(#1235);
#1237=SURFACE_SIDE_STYLE('',(#1236));
#1238=SURFACE_STYLE_USAGE(.BOTH.,#1237);
#1239=PRESENTATION_STYLE_ASSIGNMENT((#1238));
#1240=STYLED_ITEM('',(#1239),#1232);
#1241=ADVANCED_FACE('',(#2874),#2876,.F.);
#1242=COLOUR_RGB('',1.,1.,1.);
#1243=FILL_AREA_STYLE_COLOUR('',#1242);
#1244=FILL_AREA_STYLE($,(#1243));
#1245=SURFACE_STYLE_FILL_AREA(#1244);
#1246=SURFACE_SIDE_STYLE('',(#1245));
#1247=SURFACE_STYLE_USAGE(.BOTH.,#1246);
#1248=PRESENTATION_STYLE_ASSIGNMENT((#1247));
#1249=STYLED_ITEM('',(#1248),#1241);
#1250=ADVANCED_FACE('',(#2880),#2882,.F.);
#1251=COLOUR_RGB('',1.,1.,1.);
#1252=FILL_AREA_STYLE_COLOUR('',#1251);
#1253=FILL_AREA_STYLE($,(#1252));
#1254=SURFACE_STYLE_FILL_AREA(#1253);
#1255=SURFACE_SIDE_STYLE('',(#1254));
#1256=SURFACE_STYLE_USAGE(.BOTH.,#1255);
#1257=PRESENTATION_STYLE_ASSIGNMENT((#1256));
#1258=STYLED_ITEM('',(#1257),#1250);
#1259=ADVANCED_FACE('',(#2886),#2888,.F.);
#1260=COLOUR_RGB('',1.,1.,1.);
#1261=FILL_AREA_STYLE_COLOUR('',#1260);
#1262=FILL_AREA_STYLE($,(#1261));
#1263=SURFACE_STYLE_FILL_AREA(#1262);
#1264=SURFACE_SIDE_STYLE('',(#1263));
#1265=SURFACE_STYLE_USAGE(.BOTH.,#1264);
#1266=PRESENTATION_STYLE_ASSIGNMENT((#1265));
#1267=STYLED_ITEM('',(#1266),#1259);
#1268=ADVANCED_FACE('',(#2893),#2895,.F.);
#1269=COLOUR_RGB('',1.,1.,1.);
#1270=FILL_AREA_STYLE_COLOUR('',#1269);
#1271=FILL_AREA_STYLE($,(#1270));
#1272=SURFACE_STYLE_FILL_AREA(#1271);
#1273=SURFACE_SIDE_STYLE('',(#1272));
#1274=SURFACE_STYLE_USAGE(.BOTH.,#1273);
#1275=PRESENTATION_STYLE_ASSIGNMENT((#1274));
#1276=STYLED_ITEM('',(#1275),#1268);
#1277=ADVANCED_FACE('',(#2900),#2902,.F.);
#1278=COLOUR_RGB('',1.,1.,1.);
#1279=FILL_AREA_STYLE_COLOUR('',#1278);
#1280=FILL_AREA_STYLE($,(#1279));
#1281=SURFACE_STYLE_FILL_AREA(#1280);
#1282=SURFACE_SIDE_STYLE('',(#1281));
#1283=SURFACE_STYLE_USAGE(.BOTH.,#1282);
#1284=PRESENTATION_STYLE_ASSIGNMENT((#1283));
#1285=STYLED_ITEM('',(#1284),#1277);
#1286=ADVANCED_FACE('',(#2906),#2908,.F.);
#1287=COLOUR_RGB('',1.,1.,1.);
#1288=FILL_AREA_STYLE_COLOUR('',#1287);
#1289=FILL_AREA_STYLE($,(#1288));
#1290=SURFACE_STYLE_FILL_AREA(#1289);
#1291=SURFACE_SIDE_STYLE('',(#1290));
#1292=SURFACE_STYLE_USAGE(.BOTH.,#1291);
#1293=PRESENTATION_STYLE_ASSIGNMENT((#1292));
#1294=STYLED_ITEM('',(#1293),#1286);
#1295=ADVANCED_FACE('',(#2912),#2914,.F.);
#1296=COLOUR_RGB('',1.,1.,1.);
#1297=FILL_AREA_STYLE_COLOUR('',#1296);
#1298=FILL_AREA_STYLE($,(#1297));
#1299=SURFACE_STYLE_FILL_AREA(#1298);
#1300=SURFACE_SIDE_STYLE('',(#1299));
#1301=SURFACE_STYLE_USAGE(.BOTH.,#1300);
#1302=PRESENTATION_STYLE_ASSIGNMENT((#1301));
#1303=STYLED_ITEM('',(#1302),#1295);
#1304=ADVANCED_FACE('',(#2919),#2921,.F.);
#1305=COLOUR_RGB('',1.,1.,1.);
#1306=FILL_AREA_STYLE_COLOUR('',#1305);
#1307=FILL_AREA_STYLE($,(#1306));
#1308=SURFACE_STYLE_FILL_AREA(#1307);
#1309=SURFACE_SIDE_STYLE('',(#1308));
#1310=SURFACE_STYLE_USAGE(.BOTH.,#1309);
#1311=PRESENTATION_STYLE_ASSIGNMENT((#1310));
#1312=STYLED_ITEM('',(#1311),#1304);
#1313=ADVANCED_FACE('',(#2926),#2928,.F.);
#1314=COLOUR_RGB('',1.,1.,1.);
#1315=FILL_AREA_STYLE_COLOUR('',#1314);
#1316=FILL_AREA_STYLE($,(#1315));
#1317=SURFACE_STYLE_FILL_AREA(#1316);
#1318=SURFACE_SIDE_STYLE('',(#1317));
#1319=SURFACE_STYLE_USAGE(.BOTH.,#1318);
#1320=PRESENTATION_STYLE_ASSIGNMENT((#1319));
#1321=STYLED_ITEM('',(#1320),#1313);
#1322=ADVANCED_FACE('',(#2932),#2934,.F.);
#1323=COLOUR_RGB('',1.,1.,1.);
#1324=FILL_AREA_STYLE_COLOUR('',#1323);
#1325=FILL_AREA_STYLE($,(#1324));
#1326=SURFACE_STYLE_FILL_AREA(#1325);
#1327=SURFACE_SIDE_STYLE('',(#1326));
#1328=SURFACE_STYLE_USAGE(.BOTH.,#1327);
#1329=PRESENTATION_STYLE_ASSIGNMENT((#1328));
#1330=STYLED_ITEM('',(#1329),#1322);
#1331=ADVANCED_FACE('',(#2938),#2940,.F.);
#1332=COLOUR_RGB('',1.,1.,1.);
#1333=FILL_AREA_STYLE_COLOUR('',#1332);
#1334=FILL_AREA_STYLE($,(#1333));
#1335=SURFACE_STYLE_FILL_AREA(#1334);
#1336=SURFACE_SIDE_STYLE('',(#1335));
#1337=SURFACE_STYLE_USAGE(.BOTH.,#1336);
#1338=PRESENTATION_STYLE_ASSIGNMENT((#1337));
#1339=STYLED_ITEM('',(#1338),#1331);
#1340=ADVANCED_FACE('',(#2944),#2946,.F.);
#1341=COLOUR_RGB('',1.,1.,1.);
#1342=FILL_AREA_STYLE_COLOUR('',#1341);
#1343=FILL_AREA_STYLE($,(#1342));
#1344=SURFACE_STYLE_FILL_AREA(#1343);
#1345=SURFACE_SIDE_STYLE('',(#1344));
#1346=SURFACE_STYLE_USAGE(.BOTH.,#1345);
#1347=PRESENTATION_STYLE_ASSIGNMENT((#1346));
#1348=STYLED_ITEM('',(#1347),#1340);
#1349=ADVANCED_FACE('',(#2950),#2952,.F.);
#1350=COLOUR_RGB('',1.,1.,1.);
#1351=FILL_AREA_STYLE_COLOUR('',#1350);
#1352=FILL_AREA_STYLE($,(#1351));
#1353=SURFACE_STYLE_FILL_AREA(#1352);
#1354=SURFACE_SIDE_STYLE('',(#1353));
#1355=SURFACE_STYLE_USAGE(.BOTH.,#1354);
#1356=PRESENTATION_STYLE_ASSIGNMENT((#1355));
#1357=STYLED_ITEM('',(#1356),#1349);
#1358=ADVANCED_FACE('',(#2957),#2959,.F.);
#1359=COLOUR_RGB('',1.,1.,1.);
#1360=FILL_AREA_STYLE_COLOUR('',#1359);
#1361=FILL_AREA_STYLE($,(#1360));
#1362=SURFACE_STYLE_FILL_AREA(#1361);
#1363=SURFACE_SIDE_STYLE('',(#1362));
#1364=SURFACE_STYLE_USAGE(.BOTH.,#1363);
#1365=PRESENTATION_STYLE_ASSIGNMENT((#1364));
#1366=STYLED_ITEM('',(#1365),#1358);
#1367=ADVANCED_FACE('',(#2963),#2965,.F.);
#1368=COLOUR_RGB('',1.,1.,1.);
#1369=FILL_AREA_STYLE_COLOUR('',#1368);
#1370=FILL_AREA_STYLE($,(#1369));
#1371=SURFACE_STYLE_FILL_AREA(#1370);
#1372=SURFACE_SIDE_STYLE('',(#1371));
#1373=SURFACE_STYLE_USAGE(.BOTH.,#1372);
#1374=PRESENTATION_STYLE_ASSIGNMENT((#1373));
#1375=STYLED_ITEM('',(#1374),#1367);
#1376=ADVANCED_FACE('',(#2969),#2971,.F.);
#1377=COLOUR_RGB('',1.,1.,1.);
#1378=FILL_AREA_STYLE_COLOUR('',#1377);
#1379=FILL_AREA_STYLE($,(#1378));
#1380=SURFACE_STYLE_FILL_AREA(#1379);
#1381=SURFACE_SIDE_STYLE('',(#1380));
#1382=SURFACE_STYLE_USAGE(.BOTH.,#1381);
#1383=PRESENTATION_STYLE_ASSIGNMENT((#1382));
#1384=STYLED_ITEM('',(#1383),#1376);
#1385=ADVANCED_FACE('',(#2975),#2977,.F.);
#1386=COLOUR_RGB('',1.,1.,1.);
#1387=FILL_AREA_STYLE_COLOUR('',#1386);
#1388=FILL_AREA_STYLE($,(#1387));
#1389=SURFACE_STYLE_FILL_AREA(#1388);
#1390=SURFACE_SIDE_STYLE('',(#1389));
#1391=SURFACE_STYLE_USAGE(.BOTH.,#1390);
#1392=PRESENTATION_STYLE_ASSIGNMENT((#1391));
#1393=STYLED_ITEM('',(#1392),#1385);
#1394=ADVANCED_FACE('',(#2981),#2983,.F.);
#1395=COLOUR_RGB('',1.,1.,1.);
#1396=FILL_AREA_STYLE_COLOUR('',#1395);
#1397=FILL_AREA_STYLE($,(#1396));
#1398=SURFACE_STYLE_FILL_AREA(#1397);
#1399=SURFACE_SIDE_STYLE('',(#1398));
#1400=SURFACE_STYLE_USAGE(.BOTH.,#1399);
#1401=PRESENTATION_STYLE_ASSIGNMENT((#1400));
#1402=STYLED_ITEM('',(#1401),#1394);
#1403=ADVANCED_FACE('',(#2988),#2990,.F.);
#1404=COLOUR_RGB('',1.,1.,1.);
#1405=FILL_AREA_STYLE_COLOUR('',#1404);
#1406=FILL_AREA_STYLE($,(#1405));
#1407=SURFACE_STYLE_FILL_AREA(#1406);
#1408=SURFACE_SIDE_STYLE('',(#1407));
#1409=SURFACE_STYLE_USAGE(.BOTH.,#1408);
#1410=PRESENTATION_STYLE_ASSIGNMENT((#1409));
#1411=STYLED_ITEM('',(#1410),#1403);
#1412=ADVANCED_FACE('',(#2995),#2997,.F.);
#1413=COLOUR_RGB('',1.,1.,1.);
#1414=FILL_AREA_STYLE_COLOUR('',#1413);
#1415=FILL_AREA_STYLE($,(#1414));
#1416=SURFACE_STYLE_FILL_AREA(#1415);
#1417=SURFACE_SIDE_STYLE('',(#1416));
#1418=SURFACE_STYLE_USAGE(.BOTH.,#1417);
#1419=PRESENTATION_STYLE_ASSIGNMENT((#1418));
#1420=STYLED_ITEM('',(#1419),#1412);
#1421=ADVANCED_FACE('',(#3001),#3003,.F.);
#1422=COLOUR_RGB('',1.,1.,1.);
#1423=FILL_AREA_STYLE_COLOUR('',#1422);
#1424=FILL_AREA_STYLE($,(#1423));
#1425=SURFACE_STYLE_FILL_AREA(#1424);
#1426=SURFACE_SIDE_STYLE('',(#1425));
#1427=SURFACE_STYLE_USAGE(.BOTH.,#1426);
#1428=PRESENTATION_STYLE_ASSIGNMENT((#1427));
#1429=STYLED_ITEM('',(#1428),#1421);
#1430=ADVANCED_FACE('',(#3007),#3009,.F.);
#1431=COLOUR_RGB('',1.,1.,1.);
#1432=FILL_AREA_STYLE_COLOUR('',#1431);
#1433=FILL_AREA_STYLE($,(#1432));
#1434=SURFACE_STYLE_FILL_AREA(#1433);
#1435=SURFACE_SIDE_STYLE('',(#1434));
#1436=SURFACE_STYLE_USAGE(.BOTH.,#1435);
#1437=PRESENTATION_STYLE_ASSIGNMENT((#1436));
#1438=STYLED_ITEM('',(#1437),#1430);
#1439=ADVANCED_FACE('',(#3013),#3015,.F.);
#1440=COLOUR_RGB('',1.,1.,1.);
#1441=FILL_AREA_STYLE_COLOUR('',#1440);
#1442=FILL_AREA_STYLE($,(#1441));
#1443=SURFACE_STYLE_FILL_AREA(#1442);
#1444=SURFACE_SIDE_STYLE('',(#1443));
#1445=SURFACE_STYLE_USAGE(.BOTH.,#1444);
#1446=PRESENTATION_STYLE_ASSIGNMENT((#1445));
#1447=STYLED_ITEM('',(#1446),#1439);
#1448=ADVANCED_FACE('',(#3020),#3022,.F.);
#1449=COLOUR_RGB('',1.,1.,1.);
#1450=FILL_AREA_STYLE_COLOUR('',#1449);
#1451=FILL_AREA_STYLE($,(#1450));
#1452=SURFACE_STYLE_FILL_AREA(#1451);
#1453=SURFACE_SIDE_STYLE('',(#1452));
#1454=SURFACE_STYLE_USAGE(.BOTH.,#1453);
#1455=PRESENTATION_STYLE_ASSIGNMENT((#1454));
#1456=STYLED_ITEM('',(#1455),#1448);
#1457=ADVANCED_FACE('',(#3026),#3028,.F.);
#1458=COLOUR_RGB('',1.,1.,1.);
#1459=FILL_AREA_STYLE_COLOUR('',#1458);
#1460=FILL_AREA_STYLE($,(#1459));
#1461=SURFACE_STYLE_FILL_AREA(#1460);
#1462=SURFACE_SIDE_STYLE('',(#1461));
#1463=SURFACE_STYLE_USAGE(.BOTH.,#1462);
#1464=PRESENTATION_STYLE_ASSIGNMENT((#1463));
#1465=STYLED_ITEM('',(#1464),#1457);
#1466=ADVANCED_FACE('',(#3033),#3035,.F.);
#1467=COLOUR_RGB('',1.,1.,1.);
#1468=FILL_AREA_STYLE_COLOUR('',#1467);
#1469=FILL_AREA_STYLE($,(#1468));
#1470=SURFACE_STYLE_FILL_AREA(#1469);
#1471=SURFACE_SIDE_STYLE('',(#1470));
#1472=SURFACE_STYLE_USAGE(.BOTH.,#1471);
#1473=PRESENTATION_STYLE_ASSIGNMENT((#1472));
#1474=STYLED_ITEM('',(#1473),#1466);
#1475=ADVANCED_FACE('',(#3040),#3042,.F.);
#1476=COLOUR_RGB('',1.,1.,1.);
#1477=FILL_AREA_STYLE_COLOUR('',#1476);
#1478=FILL_AREA_STYLE($,(#1477));
#1479=SURFACE_STYLE_FILL_AREA(#1478);
#1480=SURFACE_SIDE_STYLE('',(#1479));
#1481=SURFACE_STYLE_USAGE(.BOTH.,#1480);
#1482=PRESENTATION_STYLE_ASSIGNMENT((#1481));
#1483=STYLED_ITEM('',(#1482),#1475);
#1484=ADVANCED_FACE('',(#3047),#3049,.F.);
#1485=COLOUR_RGB('',1.,1.,1.);
#1486=FILL_AREA_STYLE_COLOUR('',#1485);
#1487=FILL_AREA_STYLE($,(#1486));
#1488=SURFACE_STYLE_FILL_AREA(#1487);
#1489=SURFACE_SIDE_STYLE('',(#1488));
#1490=SURFACE_STYLE_USAGE(.BOTH.,#1489);
#1491=PRESENTATION_STYLE_ASSIGNMENT((#1490));
#1492=STYLED_ITEM('',(#1491),#1484);
#1493=ADVANCED_FACE('',(#3054),#3056,.F.);
#1494=COLOUR_RGB('',1.,1.,1.);
#1495=FILL_AREA_STYLE_COLOUR('',#1494);
#1496=FILL_AREA_STYLE($,(#1495));
#1497=SURFACE_STYLE_FILL_AREA(#1496);
#1498=SURFACE_SIDE_STYLE('',(#1497));
#1499=SURFACE_STYLE_USAGE(.BOTH.,#1498);
#1500=PRESENTATION_STYLE_ASSIGNMENT((#1499));
#1501=STYLED_ITEM('',(#1500),#1493);
#1502=ADVANCED_FACE('',(#3061),#3063,.F.);
#1503=COLOUR_RGB('',1.,1.,1.);
#1504=FILL_AREA_STYLE_COLOUR('',#1503);
#1505=FILL_AREA_STYLE($,(#1504));
#1506=SURFACE_STYLE_FILL_AREA(#1505);
#1507=SURFACE_SIDE_STYLE('',(#1506));
#1508=SURFACE_STYLE_USAGE(.BOTH.,#1507);
#1509=PRESENTATION_STYLE_ASSIGNMENT((#1508));
#1510=STYLED_ITEM('',(#1509),#1502);
#1511=ADVANCED_FACE('',(#3068),#3070,.F.);
#1512=COLOUR_RGB('',1.,1.,1.);
#1513=FILL_AREA_STYLE_COLOUR('',#1512);
#1514=FILL_AREA_STYLE($,(#1513));
#1515=SURFACE_STYLE_FILL_AREA(#1514);
#1516=SURFACE_SIDE_STYLE('',(#1515));
#1517=SURFACE_STYLE_USAGE(.BOTH.,#1516);
#1518=PRESENTATION_STYLE_ASSIGNMENT((#1517));
#1519=STYLED_ITEM('',(#1518),#1511);
#1520=ADVANCED_FACE('',(#3075),#3077,.F.);
#1521=COLOUR_RGB('',1.,1.,1.);
#1522=FILL_AREA_STYLE_COLOUR('',#1521);
#1523=FILL_AREA_STYLE($,(#1522));
#1524=SURFACE_STYLE_FILL_AREA(#1523);
#1525=SURFACE_SIDE_STYLE('',(#1524));
#1526=SURFACE_STYLE_USAGE(.BOTH.,#1525);
#1527=PRESENTATION_STYLE_ASSIGNMENT((#1526));
#1528=STYLED_ITEM('',(#1527),#1520);
#1529=ADVANCED_FACE('',(#3082),#3084,.F.);
#1530=COLOUR_RGB('',1.,1.,1.);
#1531=FILL_AREA_STYLE_COLOUR('',#1530);
#1532=FILL_AREA_STYLE($,(#1531));
#1533=SURFACE_STYLE_FILL_AREA(#1532);
#1534=SURFACE_SIDE_STYLE('',(#1533));
#1535=SURFACE_STYLE_USAGE(.BOTH.,#1534);
#1536=PRESENTATION_STYLE_ASSIGNMENT((#1535));
#1537=STYLED_ITEM('',(#1536),#1529);
#1538=ADVANCED_FACE('',(#3089),#3091,.F.);
#1539=COLOUR_RGB('',1.,1.,1.);
#1540=FILL_AREA_STYLE_COLOUR('',#1539);
#1541=FILL_AREA_STYLE($,(#1540));
#1542=SURFACE_STYLE_FILL_AREA(#1541);
#1543=SURFACE_SIDE_STYLE('',(#1542));
#1544=SURFACE_STYLE_USAGE(.BOTH.,#1543);
#1545=PRESENTATION_STYLE_ASSIGNMENT((#1544));
#1546=STYLED_ITEM('',(#1545),#1538);
#1547=ADVANCED_FACE('',(#3096),#3098,.F.);
#1548=COLOUR_RGB('',1.,1.,1.);
#1549=FILL_AREA_STYLE_COLOUR('',#1548);
#1550=FILL_AREA_STYLE($,(#1549));
#1551=SURFACE_STYLE_FILL_AREA(#1550);
#1552=SURFACE_SIDE_STYLE('',(#1551));
#1553=SURFACE_STYLE_USAGE(.BOTH.,#1552);
#1554=PRESENTATION_STYLE_ASSIGNMENT((#1553));
#1555=STYLED_ITEM('',(#1554),#1547);
#1556=ADVANCED_FACE('',(#3103),#3105,.F.);
#1557=COLOUR_RGB('',1.,1.,1.);
#1558=FILL_AREA_STYLE_COLOUR('',#1557);
#1559=FILL_AREA_STYLE($,(#1558));
#1560=SURFACE_STYLE_FILL_AREA(#1559);
#1561=SURFACE_SIDE_STYLE('',(#1560));
#1562=SURFACE_STYLE_USAGE(.BOTH.,#1561);
#1563=PRESENTATION_STYLE_ASSIGNMENT((#1562));
#1564=STYLED_ITEM('',(#1563),#1556);
#1565=ADVANCED_FACE('',(#3110),#3112,.T.);
#1566=COLOUR_RGB('',0.141176470588235,0.141176470588235,0.141176470588235);
#1567=FILL_AREA_STYLE_COLOUR('',#1566);
#1568=FILL_AREA_STYLE($,(#1567));
#1569=SURFACE_STYLE_FILL_AREA(#1568);
#1570=SURFACE_SIDE_STYLE('',(#1569));
#1571=SURFACE_STYLE_USAGE(.BOTH.,#1570);
#1572=PRESENTATION_STYLE_ASSIGNMENT((#1571));
#1573=STYLED_ITEM('',(#1572),#1565);
#1574=ADVANCED_FACE('',(#3117),#3119,.T.);
#1575=COLOUR_RGB('',0.141176470588235,0.141176470588235,0.141176470588235);
#1576=FILL_AREA_STYLE_COLOUR('',#1575);
#1577=FILL_AREA_STYLE($,(#1576));
#1578=SURFACE_STYLE_FILL_AREA(#1577);
#1579=SURFACE_SIDE_STYLE('',(#1578));
#1580=SURFACE_STYLE_USAGE(.BOTH.,#1579);
#1581=PRESENTATION_STYLE_ASSIGNMENT((#1580));
#1582=STYLED_ITEM('',(#1581),#1574);
#1583=ADVANCED_FACE('',(#3124),#3126,.T.);
#1584=COLOUR_RGB('',0.141176470588235,0.141176470588235,0.141176470588235);
#1585=FILL_AREA_STYLE_COLOUR('',#1584);
#1586=FILL_AREA_STYLE($,(#1585));
#1587=SURFACE_STYLE_FILL_AREA(#1586);
#1588=SURFACE_SIDE_STYLE('',(#1587));
#1589=SURFACE_STYLE_USAGE(.BOTH.,#1588);
#1590=PRESENTATION_STYLE_ASSIGNMENT((#1589));
#1591=STYLED_ITEM('',(#1590),#1583);
#1592=ADVANCED_FACE('',(#3131),#3133,.T.);
#1593=COLOUR_RGB('',0.141176470588235,0.141176470588235,0.141176470588235);
#1594=FILL_AREA_STYLE_COLOUR('',#1593);
#1595=FILL_AREA_STYLE($,(#1594));
#1596=SURFACE_STYLE_FILL_AREA(#1595);
#1597=SURFACE_SIDE_STYLE('',(#1596));
#1598=SURFACE_STYLE_USAGE(.BOTH.,#1597);
#1599=PRESENTATION_STYLE_ASSIGNMENT((#1598));
#1600=STYLED_ITEM('',(#1599),#1592);
#1601=ADVANCED_FACE('',(#3138,#3140),#3142,.F.);
#1602=COLOUR_RGB('',0.141176470588235,0.141176470588235,0.141176470588235);
#1603=FILL_AREA_STYLE_COLOUR('',#1602);
#1604=FILL_AREA_STYLE($,(#1603));
#1605=SURFACE_STYLE_FILL_AREA(#1604);
#1606=SURFACE_SIDE_STYLE('',(#1605));
#1607=SURFACE_STYLE_USAGE(.BOTH.,#1606);
#1608=PRESENTATION_STYLE_ASSIGNMENT((#1607));
#1609=STYLED_ITEM('',(#1608),#1601);
#1610=ADVANCED_FACE('',(#3147),#3149,.T.);
#1611=COLOUR_RGB('',1.,1.,1.);
#1612=FILL_AREA_STYLE_COLOUR('',#1611);
#1613=FILL_AREA_STYLE($,(#1612));
#1614=SURFACE_STYLE_FILL_AREA(#1613);
#1615=SURFACE_SIDE_STYLE('',(#1614));
#1616=SURFACE_STYLE_USAGE(.BOTH.,#1615);
#1617=PRESENTATION_STYLE_ASSIGNMENT((#1616));
#1618=STYLED_ITEM('',(#1617),#1610);
#1619=ADVANCED_FACE('',(#3154),#3156,.T.);
#1620=COLOUR_RGB('',1.,1.,1.);
#1621=FILL_AREA_STYLE_COLOUR('',#1620);
#1622=FILL_AREA_STYLE($,(#1621));
#1623=SURFACE_STYLE_FILL_AREA(#1622);
#1624=SURFACE_SIDE_STYLE('',(#1623));
#1625=SURFACE_STYLE_USAGE(.BOTH.,#1624);
#1626=PRESENTATION_STYLE_ASSIGNMENT((#1625));
#1627=STYLED_ITEM('',(#1626),#1619);
#1628=ADVANCED_FACE('',(#3161,#3163),#3165,.T.);
#1629=COLOUR_RGB('',1.,1.,1.);
#1630=FILL_AREA_STYLE_COLOUR('',#1629);
#1631=FILL_AREA_STYLE($,(#1630));
#1632=SURFACE_STYLE_FILL_AREA(#1631);
#1633=SURFACE_SIDE_STYLE('',(#1632));
#1634=SURFACE_STYLE_USAGE(.BOTH.,#1633);
#1635=PRESENTATION_STYLE_ASSIGNMENT((#1634));
#1636=STYLED_ITEM('',(#1635),#1628);
#1637=ADVANCED_FACE('',(#3170,#3172,#3174),#3176,.T.);
#1638=COLOUR_RGB('',1.,1.,1.);
#1639=FILL_AREA_STYLE_COLOUR('',#1638);
#1640=FILL_AREA_STYLE($,(#1639));
#1641=SURFACE_STYLE_FILL_AREA(#1640);
#1642=SURFACE_SIDE_STYLE('',(#1641));
#1643=SURFACE_STYLE_USAGE(.BOTH.,#1642);
#1644=PRESENTATION_STYLE_ASSIGNMENT((#1643));
#1645=STYLED_ITEM('',(#1644),#1637);
#1646=ADVANCED_FACE('',(#3181),#3183,.T.);
#1647=COLOUR_RGB('',1.,1.,1.);
#1648=FILL_AREA_STYLE_COLOUR('',#1647);
#1649=FILL_AREA_STYLE($,(#1648));
#1650=SURFACE_STYLE_FILL_AREA(#1649);
#1651=SURFACE_SIDE_STYLE('',(#1650));
#1652=SURFACE_STYLE_USAGE(.BOTH.,#1651);
#1653=PRESENTATION_STYLE_ASSIGNMENT((#1652));
#1654=STYLED_ITEM('',(#1653),#1646);
#1655=ADVANCED_FACE('',(#3188),#3190,.T.);
#1656=COLOUR_RGB('',1.,1.,1.);
#1657=FILL_AREA_STYLE_COLOUR('',#1656);
#1658=FILL_AREA_STYLE($,(#1657));
#1659=SURFACE_STYLE_FILL_AREA(#1658);
#1660=SURFACE_SIDE_STYLE('',(#1659));
#1661=SURFACE_STYLE_USAGE(.BOTH.,#1660);
#1662=PRESENTATION_STYLE_ASSIGNMENT((#1661));
#1663=STYLED_ITEM('',(#1662),#1655);
#1664=ADVANCED_FACE('',(#3195),#3197,.T.);
#1665=COLOUR_RGB('',1.,1.,1.);
#1666=FILL_AREA_STYLE_COLOUR('',#1665);
#1667=FILL_AREA_STYLE($,(#1666));
#1668=SURFACE_STYLE_FILL_AREA(#1667);
#1669=SURFACE_SIDE_STYLE('',(#1668));
#1670=SURFACE_STYLE_USAGE(.BOTH.,#1669);
#1671=PRESENTATION_STYLE_ASSIGNMENT((#1670));
#1672=STYLED_ITEM('',(#1671),#1664);
#1673=ADVANCED_FACE('',(#3202),#3204,.T.);
#1674=COLOUR_RGB('',1.,1.,1.);
#1675=FILL_AREA_STYLE_COLOUR('',#1674);
#1676=FILL_AREA_STYLE($,(#1675));
#1677=SURFACE_STYLE_FILL_AREA(#1676);
#1678=SURFACE_SIDE_STYLE('',(#1677));
#1679=SURFACE_STYLE_USAGE(.BOTH.,#1678);
#1680=PRESENTATION_STYLE_ASSIGNMENT((#1679));
#1681=STYLED_ITEM('',(#1680),#1673);
#1682=ADVANCED_FACE('',(#3209),#3211,.T.);
#1683=COLOUR_RGB('',1.,1.,1.);
#1684=FILL_AREA_STYLE_COLOUR('',#1683);
#1685=FILL_AREA_STYLE($,(#1684));
#1686=SURFACE_STYLE_FILL_AREA(#1685);
#1687=SURFACE_SIDE_STYLE('',(#1686));
#1688=SURFACE_STYLE_USAGE(.BOTH.,#1687);
#1689=PRESENTATION_STYLE_ASSIGNMENT((#1688));
#1690=STYLED_ITEM('',(#1689),#1682);
#1691=ADVANCED_FACE('',(#3216),#3218,.F.);
#1692=COLOUR_RGB('',0.141176470588235,0.141176470588235,0.141176470588235);
#1693=FILL_AREA_STYLE_COLOUR('',#1692);
#1694=FILL_AREA_STYLE($,(#1693));
#1695=SURFACE_STYLE_FILL_AREA(#1694);
#1696=SURFACE_SIDE_STYLE('',(#1695));
#1697=SURFACE_STYLE_USAGE(.BOTH.,#1696);
#1698=PRESENTATION_STYLE_ASSIGNMENT((#1697));
#1699=STYLED_ITEM('',(#1698),#1691);
#1700=ADVANCED_FACE('',(#3223),#3225,.F.);
#1701=COLOUR_RGB('',0.141176470588235,0.141176470588235,0.141176470588235);
#1702=FILL_AREA_STYLE_COLOUR('',#1701);
#1703=FILL_AREA_STYLE($,(#1702));
#1704=SURFACE_STYLE_FILL_AREA(#1703);
#1705=SURFACE_SIDE_STYLE('',(#1704));
#1706=SURFACE_STYLE_USAGE(.BOTH.,#1705);
#1707=PRESENTATION_STYLE_ASSIGNMENT((#1706));
#1708=STYLED_ITEM('',(#1707),#1700);
#1709=ADVANCED_FACE('',(#3230),#3232,.T.);
#1710=COLOUR_RGB('',0.847058823529412,0.847058823529412,0.847058823529412);
#1711=FILL_AREA_STYLE_COLOUR('',#1710);
#1712=FILL_AREA_STYLE($,(#1711));
#1713=SURFACE_STYLE_FILL_AREA(#1712);
#1714=SURFACE_SIDE_STYLE('',(#1713));
#1715=SURFACE_STYLE_USAGE(.BOTH.,#1714);
#1716=PRESENTATION_STYLE_ASSIGNMENT((#1715));
#1717=STYLED_ITEM('',(#1716),#1709);
#1718=ADVANCED_FACE('',(#3237),#3239,.T.);
#1719=COLOUR_RGB('',0.847058823529412,0.847058823529412,0.847058823529412);
#1720=FILL_AREA_STYLE_COLOUR('',#1719);
#1721=FILL_AREA_STYLE($,(#1720));
#1722=SURFACE_STYLE_FILL_AREA(#1721);
#1723=SURFACE_SIDE_STYLE('',(#1722));
#1724=SURFACE_STYLE_USAGE(.BOTH.,#1723);
#1725=PRESENTATION_STYLE_ASSIGNMENT((#1724));
#1726=STYLED_ITEM('',(#1725),#1718);
#1727=ADVANCED_FACE('',(#3244),#3246,.T.);
#1728=COLOUR_RGB('',0.847058823529412,0.847058823529412,0.847058823529412);
#1729=FILL_AREA_STYLE_COLOUR('',#1728);
#1730=FILL_AREA_STYLE($,(#1729));
#1731=SURFACE_STYLE_FILL_AREA(#1730);
#1732=SURFACE_SIDE_STYLE('',(#1731));
#1733=SURFACE_STYLE_USAGE(.BOTH.,#1732);
#1734=PRESENTATION_STYLE_ASSIGNMENT((#1733));
#1735=STYLED_ITEM('',(#1734),#1727);
#1736=ADVANCED_FACE('',(#3251),#3253,.F.);
#1737=COLOUR_RGB('',0.141176470588235,0.141176470588235,0.141176470588235);
#1738=FILL_AREA_STYLE_COLOUR('',#1737);
#1739=FILL_AREA_STYLE($,(#1738));
#1740=SURFACE_STYLE_FILL_AREA(#1739);
#1741=SURFACE_SIDE_STYLE('',(#1740));
#1742=SURFACE_STYLE_USAGE(.BOTH.,#1741);
#1743=PRESENTATION_STYLE_ASSIGNMENT((#1742));
#1744=STYLED_ITEM('',(#1743),#1736);
#1745=ADVANCED_FACE('',(#3258),#3260,.T.);
#1746=COLOUR_RGB('',0.847058823529412,0.847058823529412,0.847058823529412);
#1747=FILL_AREA_STYLE_COLOUR('',#1746);
#1748=FILL_AREA_STYLE($,(#1747));
#1749=SURFACE_STYLE_FILL_AREA(#1748);
#1750=SURFACE_SIDE_STYLE('',(#1749));
#1751=SURFACE_STYLE_USAGE(.BOTH.,#1750);
#1752=PRESENTATION_STYLE_ASSIGNMENT((#1751));
#1753=STYLED_ITEM('',(#1752),#1745);
#1754=ADVANCED_FACE('',(#3265),#3267,.T.);
#1755=COLOUR_RGB('',0.847058823529412,0.847058823529412,0.847058823529412);
#1756=FILL_AREA_STYLE_COLOUR('',#1755);
#1757=FILL_AREA_STYLE($,(#1756));
#1758=SURFACE_STYLE_FILL_AREA(#1757);
#1759=SURFACE_SIDE_STYLE('',(#1758));
#1760=SURFACE_STYLE_USAGE(.BOTH.,#1759);
#1761=PRESENTATION_STYLE_ASSIGNMENT((#1760));
#1762=STYLED_ITEM('',(#1761),#1754);
#1763=ADVANCED_FACE('',(#3272),#3274,.T.);
#1764=COLOUR_RGB('',0.847058823529412,0.847058823529412,0.847058823529412);
#1765=FILL_AREA_STYLE_COLOUR('',#1764);
#1766=FILL_AREA_STYLE($,(#1765));
#1767=SURFACE_STYLE_FILL_AREA(#1766);
#1768=SURFACE_SIDE_STYLE('',(#1767));
#1769=SURFACE_STYLE_USAGE(.BOTH.,#1768);
#1770=PRESENTATION_STYLE_ASSIGNMENT((#1769));
#1771=STYLED_ITEM('',(#1770),#1763);
#1772=ADVANCED_FACE('',(#3279),#3281,.F.);
#1773=COLOUR_RGB('',0.141176470588235,0.141176470588235,0.141176470588235);
#1774=FILL_AREA_STYLE_COLOUR('',#1773);
#1775=FILL_AREA_STYLE($,(#1774));
#1776=SURFACE_STYLE_FILL_AREA(#1775);
#1777=SURFACE_SIDE_STYLE('',(#1776));
#1778=SURFACE_STYLE_USAGE(.BOTH.,#1777);
#1779=PRESENTATION_STYLE_ASSIGNMENT((#1778));
#1780=STYLED_ITEM('',(#1779),#1772);
#1781=ADVANCED_FACE('',(#3286),#3288,.T.);
#1782=COLOUR_RGB('',0.141176470588235,0.141176470588235,0.141176470588235);
#1783=FILL_AREA_STYLE_COLOUR('',#1782);
#1784=FILL_AREA_STYLE($,(#1783));
#1785=SURFACE_STYLE_FILL_AREA(#1784);
#1786=SURFACE_SIDE_STYLE('',(#1785));
#1787=SURFACE_STYLE_USAGE(.BOTH.,#1786);
#1788=PRESENTATION_STYLE_ASSIGNMENT((#1787));
#1789=STYLED_ITEM('',(#1788),#1781);
#1790=ADVANCED_FACE('',(#3293),#3295,.T.);
#1791=COLOUR_RGB('',0.847058823529412,0.847058823529412,0.847058823529412);
#1792=FILL_AREA_STYLE_COLOUR('',#1791);
#1793=FILL_AREA_STYLE($,(#1792));
#1794=SURFACE_STYLE_FILL_AREA(#1793);
#1795=SURFACE_SIDE_STYLE('',(#1794));
#1796=SURFACE_STYLE_USAGE(.BOTH.,#1795);
#1797=PRESENTATION_STYLE_ASSIGNMENT((#1796));
#1798=STYLED_ITEM('',(#1797),#1790);
#1799=ADVANCED_FACE('',(#3300),#3302,.T.);
#1800=COLOUR_RGB('',0.847058823529412,0.847058823529412,0.847058823529412);
#1801=FILL_AREA_STYLE_COLOUR('',#1800);
#1802=FILL_AREA_STYLE($,(#1801));
#1803=SURFACE_STYLE_FILL_AREA(#1802);
#1804=SURFACE_SIDE_STYLE('',(#1803));
#1805=SURFACE_STYLE_USAGE(.BOTH.,#1804);
#1806=PRESENTATION_STYLE_ASSIGNMENT((#1805));
#1807=STYLED_ITEM('',(#1806),#1799);
#1808=ADVANCED_FACE('',(#3307),#3309,.T.);
#1809=COLOUR_RGB('',0.847058823529412,0.847058823529412,0.847058823529412);
#1810=FILL_AREA_STYLE_COLOUR('',#1809);
#1811=FILL_AREA_STYLE($,(#1810));
#1812=SURFACE_STYLE_FILL_AREA(#1811);
#1813=SURFACE_SIDE_STYLE('',(#1812));
#1814=SURFACE_STYLE_USAGE(.BOTH.,#1813);
#1815=PRESENTATION_STYLE_ASSIGNMENT((#1814));
#1816=STYLED_ITEM('',(#1815),#1808);
#1817=ADVANCED_FACE('',(#3314),#3316,.T.);
#1818=COLOUR_RGB('',0.847058823529412,0.847058823529412,0.847058823529412);
#1819=FILL_AREA_STYLE_COLOUR('',#1818);
#1820=FILL_AREA_STYLE($,(#1819));
#1821=SURFACE_STYLE_FILL_AREA(#1820);
#1822=SURFACE_SIDE_STYLE('',(#1821));
#1823=SURFACE_STYLE_USAGE(.BOTH.,#1822);
#1824=PRESENTATION_STYLE_ASSIGNMENT((#1823));
#1825=STYLED_ITEM('',(#1824),#1817);
#1826=ADVANCED_FACE('',(#3321),#3323,.T.);
#1827=COLOUR_RGB('',0.847058823529412,0.847058823529412,0.847058823529412);
#1828=FILL_AREA_STYLE_COLOUR('',#1827);
#1829=FILL_AREA_STYLE($,(#1828));
#1830=SURFACE_STYLE_FILL_AREA(#1829);
#1831=SURFACE_SIDE_STYLE('',(#1830));
#1832=SURFACE_STYLE_USAGE(.BOTH.,#1831);
#1833=PRESENTATION_STYLE_ASSIGNMENT((#1832));
#1834=STYLED_ITEM('',(#1833),#1826);
#1835=ADVANCED_FACE('',(#3328),#3330,.T.);
#1836=COLOUR_RGB('',0.847058823529412,0.847058823529412,0.847058823529412);
#1837=FILL_AREA_STYLE_COLOUR('',#1836);
#1838=FILL_AREA_STYLE($,(#1837));
#1839=SURFACE_STYLE_FILL_AREA(#1838);
#1840=SURFACE_SIDE_STYLE('',(#1839));
#1841=SURFACE_STYLE_USAGE(.BOTH.,#1840);
#1842=PRESENTATION_STYLE_ASSIGNMENT((#1841));
#1843=STYLED_ITEM('',(#1842),#1835);
#1844=ADVANCED_FACE('',(#3335),#3337,.T.);
#1845=COLOUR_RGB('',0.141176470588235,0.141176470588235,0.141176470588235);
#1846=FILL_AREA_STYLE_COLOUR('',#1845);
#1847=FILL_AREA_STYLE($,(#1846));
#1848=SURFACE_STYLE_FILL_AREA(#1847);
#1849=SURFACE_SIDE_STYLE('',(#1848));
#1850=SURFACE_STYLE_USAGE(.BOTH.,#1849);
#1851=PRESENTATION_STYLE_ASSIGNMENT((#1850));
#1852=STYLED_ITEM('',(#1851),#1844);
#1853=ADVANCED_FACE('',(#3342),#3344,.T.);
#1854=COLOUR_RGB('',0.847058823529412,0.847058823529412,0.847058823529412);
#1855=FILL_AREA_STYLE_COLOUR('',#1854);
#1856=FILL_AREA_STYLE($,(#1855));
#1857=SURFACE_STYLE_FILL_AREA(#1856);
#1858=SURFACE_SIDE_STYLE('',(#1857));
#1859=SURFACE_STYLE_USAGE(.BOTH.,#1858);
#1860=PRESENTATION_STYLE_ASSIGNMENT((#1859));
#1861=STYLED_ITEM('',(#1860),#1853);
#1862=ADVANCED_FACE('',(#3349),#3351,.T.);
#1863=COLOUR_RGB('',0.847058823529412,0.847058823529412,0.847058823529412);
#1864=FILL_AREA_STYLE_COLOUR('',#1863);
#1865=FILL_AREA_STYLE($,(#1864));
#1866=SURFACE_STYLE_FILL_AREA(#1865);
#1867=SURFACE_SIDE_STYLE('',(#1866));
#1868=SURFACE_STYLE_USAGE(.BOTH.,#1867);
#1869=PRESENTATION_STYLE_ASSIGNMENT((#1868));
#1870=STYLED_ITEM('',(#1869),#1862);
#1871=ADVANCED_FACE('',(#3356),#3358,.F.);
#1872=COLOUR_RGB('',0.847058823529412,0.847058823529412,0.847058823529412);
#1873=FILL_AREA_STYLE_COLOUR('',#1872);
#1874=FILL_AREA_STYLE($,(#1873));
#1875=SURFACE_STYLE_FILL_AREA(#1874);
#1876=SURFACE_SIDE_STYLE('',(#1875));
#1877=SURFACE_STYLE_USAGE(.BOTH.,#1876);
#1878=PRESENTATION_STYLE_ASSIGNMENT((#1877));
#1879=STYLED_ITEM('',(#1878),#1871);
#1880=ADVANCED_FACE('',(#3363),#3365,.T.);
#1881=COLOUR_RGB('',0.847058823529412,0.847058823529412,0.847058823529412);
#1882=FILL_AREA_STYLE_COLOUR('',#1881);
#1883=FILL_AREA_STYLE($,(#1882));
#1884=SURFACE_STYLE_FILL_AREA(#1883);
#1885=SURFACE_SIDE_STYLE('',(#1884));
#1886=SURFACE_STYLE_USAGE(.BOTH.,#1885);
#1887=PRESENTATION_STYLE_ASSIGNMENT((#1886));
#1888=STYLED_ITEM('',(#1887),#1880);
#1889=ADVANCED_FACE('',(#3370),#3372,.T.);
#1890=COLOUR_RGB('',0.847058823529412,0.847058823529412,0.847058823529412);
#1891=FILL_AREA_STYLE_COLOUR('',#1890);
#1892=FILL_AREA_STYLE($,(#1891));
#1893=SURFACE_STYLE_FILL_AREA(#1892);
#1894=SURFACE_SIDE_STYLE('',(#1893));
#1895=SURFACE_STYLE_USAGE(.BOTH.,#1894);
#1896=PRESENTATION_STYLE_ASSIGNMENT((#1895));
#1897=STYLED_ITEM('',(#1896),#1889);
#1898=ADVANCED_FACE('',(#3377),#3379,.T.);
#1899=COLOUR_RGB('',0.847058823529412,0.847058823529412,0.847058823529412);
#1900=FILL_AREA_STYLE_COLOUR('',#1899);
#1901=FILL_AREA_STYLE($,(#1900));
#1902=SURFACE_STYLE_FILL_AREA(#1901);
#1903=SURFACE_SIDE_STYLE('',(#1902));
#1904=SURFACE_STYLE_USAGE(.BOTH.,#1903);
#1905=PRESENTATION_STYLE_ASSIGNMENT((#1904));
#1906=STYLED_ITEM('',(#1905),#1898);
#1907=ADVANCED_FACE('',(#3384),#3386,.F.);
#1908=COLOUR_RGB('',0.847058823529412,0.847058823529412,0.847058823529412);
#1909=FILL_AREA_STYLE_COLOUR('',#1908);
#1910=FILL_AREA_STYLE($,(#1909));
#1911=SURFACE_STYLE_FILL_AREA(#1910);
#1912=SURFACE_SIDE_STYLE('',(#1911));
#1913=SURFACE_STYLE_USAGE(.BOTH.,#1912);
#1914=PRESENTATION_STYLE_ASSIGNMENT((#1913));
#1915=STYLED_ITEM('',(#1914),#1907);
#1916=ADVANCED_FACE('',(#3391),#3393,.T.);
#1917=COLOUR_RGB('',0.847058823529412,0.847058823529412,0.847058823529412);
#1918=FILL_AREA_STYLE_COLOUR('',#1917);
#1919=FILL_AREA_STYLE($,(#1918));
#1920=SURFACE_STYLE_FILL_AREA(#1919);
#1921=SURFACE_SIDE_STYLE('',(#1920));
#1922=SURFACE_STYLE_USAGE(.BOTH.,#1921);
#1923=PRESENTATION_STYLE_ASSIGNMENT((#1922));
#1924=STYLED_ITEM('',(#1923),#1916);
#1925=ADVANCED_FACE('',(#3398),#3400,.F.);
#1926=COLOUR_RGB('',0.847058823529412,0.847058823529412,0.847058823529412);
#1927=FILL_AREA_STYLE_COLOUR('',#1926);
#1928=FILL_AREA_STYLE($,(#1927));
#1929=SURFACE_STYLE_FILL_AREA(#1928);
#1930=SURFACE_SIDE_STYLE('',(#1929));
#1931=SURFACE_STYLE_USAGE(.BOTH.,#1930);
#1932=PRESENTATION_STYLE_ASSIGNMENT((#1931));
#1933=STYLED_ITEM('',(#1932),#1925);
#1934=ADVANCED_FACE('',(#3405),#3407,.T.);
#1935=COLOUR_RGB('',0.847058823529412,0.847058823529412,0.847058823529412);
#1936=FILL_AREA_STYLE_COLOUR('',#1935);
#1937=FILL_AREA_STYLE($,(#1936));
#1938=SURFACE_STYLE_FILL_AREA(#1937);
#1939=SURFACE_SIDE_STYLE('',(#1938));
#1940=SURFACE_STYLE_USAGE(.BOTH.,#1939);
#1941=PRESENTATION_STYLE_ASSIGNMENT((#1940));
#1942=STYLED_ITEM('',(#1941),#1934);
#1943=ADVANCED_FACE('',(#3412),#3414,.F.);
#1944=COLOUR_RGB('',0.847058823529412,0.847058823529412,0.847058823529412);
#1945=FILL_AREA_STYLE_COLOUR('',#1944);
#1946=FILL_AREA_STYLE($,(#1945));
#1947=SURFACE_STYLE_FILL_AREA(#1946);
#1948=SURFACE_SIDE_STYLE('',(#1947));
#1949=SURFACE_STYLE_USAGE(.BOTH.,#1948);
#1950=PRESENTATION_STYLE_ASSIGNMENT((#1949));
#1951=STYLED_ITEM('',(#1950),#1943);
#1952=ADVANCED_FACE('',(#3419),#3421,.T.);
#1953=COLOUR_RGB('',0.847058823529412,0.847058823529412,0.847058823529412);
#1954=FILL_AREA_STYLE_COLOUR('',#1953);
#1955=FILL_AREA_STYLE($,(#1954));
#1956=SURFACE_STYLE_FILL_AREA(#1955);
#1957=SURFACE_SIDE_STYLE('',(#1956));
#1958=SURFACE_STYLE_USAGE(.BOTH.,#1957);
#1959=PRESENTATION_STYLE_ASSIGNMENT((#1958));
#1960=STYLED_ITEM('',(#1959),#1952);
#1961=ADVANCED_FACE('',(#3426),#3428,.T.);
#1962=COLOUR_RGB('',0.141176470588235,0.141176470588235,0.141176470588235);
#1963=FILL_AREA_STYLE_COLOUR('',#1962);
#1964=FILL_AREA_STYLE($,(#1963));
#1965=SURFACE_STYLE_FILL_AREA(#1964);
#1966=SURFACE_SIDE_STYLE('',(#1965));
#1967=SURFACE_STYLE_USAGE(.BOTH.,#1966);
#1968=PRESENTATION_STYLE_ASSIGNMENT((#1967));
#1969=STYLED_ITEM('',(#1968),#1961);
#1970=ADVANCED_FACE('',(#3433),#3435,.T.);
#1971=COLOUR_RGB('',0.141176470588235,0.141176470588235,0.141176470588235);
#1972=FILL_AREA_STYLE_COLOUR('',#1971);
#1973=FILL_AREA_STYLE($,(#1972));
#1974=SURFACE_STYLE_FILL_AREA(#1973);
#1975=SURFACE_SIDE_STYLE('',(#1974));
#1976=SURFACE_STYLE_USAGE(.BOTH.,#1975);
#1977=PRESENTATION_STYLE_ASSIGNMENT((#1976));
#1978=STYLED_ITEM('',(#1977),#1970);
#1979=ADVANCED_FACE('',(#3440),#3442,.T.);
#1980=COLOUR_RGB('',0.141176470588235,0.141176470588235,0.141176470588235);
#1981=FILL_AREA_STYLE_COLOUR('',#1980);
#1982=FILL_AREA_STYLE($,(#1981));
#1983=SURFACE_STYLE_FILL_AREA(#1982);
#1984=SURFACE_SIDE_STYLE('',(#1983));
#1985=SURFACE_STYLE_USAGE(.BOTH.,#1984);
#1986=PRESENTATION_STYLE_ASSIGNMENT((#1985));
#1987=STYLED_ITEM('',(#1986),#1979);
#1988=ADVANCED_FACE('',(#3447),#3449,.T.);
#1989=COLOUR_RGB('',0.141176470588235,0.141176470588235,0.141176470588235);
#1990=FILL_AREA_STYLE_COLOUR('',#1989);
#1991=FILL_AREA_STYLE($,(#1990));
#1992=SURFACE_STYLE_FILL_AREA(#1991);
#1993=SURFACE_SIDE_STYLE('',(#1992));
#1994=SURFACE_STYLE_USAGE(.BOTH.,#1993);
#1995=PRESENTATION_STYLE_ASSIGNMENT((#1994));
#1996=STYLED_ITEM('',(#1995),#1988);
#1997=FACE_BOUND('',#1998,.T.);
#1998=EDGE_LOOP('',(#3454,#3455,#3456,#3457,#3458,#3459,#3460,#3461));
#1999=PLANE('',#2000);
#2000=AXIS2_PLACEMENT_3D('',#2001,#2002,#2003);
#2001=CARTESIAN_POINT('',(0.,0.,1.02));
#2002=DIRECTION('',(0.,0.,1.));
#2003=DIRECTION('',(1.,0.,0.));
#2004=FACE_BOUND('',#2005,.T.);
#2005=EDGE_LOOP('',(#3462,#3463,#3464,#3465,#3466,#3467,#3468,#3469));
#2006=PLANE('',#2007);
#2007=AXIS2_PLACEMENT_3D('',#2008,#2009,#2010);
#2008=CARTESIAN_POINT('',(0.,0.,1.02));
#2009=DIRECTION('',(0.,0.,1.));
#2010=DIRECTION('',(1.,0.,0.));
#2011=FACE_BOUND('',#2012,.T.);
#2012=EDGE_LOOP('',(#3470,#3471,#3472,#3473,#3474,#3475,#3476,#3477,#3478,#3479,
#3480,#3481));
#2013=PLANE('',#2014);
#2014=AXIS2_PLACEMENT_3D('',#2015,#2016,#2017);
#2015=CARTESIAN_POINT('',(0.,0.,1.02));
#2016=DIRECTION('',(0.,0.,1.));
#2017=DIRECTION('',(1.,0.,0.));
#2018=FACE_BOUND('',#2019,.T.);
#2019=EDGE_LOOP('',(#3482,#3483,#3484,#3485));
#2020=FACE_BOUND('',#2021,.T.);
#2021=EDGE_LOOP('',(#3486));
#2022=FACE_BOUND('',#2023,.T.);
#2023=EDGE_LOOP('',(#3487,#3488,#3489,#3490));
#2024=FACE_BOUND('',#2025,.T.);
#2025=EDGE_LOOP('',(#3491,#3492,#3493,#3494,#3495,#3496,#3497,#3498,#3499,#3500,
#3501,#3502,#3503,#3504,#3505,#3506,#3507,#3508,#3509,#3510,#3511,#3512,#3513,#3514,
#3515,#3516,#3517,#3518,#3519,#3520));
#2026=FACE_BOUND('',#2027,.T.);
#2027=EDGE_LOOP('',(#3521,#3522,#3523,#3524,#3525,#3526,#3527,#3528,#3529,#3530,
#3531,#3532));
#2028=FACE_BOUND('',#2029,.T.);
#2029=EDGE_LOOP('',(#3533,#3534,#3535,#3536,#3537,#3538,#3539,#3540,#3541,#3542,
#3543,#3544,#3545,#3546,#3547,#3548,#3549));
#2030=FACE_BOUND('',#2031,.T.);
#2031=EDGE_LOOP('',(#3550,#3551,#3552,#3553,#3554,#3555,#3556,#3557,#3558,#3559,
#3560,#3561,#3562,#3563,#3564,#3565,#3566,#3567,#3568,#3569,#3570,#3571,#3572,#3573));
#2032=FACE_BOUND('',#2033,.T.);
#2033=EDGE_LOOP('',(#3574,#3575,#3576,#3577,#3578,#3579));
#2034=FACE_BOUND('',#2035,.T.);
#2035=EDGE_LOOP('',(#3580,#3581,#3582,#3583,#3584,#3585));
#2036=FACE_BOUND('',#2037,.T.);
#2037=EDGE_LOOP('',(#3586,#3587,#3588,#3589,#3590,#3591,#3592,#3593,#3594,#3595,
#3596,#3597,#3598,#3599,#3600,#3601,#3602,#3603,#3604,#3605,#3606,#3607,#3608,#3609,
#3610));
#2038=FACE_BOUND('',#2039,.T.);
#2039=EDGE_LOOP('',(#3611,#3612,#3613,#3614,#3615,#3616,#3617,#3618,#3619,#3620,
#3621,#3622));
#2040=PLANE('',#2041);
#2041=AXIS2_PLACEMENT_3D('',#2042,#2043,#2044);
#2042=CARTESIAN_POINT('',(0.,0.,1.02));
#2043=DIRECTION('',(0.,0.,1.));
#2044=DIRECTION('',(1.,0.,0.));
#2045=FACE_BOUND('',#2046,.T.);
#2046=EDGE_LOOP('',(#3623,#3624,#3625,#3626));
#2047=CYLINDRICAL_SURFACE('',#2048,0.0500000000000012);
#2048=AXIS2_PLACEMENT_3D('',#2049,#2050,#2051);
#2049=CARTESIAN_POINT('',(-2.3,1.75,0.99));
#2050=DIRECTION('',(0.,0.,1.));
#2051=DIRECTION('',(8.88178419700105E-15,1.,0.));
#2052=FACE_BOUND('',#2053,.T.);
#2053=EDGE_LOOP('',(#3627,#3628,#3629,#3630));
#2054=PLANE('',#2055);
#2055=AXIS2_PLACEMENT_3D('',#2056,#2057,#2058);
#2056=CARTESIAN_POINT('',(-1.7,1.8,0.99));
#2057=DIRECTION('',(0.,1.,0.));
#2058=DIRECTION('',(-1.,0.,0.));
#2059=FACE_BOUND('',#2060,.T.);
#2060=EDGE_LOOP('',(#3631,#3632,#3633,#3634));
#2061=CYLINDRICAL_SURFACE('',#2062,0.0499999999999978);
#2062=AXIS2_PLACEMENT_3D('',#2063,#2064,#2065);
#2063=CARTESIAN_POINT('',(-1.7,1.75,0.99));
#2064=DIRECTION('',(0.,0.,1.));
#2065=DIRECTION('',(0.,-1.,0.));
#2066=FACE_BOUND('',#2067,.T.);
#2067=EDGE_LOOP('',(#3635,#3636,#3637,#3638));
#2068=PLANE('',#2069);
#2069=AXIS2_PLACEMENT_3D('',#2070,#2071,#2072);
#2070=CARTESIAN_POINT('',(-2.3,1.7,0.99));
#2071=DIRECTION('',(7.40148683083438E-15,-1.,0.));
#2072=DIRECTION('',(1.,7.40148683083438E-15,0.));
#2073=FACE_BOUND('',#2074,.T.);
#2074=EDGE_LOOP('',(#3639,#3640,#3641,#3642));
#2075=SURFACE_OF_LINEAR_EXTRUSION('',#2076,#2077);
#2076=B_SPLINE_CURVE_WITH_KNOTS('',2,
(#3643,#3644,#3645),
.UNSPECIFIED.,.F.,.F.,
(3,3),
(0.,1.),
.UNSPECIFIED.);
#2077=VECTOR('',#2078,0.03);
#2078=DIRECTION('',(0.,0.,1.));
#2079=FACE_BOUND('',#2080,.T.);
#2080=EDGE_LOOP('',(#3646,#3647,#3648,#3649));
#2081=SURFACE_OF_LINEAR_EXTRUSION('',#2082,#2083);
#2082=B_SPLINE_CURVE_WITH_KNOTS('',2,
(#3650,#3651,#3652),
.UNSPECIFIED.,.F.,.F.,
(3,3),
(0.,1.),
.UNSPECIFIED.);
#2083=VECTOR('',#2084,0.03);
#2084=DIRECTION('',(0.,0.,1.));
#2085=FACE_BOUND('',#2086,.T.);
#2086=EDGE_LOOP('',(#3653,#3654,#3655,#3656));
#2087=SURFACE_OF_LINEAR_EXTRUSION('',#2088,#2089);
#2088=B_SPLINE_CURVE_WITH_KNOTS('',2,
(#3657,#3658,#3659),
.UNSPECIFIED.,.F.,.F.,
(3,3),
(0.,1.),
.UNSPECIFIED.);
#2089=VECTOR('',#2090,0.03);
#2090=DIRECTION('',(0.,0.,1.));
#2091=FACE_BOUND('',#2092,.T.);
#2092=EDGE_LOOP('',(#3660,#3661,#3662,#3663));
#2093=SURFACE_OF_LINEAR_EXTRUSION('',#2094,#2095);
#2094=B_SPLINE_CURVE_WITH_KNOTS('',2,
(#3664,#3665,#3666),
.UNSPECIFIED.,.F.,.F.,
(3,3),
(0.,1.),
.UNSPECIFIED.);
#2095=VECTOR('',#2096,0.03);
#2096=DIRECTION('',(0.,0.,1.));
#2097=FACE_BOUND('',#2098,.T.);
#2098=EDGE_LOOP('',(#3667,#3668,#3669,#3670));
#2099=PLANE('',#2100);
#2100=AXIS2_PLACEMENT_3D('',#2101,#2102,#2103);
#2101=CARTESIAN_POINT('',(0.241449930143356,-0.849716666666667,0.99));
#2102=DIRECTION('',(0.,-1.,0.));
#2103=DIRECTION('',(1.,0.,0.));
#2104=FACE_BOUND('',#2105,.T.);
#2105=EDGE_LOOP('',(#3671,#3672,#3673,#3674));
#2106=PLANE('',#2107);
#2107=AXIS2_PLACEMENT_3D('',#2108,#2109,#2110);
#2108=CARTESIAN_POINT('',(0.241449930143356,-0.975393729813586,0.99));
#2109=DIRECTION('',(1.,0.,0.));
#2110=DIRECTION('',(0.,1.,0.));
#2111=FACE_BOUND('',#2112,.T.);
#2112=EDGE_LOOP('',(#3675,#3676,#3677,#3678));
#2113=SURFACE_OF_LINEAR_EXTRUSION('',#2114,#2115);
#2114=B_SPLINE_CURVE_WITH_KNOTS('',2,
(#3679,#3680,#3681),
.UNSPECIFIED.,.F.,.F.,
(3,3),
(0.,1.),
.UNSPECIFIED.);
#2115=VECTOR('',#2116,0.03);
#2116=DIRECTION('',(0.,0.,1.));
#2117=FACE_BOUND('',#2118,.T.);
#2118=EDGE_LOOP('',(#3682,#3683,#3684,#3685));
#2119=SURFACE_OF_LINEAR_EXTRUSION('',#2120,#2121);
#2120=B_SPLINE_CURVE_WITH_KNOTS('',2,
(#3686,#3687,#3688),
.UNSPECIFIED.,.F.,.F.,
(3,3),
(0.,1.),
.UNSPECIFIED.);
#2121=VECTOR('',#2122,0.03);
#2122=DIRECTION('',(0.,0.,1.));
#2123=FACE_BOUND('',#2124,.T.);
#2124=EDGE_LOOP('',(#3689,#3690,#3691,#3692));
#2125=SURFACE_OF_LINEAR_EXTRUSION('',#2126,#2127);
#2126=B_SPLINE_CURVE_WITH_KNOTS('',2,
(#3693,#3694,#3695),
.UNSPECIFIED.,.F.,.F.,
(3,3),
(0.,1.),
.UNSPECIFIED.);
#2127=VECTOR('',#2128,0.03);
#2128=DIRECTION('',(0.,0.,1.));
#2129=FACE_BOUND('',#2130,.T.);
#2130=EDGE_LOOP('',(#3696,#3697,#3698,#3699));
#2131=SURFACE_OF_LINEAR_EXTRUSION('',#2132,#2133);
#2132=B_SPLINE_CURVE_WITH_KNOTS('',2,
(#3700,#3701,#3702),
.UNSPECIFIED.,.F.,.F.,
(3,3),
(0.,1.),
.UNSPECIFIED.);
#2133=VECTOR('',#2134,0.03);
#2134=DIRECTION('',(0.,0.,1.));
#2135=FACE_BOUND('',#2136,.T.);
#2136=EDGE_LOOP('',(#3703,#3704,#3705,#3706));
#2137=PLANE('',#2138);
#2138=AXIS2_PLACEMENT_3D('',#2139,#2140,#2141);
#2139=CARTESIAN_POINT('',(0.180066596810023,-0.849716666666667,0.99));
#2140=DIRECTION('',(-1.,0.,0.));
#2141=DIRECTION('',(0.,-1.,0.));
#2142=FACE_BOUND('',#2143,.T.);
#2143=EDGE_LOOP('',(#3707,#3708,#3709,#3710));
#2144=PLANE('',#2145);
#2145=AXIS2_PLACEMENT_3D('',#2146,#2147,#2148);
#2146=CARTESIAN_POINT('',(-0.0317654046650158,-0.849716666666667,0.99));
#2147=DIRECTION('',(0.,-1.,0.));
#2148=DIRECTION('',(1.,0.,0.));
#2149=FACE_BOUND('',#2150,.T.);
#2150=EDGE_LOOP('',(#3711,#3712,#3713,#3714));
#2151=SURFACE_OF_LINEAR_EXTRUSION('',#2152,#2153);
#2152=B_SPLINE_CURVE_WITH_KNOTS('',2,
(#3715,#3716,#3717),
.UNSPECIFIED.,.F.,.F.,
(3,3),
(0.,1.),
.UNSPECIFIED.);
#2153=VECTOR('',#2154,0.03);
#2154=DIRECTION('',(0.,0.,1.));
#2155=FACE_BOUND('',#2156,.T.);
#2156=EDGE_LOOP('',(#3718,#3719,#3720,#3721));
#2157=SURFACE_OF_LINEAR_EXTRUSION('',#2158,#2159);
#2158=B_SPLINE_CURVE_WITH_KNOTS('',2,
(#3722,#3723,#3724),
.UNSPECIFIED.,.F.,.F.,
(3,3),
(0.,1.),
.UNSPECIFIED.);
#2159=VECTOR('',#2160,0.03);
#2160=DIRECTION('',(0.,0.,1.));
#2161=FACE_BOUND('',#2162,.T.);
#2162=EDGE_LOOP('',(#3725,#3726,#3727,#3728));
#2163=PLANE('',#2164);
#2164=AXIS2_PLACEMENT_3D('',#2165,#2166,#2167);
#2165=CARTESIAN_POINT('',(-0.0614318114196761,-0.81945493832812,0.99));
#2166=DIRECTION('',(-0.99435115794966,0.106140353702871,0.));
#2167=DIRECTION('',(-0.106140353702871,-0.99435115794966,0.));
#2168=FACE_BOUND('',#2169,.T.);
#2169=EDGE_LOOP('',(#3729,#3730,#3731,#3732));
#2170=PLANE('',#2171);
#2171=AXIS2_PLACEMENT_3D('',#2172,#2173,#2174);
#2172=CARTESIAN_POINT('',(0.0596811841806393,-0.329578882530963,0.99));
#2173=DIRECTION('',(-0.970771480587474,0.240005692594998,0.));
#2174=DIRECTION('',(-0.240005692594998,-0.970771480587474,0.));
#2175=FACE_BOUND('',#2176,.T.);
#2176=EDGE_LOOP('',(#3733,#3734,#3735,#3736));
#2177=SURFACE_OF_LINEAR_EXTRUSION('',#2178,#2179);
#2178=B_SPLINE_CURVE_WITH_KNOTS('',2,
(#3737,#3738,#3739),
.UNSPECIFIED.,.F.,.F.,
(3,3),
(0.,1.),
.UNSPECIFIED.);
#2179=VECTOR('',#2180,0.03);
#2180=DIRECTION('',(0.,0.,1.));
#2181=FACE_BOUND('',#2182,.T.);
#2182=EDGE_LOOP('',(#3740,#3741,#3742,#3743));
#2183=PLANE('',#2184);
#2184=AXIS2_PLACEMENT_3D('',#2185,#2186,#2187);
#2185=CARTESIAN_POINT('',(0.0887523016496761,-0.309966666666667,0.99));
#2186=DIRECTION('',(-0.25214345319681,0.967689867163022,0.));
#2187=DIRECTION('',(-0.967689867163022,-0.25214345319681,0.));
#2188=FACE_BOUND('',#2189,.T.);
#2189=EDGE_LOOP('',(#3744,#3745,#3746,#3747));
#2190=SURFACE_OF_LINEAR_EXTRUSION('',#2191,#2192);
#2191=B_SPLINE_CURVE_WITH_KNOTS('',2,
(#3748,#3749,#3750),
.UNSPECIFIED.,.F.,.F.,
(3,3),
(0.,1.),
.UNSPECIFIED.);
#2192=VECTOR('',#2193,0.03);
#2193=DIRECTION('',(0.,0.,1.));
#2194=FACE_BOUND('',#2195,.T.);
#2195=EDGE_LOOP('',(#3751,#3752,#3753,#3754));
#2196=SURFACE_OF_LINEAR_EXTRUSION('',#2197,#2198);
#2197=B_SPLINE_CURVE_WITH_KNOTS('',2,
(#3755,#3756,#3757),
.UNSPECIFIED.,.F.,.F.,
(3,3),
(0.,1.),
.UNSPECIFIED.);
#2198=VECTOR('',#2199,0.03);
#2199=DIRECTION('',(0.,0.,1.));
#2200=FACE_BOUND('',#2201,.T.);
#2201=EDGE_LOOP('',(#3758,#3759,#3760,#3761));
#2202=PLANE('',#2203);
#2203=AXIS2_PLACEMENT_3D('',#2204,#2205,#2206);
#2204=CARTESIAN_POINT('',(0.119047071111287,-0.339302339208057,0.99));
#2205=DIRECTION('',(0.993957730482652,-0.109763518592362,0.));
#2206=DIRECTION('',(0.109763518592362,0.993957730482652,0.));
#2207=FACE_BOUND('',#2208,.T.);
#2208=EDGE_LOOP('',(#3762,#3763,#3764,#3765));
#2209=PLANE('',#2210);
#2210=AXIS2_PLACEMENT_3D('',#2211,#2212,#2213);
#2211=CARTESIAN_POINT('',(0.00517702558853839,-0.798916666666667,0.99));
#2212=DIRECTION('',(0.970653904577703,-0.240480763322267,0.));
#2213=DIRECTION('',(0.240480763322267,0.970653904577703,0.));
#2214=FACE_BOUND('',#2215,.T.);
#2215=EDGE_LOOP('',(#3766,#3767,#3768,#3769));
#2216=PLANE('',#2217);
#2217=AXIS2_PLACEMENT_3D('',#2218,#2219,#2220);
#2218=CARTESIAN_POINT('',(0.180066596810023,-0.798916666666667,0.99));
#2219=DIRECTION('',(0.,1.,0.));
#2220=DIRECTION('',(-1.,0.,0.));
#2221=FACE_BOUND('',#2222,.T.);
#2222=EDGE_LOOP('',(#3770,#3771,#3772,#3773));
#2223=PLANE('',#2224);
#2224=AXIS2_PLACEMENT_3D('',#2225,#2226,#2227);
#2225=CARTESIAN_POINT('',(0.180066596810023,-0.675356237888152,0.99));
#2226=DIRECTION('',(-1.,0.,0.));
#2227=DIRECTION('',(0.,-1.,0.));
#2228=FACE_BOUND('',#2229,.T.);
#2229=EDGE_LOOP('',(#3774,#3775,#3776,#3777));
#2230=SURFACE_OF_LINEAR_EXTRUSION('',#2231,#2232);
#2231=B_SPLINE_CURVE_WITH_KNOTS('',2,
(#3778,#3779,#3780),
.UNSPECIFIED.,.F.,.F.,
(3,3),
(0.,1.),
.UNSPECIFIED.);
#2232=VECTOR('',#2233,0.03);
#2233=DIRECTION('',(0.,0.,1.));
#2234=FACE_BOUND('',#2235,.T.);
#2235=EDGE_LOOP('',(#3781,#3782,#3783,#3784));
#2236=SURFACE_OF_LINEAR_EXTRUSION('',#2237,#2238);
#2237=B_SPLINE_CURVE_WITH_KNOTS('',2,
(#3785,#3786,#3787),
.UNSPECIFIED.,.F.,.F.,
(3,3),
(0.,1.),
.UNSPECIFIED.);
#2238=VECTOR('',#2239,0.03);
#2239=DIRECTION('',(0.,0.,1.));
#2240=FACE_BOUND('',#2241,.T.);
#2241=EDGE_LOOP('',(#3788,#3789,#3790,#3791));
#2242=SURFACE_OF_LINEAR_EXTRUSION('',#2243,#2244);
#2243=B_SPLINE_CURVE_WITH_KNOTS('',2,
(#3792,#3793,#3794),
.UNSPECIFIED.,.F.,.F.,
(3,3),
(0.,1.),
.UNSPECIFIED.);
#2244=VECTOR('',#2245,0.03);
#2245=DIRECTION('',(0.,0.,1.));
#2246=FACE_BOUND('',#2247,.T.);
#2247=EDGE_LOOP('',(#3795,#3796,#3797,#3798));
#2248=SURFACE_OF_LINEAR_EXTRUSION('',#2249,#2250);
#2249=B_SPLINE_CURVE_WITH_KNOTS('',2,
(#3799,#3800,#3801),
.UNSPECIFIED.,.F.,.F.,
(3,3),
(0.,1.),
.UNSPECIFIED.);
#2250=VECTOR('',#2251,0.03);
#2251=DIRECTION('',(0.,0.,1.));
#2252=FACE_BOUND('',#2253,.T.);
#2253=EDGE_LOOP('',(#3802,#3803,#3804,#3805));
#2254=PLANE('',#2255);
#2255=AXIS2_PLACEMENT_3D('',#2256,#2257,#2258);
#2256=CARTESIAN_POINT('',(0.241449930143356,-0.798916666666667,0.99));
#2257=DIRECTION('',(1.,0.,0.));
#2258=DIRECTION('',(0.,1.,0.));
#2259=FACE_BOUND('',#2260,.T.);
#2260=EDGE_LOOP('',(#3806,#3807,#3808,#3809));
#2261=PLANE('',#2262);
#2262=AXIS2_PLACEMENT_3D('',#2263,#2264,#2265);
#2263=CARTESIAN_POINT('',(0.332400482265632,-0.798916666666667,0.99));
#2264=DIRECTION('',(0.,1.,0.));
#2265=DIRECTION('',(-1.,0.,0.));
#2266=FACE_BOUND('',#2267,.T.);
#2267=EDGE_LOOP('',(#3810,#3811,#3812,#3813));
#2268=SURFACE_OF_LINEAR_EXTRUSION('',#2269,#2270);
#2269=B_SPLINE_CURVE_WITH_KNOTS('',2,
(#3814,#3815,#3816),
.UNSPECIFIED.,.F.,.F.,
(3,3),
(0.,1.),
.UNSPECIFIED.);
#2270=VECTOR('',#2271,0.03);
#2271=DIRECTION('',(0.,0.,1.));
#2272=FACE_BOUND('',#2273,.T.);
#2273=EDGE_LOOP('',(#3817,#3818,#3819,#3820));
#2274=PLANE('',#2275);
#2275=AXIS2_PLACEMENT_3D('',#2276,#2277,#2278);
#2276=CARTESIAN_POINT('',(0.851049900976817,-0.852130961827014,0.99));
#2277=DIRECTION('',(1.,0.,0.));
#2278=DIRECTION('',(0.,1.,0.));
#2279=FACE_BOUND('',#2280,.T.);
#2280=EDGE_LOOP('',(#3821,#3822,#3823,#3824));
#2281=SURFACE_OF_LINEAR_EXTRUSION('',#2282,#2283);
#2282=B_SPLINE_CURVE_WITH_KNOTS('',2,
(#3825,#3826,#3827),
.UNSPECIFIED.,.F.,.F.,
(3,3),
(0.,1.),
.UNSPECIFIED.);
#2283=VECTOR('',#2284,0.03);
#2284=DIRECTION('',(0.,0.,1.));
#2285=FACE_BOUND('',#2286,.T.);
#2286=EDGE_LOOP('',(#3828,#3829,#3830,#3831));
#2287=SURFACE_OF_LINEAR_EXTRUSION('',#2288,#2289);
#2288=B_SPLINE_CURVE_WITH_KNOTS('',2,
(#3832,#3833,#3834),
.UNSPECIFIED.,.F.,.F.,
(3,3),
(0.,1.),
.UNSPECIFIED.);
#2289=VECTOR('',#2290,0.03);
#2290=DIRECTION('',(0.,0.,1.));
#2291=FACE_BOUND('',#2292,.T.);
#2292=EDGE_LOOP('',(#3835,#3836,#3837,#3838));
#2293=PLANE('',#2294);
#2294=AXIS2_PLACEMENT_3D('',#2295,#2296,#2297);
#2295=CARTESIAN_POINT('',(0.668355131515206,-0.309966666666667,0.99));
#2296=DIRECTION('',(0.,1.,0.));
#2297=DIRECTION('',(-1.,0.,0.));
#2298=FACE_BOUND('',#2299,.T.);
#2299=EDGE_LOOP('',(#3839,#3840,#3841,#3842));
#2300=SURFACE_OF_LINEAR_EXTRUSION('',#2301,#2302);
#2301=B_SPLINE_CURVE_WITH_KNOTS('',2,
(#3843,#3844,#3845),
.UNSPECIFIED.,.F.,.F.,
(3,3),
(0.,1.),
.UNSPECIFIED.);
#2302=VECTOR('',#2303,0.03);
#2303=DIRECTION('',(0.,0.,1.));
#2304=FACE_BOUND('',#2305,.T.);
#2305=EDGE_LOOP('',(#3846,#3847,#3848,#3849));
#2306=SURFACE_OF_LINEAR_EXTRUSION('',#2307,#2308);
#2307=B_SPLINE_CURVE_WITH_KNOTS('',2,
(#3850,#3851,#3852),
.UNSPECIFIED.,.F.,.F.,
(3,3),
(0.,1.),
.UNSPECIFIED.);
#2308=VECTOR('',#2309,0.03);
#2309=DIRECTION('',(0.,0.,1.));
#2310=FACE_BOUND('',#2311,.T.);
#2311=EDGE_LOOP('',(#3853,#3854,#3855,#3856));
#2312=PLANE('',#2313);
#2313=AXIS2_PLACEMENT_3D('',#2314,#2315,#2316);
#2314=CARTESIAN_POINT('',(0.425599900976817,-0.45783567254139,0.99));
#2315=DIRECTION('',(-1.,0.,0.));
#2316=DIRECTION('',(0.,-1.,0.));
#2317=FACE_BOUND('',#2318,.T.);
#2318=EDGE_LOOP('',(#3857,#3858,#3859,#3860));
#2319=SURFACE_OF_LINEAR_EXTRUSION('',#2320,#2321);
#2320=B_SPLINE_CURVE_WITH_KNOTS('',2,
(#3861,#3862,#3863),
.UNSPECIFIED.,.F.,.F.,
(3,3),
(0.,1.),
.UNSPECIFIED.);
#2321=VECTOR('',#2322,0.03);
#2322=DIRECTION('',(0.,0.,1.));
#2323=FACE_BOUND('',#2324,.T.);
#2324=EDGE_LOOP('',(#3864,#3865,#3866,#3867));
#2325=SURFACE_OF_LINEAR_EXTRUSION('',#2326,#2327);
#2326=B_SPLINE_CURVE_WITH_KNOTS('',2,
(#3868,#3869,#3870),
.UNSPECIFIED.,.F.,.F.,
(3,3),
(0.,1.),
.UNSPECIFIED.);
#2327=VECTOR('',#2328,0.03);
#2328=DIRECTION('',(0.,0.,1.));
#2329=FACE_BOUND('',#2330,.T.);
#2330=EDGE_LOOP('',(#3871,#3872,#3873,#3874));
#2331=PLANE('',#2332);
#2332=AXIS2_PLACEMENT_3D('',#2333,#2334,#2335);
#2333=CARTESIAN_POINT('',(0.607666307731477,-1.,0.99));
#2334=DIRECTION('',(0.,-1.,0.));
#2335=DIRECTION('',(1.,0.,0.));
#2336=FACE_BOUND('',#2337,.T.);
#2337=EDGE_LOOP('',(#3875,#3876,#3877,#3878));
#2338=SURFACE_OF_LINEAR_EXTRUSION('',#2339,#2340);
#2339=B_SPLINE_CURVE_WITH_KNOTS('',2,
(#3879,#3880,#3881),
.UNSPECIFIED.,.F.,.F.,
(3,3),
(0.,1.),
.UNSPECIFIED.);
#2340=VECTOR('',#2341,0.03);
#2341=DIRECTION('',(0.,0.,1.));
#2342=FACE_BOUND('',#2343,.T.);
#2343=EDGE_LOOP('',(#3882,#3883,#3884,#3885));
#2344=SURFACE_OF_LINEAR_EXTRUSION('',#2345,#2346);
#2345=B_SPLINE_CURVE_WITH_KNOTS('',2,
(#3886,#3887,#3888),
.UNSPECIFIED.,.F.,.F.,
(3,3),
(0.,1.),
.UNSPECIFIED.);
#2346=VECTOR('',#2347,0.03);
#2347=DIRECTION('',(0.,0.,1.));
#2348=FACE_BOUND('',#2349,.T.);
#2349=EDGE_LOOP('',(#3889,#3890,#3891,#3892));
#2350=SURFACE_OF_LINEAR_EXTRUSION('',#2351,#2352);
#2351=B_SPLINE_CURVE_WITH_KNOTS('',2,
(#3893,#3894,#3895),
.UNSPECIFIED.,.F.,.F.,
(3,3),
(0.,1.),
.UNSPECIFIED.);
#2352=VECTOR('',#2353,0.03);
#2353=DIRECTION('',(0.,0.,1.));
#2354=FACE_BOUND('',#2355,.T.);
#2355=EDGE_LOOP('',(#3896,#3897,#3898,#3899));
#2356=PLANE('',#2357);
#2357=AXIS2_PLACEMENT_3D('',#2358,#2359,#2360);
#2358=CARTESIAN_POINT('',(0.668222837829898,-0.360766666666667,0.99));
#2359=DIRECTION('',(0.,1.,0.));
#2360=DIRECTION('',(-1.,0.,0.));
#2361=FACE_BOUND('',#2362,.T.);
#2362=EDGE_LOOP('',(#3900,#3901,#3902,#3903));
#2363=SURFACE_OF_LINEAR_EXTRUSION('',#2364,#2365);
#2364=B_SPLINE_CURVE_WITH_KNOTS('',2,
(#3904,#3905,#3906),
.UNSPECIFIED.,.F.,.F.,
(3,3),
(0.,1.),
.UNSPECIFIED.);
#2365=VECTOR('',#2366,0.03);
#2366=DIRECTION('',(0.,0.,1.));
#2367=FACE_BOUND('',#2368,.T.);
#2368=EDGE_LOOP('',(#3907,#3908,#3909,#3910));
#2369=SURFACE_OF_LINEAR_EXTRUSION('',#2370,#2371);
#2370=B_SPLINE_CURVE_WITH_KNOTS('',2,
(#3911,#3912,#3913),
.UNSPECIFIED.,.F.,.F.,
(3,3),
(0.,1.),
.UNSPECIFIED.);
#2371=VECTOR('',#2372,0.03);
#2372=DIRECTION('',(0.,0.,1.));
#2373=FACE_BOUND('',#2374,.T.);
#2374=EDGE_LOOP('',(#3914,#3915,#3916,#3917));
#2375=PLANE('',#2376);
#2376=AXIS2_PLACEMENT_3D('',#2377,#2378,#2379);
#2377=CARTESIAN_POINT('',(0.48698323431015,-0.458827842882938,0.99));
#2378=DIRECTION('',(-1.,0.,0.));
#2379=DIRECTION('',(0.,-1.,0.));
#2380=FACE_BOUND('',#2381,.T.);
#2381=EDGE_LOOP('',(#3918,#3919,#3920,#3921));
#2382=SURFACE_OF_LINEAR_EXTRUSION('',#2383,#2384);
#2383=B_SPLINE_CURVE_WITH_KNOTS('',2,
(#3922,#3923,#3924),
.UNSPECIFIED.,.F.,.F.,
(3,3),
(0.,1.),
.UNSPECIFIED.);
#2384=VECTOR('',#2385,0.03);
#2385=DIRECTION('',(0.,0.,1.));
#2386=FACE_BOUND('',#2387,.T.);
#2387=EDGE_LOOP('',(#3925,#3926,#3927,#3928));
#2388=SURFACE_OF_LINEAR_EXTRUSION('',#2389,#2390);
#2389=B_SPLINE_CURVE_WITH_KNOTS('',2,
(#3929,#3930,#3931),
.UNSPECIFIED.,.F.,.F.,
(3,3),
(0.,1.),
.UNSPECIFIED.);
#2390=VECTOR('',#2391,0.03);
#2391=DIRECTION('',(0.,0.,1.));
#2392=FACE_BOUND('',#2393,.T.);
#2393=EDGE_LOOP('',(#3932,#3933,#3934,#3935));
#2394=PLANE('',#2395);
#2395=AXIS2_PLACEMENT_3D('',#2396,#2397,#2398);
#2396=CARTESIAN_POINT('',(0.607798601416785,-0.9492,0.99));
#2397=DIRECTION('',(0.,-1.,0.));
#2398=DIRECTION('',(1.,0.,0.));
#2399=FACE_BOUND('',#2400,.T.);
#2400=EDGE_LOOP('',(#3936,#3937,#3938,#3939));
#2401=SURFACE_OF_LINEAR_EXTRUSION('',#2402,#2403);
#2402=B_SPLINE_CURVE_WITH_KNOTS('',2,
(#3940,#3941,#3942),
.UNSPECIFIED.,.F.,.F.,
(3,3),
(0.,1.),
.UNSPECIFIED.);
#2403=VECTOR('',#2404,0.03);
#2404=DIRECTION('',(0.,0.,1.));
#2405=FACE_BOUND('',#2406,.T.);
#2406=EDGE_LOOP('',(#3943,#3944,#3945,#3946));
#2407=SURFACE_OF_LINEAR_EXTRUSION('',#2408,#2409);
#2408=B_SPLINE_CURVE_WITH_KNOTS('',2,
(#3947,#3948,#3949),
.UNSPECIFIED.,.F.,.F.,
(3,3),
(0.,1.),
.UNSPECIFIED.);
#2409=VECTOR('',#2410,0.03);
#2410=DIRECTION('',(0.,0.,1.));
#2411=FACE_BOUND('',#2412,.T.);
#2412=EDGE_LOOP('',(#3950,#3951,#3952,#3953));
#2413=PLANE('',#2414);
#2414=AXIS2_PLACEMENT_3D('',#2415,#2416,#2417);
#2415=CARTESIAN_POINT('',(0.789666567643484,-0.851138791485466,0.99));
#2416=DIRECTION('',(1.,0.,0.));
#2417=DIRECTION('',(0.,1.,0.));
#2418=FACE_BOUND('',#2419,.T.);
#2419=EDGE_LOOP('',(#3954,#3955,#3956,#3957));
#2420=PLANE('',#2421);
#2421=AXIS2_PLACEMENT_3D('',#2422,#2423,#2424);
#2422=CARTESIAN_POINT('',(-0.154366707356771,-0.442820565346761,0.99));
#2423=DIRECTION('',(0.981977372264155,0.188998519468235,0.));
#2424=DIRECTION('',(-0.188998519468235,0.981977372264155,0.));
#2425=FACE_BOUND('',#2426,.T.);
#2426=EDGE_LOOP('',(#3958,#3959,#3960,#3961));
#2427=SURFACE_OF_LINEAR_EXTRUSION('',#2428,#2429);
#2428=B_SPLINE_CURVE_WITH_KNOTS('',2,
(#3962,#3963,#3964),
.UNSPECIFIED.,.F.,.F.,
(3,3),
(0.,1.),
.UNSPECIFIED.);
#2429=VECTOR('',#2430,0.03);
#2430=DIRECTION('',(0.,0.,1.));
#2431=FACE_BOUND('',#2432,.T.);
#2432=EDGE_LOOP('',(#3965,#3966,#3967,#3968));
#2433=PLANE('',#2434);
#2434=AXIS2_PLACEMENT_3D('',#2435,#2436,#2437);
#2435=CARTESIAN_POINT('',(-0.517705758754243,-1.,0.99));
#2436=DIRECTION('',(0.,-1.,0.));
#2437=DIRECTION('',(1.,0.,0.));
#2438=FACE_BOUND('',#2439,.T.);
#2439=EDGE_LOOP('',(#3969,#3970,#3971,#3972));
#2440=SURFACE_OF_LINEAR_EXTRUSION('',#2441,#2442);
#2441=B_SPLINE_CURVE_WITH_KNOTS('',2,
(#3973,#3974,#3975),
.UNSPECIFIED.,.F.,.F.,
(3,3),
(0.,1.),
.UNSPECIFIED.);
#2442=VECTOR('',#2443,0.03);
#2443=DIRECTION('',(0.,0.,1.));
#2444=FACE_BOUND('',#2445,.T.);
#2445=EDGE_LOOP('',(#3976,#3977,#3978,#3979));
#2446=SURFACE_OF_LINEAR_EXTRUSION('',#2447,#2448);
#2447=B_SPLINE_CURVE_WITH_KNOTS('',2,
(#3980,#3981,#3982),
.UNSPECIFIED.,.F.,.F.,
(3,3),
(0.,1.),
.UNSPECIFIED.);
#2448=VECTOR('',#2449,0.03);
#2449=DIRECTION('',(0.,0.,1.));
#2450=FACE_BOUND('',#2451,.T.);
#2451=EDGE_LOOP('',(#3983,#3984,#3985,#3986));
#2452=PLANE('',#2453);
#2453=AXIS2_PLACEMENT_3D('',#2454,#2455,#2456);
#2454=CARTESIAN_POINT('',(-0.122616707356771,-0.852362475776303,0.99));
#2455=DIRECTION('',(1.,0.,0.));
#2456=DIRECTION('',(0.,1.,0.));
#2457=FACE_BOUND('',#2458,.T.);
#2458=EDGE_LOOP('',(#3987,#3988,#3989,#3990));
#2459=SURFACE_OF_LINEAR_EXTRUSION('',#2460,#2461);
#2460=B_SPLINE_CURVE_WITH_KNOTS('',2,
(#3991,#3992,#3993),
.UNSPECIFIED.,.F.,.F.,
(3,3),
(0.,1.),
.UNSPECIFIED.);
#2461=VECTOR('',#2462,0.03);
#2462=DIRECTION('',(0.,0.,1.));
#2463=FACE_BOUND('',#2464,.T.);
#2464=EDGE_LOOP('',(#3994,#3995,#3996,#3997));
#2465=SURFACE_OF_LINEAR_EXTRUSION('',#2466,#2467);
#2466=B_SPLINE_CURVE_WITH_KNOTS('',2,
(#3998,#3999,#4000),
.UNSPECIFIED.,.F.,.F.,
(3,3),
(0.,1.),
.UNSPECIFIED.);
#2467=VECTOR('',#2468,0.03);
#2468=DIRECTION('',(0.,0.,1.));
#2469=FACE_BOUND('',#2470,.T.);
#2470=EDGE_LOOP('',(#4001,#4002,#4003,#4004));
#2471=SURFACE_OF_LINEAR_EXTRUSION('',#2472,#2473);
#2472=B_SPLINE_CURVE_WITH_KNOTS('',2,
(#4005,#4006,#4007),
.UNSPECIFIED.,.F.,.F.,
(3,3),
(0.,1.),
.UNSPECIFIED.);
#2473=VECTOR('',#2474,0.03);
#2474=DIRECTION('',(0.,0.,1.));
#2475=FACE_BOUND('',#2476,.T.);
#2476=EDGE_LOOP('',(#4008,#4009,#4010,#4011));
#2477=SURFACE_OF_LINEAR_EXTRUSION('',#2478,#2479);
#2478=B_SPLINE_CURVE_WITH_KNOTS('',2,
(#4012,#4013,#4014),
.UNSPECIFIED.,.F.,.F.,
(3,3),
(0.,1.),
.UNSPECIFIED.);
#2479=VECTOR('',#2480,0.03);
#2480=DIRECTION('',(0.,0.,1.));
#2481=FACE_BOUND('',#2482,.T.);
#2482=EDGE_LOOP('',(#4015,#4016,#4017,#4018));
#2483=PLANE('',#2484);
#2484=AXIS2_PLACEMENT_3D('',#2485,#2486,#2487);
#2485=CARTESIAN_POINT('',(-0.154366707356771,-0.507511176216271,0.99));
#2486=DIRECTION('',(1.,0.,0.));
#2487=DIRECTION('',(0.,1.,0.));
#2488=FACE_BOUND('',#2489,.T.);
#2489=EDGE_LOOP('',(#4019,#4020,#4021,#4022));
#2490=PLANE('',#2491);
#2491=AXIS2_PLACEMENT_3D('',#2492,#2493,#2494);
#2492=CARTESIAN_POINT('',(-0.157409397522331,-0.427011696040284,0.99));
#2493=DIRECTION('',(0.944544926984995,0.328382217708131,0.));
#2494=DIRECTION('',(-0.328382217708131,0.944544926984995,0.));
#2495=FACE_BOUND('',#2496,.T.);
#2496=EDGE_LOOP('',(#4023,#4024,#4025,#4026));
#2497=SURFACE_OF_LINEAR_EXTRUSION('',#2498,#2499);
#2498=B_SPLINE_CURVE_WITH_KNOTS('',2,
(#4027,#4028,#4029),
.UNSPECIFIED.,.F.,.F.,
(3,3),
(0.,1.),
.UNSPECIFIED.);
#2499=VECTOR('',#2500,0.03);
#2500=DIRECTION('',(0.,0.,1.));
#2501=FACE_BOUND('',#2502,.T.);
#2502=EDGE_LOOP('',(#4030,#4031,#4032,#4033));
#2503=SURFACE_OF_LINEAR_EXTRUSION('',#2504,#2505);
#2504=B_SPLINE_CURVE_WITH_KNOTS('',2,
(#4034,#4035,#4036),
.UNSPECIFIED.,.F.,.F.,
(3,3),
(0.,1.),
.UNSPECIFIED.);
#2505=VECTOR('',#2506,0.03);
#2506=DIRECTION('',(0.,0.,1.));
#2507=FACE_BOUND('',#2508,.T.);
#2508=EDGE_LOOP('',(#4037,#4038,#4039,#4040));
#2509=PLANE('',#2510);
#2510=AXIS2_PLACEMENT_3D('',#2511,#2512,#2513);
#2511=CARTESIAN_POINT('',(-0.335407838050293,-0.309966666666667,0.99));
#2512=DIRECTION('',(0.,1.,0.));
#2513=DIRECTION('',(-1.,0.,0.));
#2514=FACE_BOUND('',#2515,.T.);
#2515=EDGE_LOOP('',(#4041,#4042,#4043,#4044));
#2516=SURFACE_OF_LINEAR_EXTRUSION('',#2517,#2518);
#2517=B_SPLINE_CURVE_WITH_KNOTS('',2,
(#4045,#4046,#4047),
.UNSPECIFIED.,.F.,.F.,
(3,3),
(0.,1.),
.UNSPECIFIED.);
#2518=VECTOR('',#2519,0.03);
#2519=DIRECTION('',(0.,0.,1.));
#2520=FACE_BOUND('',#2521,.T.);
#2521=EDGE_LOOP('',(#4048,#4049,#4050,#4051));
#2522=PLANE('',#2523);
#2523=AXIS2_PLACEMENT_3D('',#2524,#2525,#2526);
#2524=CARTESIAN_POINT('',(-0.548066707356771,-0.334605977976145,0.99));
#2525=DIRECTION('',(-1.,0.,0.));
#2526=DIRECTION('',(0.,-1.,0.));
#2527=FACE_BOUND('',#2528,.T.);
#2528=EDGE_LOOP('',(#4052,#4053,#4054,#4055));
#2529=SURFACE_OF_LINEAR_EXTRUSION('',#2530,#2531);
#2530=B_SPLINE_CURVE_WITH_KNOTS('',2,
(#4056,#4057,#4058),
.UNSPECIFIED.,.F.,.F.,
(3,3),
(0.,1.),
.UNSPECIFIED.);
#2531=VECTOR('',#2532,0.03);
#2532=DIRECTION('',(0.,0.,1.));
#2533=FACE_BOUND('',#2534,.T.);
#2534=EDGE_LOOP('',(#4059,#4060,#4061,#4062));
#2535=SURFACE_OF_LINEAR_EXTRUSION('',#2536,#2537);
#2536=B_SPLINE_CURVE_WITH_KNOTS('',2,
(#4063,#4064,#4065),
.UNSPECIFIED.,.F.,.F.,
(3,3),
(0.,1.),
.UNSPECIFIED.);
#2537=VECTOR('',#2538,0.03);
#2538=DIRECTION('',(0.,0.,1.));
#2539=FACE_BOUND('',#2540,.T.);
#2540=EDGE_LOOP('',(#4066,#4067,#4068,#4069));
#2541=PLANE('',#2542);
#2542=AXIS2_PLACEMENT_3D('',#2543,#2544,#2545);
#2543=CARTESIAN_POINT('',(-0.184000040690104,-0.851667966226698,0.99));
#2544=DIRECTION('',(1.,0.,0.));
#2545=DIRECTION('',(0.,1.,0.));
#2546=FACE_BOUND('',#2547,.T.);
#2547=EDGE_LOOP('',(#4070,#4071,#4072,#4073));
#2548=SURFACE_OF_LINEAR_EXTRUSION('',#2549,#2550);
#2549=B_SPLINE_CURVE_WITH_KNOTS('',2,
(#4074,#4075,#4076),
.UNSPECIFIED.,.F.,.F.,
(3,3),
(0.,1.),
.UNSPECIFIED.);
#2550=VECTOR('',#2551,0.03);
#2551=DIRECTION('',(0.,0.,1.));
#2552=FACE_BOUND('',#2553,.T.);
#2553=EDGE_LOOP('',(#4077,#4078,#4079,#4080));
#2554=SURFACE_OF_LINEAR_EXTRUSION('',#2555,#2556);
#2555=B_SPLINE_CURVE_WITH_KNOTS('',2,
(#4081,#4082,#4083),
.UNSPECIFIED.,.F.,.F.,
(3,3),
(0.,1.),
.UNSPECIFIED.);
#2556=VECTOR('',#2557,0.03);
#2557=DIRECTION('',(0.,0.,1.));
#2558=FACE_BOUND('',#2559,.T.);
#2559=EDGE_LOOP('',(#4084,#4085,#4086,#4087));
#2560=PLANE('',#2561);
#2561=AXIS2_PLACEMENT_3D('',#2562,#2563,#2564);
#2562=CARTESIAN_POINT('',(-0.30544377050369,-0.6571,0.99));
#2563=DIRECTION('',(0.,1.,0.));
#2564=DIRECTION('',(-1.,0.,0.));
#2565=FACE_BOUND('',#2566,.T.);
#2566=EDGE_LOOP('',(#4088,#4089,#4090,#4091));
#2567=PLANE('',#2568);
#2568=AXIS2_PLACEMENT_3D('',#2569,#2570,#2571);
#2569=CARTESIAN_POINT('',(-0.486683374023437,-0.6571,0.99));
#2570=DIRECTION('',(-1.,0.,0.));
#2571=DIRECTION('',(0.,-1.,0.));
#2572=FACE_BOUND('',#2573,.T.);
#2573=EDGE_LOOP('',(#4092,#4093,#4094,#4095));
#2574=PLANE('',#2575);
#2575=AXIS2_PLACEMENT_3D('',#2576,#2577,#2578);
#2576=CARTESIAN_POINT('',(-0.486683374023437,-0.9492,0.99));
#2577=DIRECTION('',(0.,-1.,0.));
#2578=DIRECTION('',(1.,0.,0.));
#2579=FACE_BOUND('',#2580,.T.);
#2580=EDGE_LOOP('',(#4096,#4097,#4098,#4099));
#2581=SURFACE_OF_LINEAR_EXTRUSION('',#2582,#2583);
#2582=B_SPLINE_CURVE_WITH_KNOTS('',2,
(#4100,#4101,#4102),
.UNSPECIFIED.,.F.,.F.,
(3,3),
(0.,1.),
.UNSPECIFIED.);
#2583=VECTOR('',#2584,0.03);
#2584=DIRECTION('',(0.,0.,1.));
#2585=FACE_BOUND('',#2586,.T.);
#2586=EDGE_LOOP('',(#4103,#4104,#4105,#4106));
#2587=SURFACE_OF_LINEAR_EXTRUSION('',#2588,#2589);
#2588=B_SPLINE_CURVE_WITH_KNOTS('',2,
(#4107,#4108,#4109),
.UNSPECIFIED.,.F.,.F.,
(3,3),
(0.,1.),
.UNSPECIFIED.);
#2589=VECTOR('',#2590,0.03);
#2590=DIRECTION('',(0.,0.,1.));
#2591=FACE_BOUND('',#2592,.T.);
#2592=EDGE_LOOP('',(#4110,#4111,#4112,#4113));
#2593=PLANE('',#2594);
#2594=AXIS2_PLACEMENT_3D('',#2595,#2596,#2597);
#2595=CARTESIAN_POINT('',(-0.215750040690104,-0.507808837008214,0.99));
#2596=DIRECTION('',(1.,0.,0.));
#2597=DIRECTION('',(0.,1.,0.));
#2598=FACE_BOUND('',#2599,.T.);
#2599=EDGE_LOOP('',(#4114,#4115,#4116,#4117));
#2600=SURFACE_OF_LINEAR_EXTRUSION('',#2601,#2602);
#2601=B_SPLINE_CURVE_WITH_KNOTS('',2,
(#4118,#4119,#4120),
.UNSPECIFIED.,.F.,.F.,
(3,3),
(0.,1.),
.UNSPECIFIED.);
#2602=VECTOR('',#2603,0.03);
#2603=DIRECTION('',(0.,0.,1.));
#2604=FACE_BOUND('',#2605,.T.);
#2605=EDGE_LOOP('',(#4121,#4122,#4123,#4124));
#2606=SURFACE_OF_LINEAR_EXTRUSION('',#2607,#2608);
#2607=B_SPLINE_CURVE_WITH_KNOTS('',2,
(#4125,#4126,#4127),
.UNSPECIFIED.,.F.,.F.,
(3,3),
(0.,1.),
.UNSPECIFIED.);
#2608=VECTOR('',#2609,0.03);
#2609=DIRECTION('',(0.,0.,1.));
#2610=FACE_BOUND('',#2611,.T.);
#2611=EDGE_LOOP('',(#4128,#4129,#4130,#4131));
#2612=PLANE('',#2613);
#2613=AXIS2_PLACEMENT_3D('',#2614,#2615,#2616);
#2614=CARTESIAN_POINT('',(-0.336168526740815,-0.360766666666667,0.99));
#2615=DIRECTION('',(0.,1.,0.));
#2616=DIRECTION('',(-1.,0.,0.));
#2617=FACE_BOUND('',#2618,.T.);
#2618=EDGE_LOOP('',(#4132,#4133,#4134,#4135));
#2619=PLANE('',#2620);
#2620=AXIS2_PLACEMENT_3D('',#2621,#2622,#2623);
#2621=CARTESIAN_POINT('',(-0.486683374023437,-0.360766666666667,0.99));
#2622=DIRECTION('',(-1.,0.,0.));
#2623=DIRECTION('',(0.,-1.,0.));
#2624=FACE_BOUND('',#2625,.T.);
#2625=EDGE_LOOP('',(#4136,#4137,#4138,#4139));
#2626=PLANE('',#2627);
#2627=AXIS2_PLACEMENT_3D('',#2628,#2629,#2630);
#2628=CARTESIAN_POINT('',(-0.486683374023437,-0.6063,0.99));
#2629=DIRECTION('',(0.,-1.,0.));
#2630=DIRECTION('',(1.,0.,0.));
#2631=FACE_BOUND('',#2632,.T.);
#2632=EDGE_LOOP('',(#4140,#4141,#4142,#4143));
#2633=SURFACE_OF_LINEAR_EXTRUSION('',#2634,#2635);
#2634=B_SPLINE_CURVE_WITH_KNOTS('',2,
(#4144,#4145,#4146),
.UNSPECIFIED.,.F.,.F.,
(3,3),
(0.,1.),
.UNSPECIFIED.);
#2635=VECTOR('',#2636,0.03);
#2636=DIRECTION('',(0.,0.,1.));
#2637=FACE_BOUND('',#2638,.T.);
#2638=EDGE_LOOP('',(#4147,#4148,#4149,#4150));
#2639=SURFACE_OF_LINEAR_EXTRUSION('',#2640,#2641);
#2640=B_SPLINE_CURVE_WITH_KNOTS('',2,
(#4151,#4152,#4153),
.UNSPECIFIED.,.F.,.F.,
(3,3),
(0.,1.),
.UNSPECIFIED.);
#2641=VECTOR('',#2642,0.03);
#2642=DIRECTION('',(0.,0.,1.));
#2643=FACE_BOUND('',#2644,.T.);
#2644=EDGE_LOOP('',(#4154,#4155,#4156,#4157));
#2645=SURFACE_OF_LINEAR_EXTRUSION('',#2646,#2647);
#2646=B_SPLINE_CURVE_WITH_KNOTS('',2,
(#4158,#4159,#4160),
.UNSPECIFIED.,.F.,.F.,
(3,3),
(0.,1.),
.UNSPECIFIED.);
#2647=VECTOR('',#2648,0.03);
#2648=DIRECTION('',(0.,0.,1.));
#2649=FACE_BOUND('',#2650,.T.);
#2650=EDGE_LOOP('',(#4161,#4162,#4163,#4164));
#2651=SURFACE_OF_LINEAR_EXTRUSION('',#2652,#2653);
#2652=B_SPLINE_CURVE_WITH_KNOTS('',2,
(#4165,#4166,#4167),
.UNSPECIFIED.,.F.,.F.,
(3,3),
(0.,1.),
.UNSPECIFIED.);
#2653=VECTOR('',#2654,0.03);
#2654=DIRECTION('',(0.,0.,1.));
#2655=FACE_BOUND('',#2656,.T.);
#2656=EDGE_LOOP('',(#4168,#4169,#4170,#4171));
#2657=PLANE('',#2658);
#2658=AXIS2_PLACEMENT_3D('',#2659,#2660,#2661);
#2659=CARTESIAN_POINT('',(1.18971653847694,-0.653924983850868,0.99));
#2660=DIRECTION('',(0.834006958624371,-0.55175392428702,0.));
#2661=DIRECTION('',(0.55175392428702,0.834006958624371,0.));
#2662=FACE_BOUND('',#2663,.T.);
#2663=EDGE_LOOP('',(#4172,#4173,#4174,#4175));
#2664=PLANE('',#2665);
#2665=AXIS2_PLACEMENT_3D('',#2666,#2667,#2668);
#2666=CARTESIAN_POINT('',(1.39291653847694,-0.962958317184202,0.99));
#2667=DIRECTION('',(0.835555358885543,0.549406263376795,0.));
#2668=DIRECTION('',(-0.549406263376795,0.835555358885543,0.));
#2669=FACE_BOUND('',#2670,.T.);
#2670=EDGE_LOOP('',(#4176,#4177,#4178,#4179));
#2671=SURFACE_OF_LINEAR_EXTRUSION('',#2672,#2673);
#2672=B_SPLINE_CURVE_WITH_KNOTS('',2,
(#4180,#4181,#4182),
.UNSPECIFIED.,.F.,.F.,
(3,3),
(0.,1.),
.UNSPECIFIED.);
#2673=VECTOR('',#2674,0.03);
#2674=DIRECTION('',(0.,0.,1.));
#2675=FACE_BOUND('',#2676,.T.);
#2676=EDGE_LOOP('',(#4183,#4184,#4185,#4186));
#2677=SURFACE_OF_LINEAR_EXTRUSION('',#2678,#2679);
#2678=B_SPLINE_CURVE_WITH_KNOTS('',2,
(#4187,#4188,#4189),
.UNSPECIFIED.,.F.,.F.,
(3,3),
(0.,1.),
.UNSPECIFIED.);
#2679=VECTOR('',#2680,0.03);
#2680=DIRECTION('',(0.,0.,1.));
#2681=FACE_BOUND('',#2682,.T.);
#2682=EDGE_LOOP('',(#4190,#4191,#4192,#4193));
#2683=SURFACE_OF_LINEAR_EXTRUSION('',#2684,#2685);
#2684=B_SPLINE_CURVE_WITH_KNOTS('',2,
(#4194,#4195,#4196),
.UNSPECIFIED.,.F.,.F.,
(3,3),
(0.,1.),
.UNSPECIFIED.);
#2685=VECTOR('',#2686,0.03);
#2686=DIRECTION('',(0.,0.,1.));
#2687=FACE_BOUND('',#2688,.T.);
#2688=EDGE_LOOP('',(#4197,#4198,#4199,#4200));
#2689=SURFACE_OF_LINEAR_EXTRUSION('',#2690,#2691);
#2690=B_SPLINE_CURVE_WITH_KNOTS('',2,
(#4201,#4202,#4203),
.UNSPECIFIED.,.F.,.F.,
(3,3),
(0.,1.),
.UNSPECIFIED.);
#2691=VECTOR('',#2692,0.03);
#2692=DIRECTION('',(0.,0.,1.));
#2693=FACE_BOUND('',#2694,.T.);
#2694=EDGE_LOOP('',(#4204,#4205,#4206,#4207));
#2695=PLANE('',#2696);
#2696=AXIS2_PLACEMENT_3D('',#2697,#2698,#2699);
#2697=CARTESIAN_POINT('',(1.15479155462608,-0.705783333333333,0.99));
#2698=DIRECTION('',(-0.835184061049058,-0.549970530273762,0.));
#2699=DIRECTION('',(0.549970530273762,-0.835184061049058,0.));
#2700=FACE_BOUND('',#2701,.T.);
#2701=EDGE_LOOP('',(#4208,#4209,#4210,#4211));
#2702=PLANE('',#2703);
#2703=AXIS2_PLACEMENT_3D('',#2704,#2705,#2706);
#2704=CARTESIAN_POINT('',(0.969847792514227,-0.98663853157346,0.99));
#2705=DIRECTION('',(0.835184061049059,-0.549970530273761,0.));
#2706=DIRECTION('',(0.549970530273761,0.835184061049059,0.));
#2707=FACE_BOUND('',#2708,.T.);
#2708=EDGE_LOOP('',(#4212,#4213,#4214,#4215));
#2709=SURFACE_OF_LINEAR_EXTRUSION('',#2710,#2711);
#2710=B_SPLINE_CURVE_WITH_KNOTS('',2,
(#4216,#4217,#4218),
.UNSPECIFIED.,.F.,.F.,
(3,3),
(0.,1.),
.UNSPECIFIED.);
#2711=VECTOR('',#2712,0.03);
#2712=DIRECTION('',(0.,0.,1.));
#2713=FACE_BOUND('',#2714,.T.);
#2714=EDGE_LOOP('',(#4219,#4220,#4221,#4222));
#2715=SURFACE_OF_LINEAR_EXTRUSION('',#2716,#2717);
#2716=B_SPLINE_CURVE_WITH_KNOTS('',2,
(#4223,#4224,#4225),
.UNSPECIFIED.,.F.,.F.,
(3,3),
(0.,1.),
.UNSPECIFIED.);
#2717=VECTOR('',#2718,0.03);
#2718=DIRECTION('',(0.,0.,1.));
#2719=FACE_BOUND('',#2720,.T.);
#2720=EDGE_LOOP('',(#4226,#4227,#4228,#4229));
#2721=SURFACE_OF_LINEAR_EXTRUSION('',#2722,#2723);
#2722=B_SPLINE_CURVE_WITH_KNOTS('',2,
(#4230,#4231,#4232),
.UNSPECIFIED.,.F.,.F.,
(3,3),
(0.,1.),
.UNSPECIFIED.);
#2723=VECTOR('',#2724,0.03);
#2724=DIRECTION('',(0.,0.,1.));
#2725=FACE_BOUND('',#2726,.T.);
#2726=EDGE_LOOP('',(#4233,#4234,#4235,#4236));
#2727=SURFACE_OF_LINEAR_EXTRUSION('',#2728,#2729);
#2728=B_SPLINE_CURVE_WITH_KNOTS('',2,
(#4237,#4238,#4239),
.UNSPECIFIED.,.F.,.F.,
(3,3),
(0.,1.),
.UNSPECIFIED.);
#2729=VECTOR('',#2730,0.03);
#2730=DIRECTION('',(0.,0.,1.));
#2731=FACE_BOUND('',#2732,.T.);
#2732=EDGE_LOOP('',(#4240,#4241,#4242,#4243));
#2733=PLANE('',#2734);
#2734=AXIS2_PLACEMENT_3D('',#2735,#2736,#2737);
#2735=CARTESIAN_POINT('',(1.11986653847694,-0.654983333333333,0.99));
#2736=DIRECTION('',(-0.834797203187456,0.550557562431397,0.));
#2737=DIRECTION('',(-0.550557562431397,-0.834797203187456,0.));
#2738=FACE_BOUND('',#2739,.T.);
#2739=EDGE_LOOP('',(#4244,#4245,#4246,#4247));
#2740=PLANE('',#2741);
#2741=AXIS2_PLACEMENT_3D('',#2742,#2743,#2744);
#2742=CARTESIAN_POINT('',(0.916666538476944,-0.346876023498894,0.99));
#2743=DIRECTION('',(-0.834797229712958,-0.550557522211413,0.));
#2744=DIRECTION('',(0.550557522211413,-0.834797229712958,0.));
#2745=FACE_BOUND('',#2746,.T.);
#2746=EDGE_LOOP('',(#4248,#4249,#4250,#4251));
#2747=PLANE('',#2748);
#2748=AXIS2_PLACEMENT_3D('',#2749,#2750,#2751);
#2749=CARTESIAN_POINT('',(0.912433205143611,-0.334076803234913,0.99));
#2750=DIRECTION('',(-0.949416721703607,-0.3140189302408,0.));
#2751=DIRECTION('',(0.3140189302408,-0.949416721703607,0.));
#2752=FACE_BOUND('',#2753,.T.);
#2753=EDGE_LOOP('',(#4252,#4253,#4254,#4255));
#2754=SURFACE_OF_LINEAR_EXTRUSION('',#2755,#2756);
#2755=B_SPLINE_CURVE_WITH_KNOTS('',2,
(#4256,#4257,#4258),
.UNSPECIFIED.,.F.,.F.,
(3,3),
(0.,1.),
.UNSPECIFIED.);
#2756=VECTOR('',#2757,0.03);
#2757=DIRECTION('',(0.,0.,1.));
#2758=FACE_BOUND('',#2759,.T.);
#2759=EDGE_LOOP('',(#4259,#4260,#4261,#4262));
#2760=SURFACE_OF_LINEAR_EXTRUSION('',#2761,#2762);
#2761=B_SPLINE_CURVE_WITH_KNOTS('',2,
(#4263,#4264,#4265),
.UNSPECIFIED.,.F.,.F.,
(3,3),
(0.,1.),
.UNSPECIFIED.);
#2762=VECTOR('',#2763,0.03);
#2763=DIRECTION('',(0.,0.,1.));
#2764=FACE_BOUND('',#2765,.T.);
#2765=EDGE_LOOP('',(#4266,#4267,#4268,#4269));
#2766=SURFACE_OF_LINEAR_EXTRUSION('',#2767,#2768);
#2767=B_SPLINE_CURVE_WITH_KNOTS('',2,
(#4270,#4271,#4272),
.UNSPECIFIED.,.F.,.F.,
(3,3),
(0.,1.),
.UNSPECIFIED.);
#2768=VECTOR('',#2769,0.03);
#2769=DIRECTION('',(0.,0.,1.));
#2770=FACE_BOUND('',#2771,.T.);
#2771=EDGE_LOOP('',(#4273,#4274,#4275,#4276));
#2772=PLANE('',#2773);
#2773=AXIS2_PLACEMENT_3D('',#2774,#2775,#2776);
#2774=CARTESIAN_POINT('',(1.15479155462608,-0.602066666666667,0.99));
#2775=DIRECTION('',(0.833355772147227,0.552736969117227,0.));
#2776=DIRECTION('',(-0.552736969117227,0.833355772147227,0.));
#2777=FACE_BOUND('',#2778,.T.);
#2778=EDGE_LOOP('',(#4277,#4278,#4279,#4280));
#2779=PLANE('',#2780);
#2780=AXIS2_PLACEMENT_3D('',#2781,#2782,#2783);
#2781=CARTESIAN_POINT('',(1.33973531673792,-0.323228882530963,0.99));
#2782=DIRECTION('',(-0.833355772147227,0.552736969117228,0.));
#2783=DIRECTION('',(-0.552736969117228,-0.833355772147227,0.));
#2784=FACE_BOUND('',#2785,.T.);
#2785=EDGE_LOOP('',(#4281,#4282,#4283,#4284));
#2786=CYLINDRICAL_SURFACE('',#2787,0.0518384067163807);
#2787=AXIS2_PLACEMENT_3D('',#2788,#2789,#2790);
#2788=CARTESIAN_POINT('',(1.65,-2.62407950006336,0.99));
#2789=DIRECTION('',(0.,0.,1.));
#2790=DIRECTION('',(0.964535817498425,0.263951997080238,0.));
#2791=FACE_BOUND('',#2792,.T.);
#2792=EDGE_LOOP('',(#4285,#4286,#4287,#4288));
#2793=CYLINDRICAL_SURFACE('',#2794,0.138040367199877);
#2794=AXIS2_PLACEMENT_3D('',#2795,#2796,#2797);
#2795=CARTESIAN_POINT('',(1.83632676401228,-2.63207973905441,0.99));
#2796=DIRECTION('',(0.,0.,-1.));
#2797=DIRECTION('',(0.823478220853501,-0.567347882502396,0.));
#2798=FACE_BOUND('',#2799,.T.);
#2799=EDGE_LOOP('',(#4289,#4290,#4291,#4292));
#2800=CYLINDRICAL_SURFACE('',#2801,0.236825223110263);
#2801=AXIS2_PLACEMENT_3D('',#2802,#2803,#2804);
#2802=CARTESIAN_POINT('',(2.16319534229268,-2.81351760876807,0.99));
#2803=DIRECTION('',(0.,0.,1.));
#2804=DIRECTION('',(0.999913162108882,0.0131783246816898,0.));
#2805=FACE_BOUND('',#2806,.T.);
#2806=EDGE_LOOP('',(#4293,#4294,#4295,#4296));
#2807=CYLINDRICAL_SURFACE('',#2808,0.0501877130607487);
#2808=AXIS2_PLACEMENT_3D('',#2809,#2810,#2811);
#2809=CARTESIAN_POINT('',(2.35,-2.80605999804219,0.99));
#2810=DIRECTION('',(0.,0.,1.));
#2811=DIRECTION('',(-0.996259780545856,-0.0864086203264673,0.));
#2812=FACE_BOUND('',#2813,.T.);
#2813=EDGE_LOOP('',(#4297,#4298,#4299,#4300));
#2814=CYLINDRICAL_SURFACE('',#2815,0.143078310896463);
#2815=AXIS2_PLACEMENT_3D('',#2816,#2817,#2818);
#2816=CARTESIAN_POINT('',(2.15700995275548,-2.80537176719641,0.99));
#2817=DIRECTION('',(0.,0.,-1.));
#2818=DIRECTION('',(-0.747911770030043,0.663798150231325,0.));
#2819=FACE_BOUND('',#2820,.T.);
#2820=EDGE_LOOP('',(#4301,#4302,#4303,#4304));
#2821=CYLINDRICAL_SURFACE('',#2822,0.234505172184432);
#2822=AXIS2_PLACEMENT_3D('',#2823,#2824,#2825);
#2823=CARTESIAN_POINT('',(1.834375,-2.61820914908511,0.99));
#2824=DIRECTION('',(0.,0.,1.));
#2825=DIRECTION('',(-0.999444906979154,0.0333148302326404,0.));
#2826=FACE_BOUND('',#2827,.T.);
#2827=EDGE_LOOP('',(#4305,#4306,#4307,#4308));
#2828=CYLINDRICAL_SURFACE('',#2829,0.0518384067163807);
#2829=AXIS2_PLACEMENT_3D('',#2830,#2831,#2832);
#2830=CARTESIAN_POINT('',(-2.35,-2.62407950006336,0.99));
#2831=DIRECTION('',(0.,0.,1.));
#2832=DIRECTION('',(0.964535817498425,0.263951997080237,0.));
#2833=FACE_BOUND('',#2834,.T.);
#2834=EDGE_LOOP('',(#4309,#4310,#4311,#4312));
#2835=CYLINDRICAL_SURFACE('',#2836,0.138040367199877);
#2836=AXIS2_PLACEMENT_3D('',#2837,#2838,#2839);
#2837=CARTESIAN_POINT('',(-2.16367323598772,-2.63207973905441,0.99));
#2838=DIRECTION('',(0.,0.,-1.));
#2839=DIRECTION('',(0.823478220853501,-0.567347882502396,0.));
#2840=FACE_BOUND('',#2841,.T.);
#2841=EDGE_LOOP('',(#4313,#4314,#4315,#4316));
#2842=CYLINDRICAL_SURFACE('',#2843,0.236825223110263);
#2843=AXIS2_PLACEMENT_3D('',#2844,#2845,#2846);
#2844=CARTESIAN_POINT('',(-1.83680465770733,-2.81351760876807,0.99));
#2845=DIRECTION('',(0.,0.,1.));
#2846=DIRECTION('',(0.999913162108882,0.0131783246816898,0.));
#2847=FACE_BOUND('',#2848,.T.);
#2848=EDGE_LOOP('',(#4317,#4318,#4319,#4320));
#2849=CYLINDRICAL_SURFACE('',#2850,0.0501877130607487);
#2850=AXIS2_PLACEMENT_3D('',#2851,#2852,#2853);
#2851=CARTESIAN_POINT('',(-1.65,-2.80605999804219,0.99));
#2852=DIRECTION('',(0.,0.,1.));
#2853=DIRECTION('',(-0.996259780545856,-0.0864086203264673,0.));
#2854=FACE_BOUND('',#2855,.T.);
#2855=EDGE_LOOP('',(#4321,#4322,#4323,#4324));
#2856=CYLINDRICAL_SURFACE('',#2857,0.143078310896463);
#2857=AXIS2_PLACEMENT_3D('',#2858,#2859,#2860);
#2858=CARTESIAN_POINT('',(-1.84299004724452,-2.80537176719641,0.99));
#2859=DIRECTION('',(0.,0.,-1.));
#2860=DIRECTION('',(-0.747911770030043,0.663798150231325,0.));
#2861=FACE_BOUND('',#2862,.T.);
#2862=EDGE_LOOP('',(#4325,#4326,#4327,#4328));
#2863=CYLINDRICAL_SURFACE('',#2864,0.234505172184432);
#2864=AXIS2_PLACEMENT_3D('',#2865,#2866,#2867);
#2865=CARTESIAN_POINT('',(-2.165625,-2.61820914908511,0.99));
#2866=DIRECTION('',(0.,0.,1.));
#2867=DIRECTION('',(-0.999444906979154,0.0333148302326404,0.));
#2868=FACE_BOUND('',#2869,.T.);
#2869=EDGE_LOOP('',(#4329,#4330,#4331,#4332));
#2870=SURFACE_OF_LINEAR_EXTRUSION('',#2871,#2872);
#2871=B_SPLINE_CURVE_WITH_KNOTS('',2,
(#4333,#4334,#4335),
.UNSPECIFIED.,.F.,.F.,
(3,3),
(0.,1.),
.UNSPECIFIED.);
#2872=VECTOR('',#2873,0.03);
#2873=DIRECTION('',(0.,0.,1.));
#2874=FACE_BOUND('',#2875,.T.);
#2875=EDGE_LOOP('',(#4336,#4337,#4338,#4339));
#2876=SURFACE_OF_LINEAR_EXTRUSION('',#2877,#2878);
#2877=B_SPLINE_CURVE_WITH_KNOTS('',2,
(#4340,#4341,#4342),
.UNSPECIFIED.,.F.,.F.,
(3,3),
(0.,1.),
.UNSPECIFIED.);
#2878=VECTOR('',#2879,0.03);
#2879=DIRECTION('',(0.,0.,1.));
#2880=FACE_BOUND('',#2881,.T.);
#2881=EDGE_LOOP('',(#4343,#4344,#4345,#4346));
#2882=SURFACE_OF_LINEAR_EXTRUSION('',#2883,#2884);
#2883=B_SPLINE_CURVE_WITH_KNOTS('',2,
(#4347,#4348,#4349),
.UNSPECIFIED.,.F.,.F.,
(3,3),
(0.,1.),
.UNSPECIFIED.);
#2884=VECTOR('',#2885,0.03);
#2885=DIRECTION('',(0.,0.,1.));
#2886=FACE_BOUND('',#2887,.T.);
#2887=EDGE_LOOP('',(#4350,#4351,#4352,#4353));
#2888=PLANE('',#2889);
#2889=AXIS2_PLACEMENT_3D('',#2890,#2891,#2892);
#2890=CARTESIAN_POINT('',(-0.658133333333333,-0.419603378856082,0.99));
#2891=DIRECTION('',(-1.,0.,0.));
#2892=DIRECTION('',(0.,-1.,0.));
#2893=FACE_BOUND('',#2894,.T.);
#2894=EDGE_LOOP('',(#4354,#4355,#4356,#4357));
#2895=PLANE('',#2896);
#2896=AXIS2_PLACEMENT_3D('',#2897,#2898,#2899);
#2897=CARTESIAN_POINT('',(-0.843143209989573,-0.665103638768088,0.99));
#2898=DIRECTION('',(0.798616495142828,-0.601840255953176,0.));
#2899=DIRECTION('',(0.601840255953176,0.798616495142828,0.));
#2900=FACE_BOUND('',#2901,.T.);
#2901=EDGE_LOOP('',(#4358,#4359,#4360,#4361));
#2902=SURFACE_OF_LINEAR_EXTRUSION('',#2903,#2904);
#2903=B_SPLINE_CURVE_WITH_KNOTS('',2,
(#4362,#4363,#4364),
.UNSPECIFIED.,.F.,.F.,
(3,3),
(0.,1.),
.UNSPECIFIED.);
#2904=VECTOR('',#2905,0.03);
#2905=DIRECTION('',(0.,0.,1.));
#2906=FACE_BOUND('',#2907,.T.);
#2907=EDGE_LOOP('',(#4365,#4366,#4367,#4368));
#2908=SURFACE_OF_LINEAR_EXTRUSION('',#2909,#2910);
#2909=B_SPLINE_CURVE_WITH_KNOTS('',2,
(#4369,#4370,#4371),
.UNSPECIFIED.,.F.,.F.,
(3,3),
(0.,1.),
.UNSPECIFIED.);
#2910=VECTOR('',#2911,0.03);
#2911=DIRECTION('',(0.,0.,1.));
#2912=FACE_BOUND('',#2913,.T.);
#2913=EDGE_LOOP('',(#4372,#4373,#4374,#4375));
#2914=PLANE('',#2915);
#2915=AXIS2_PLACEMENT_3D('',#2916,#2917,#2918);
#2916=CARTESIAN_POINT('',(-1.07935,-0.420099447877725,0.99));
#2917=DIRECTION('',(-0.799015279022381,-0.601310721581435,0.));
#2918=DIRECTION('',(0.601310721581435,-0.799015279022381,0.));
#2919=FACE_BOUND('',#2920,.T.);
#2920=EDGE_LOOP('',(#4376,#4377,#4378,#4379));
#2921=PLANE('',#2922);
#2922=AXIS2_PLACEMENT_3D('',#2923,#2924,#2925);
#2923=CARTESIAN_POINT('',(-1.07935,-0.975592170341548,0.99));
#2924=DIRECTION('',(1.,0.,0.));
#2925=DIRECTION('',(0.,1.,0.));
#2926=FACE_BOUND('',#2927,.T.);
#2927=EDGE_LOOP('',(#4380,#4381,#4382,#4383));
#2928=SURFACE_OF_LINEAR_EXTRUSION('',#2929,#2930);
#2929=B_SPLINE_CURVE_WITH_KNOTS('',2,
(#4384,#4385,#4386),
.UNSPECIFIED.,.F.,.F.,
(3,3),
(0.,1.),
.UNSPECIFIED.);
#2930=VECTOR('',#2931,0.03);
#2931=DIRECTION('',(0.,0.,1.));
#2932=FACE_BOUND('',#2933,.T.);
#2933=EDGE_LOOP('',(#4387,#4388,#4389,#4390));
#2934=SURFACE_OF_LINEAR_EXTRUSION('',#2935,#2936);
#2935=B_SPLINE_CURVE_WITH_KNOTS('',2,
(#4391,#4392,#4393),
.UNSPECIFIED.,.F.,.F.,
(3,3),
(0.,1.),
.UNSPECIFIED.);
#2936=VECTOR('',#2937,0.03);
#2937=DIRECTION('',(0.,0.,1.));
#2938=FACE_BOUND('',#2939,.T.);
#2939=EDGE_LOOP('',(#4394,#4395,#4396,#4397));
#2940=SURFACE_OF_LINEAR_EXTRUSION('',#2941,#2942);
#2941=B_SPLINE_CURVE_WITH_KNOTS('',2,
(#4398,#4399,#4400),
.UNSPECIFIED.,.F.,.F.,
(3,3),
(0.,1.),
.UNSPECIFIED.);
#2942=VECTOR('',#2943,0.03);
#2943=DIRECTION('',(0.,0.,1.));
#2944=FACE_BOUND('',#2945,.T.);
#2945=EDGE_LOOP('',(#4401,#4402,#4403,#4404));
#2946=SURFACE_OF_LINEAR_EXTRUSION('',#2947,#2948);
#2947=B_SPLINE_CURVE_WITH_KNOTS('',2,
(#4405,#4406,#4407),
.UNSPECIFIED.,.F.,.F.,
(3,3),
(0.,1.),
.UNSPECIFIED.);
#2948=VECTOR('',#2949,0.03);
#2949=DIRECTION('',(0.,0.,1.));
#2950=FACE_BOUND('',#2951,.T.);
#2951=EDGE_LOOP('',(#4408,#4409,#4410,#4411));
#2952=PLANE('',#2953);
#2953=AXIS2_PLACEMENT_3D('',#2954,#2955,#2956);
#2954=CARTESIAN_POINT('',(-1.14073333333333,-0.333878362706951,0.99));
#2955=DIRECTION('',(-1.,0.,0.));
#2956=DIRECTION('',(0.,-1.,0.));
#2957=FACE_BOUND('',#2958,.T.);
#2958=EDGE_LOOP('',(#4412,#4413,#4414,#4415));
#2959=SURFACE_OF_LINEAR_EXTRUSION('',#2960,#2961);
#2960=B_SPLINE_CURVE_WITH_KNOTS('',2,
(#4416,#4417,#4418),
.UNSPECIFIED.,.F.,.F.,
(3,3),
(0.,1.),
.UNSPECIFIED.);
#2961=VECTOR('',#2962,0.03);
#2962=DIRECTION('',(0.,0.,1.));
#2963=FACE_BOUND('',#2964,.T.);
#2964=EDGE_LOOP('',(#4419,#4420,#4421,#4422));
#2965=SURFACE_OF_LINEAR_EXTRUSION('',#2966,#2967);
#2966=B_SPLINE_CURVE_WITH_KNOTS('',2,
(#4423,#4424,#4425),
.UNSPECIFIED.,.F.,.F.,
(3,3),
(0.,1.),
.UNSPECIFIED.);
#2967=VECTOR('',#2968,0.03);
#2968=DIRECTION('',(0.,0.,1.));
#2969=FACE_BOUND('',#2970,.T.);
#2970=EDGE_LOOP('',(#4426,#4427,#4428,#4429));
#2971=SURFACE_OF_LINEAR_EXTRUSION('',#2972,#2973);
#2972=B_SPLINE_CURVE_WITH_KNOTS('',2,
(#4430,#4431,#4432),
.UNSPECIFIED.,.F.,.F.,
(3,3),
(0.,1.),
.UNSPECIFIED.);
#2973=VECTOR('',#2974,0.03);
#2974=DIRECTION('',(0.,0.,1.));
#2975=FACE_BOUND('',#2976,.T.);
#2976=EDGE_LOOP('',(#4433,#4434,#4435,#4436));
#2977=SURFACE_OF_LINEAR_EXTRUSION('',#2978,#2979);
#2978=B_SPLINE_CURVE_WITH_KNOTS('',2,
(#4437,#4438,#4439),
.UNSPECIFIED.,.F.,.F.,
(3,3),
(0.,1.),
.UNSPECIFIED.);
#2979=VECTOR('',#2980,0.03);
#2980=DIRECTION('',(0.,0.,1.));
#2981=FACE_BOUND('',#2982,.T.);
#2982=EDGE_LOOP('',(#4440,#4441,#4442,#4443));
#2983=PLANE('',#2984);
#2984=AXIS2_PLACEMENT_3D('',#2985,#2986,#2987);
#2985=CARTESIAN_POINT('',(-0.869039311309478,-0.6063,0.99));
#2986=DIRECTION('',(0.798131276191082,0.602483581490478,0.));
#2987=DIRECTION('',(-0.602483581490478,0.798131276191082,0.));
#2988=FACE_BOUND('',#2989,.T.);
#2989=EDGE_LOOP('',(#4444,#4445,#4446,#4447));
#2990=PLANE('',#2991);
#2991=AXIS2_PLACEMENT_3D('',#2992,#2993,#2994);
#2992=CARTESIAN_POINT('',(-0.653040091045497,-0.320946848757661,0.99));
#2993=DIRECTION('',(-0.797330688833304,0.603542685022865,0.));
#2994=DIRECTION('',(-0.603542685022865,-0.797330688833304,0.));
#2995=FACE_BOUND('',#2996,.T.);
#2996=EDGE_LOOP('',(#4448,#4449,#4450,#4451));
#2997=SURFACE_OF_LINEAR_EXTRUSION('',#2998,#2999);
#2998=B_SPLINE_CURVE_WITH_KNOTS('',2,
(#4452,#4453,#4454),
.UNSPECIFIED.,.F.,.F.,
(3,3),
(0.,1.),
.UNSPECIFIED.);
#2999=VECTOR('',#3000,0.03);
#3000=DIRECTION('',(0.,0.,1.));
#3001=FACE_BOUND('',#3002,.T.);
#3002=EDGE_LOOP('',(#4455,#4456,#4457,#4458));
#3003=SURFACE_OF_LINEAR_EXTRUSION('',#3004,#3005);
#3004=B_SPLINE_CURVE_WITH_KNOTS('',2,
(#4459,#4460,#4461),
.UNSPECIFIED.,.F.,.F.,
(3,3),
(0.,1.),
.UNSPECIFIED.);
#3005=VECTOR('',#3006,0.03);
#3006=DIRECTION('',(0.,0.,1.));
#3007=FACE_BOUND('',#3008,.T.);
#3008=EDGE_LOOP('',(#4462,#4463,#4464,#4465));
#3009=SURFACE_OF_LINEAR_EXTRUSION('',#3010,#3011);
#3010=B_SPLINE_CURVE_WITH_KNOTS('',2,
(#4466,#4467,#4468),
.UNSPECIFIED.,.F.,.F.,
(3,3),
(0.,1.),
.UNSPECIFIED.);
#3011=VECTOR('',#3012,0.03);
#3012=DIRECTION('',(0.,0.,1.));
#3013=FACE_BOUND('',#3014,.T.);
#3014=EDGE_LOOP('',(#4469,#4470,#4471,#4472));
#3015=PLANE('',#3016);
#3016=AXIS2_PLACEMENT_3D('',#3017,#3018,#3019);
#3017=CARTESIAN_POINT('',(-0.59675,-0.97579061086951,0.99));
#3018=DIRECTION('',(1.,0.,0.));
#3019=DIRECTION('',(0.,1.,0.));
#3020=FACE_BOUND('',#3021,.T.);
#3021=EDGE_LOOP('',(#4473,#4474,#4475,#4476));
#3022=SURFACE_OF_LINEAR_EXTRUSION('',#3023,#3024);
#3023=B_SPLINE_CURVE_WITH_KNOTS('',2,
(#4477,#4478,#4479),
.UNSPECIFIED.,.F.,.F.,
(3,3),
(0.,1.),
.UNSPECIFIED.);
#3024=VECTOR('',#3025,0.03);
#3025=DIRECTION('',(0.,0.,1.));
#3026=FACE_BOUND('',#3027,.T.);
#3027=EDGE_LOOP('',(#4480,#4481,#4482,#4483));
#3028=CYLINDRICAL_SURFACE('',#3029,0.0499999999999944);
#3029=AXIS2_PLACEMENT_3D('',#3030,#3031,#3032);
#3030=CARTESIAN_POINT('',(2.,1.45,0.99));
#3031=DIRECTION('',(0.,0.,1.));
#3032=DIRECTION('',(-1.,0.,0.));
#3033=FACE_BOUND('',#3034,.T.);
#3034=EDGE_LOOP('',(#4484,#4485,#4486,#4487));
#3035=PLANE('',#3036);
#3036=AXIS2_PLACEMENT_3D('',#3037,#3038,#3039);
#3037=CARTESIAN_POINT('',(1.95,1.7,0.99));
#3038=DIRECTION('',(-1.,-1.68753899743024E-14,0.));
#3039=DIRECTION('',(1.68753899743024E-14,-1.,0.));
#3040=FACE_BOUND('',#3041,.T.);
#3041=EDGE_LOOP('',(#4488,#4489,#4490,#4491));
#3042=PLANE('',#3043);
#3043=AXIS2_PLACEMENT_3D('',#3044,#3045,#3046);
#3044=CARTESIAN_POINT('',(1.7,1.7,0.99));
#3045=DIRECTION('',(0.,-1.,0.));
#3046=DIRECTION('',(1.,0.,0.));
#3047=FACE_BOUND('',#3048,.T.);
#3048=EDGE_LOOP('',(#4492,#4493,#4494,#4495));
#3049=CYLINDRICAL_SURFACE('',#3050,0.0500000000000012);
#3050=AXIS2_PLACEMENT_3D('',#3051,#3052,#3053);
#3051=CARTESIAN_POINT('',(1.7,1.75,0.99));
#3052=DIRECTION('',(0.,0.,1.));
#3053=DIRECTION('',(0.,1.,0.));
#3054=FACE_BOUND('',#3055,.T.);
#3055=EDGE_LOOP('',(#4496,#4497,#4498,#4499));
#3056=PLANE('',#3057);
#3057=AXIS2_PLACEMENT_3D('',#3058,#3059,#3060);
#3058=CARTESIAN_POINT('',(1.95,1.8,0.99));
#3059=DIRECTION('',(8.88178419700125E-15,1.,0.));
#3060=DIRECTION('',(-1.,8.88178419700125E-15,0.));
#3061=FACE_BOUND('',#3062,.T.);
#3062=EDGE_LOOP('',(#4500,#4501,#4502,#4503));
#3063=PLANE('',#3064);
#3064=AXIS2_PLACEMENT_3D('',#3065,#3066,#3067);
#3065=CARTESIAN_POINT('',(1.95,2.05,0.99));
#3066=DIRECTION('',(-1.,0.,0.));
#3067=DIRECTION('',(0.,-1.,0.));
#3068=FACE_BOUND('',#3069,.T.);
#3069=EDGE_LOOP('',(#4504,#4505,#4506,#4507));
#3070=CYLINDRICAL_SURFACE('',#3071,0.0500000000000057);
#3071=AXIS2_PLACEMENT_3D('',#3072,#3073,#3074);
#3072=CARTESIAN_POINT('',(2.00000000000001,2.05,0.99));
#3073=DIRECTION('',(0.,0.,1.));
#3074=DIRECTION('',(1.,0.,0.));
#3075=FACE_BOUND('',#3076,.T.);
#3076=EDGE_LOOP('',(#4508,#4509,#4510,#4511));
#3077=PLANE('',#3078);
#3078=AXIS2_PLACEMENT_3D('',#3079,#3080,#3081);
#3079=CARTESIAN_POINT('',(2.05,1.8,0.99));
#3080=DIRECTION('',(1.,-1.77635683940025E-14,0.));
#3081=DIRECTION('',(1.77635683940025E-14,1.,0.));
#3082=FACE_BOUND('',#3083,.T.);
#3083=EDGE_LOOP('',(#4512,#4513,#4514,#4515));
#3084=PLANE('',#3085);
#3085=AXIS2_PLACEMENT_3D('',#3086,#3087,#3088);
#3086=CARTESIAN_POINT('',(2.3,1.8,0.99));
#3087=DIRECTION('',(0.,1.,0.));
#3088=DIRECTION('',(-1.,0.,0.));
#3089=FACE_BOUND('',#3090,.T.);
#3090=EDGE_LOOP('',(#4516,#4517,#4518,#4519));
#3091=CYLINDRICAL_SURFACE('',#3092,0.0499999999999978);
#3092=AXIS2_PLACEMENT_3D('',#3093,#3094,#3095);
#3093=CARTESIAN_POINT('',(2.3,1.75,0.99));
#3094=DIRECTION('',(0.,0.,1.));
#3095=DIRECTION('',(0.,-1.,0.));
#3096=FACE_BOUND('',#3097,.T.);
#3097=EDGE_LOOP('',(#4520,#4521,#4522,#4523));
#3098=PLANE('',#3099);
#3099=AXIS2_PLACEMENT_3D('',#3100,#3101,#3102);
#3100=CARTESIAN_POINT('',(2.05,1.7,0.99));
#3101=DIRECTION('',(1.77635683940025E-14,-1.,0.));
#3102=DIRECTION('',(1.,1.77635683940025E-14,0.));
#3103=FACE_BOUND('',#3104,.T.);
#3104=EDGE_LOOP('',(#4524,#4525,#4526,#4527));
#3105=PLANE('',#3106);
#3106=AXIS2_PLACEMENT_3D('',#3107,#3108,#3109);
#3107=CARTESIAN_POINT('',(2.05,1.45,0.99));
#3108=DIRECTION('',(1.,0.,0.));
#3109=DIRECTION('',(0.,1.,0.));
#3110=FACE_BOUND('',#3111,.T.);
#3111=EDGE_LOOP('',(#4528,#4529,#4530,#4531,#4532,#4533,#4534,#4535,#4536,#4537,
#4538,#4539,#4540,#4541,#4542,#4543));
#3112=PLANE('',#3113);
#3113=AXIS2_PLACEMENT_3D('',#3114,#3115,#3116);
#3114=CARTESIAN_POINT('',(-3.3,-3.65,0.02));
#3115=DIRECTION('',(-1.34060398888602E-16,-0.996194698091746,0.0871557427476582));
#3116=DIRECTION('',(1.,-1.34572487833352E-16,0.));
#3117=FACE_BOUND('',#3118,.T.);
#3118=EDGE_LOOP('',(#4544,#4545,#4546,#4547));
#3119=PLANE('',#3120);
#3120=AXIS2_PLACEMENT_3D('',#3121,#3122,#3123);
#3121=CARTESIAN_POINT('',(3.3,-3.65,0.02));
#3122=DIRECTION('',(0.996194698091746,-1.21205292145859E-16,0.0871557427476582));
#3123=DIRECTION('',(1.2166827667125E-16,1.,0.));
#3124=FACE_BOUND('',#3125,.T.);
#3125=EDGE_LOOP('',(#4548,#4549,#4550,#4551,#4552,#4553,#4554,#4555,#4556,#4557,
#4558,#4559,#4560,#4561,#4562,#4563));
#3126=PLANE('',#3127);
#3127=AXIS2_PLACEMENT_3D('',#3128,#3129,#3130);
#3128=CARTESIAN_POINT('',(3.3,3.65,0.02));
#3129=DIRECTION('',(1.34060398888602E-16,0.996194698091746,0.0871557427476582));
#3130=DIRECTION('',(-1.,1.34572487833352E-16,0.));
#3131=FACE_BOUND('',#3132,.T.);
#3132=EDGE_LOOP('',(#4564,#4565,#4566,#4567));
#3133=PLANE('',#3134);
#3134=AXIS2_PLACEMENT_3D('',#3135,#3136,#3137);
#3135=CARTESIAN_POINT('',(-3.3,3.65,0.02));
#3136=DIRECTION('',(-0.996194698091746,1.21205292145859E-16,0.0871557427476582));
#3137=DIRECTION('',(-1.2166827667125E-16,-1.,0.));
#3138=FACE_OUTER_BOUND('',#3139,.T.);
#3139=EDGE_LOOP('',(#4568));
#3140=FACE_OUTER_BOUND('',#3141,.T.);
#3141=EDGE_LOOP('',(#4569));
#3142=CYLINDRICAL_SURFACE('',#3143,0.4);
#3143=AXIS2_PLACEMENT_3D('',#3144,#3145,#3146);
#3144=CARTESIAN_POINT('',(2.2,2.6,1.));
#3145=DIRECTION('',(0.,0.,1.));
#3146=DIRECTION('',(1.,0.,0.));
#3147=FACE_BOUND('',#3148,.T.);
#3148=EDGE_LOOP('',(#4570,#4571,#4572,#4573));
#3149=PLANE('',#3150);
#3150=AXIS2_PLACEMENT_3D('',#3151,#3152,#3153);
#3151=CARTESIAN_POINT('',(0.,0.,0.99));
#3152=DIRECTION('',(0.,0.,1.));
#3153=DIRECTION('',(1.,0.,0.));
#3154=FACE_BOUND('',#3155,.T.);
#3155=EDGE_LOOP('',(#4574,#4575,#4576,#4577,#4578,#4579,#4580,#4581,#4582,#4583,
#4584,#4585,#4586,#4587,#4588,#4589,#4590,#4591,#4592,#4593,#4594,#4595,#4596,#4597,
#4598,#4599,#4600,#4601,#4602,#4603));
#3156=PLANE('',#3157);
#3157=AXIS2_PLACEMENT_3D('',#3158,#3159,#3160);
#3158=CARTESIAN_POINT('',(0.,0.,0.99));
#3159=DIRECTION('',(0.,0.,1.));
#3160=DIRECTION('',(1.,0.,0.));
#3161=FACE_BOUND('',#3162,.T.);
#3162=EDGE_LOOP('',(#4604,#4605,#4606,#4607,#4608,#4609,#4610,#4611,#4612,#4613,
#4614,#4615));
#3163=FACE_BOUND('',#3164,.T.);
#3164=EDGE_LOOP('',(#4616,#4617,#4618,#4619,#4620,#4621,#4622,#4623,#4624,#4625,
#4626,#4627));
#3165=PLANE('',#3166);
#3166=AXIS2_PLACEMENT_3D('',#3167,#3168,#3169);
#3167=CARTESIAN_POINT('',(0.,0.,0.99));
#3168=DIRECTION('',(0.,0.,1.));
#3169=DIRECTION('',(1.,0.,0.));
#3170=FACE_BOUND('',#3171,.T.);
#3171=EDGE_LOOP('',(#4628,#4629,#4630,#4631,#4632,#4633,#4634,#4635,#4636,#4637,
#4638,#4639,#4640,#4641,#4642,#4643,#4644));
#3172=FACE_BOUND('',#3173,.T.);
#3173=EDGE_LOOP('',(#4645,#4646,#4647,#4648,#4649,#4650,#4651,#4652));
#3174=FACE_BOUND('',#3175,.T.);
#3175=EDGE_LOOP('',(#4653,#4654,#4655,#4656,#4657,#4658,#4659,#4660));
#3176=PLANE('',#3177);
#3177=AXIS2_PLACEMENT_3D('',#3178,#3179,#3180);
#3178=CARTESIAN_POINT('',(0.,0.,0.99));
#3179=DIRECTION('',(0.,0.,1.));
#3180=DIRECTION('',(1.,0.,0.));
#3181=FACE_BOUND('',#3182,.T.);
#3182=EDGE_LOOP('',(#4661,#4662,#4663,#4664,#4665,#4666,#4667,#4668,#4669,#4670,
#4671,#4672,#4673,#4674,#4675,#4676,#4677,#4678,#4679,#4680,#4681,#4682,#4683,#4684));
#3183=PLANE('',#3184);
#3184=AXIS2_PLACEMENT_3D('',#3185,#3186,#3187);
#3185=CARTESIAN_POINT('',(0.,0.,0.99));
#3186=DIRECTION('',(0.,0.,1.));
#3187=DIRECTION('',(1.,0.,0.));
#3188=FACE_BOUND('',#3189,.T.);
#3189=EDGE_LOOP('',(#4685,#4686,#4687,#4688,#4689,#4690));
#3190=PLANE('',#3191);
#3191=AXIS2_PLACEMENT_3D('',#3192,#3193,#3194);
#3192=CARTESIAN_POINT('',(0.,0.,0.99));
#3193=DIRECTION('',(0.,0.,1.));
#3194=DIRECTION('',(1.,0.,0.));
#3195=FACE_BOUND('',#3196,.T.);
#3196=EDGE_LOOP('',(#4691,#4692,#4693,#4694,#4695,#4696));
#3197=PLANE('',#3198);
#3198=AXIS2_PLACEMENT_3D('',#3199,#3200,#3201);
#3199=CARTESIAN_POINT('',(0.,0.,0.99));
#3200=DIRECTION('',(0.,0.,1.));
#3201=DIRECTION('',(1.,0.,0.));
#3202=FACE_BOUND('',#3203,.T.);
#3203=EDGE_LOOP('',(#4697,#4698,#4699,#4700,#4701,#4702,#4703,#4704,#4705,#4706,
#4707,#4708,#4709,#4710,#4711,#4712,#4713,#4714,#4715,#4716,#4717,#4718,#4719,#4720,
#4721));
#3204=PLANE('',#3205);
#3205=AXIS2_PLACEMENT_3D('',#3206,#3207,#3208);
#3206=CARTESIAN_POINT('',(0.,0.,0.99));
#3207=DIRECTION('',(0.,0.,1.));
#3208=DIRECTION('',(1.,0.,0.));
#3209=FACE_BOUND('',#3210,.T.);
#3210=EDGE_LOOP('',(#4722,#4723,#4724,#4725,#4726,#4727,#4728,#4729,#4730,#4731,
#4732,#4733));
#3211=PLANE('',#3212);
#3212=AXIS2_PLACEMENT_3D('',#3213,#3214,#3215);
#3213=CARTESIAN_POINT('',(0.,0.,0.99));
#3214=DIRECTION('',(0.,0.,1.));
#3215=DIRECTION('',(1.,0.,0.));
#3216=FACE_BOUND('',#3217,.T.);
#3217=EDGE_LOOP('',(#4734,#4735,#4736,#4737));
#3218=PLANE('',#3219);
#3219=AXIS2_PLACEMENT_3D('',#3220,#3221,#3222);
#3220=CARTESIAN_POINT('',(1.5,3.65,0.08));
#3221=DIRECTION('',(1.,1.2166827667125E-16,0.));
#3222=DIRECTION('',(1.2166827667125E-16,-1.,0.));
#3223=FACE_BOUND('',#3224,.T.);
#3224=EDGE_LOOP('',(#4738,#4739,#4740,#4741,#4742,#4743,#4744,#4745,#4746,#4747,
#4748,#4749));
#3225=PLANE('',#3226);
#3226=AXIS2_PLACEMENT_3D('',#3227,#3228,#3229);
#3227=CARTESIAN_POINT('',(0.,0.,0.02));
#3228=DIRECTION('',(0.,0.,1.));
#3229=DIRECTION('',(1.,0.,0.));
#3230=FACE_BOUND('',#3231,.T.);
#3231=EDGE_LOOP('',(#4750,#4751,#4752,#4753,#4754,#4755));
#3232=PLANE('',#3233);
#3233=AXIS2_PLACEMENT_3D('',#3234,#3235,#3236);
#3234=CARTESIAN_POINT('',(2.05,-3.3,0.));
#3235=DIRECTION('',(-1.,5.2245789394125E-16,0.));
#3236=DIRECTION('',(-5.2245789394125E-16,-1.,0.));
#3237=FACE_BOUND('',#3238,.T.);
#3238=EDGE_LOOP('',(#4756,#4757,#4758,#4759));
#3239=PLANE('',#3240);
#3240=AXIS2_PLACEMENT_3D('',#3241,#3242,#3243);
#3241=CARTESIAN_POINT('',(0.,0.,0.3));
#3242=DIRECTION('',(0.,0.,1.));
#3243=DIRECTION('',(1.,0.,0.));
#3244=FACE_BOUND('',#3245,.T.);
#3245=EDGE_LOOP('',(#4760,#4761,#4762,#4763,#4764,#4765));
#3246=PLANE('',#3247);
#3247=AXIS2_PLACEMENT_3D('',#3248,#3249,#3250);
#3248=CARTESIAN_POINT('',(3.05,-4.15,0.));
#3249=DIRECTION('',(1.,-5.2245789394125E-16,0.));
#3250=DIRECTION('',(5.2245789394125E-16,1.,0.));
#3251=FACE_BOUND('',#3252,.T.);
#3252=EDGE_LOOP('',(#4766,#4767,#4768,#4769,#4770,#4771,#4772,#4773,#4774,#4775,
#4776,#4777));
#3253=PLANE('',#3254);
#3254=AXIS2_PLACEMENT_3D('',#3255,#3256,#3257);
#3255=CARTESIAN_POINT('',(0.,0.,0.02));
#3256=DIRECTION('',(0.,0.,1.));
#3257=DIRECTION('',(1.,0.,0.));
#3258=FACE_BOUND('',#3259,.T.);
#3259=EDGE_LOOP('',(#4778,#4779,#4780,#4781,#4782,#4783));
#3260=PLANE('',#3261);
#3261=AXIS2_PLACEMENT_3D('',#3262,#3263,#3264);
#3262=CARTESIAN_POINT('',(-3.05,-3.3,0.));
#3263=DIRECTION('',(-1.,5.2245789394125E-16,0.));
#3264=DIRECTION('',(-5.2245789394125E-16,-1.,0.));
#3265=FACE_BOUND('',#3266,.T.);
#3266=EDGE_LOOP('',(#4784,#4785,#4786,#4787));
#3267=PLANE('',#3268);
#3268=AXIS2_PLACEMENT_3D('',#3269,#3270,#3271);
#3269=CARTESIAN_POINT('',(0.,0.,0.3));
#3270=DIRECTION('',(0.,0.,1.));
#3271=DIRECTION('',(1.,0.,0.));
#3272=FACE_BOUND('',#3273,.T.);
#3273=EDGE_LOOP('',(#4788,#4789,#4790,#4791,#4792,#4793));
#3274=PLANE('',#3275);
#3275=AXIS2_PLACEMENT_3D('',#3276,#3277,#3278);
#3276=CARTESIAN_POINT('',(-2.05,-4.15,0.));
#3277=DIRECTION('',(1.,-5.2245789394125E-16,0.));
#3278=DIRECTION('',(5.2245789394125E-16,1.,0.));
#3279=FACE_BOUND('',#3280,.T.);
#3280=EDGE_LOOP('',(#4794,#4795,#4796,#4797));
#3281=PLANE('',#3282);
#3282=AXIS2_PLACEMENT_3D('',#3283,#3284,#3285);
#3283=CARTESIAN_POINT('',(-1.5,-3.65,0.08));
#3284=DIRECTION('',(-1.,-1.2166827667125E-16,0.));
#3285=DIRECTION('',(-1.2166827667125E-16,1.,0.));
#3286=FACE_BOUND('',#3287,.T.);
#3287=EDGE_LOOP('',(#4798,#4799,#4800,#4801));
#3288=PLANE('',#3289);
#3289=AXIS2_PLACEMENT_3D('',#3290,#3291,#3292);
#3290=CARTESIAN_POINT('',(0.,0.,0.08));
#3291=DIRECTION('',(0.,0.,-1.));
#3292=DIRECTION('',(-1.,0.,0.));
#3293=FACE_BOUND('',#3294,.T.);
#3294=EDGE_LOOP('',(#4802,#4803,#4804,#4805,#4806,#4807));
#3295=PLANE('',#3296);
#3296=AXIS2_PLACEMENT_3D('',#3297,#3298,#3299);
#3297=CARTESIAN_POINT('',(-2.05,3.3,0.));
#3298=DIRECTION('',(1.,-5.2245789394125E-16,0.));
#3299=DIRECTION('',(5.2245789394125E-16,1.,0.));
#3300=FACE_BOUND('',#3301,.T.);
#3301=EDGE_LOOP('',(#4808,#4809,#4810,#4811));
#3302=PLANE('',#3303);
#3303=AXIS2_PLACEMENT_3D('',#3304,#3305,#3306);
#3304=CARTESIAN_POINT('',(0.,0.,0.3));
#3305=DIRECTION('',(0.,0.,1.));
#3306=DIRECTION('',(1.,0.,0.));
#3307=FACE_BOUND('',#3308,.T.);
#3308=EDGE_LOOP('',(#4812,#4813,#4814,#4815,#4816,#4817));
#3309=PLANE('',#3310);
#3310=AXIS2_PLACEMENT_3D('',#3311,#3312,#3313);
#3311=CARTESIAN_POINT('',(-3.05,4.15,0.));
#3312=DIRECTION('',(-1.,5.2245789394125E-16,0.));
#3313=DIRECTION('',(-5.2245789394125E-16,-1.,0.));
#3314=FACE_BOUND('',#3315,.T.);
#3315=EDGE_LOOP('',(#4818,#4819,#4820,#4821,#4822,#4823));
#3316=PLANE('',#3317);
#3317=AXIS2_PLACEMENT_3D('',#3318,#3319,#3320);
#3318=CARTESIAN_POINT('',(3.05,3.3,0.));
#3319=DIRECTION('',(1.,-5.2245789394125E-16,0.));
#3320=DIRECTION('',(5.2245789394125E-16,1.,0.));
#3321=FACE_BOUND('',#3322,.T.);
#3322=EDGE_LOOP('',(#4824,#4825,#4826,#4827));
#3323=PLANE('',#3324);
#3324=AXIS2_PLACEMENT_3D('',#3325,#3326,#3327);
#3325=CARTESIAN_POINT('',(0.,0.,0.3));
#3326=DIRECTION('',(0.,0.,1.));
#3327=DIRECTION('',(1.,0.,0.));
#3328=FACE_BOUND('',#3329,.T.);
#3329=EDGE_LOOP('',(#4828,#4829,#4830,#4831,#4832,#4833));
#3330=PLANE('',#3331);
#3331=AXIS2_PLACEMENT_3D('',#3332,#3333,#3334);
#3332=CARTESIAN_POINT('',(2.05,4.15,0.));
#3333=DIRECTION('',(-1.,5.2245789394125E-16,0.));
#3334=DIRECTION('',(-5.2245789394125E-16,-1.,0.));
#3335=FACE_BOUND('',#3336,.T.);
#3336=EDGE_LOOP('',(#4834));
#3337=PLANE('',#3338);
#3338=AXIS2_PLACEMENT_3D('',#3339,#3340,#3341);
#3339=CARTESIAN_POINT('',(0.,0.,1.));
#3340=DIRECTION('',(0.,0.,1.));
#3341=DIRECTION('',(1.,0.,0.));
#3342=FACE_BOUND('',#3343,.T.);
#3343=EDGE_LOOP('',(#4835,#4836,#4837,#4838));
#3344=PLANE('',#3345);
#3345=AXIS2_PLACEMENT_3D('',#3346,#3347,#3348);
#3346=CARTESIAN_POINT('',(2.05,3.3,0.));
#3347=DIRECTION('',(0.,-1.,0.));
#3348=DIRECTION('',(1.,0.,0.));
#3349=FACE_BOUND('',#3350,.T.);
#3350=EDGE_LOOP('',(#4839,#4840,#4841,#4842));
#3351=PLANE('',#3352);
#3352=AXIS2_PLACEMENT_3D('',#3353,#3354,#3355);
#3353=CARTESIAN_POINT('',(3.05,-3.3,0.));
#3354=DIRECTION('',(0.,1.,0.));
#3355=DIRECTION('',(-1.,0.,0.));
#3356=FACE_BOUND('',#3357,.T.);
#3357=EDGE_LOOP('',(#4843,#4844,#4845,#4846));
#3358=PLANE('',#3359);
#3359=AXIS2_PLACEMENT_3D('',#3360,#3361,#3362);
#3360=CARTESIAN_POINT('',(0.,0.,0.));
#3361=DIRECTION('',(0.,0.,1.));
#3362=DIRECTION('',(1.,0.,0.));
#3363=FACE_BOUND('',#3364,.T.);
#3364=EDGE_LOOP('',(#4847,#4848,#4849,#4850));
#3365=PLANE('',#3366);
#3366=AXIS2_PLACEMENT_3D('',#3367,#3368,#3369);
#3367=CARTESIAN_POINT('',(2.05,-4.15,0.));
#3368=DIRECTION('',(0.,-1.,0.));
#3369=DIRECTION('',(1.,0.,0.));
#3370=FACE_BOUND('',#3371,.T.);
#3371=EDGE_LOOP('',(#4851,#4852,#4853,#4854));
#3372=PLANE('',#3373);
#3373=AXIS2_PLACEMENT_3D('',#3374,#3375,#3376);
#3374=CARTESIAN_POINT('',(-2.05,-3.3,0.));
#3375=DIRECTION('',(0.,1.,0.));
#3376=DIRECTION('',(-1.,0.,0.));
#3377=FACE_BOUND('',#3378,.T.);
#3378=EDGE_LOOP('',(#4855,#4856,#4857,#4858));
#3379=PLANE('',#3380);
#3380=AXIS2_PLACEMENT_3D('',#3381,#3382,#3383);
#3381=CARTESIAN_POINT('',(-3.05,3.3,0.));
#3382=DIRECTION('',(0.,-1.,0.));
#3383=DIRECTION('',(1.,0.,0.));
#3384=FACE_BOUND('',#3385,.T.);
#3385=EDGE_LOOP('',(#4859,#4860,#4861,#4862));
#3386=PLANE('',#3387);
#3387=AXIS2_PLACEMENT_3D('',#3388,#3389,#3390);
#3388=CARTESIAN_POINT('',(0.,0.,0.));
#3389=DIRECTION('',(0.,0.,1.));
#3390=DIRECTION('',(1.,0.,0.));
#3391=FACE_BOUND('',#3392,.T.);
#3392=EDGE_LOOP('',(#4863,#4864,#4865,#4866));
#3393=PLANE('',#3394);
#3394=AXIS2_PLACEMENT_3D('',#3395,#3396,#3397);
#3395=CARTESIAN_POINT('',(-3.05,-4.15,0.));
#3396=DIRECTION('',(0.,-1.,0.));
#3397=DIRECTION('',(1.,0.,0.));
#3398=FACE_BOUND('',#3399,.T.);
#3399=EDGE_LOOP('',(#4867,#4868,#4869,#4870));
#3400=PLANE('',#3401);
#3401=AXIS2_PLACEMENT_3D('',#3402,#3403,#3404);
#3402=CARTESIAN_POINT('',(0.,0.,0.));
#3403=DIRECTION('',(0.,0.,1.));
#3404=DIRECTION('',(1.,0.,0.));
#3405=FACE_BOUND('',#3406,.T.);
#3406=EDGE_LOOP('',(#4871,#4872,#4873,#4874));
#3407=PLANE('',#3408);
#3408=AXIS2_PLACEMENT_3D('',#3409,#3410,#3411);
#3409=CARTESIAN_POINT('',(-2.05,4.15,0.));
#3410=DIRECTION('',(0.,1.,0.));
#3411=DIRECTION('',(-1.,0.,0.));
#3412=FACE_BOUND('',#3413,.T.);
#3413=EDGE_LOOP('',(#4875,#4876,#4877,#4878));
#3414=PLANE('',#3415);
#3415=AXIS2_PLACEMENT_3D('',#3416,#3417,#3418);
#3416=CARTESIAN_POINT('',(0.,0.,0.));
#3417=DIRECTION('',(0.,0.,1.));
#3418=DIRECTION('',(1.,0.,0.));
#3419=FACE_BOUND('',#3420,.T.);
#3420=EDGE_LOOP('',(#4879,#4880,#4881,#4882));
#3421=PLANE('',#3422);
#3422=AXIS2_PLACEMENT_3D('',#3423,#3424,#3425);
#3423=CARTESIAN_POINT('',(3.05,4.15,0.));
#3424=DIRECTION('',(0.,1.,0.));
#3425=DIRECTION('',(-1.,0.,0.));
#3426=FACE_BOUND('',#3427,.T.);
#3427=EDGE_LOOP('',(#4883,#4884,#4885,#4886));
#3428=CYLINDRICAL_SURFACE('',#3429,0.1);
#3429=AXIS2_PLACEMENT_3D('',#3430,#3431,#3432);
#3430=CARTESIAN_POINT('',(-3.12087821907233,3.96251133647408,0.92));
#3431=DIRECTION('',(-1.12072666079795E-16,-1.,0.));
#3432=DIRECTION('',(4.44089209850063E-15,-4.97702617251662E-31,1.));
#3433=FACE_BOUND('',#3434,.T.);
#3434=EDGE_LOOP('',(#4887,#4888,#4889,#4890));
#3435=CYLINDRICAL_SURFACE('',#3436,0.1);
#3436=AXIS2_PLACEMENT_3D('',#3437,#3438,#3439);
#3437=CARTESIAN_POINT('',(-3.61251133647408,-3.47087821907233,0.92));
#3438=DIRECTION('',(1.,-1.22930883390253E-16,0.));
#3439=DIRECTION('',(0.,0.,1.));
#3440=FACE_BOUND('',#3441,.T.);
#3441=EDGE_LOOP('',(#4891,#4892,#4893,#4894));
#3442=CYLINDRICAL_SURFACE('',#3443,0.1);
#3443=AXIS2_PLACEMENT_3D('',#3444,#3445,#3446);
#3444=CARTESIAN_POINT('',(3.12087821907233,-3.96251133647408,0.92));
#3445=DIRECTION('',(1.12072666079795E-16,1.,0.));
#3446=DIRECTION('',(-4.44089209850063E-15,4.97702617251662E-31,1.));
#3447=FACE_BOUND('',#3448,.T.);
#3448=EDGE_LOOP('',(#4895,#4896,#4897,#4898));
#3449=CYLINDRICAL_SURFACE('',#3450,0.1);
#3450=AXIS2_PLACEMENT_3D('',#3451,#3452,#3453);
#3451=CARTESIAN_POINT('',(3.61251133647408,3.47087821907233,0.92));
#3452=DIRECTION('',(-1.,1.22930883390253E-16,0.));
#3453=DIRECTION('',(0.,0.,1.));
#3454=ORIENTED_EDGE('',*,*,#4899,.T.);
#3455=ORIENTED_EDGE('',*,*,#4900,.T.);
#3456=ORIENTED_EDGE('',*,*,#4901,.T.);
#3457=ORIENTED_EDGE('',*,*,#4902,.T.);
#3458=ORIENTED_EDGE('',*,*,#4903,.T.);
#3459=ORIENTED_EDGE('',*,*,#4904,.T.);
#3460=ORIENTED_EDGE('',*,*,#4905,.T.);
#3461=ORIENTED_EDGE('',*,*,#4906,.T.);
#3462=ORIENTED_EDGE('',*,*,#4907,.T.);
#3463=ORIENTED_EDGE('',*,*,#4908,.T.);
#3464=ORIENTED_EDGE('',*,*,#4909,.T.);
#3465=ORIENTED_EDGE('',*,*,#4910,.T.);
#3466=ORIENTED_EDGE('',*,*,#4911,.T.);
#3467=ORIENTED_EDGE('',*,*,#4912,.T.);
#3468=ORIENTED_EDGE('',*,*,#4913,.T.);
#3469=ORIENTED_EDGE('',*,*,#4914,.T.);
#3470=ORIENTED_EDGE('',*,*,#4915,.T.);
#3471=ORIENTED_EDGE('',*,*,#4916,.T.);
#3472=ORIENTED_EDGE('',*,*,#4917,.T.);
#3473=ORIENTED_EDGE('',*,*,#4918,.T.);
#3474=ORIENTED_EDGE('',*,*,#4919,.T.);
#3475=ORIENTED_EDGE('',*,*,#4920,.T.);
#3476=ORIENTED_EDGE('',*,*,#4921,.T.);
#3477=ORIENTED_EDGE('',*,*,#4922,.T.);
#3478=ORIENTED_EDGE('',*,*,#4923,.T.);
#3479=ORIENTED_EDGE('',*,*,#4924,.T.);
#3480=ORIENTED_EDGE('',*,*,#4925,.T.);
#3481=ORIENTED_EDGE('',*,*,#4926,.T.);
#3482=ORIENTED_EDGE('',*,*,#4927,.T.);
#3483=ORIENTED_EDGE('',*,*,#4928,.T.);
#3484=ORIENTED_EDGE('',*,*,#4929,.T.);
#3485=ORIENTED_EDGE('',*,*,#4930,.T.);
#3486=ORIENTED_EDGE('',*,*,#4931,.T.);
#3487=ORIENTED_EDGE('',*,*,#4932,.T.);
#3488=ORIENTED_EDGE('',*,*,#4933,.T.);
#3489=ORIENTED_EDGE('',*,*,#4934,.T.);
#3490=ORIENTED_EDGE('',*,*,#4935,.T.);
#3491=ORIENTED_EDGE('',*,*,#4936,.T.);
#3492=ORIENTED_EDGE('',*,*,#4937,.T.);
#3493=ORIENTED_EDGE('',*,*,#4938,.T.);
#3494=ORIENTED_EDGE('',*,*,#4939,.T.);
#3495=ORIENTED_EDGE('',*,*,#4940,.T.);
#3496=ORIENTED_EDGE('',*,*,#4941,.T.);
#3497=ORIENTED_EDGE('',*,*,#4942,.T.);
#3498=ORIENTED_EDGE('',*,*,#4943,.T.);
#3499=ORIENTED_EDGE('',*,*,#4944,.T.);
#3500=ORIENTED_EDGE('',*,*,#4945,.T.);
#3501=ORIENTED_EDGE('',*,*,#4946,.T.);
#3502=ORIENTED_EDGE('',*,*,#4947,.T.);
#3503=ORIENTED_EDGE('',*,*,#4948,.T.);
#3504=ORIENTED_EDGE('',*,*,#4949,.T.);
#3505=ORIENTED_EDGE('',*,*,#4950,.T.);
#3506=ORIENTED_EDGE('',*,*,#4951,.T.);
#3507=ORIENTED_EDGE('',*,*,#4952,.T.);
#3508=ORIENTED_EDGE('',*,*,#4953,.T.);
#3509=ORIENTED_EDGE('',*,*,#4954,.T.);
#3510=ORIENTED_EDGE('',*,*,#4955,.T.);
#3511=ORIENTED_EDGE('',*,*,#4956,.T.);
#3512=ORIENTED_EDGE('',*,*,#4957,.T.);
#3513=ORIENTED_EDGE('',*,*,#4958,.T.);
#3514=ORIENTED_EDGE('',*,*,#4959,.T.);
#3515=ORIENTED_EDGE('',*,*,#4960,.T.);
#3516=ORIENTED_EDGE('',*,*,#4961,.T.);
#3517=ORIENTED_EDGE('',*,*,#4962,.T.);
#3518=ORIENTED_EDGE('',*,*,#4963,.T.);
#3519=ORIENTED_EDGE('',*,*,#4964,.T.);
#3520=ORIENTED_EDGE('',*,*,#4965,.T.);
#3521=ORIENTED_EDGE('',*,*,#4966,.T.);
#3522=ORIENTED_EDGE('',*,*,#4967,.T.);
#3523=ORIENTED_EDGE('',*,*,#4968,.T.);
#3524=ORIENTED_EDGE('',*,*,#4969,.T.);
#3525=ORIENTED_EDGE('',*,*,#4970,.T.);
#3526=ORIENTED_EDGE('',*,*,#4971,.T.);
#3527=ORIENTED_EDGE('',*,*,#4972,.T.);
#3528=ORIENTED_EDGE('',*,*,#4973,.T.);
#3529=ORIENTED_EDGE('',*,*,#4974,.T.);
#3530=ORIENTED_EDGE('',*,*,#4975,.T.);
#3531=ORIENTED_EDGE('',*,*,#4976,.T.);
#3532=ORIENTED_EDGE('',*,*,#4977,.T.);
#3533=ORIENTED_EDGE('',*,*,#4978,.T.);
#3534=ORIENTED_EDGE('',*,*,#4979,.T.);
#3535=ORIENTED_EDGE('',*,*,#4980,.T.);
#3536=ORIENTED_EDGE('',*,*,#4981,.T.);
#3537=ORIENTED_EDGE('',*,*,#4982,.T.);
#3538=ORIENTED_EDGE('',*,*,#4983,.T.);
#3539=ORIENTED_EDGE('',*,*,#4984,.T.);
#3540=ORIENTED_EDGE('',*,*,#4985,.T.);
#3541=ORIENTED_EDGE('',*,*,#4986,.T.);
#3542=ORIENTED_EDGE('',*,*,#4987,.T.);
#3543=ORIENTED_EDGE('',*,*,#4988,.T.);
#3544=ORIENTED_EDGE('',*,*,#4989,.T.);
#3545=ORIENTED_EDGE('',*,*,#4990,.T.);
#3546=ORIENTED_EDGE('',*,*,#4991,.T.);
#3547=ORIENTED_EDGE('',*,*,#4992,.T.);
#3548=ORIENTED_EDGE('',*,*,#4993,.T.);
#3549=ORIENTED_EDGE('',*,*,#4994,.T.);
#3550=ORIENTED_EDGE('',*,*,#4995,.T.);
#3551=ORIENTED_EDGE('',*,*,#4996,.T.);
#3552=ORIENTED_EDGE('',*,*,#4997,.T.);
#3553=ORIENTED_EDGE('',*,*,#4998,.T.);
#3554=ORIENTED_EDGE('',*,*,#4999,.T.);
#3555=ORIENTED_EDGE('',*,*,#5000,.T.);
#3556=ORIENTED_EDGE('',*,*,#5001,.T.);
#3557=ORIENTED_EDGE('',*,*,#5002,.T.);
#3558=ORIENTED_EDGE('',*,*,#5003,.T.);
#3559=ORIENTED_EDGE('',*,*,#5004,.T.);
#3560=ORIENTED_EDGE('',*,*,#5005,.T.);
#3561=ORIENTED_EDGE('',*,*,#5006,.T.);
#3562=ORIENTED_EDGE('',*,*,#5007,.T.);
#3563=ORIENTED_EDGE('',*,*,#5008,.T.);
#3564=ORIENTED_EDGE('',*,*,#5009,.T.);
#3565=ORIENTED_EDGE('',*,*,#5010,.T.);
#3566=ORIENTED_EDGE('',*,*,#5011,.T.);
#3567=ORIENTED_EDGE('',*,*,#5012,.T.);
#3568=ORIENTED_EDGE('',*,*,#5013,.T.);
#3569=ORIENTED_EDGE('',*,*,#5014,.T.);
#3570=ORIENTED_EDGE('',*,*,#5015,.T.);
#3571=ORIENTED_EDGE('',*,*,#5016,.T.);
#3572=ORIENTED_EDGE('',*,*,#5017,.T.);
#3573=ORIENTED_EDGE('',*,*,#5018,.T.);
#3574=ORIENTED_EDGE('',*,*,#5019,.T.);
#3575=ORIENTED_EDGE('',*,*,#5020,.T.);
#3576=ORIENTED_EDGE('',*,*,#5021,.T.);
#3577=ORIENTED_EDGE('',*,*,#5022,.T.);
#3578=ORIENTED_EDGE('',*,*,#5023,.T.);
#3579=ORIENTED_EDGE('',*,*,#5024,.T.);
#3580=ORIENTED_EDGE('',*,*,#5025,.T.);
#3581=ORIENTED_EDGE('',*,*,#5026,.T.);
#3582=ORIENTED_EDGE('',*,*,#5027,.T.);
#3583=ORIENTED_EDGE('',*,*,#5028,.T.);
#3584=ORIENTED_EDGE('',*,*,#5029,.T.);
#3585=ORIENTED_EDGE('',*,*,#5030,.T.);
#3586=ORIENTED_EDGE('',*,*,#5031,.T.);
#3587=ORIENTED_EDGE('',*,*,#5032,.T.);
#3588=ORIENTED_EDGE('',*,*,#5033,.T.);
#3589=ORIENTED_EDGE('',*,*,#5034,.T.);
#3590=ORIENTED_EDGE('',*,*,#5035,.T.);
#3591=ORIENTED_EDGE('',*,*,#5036,.T.);
#3592=ORIENTED_EDGE('',*,*,#5037,.T.);
#3593=ORIENTED_EDGE('',*,*,#5038,.T.);
#3594=ORIENTED_EDGE('',*,*,#5039,.T.);
#3595=ORIENTED_EDGE('',*,*,#5040,.T.);
#3596=ORIENTED_EDGE('',*,*,#5041,.T.);
#3597=ORIENTED_EDGE('',*,*,#5042,.T.);
#3598=ORIENTED_EDGE('',*,*,#5043,.T.);
#3599=ORIENTED_EDGE('',*,*,#5044,.T.);
#3600=ORIENTED_EDGE('',*,*,#5045,.T.);
#3601=ORIENTED_EDGE('',*,*,#5046,.T.);
#3602=ORIENTED_EDGE('',*,*,#5047,.T.);
#3603=ORIENTED_EDGE('',*,*,#5048,.T.);
#3604=ORIENTED_EDGE('',*,*,#5049,.T.);
#3605=ORIENTED_EDGE('',*,*,#5050,.T.);
#3606=ORIENTED_EDGE('',*,*,#5051,.T.);
#3607=ORIENTED_EDGE('',*,*,#5052,.T.);
#3608=ORIENTED_EDGE('',*,*,#5053,.T.);
#3609=ORIENTED_EDGE('',*,*,#5054,.T.);
#3610=ORIENTED_EDGE('',*,*,#5055,.T.);
#3611=ORIENTED_EDGE('',*,*,#5056,.T.);
#3612=ORIENTED_EDGE('',*,*,#5057,.T.);
#3613=ORIENTED_EDGE('',*,*,#5058,.T.);
#3614=ORIENTED_EDGE('',*,*,#5059,.T.);
#3615=ORIENTED_EDGE('',*,*,#5060,.T.);
#3616=ORIENTED_EDGE('',*,*,#5061,.T.);
#3617=ORIENTED_EDGE('',*,*,#5062,.T.);
#3618=ORIENTED_EDGE('',*,*,#5063,.T.);
#3619=ORIENTED_EDGE('',*,*,#5064,.T.);
#3620=ORIENTED_EDGE('',*,*,#5065,.T.);
#3621=ORIENTED_EDGE('',*,*,#5066,.T.);
#3622=ORIENTED_EDGE('',*,*,#5067,.T.);
#3623=ORIENTED_EDGE('',*,*,#4933,.F.);
#3624=ORIENTED_EDGE('',*,*,#5068,.F.);
#3625=ORIENTED_EDGE('',*,*,#5069,.F.);
#3626=ORIENTED_EDGE('',*,*,#5070,.T.);
#3627=ORIENTED_EDGE('',*,*,#4934,.F.);
#3628=ORIENTED_EDGE('',*,*,#5070,.F.);
#3629=ORIENTED_EDGE('',*,*,#5071,.F.);
#3630=ORIENTED_EDGE('',*,*,#5072,.T.);
#3631=ORIENTED_EDGE('',*,*,#4935,.F.);
#3632=ORIENTED_EDGE('',*,*,#5072,.F.);
#3633=ORIENTED_EDGE('',*,*,#5073,.F.);
#3634=ORIENTED_EDGE('',*,*,#5074,.T.);
#3635=ORIENTED_EDGE('',*,*,#4932,.F.);
#3636=ORIENTED_EDGE('',*,*,#5074,.F.);
#3637=ORIENTED_EDGE('',*,*,#5075,.F.);
#3638=ORIENTED_EDGE('',*,*,#5068,.T.);
#3639=ORIENTED_EDGE('',*,*,#4937,.F.);
#3640=ORIENTED_EDGE('',*,*,#5076,.F.);
#3641=ORIENTED_EDGE('',*,*,#5077,.F.);
#3642=ORIENTED_EDGE('',*,*,#5078,.T.);
#3643=CARTESIAN_POINT('',(0.352856070373768,-0.807052599120063,0.99));
#3644=CARTESIAN_POINT('',(0.343215297249991,-0.798916666666667,0.99));
#3645=CARTESIAN_POINT('',(0.332400482265632,-0.798916666666667,0.99));
#3646=ORIENTED_EDGE('',*,*,#4938,.F.);
#3647=ORIENTED_EDGE('',*,*,#5078,.F.);
#3648=ORIENTED_EDGE('',*,*,#5079,.F.);
#3649=ORIENTED_EDGE('',*,*,#5080,.T.);
#3650=CARTESIAN_POINT('',(0.362496811199281,-0.824316666666667,0.99));
#3651=CARTESIAN_POINT('',(0.362496811199281,-0.81518853157346,0.99));
#3652=CARTESIAN_POINT('',(0.352856070373768,-0.807052599120063,0.99));
#3653=ORIENTED_EDGE('',*,*,#4939,.F.);
#3654=ORIENTED_EDGE('',*,*,#5080,.F.);
#3655=ORIENTED_EDGE('',*,*,#5081,.F.);
#3656=ORIENTED_EDGE('',*,*,#5082,.T.);
#3657=CARTESIAN_POINT('',(0.354675076248491,-0.841580701915007,0.99));
#3658=CARTESIAN_POINT('',(0.362496811199281,-0.833444769461611,0.99));
#3659=CARTESIAN_POINT('',(0.362496811199281,-0.824316666666667,0.99));
#3660=ORIENTED_EDGE('',*,*,#4940,.F.);
#3661=ORIENTED_EDGE('',*,*,#5082,.F.);
#3662=ORIENTED_EDGE('',*,*,#5083,.F.);
#3663=ORIENTED_EDGE('',*,*,#5084,.T.);
#3664=CARTESIAN_POINT('',(0.332400482265632,-0.849716666666667,0.99));
#3665=CARTESIAN_POINT('',(0.346853341297701,-0.849716666666667,0.99));
#3666=CARTESIAN_POINT('',(0.354675076248491,-0.841580701915007,0.99));
#3667=ORIENTED_EDGE('',*,*,#4941,.F.);
#3668=ORIENTED_EDGE('',*,*,#5084,.F.);
#3669=ORIENTED_EDGE('',*,*,#5085,.F.);
#3670=ORIENTED_EDGE('',*,*,#5086,.T.);
#3671=ORIENTED_EDGE('',*,*,#4942,.F.);
#3672=ORIENTED_EDGE('',*,*,#5086,.F.);
#3673=ORIENTED_EDGE('',*,*,#5087,.F.);
#3674=ORIENTED_EDGE('',*,*,#5088,.T.);
#3675=ORIENTED_EDGE('',*,*,#4943,.F.);
#3676=ORIENTED_EDGE('',*,*,#5088,.F.);
#3677=ORIENTED_EDGE('',*,*,#5089,.F.);
#3678=ORIENTED_EDGE('',*,*,#5090,.T.);
#3679=CARTESIAN_POINT('',(0.232851002089645,-0.99450987665624,0.99));
#3680=CARTESIAN_POINT('',(0.241449930143356,-0.987465334808372,0.99));
#3681=CARTESIAN_POINT('',(0.241449930143356,-0.975393729813586,0.99));
#3682=ORIENTED_EDGE('',*,*,#4944,.F.);
#3683=ORIENTED_EDGE('',*,*,#5090,.F.);
#3684=ORIENTED_EDGE('',*,*,#5091,.F.);
#3685=ORIENTED_EDGE('',*,*,#5092,.T.);
#3686=CARTESIAN_POINT('',(0.210758279625821,-1.00052914244297,0.99));
#3687=CARTESIAN_POINT('',(0.22425204173767,-1.00052914244297,0.99));
#3688=CARTESIAN_POINT('',(0.232851002089645,-0.99450987665624,0.99));
#3689=ORIENTED_EDGE('',*,*,#4945,.F.);
#3690=ORIENTED_EDGE('',*,*,#5092,.F.);
#3691=ORIENTED_EDGE('',*,*,#5093,.F.);
#3692=ORIENTED_EDGE('',*,*,#5094,.T.);
#3693=CARTESIAN_POINT('',(0.189260878745884,-0.99450987665624,0.99));
#3694=CARTESIAN_POINT('',(0.205235115158997,-1.00052914244297,0.99));
#3695=CARTESIAN_POINT('',(0.210758279625821,-1.00052914244297,0.99));
#3696=ORIENTED_EDGE('',*,*,#4946,.F.);
#3697=ORIENTED_EDGE('',*,*,#5094,.F.);
#3698=ORIENTED_EDGE('',*,*,#5095,.F.);
#3699=ORIENTED_EDGE('',*,*,#5096,.T.);
#3700=CARTESIAN_POINT('',(0.180066596810023,-0.975393729813586,0.99));
#3701=CARTESIAN_POINT('',(0.180066596810023,-0.988457537448183,0.99));
#3702=CARTESIAN_POINT('',(0.189260878745884,-0.99450987665624,0.99));
#3703=ORIENTED_EDGE('',*,*,#4947,.F.);
#3704=ORIENTED_EDGE('',*,*,#5096,.F.);
#3705=ORIENTED_EDGE('',*,*,#5097,.F.);
#3706=ORIENTED_EDGE('',*,*,#5098,.T.);
#3707=ORIENTED_EDGE('',*,*,#4948,.F.);
#3708=ORIENTED_EDGE('',*,*,#5098,.F.);
#3709=ORIENTED_EDGE('',*,*,#5099,.F.);
#3710=ORIENTED_EDGE('',*,*,#5100,.T.);
#3711=ORIENTED_EDGE('',*,*,#4949,.F.);
#3712=ORIENTED_EDGE('',*,*,#5100,.F.);
#3713=ORIENTED_EDGE('',*,*,#5101,.F.);
#3714=ORIENTED_EDGE('',*,*,#5102,.T.);
#3715=CARTESIAN_POINT('',(-0.0535770030475595,-0.842605977976145,0.99));
#3716=CARTESIAN_POINT('',(-0.0450937996702292,-0.849716666666667,0.99));
#3717=CARTESIAN_POINT('',(-0.0317654046650158,-0.849716666666667,0.99));
#3718=ORIENTED_EDGE('',*,*,#4950,.F.);
#3719=ORIENTED_EDGE('',*,*,#5102,.F.);
#3720=ORIENTED_EDGE('',*,*,#5103,.F.);
#3721=ORIENTED_EDGE('',*,*,#5104,.T.);
#3722=CARTESIAN_POINT('',(-0.0620602064248896,-0.825341910429542,0.99));
#3723=CARTESIAN_POINT('',(-0.0620602064248896,-0.835495289285623,0.99));
#3724=CARTESIAN_POINT('',(-0.0535770030475595,-0.842605977976145,0.99));
#3725=ORIENTED_EDGE('',*,*,#4951,.F.);
#3726=ORIENTED_EDGE('',*,*,#5104,.F.);
#3727=ORIENTED_EDGE('',*,*,#5105,.F.);
#3728=ORIENTED_EDGE('',*,*,#5106,.T.);
#3729=ORIENTED_EDGE('',*,*,#4952,.F.);
#3730=ORIENTED_EDGE('',*,*,#5106,.F.);
#3731=ORIENTED_EDGE('',*,*,#5107,.F.);
#3732=ORIENTED_EDGE('',*,*,#5108,.T.);
#3733=ORIENTED_EDGE('',*,*,#4953,.F.);
#3734=ORIENTED_EDGE('',*,*,#5108,.F.);
#3735=ORIENTED_EDGE('',*,*,#5109,.F.);
#3736=ORIENTED_EDGE('',*,*,#5110,.T.);
#3737=CARTESIAN_POINT('',(0.0699668890202922,-0.314861436128278,0.99));
#3738=CARTESIAN_POINT('',(0.0615002223536256,-0.319756237888151,0.99));
#3739=CARTESIAN_POINT('',(0.0596811841806393,-0.329578882530963,0.99));
#3740=ORIENTED_EDGE('',*,*,#4954,.F.);
#3741=ORIENTED_EDGE('',*,*,#5110,.F.);
#3742=ORIENTED_EDGE('',*,*,#5111,.F.);
#3743=ORIENTED_EDGE('',*,*,#5112,.T.);
#3744=ORIENTED_EDGE('',*,*,#4955,.F.);
#3745=ORIENTED_EDGE('',*,*,#5112,.F.);
#3746=ORIENTED_EDGE('',*,*,#5113,.F.);
#3747=ORIENTED_EDGE('',*,*,#5114,.T.);
#3748=CARTESIAN_POINT('',(0.11024967023135,-0.316564685028356,0.99));
#3749=CARTESIAN_POINT('',(0.10085698006579,-0.309966666666667,0.99));
#3750=CARTESIAN_POINT('',(0.0887523016496761,-0.309966666666667,0.99));
#3751=ORIENTED_EDGE('',*,*,#4956,.F.);
#3752=ORIENTED_EDGE('',*,*,#5114,.F.);
#3753=ORIENTED_EDGE('',*,*,#5115,.F.);
#3754=ORIENTED_EDGE('',*,*,#5116,.T.);
#3755=CARTESIAN_POINT('',(0.119642392695173,-0.333911436128278,0.99));
#3756=CARTESIAN_POINT('',(0.119642392695173,-0.323162735688309,0.99));
#3757=CARTESIAN_POINT('',(0.11024967023135,-0.316564685028356,0.99));
#3758=ORIENTED_EDGE('',*,*,#4957,.F.);
#3759=ORIENTED_EDGE('',*,*,#5116,.F.);
#3760=ORIENTED_EDGE('',*,*,#5117,.F.);
#3761=ORIENTED_EDGE('',*,*,#5118,.T.);
#3762=ORIENTED_EDGE('',*,*,#4958,.F.);
#3763=ORIENTED_EDGE('',*,*,#5118,.F.);
#3764=ORIENTED_EDGE('',*,*,#5119,.F.);
#3765=ORIENTED_EDGE('',*,*,#5120,.T.);
#3766=ORIENTED_EDGE('',*,*,#4959,.F.);
#3767=ORIENTED_EDGE('',*,*,#5120,.F.);
#3768=ORIENTED_EDGE('',*,*,#5121,.F.);
#3769=ORIENTED_EDGE('',*,*,#5122,.T.);
#3770=ORIENTED_EDGE('',*,*,#4960,.F.);
#3771=ORIENTED_EDGE('',*,*,#5122,.F.);
#3772=ORIENTED_EDGE('',*,*,#5123,.F.);
#3773=ORIENTED_EDGE('',*,*,#5124,.T.);
#3774=ORIENTED_EDGE('',*,*,#4961,.F.);
#3775=ORIENTED_EDGE('',*,*,#5124,.F.);
#3776=ORIENTED_EDGE('',*,*,#5125,.F.);
#3777=ORIENTED_EDGE('',*,*,#5126,.T.);
#3778=CARTESIAN_POINT('',(0.189277415456548,-0.659117446402686,0.99));
#3779=CARTESIAN_POINT('',(0.180066596810023,-0.667484892805371,0.99));
#3780=CARTESIAN_POINT('',(0.180066596810023,-0.675356237888152,0.99));
#3781=ORIENTED_EDGE('',*,*,#4962,.F.);
#3782=ORIENTED_EDGE('',*,*,#5126,.F.);
#3783=ORIENTED_EDGE('',*,*,#5127,.F.);
#3784=ORIENTED_EDGE('',*,*,#5128,.T.);
#3785=CARTESIAN_POINT('',(0.210758279625821,-0.65075,0.99));
#3786=CARTESIAN_POINT('',(0.198488234103072,-0.65075,0.99));
#3787=CARTESIAN_POINT('',(0.189277415456548,-0.659117446402686,0.99));
#3788=ORIENTED_EDGE('',*,*,#4963,.F.);
#3789=ORIENTED_EDGE('',*,*,#5128,.F.);
#3790=ORIENTED_EDGE('',*,*,#5129,.F.);
#3791=ORIENTED_EDGE('',*,*,#5130,.T.);
#3792=CARTESIAN_POINT('',(0.231627285500545,-0.657149577833728,0.99));
#3793=CARTESIAN_POINT('',(0.221804640857733,-0.65075,0.99));
#3794=CARTESIAN_POINT('',(0.210758279625821,-0.65075,0.99));
#3795=ORIENTED_EDGE('',*,*,#4964,.F.);
#3796=ORIENTED_EDGE('',*,*,#5130,.F.);
#3797=ORIENTED_EDGE('',*,*,#5131,.F.);
#3798=ORIENTED_EDGE('',*,*,#5132,.T.);
#3799=CARTESIAN_POINT('',(0.241449930143356,-0.675356237888152,0.99));
#3800=CARTESIAN_POINT('',(0.241449930143356,-0.663549187965718,0.99));
#3801=CARTESIAN_POINT('',(0.231627285500545,-0.657149577833728,0.99));
#3802=ORIENTED_EDGE('',*,*,#4965,.F.);
#3803=ORIENTED_EDGE('',*,*,#5132,.F.);
#3804=ORIENTED_EDGE('',*,*,#5133,.F.);
#3805=ORIENTED_EDGE('',*,*,#5134,.T.);
#3806=ORIENTED_EDGE('',*,*,#4936,.F.);
#3807=ORIENTED_EDGE('',*,*,#5134,.F.);
#3808=ORIENTED_EDGE('',*,*,#5135,.F.);
#3809=ORIENTED_EDGE('',*,*,#5076,.T.);
#3810=ORIENTED_EDGE('',*,*,#4977,.F.);
#3811=ORIENTED_EDGE('',*,*,#5136,.F.);
#3812=ORIENTED_EDGE('',*,*,#5137,.F.);
#3813=ORIENTED_EDGE('',*,*,#5138,.T.);
#3814=CARTESIAN_POINT('',(0.797637165288508,-0.956376803234913,0.99));
#3815=CARTESIAN_POINT('',(0.851049900976817,-0.912753638768088,0.99));
#3816=CARTESIAN_POINT('',(0.851049900976817,-0.852130961827014,0.99));
#3817=ORIENTED_EDGE('',*,*,#4976,.F.);
#3818=ORIENTED_EDGE('',*,*,#5139,.F.);
#3819=ORIENTED_EDGE('',*,*,#5140,.F.);
#3820=ORIENTED_EDGE('',*,*,#5136,.T.);
#3821=ORIENTED_EDGE('',*,*,#4975,.F.);
#3822=ORIENTED_EDGE('',*,*,#5141,.F.);
#3823=ORIENTED_EDGE('',*,*,#5142,.F.);
#3824=ORIENTED_EDGE('',*,*,#5139,.T.);
#3825=CARTESIAN_POINT('',(0.851049900976817,-0.45783567254139,0.99));
#3826=CARTESIAN_POINT('',(0.851049900976817,-0.396220825258768,0.99));
#3827=CARTESIAN_POINT('',(0.797041843704621,-0.353093729813586,0.99));
#3828=ORIENTED_EDGE('',*,*,#4974,.F.);
#3829=ORIENTED_EDGE('',*,*,#5143,.F.);
#3830=ORIENTED_EDGE('',*,*,#5144,.F.);
#3831=ORIENTED_EDGE('',*,*,#5141,.T.);
#3832=CARTESIAN_POINT('',(0.797041843704621,-0.353093729813586,0.99));
#3833=CARTESIAN_POINT('',(0.743033786432426,-0.309966666666667,0.99));
#3834=CARTESIAN_POINT('',(0.668355131515206,-0.309966666666667,0.99));
#3835=ORIENTED_EDGE('',*,*,#4973,.F.);
#3836=ORIENTED_EDGE('',*,*,#5145,.F.);
#3837=ORIENTED_EDGE('',*,*,#5146,.F.);
#3838=ORIENTED_EDGE('',*,*,#5143,.T.);
#3839=ORIENTED_EDGE('',*,*,#4972,.F.);
#3840=ORIENTED_EDGE('',*,*,#5147,.F.);
#3841=ORIENTED_EDGE('',*,*,#5148,.F.);
#3842=ORIENTED_EDGE('',*,*,#5145,.T.);
#3843=CARTESIAN_POINT('',(0.607666307731477,-0.309966666666667,0.99));
#3844=CARTESIAN_POINT('',(0.531201752659124,-0.309966666666667,0.99));
#3845=CARTESIAN_POINT('',(0.478400842967102,-0.354333983113349,0.99));
#3846=ORIENTED_EDGE('',*,*,#4971,.F.);
#3847=ORIENTED_EDGE('',*,*,#5149,.F.);
#3848=ORIENTED_EDGE('',*,*,#5150,.F.);
#3849=ORIENTED_EDGE('',*,*,#5147,.T.);
#3850=CARTESIAN_POINT('',(0.478400842967102,-0.354333983113349,0.99));
#3851=CARTESIAN_POINT('',(0.425599900976817,-0.398701299560032,0.99));
#3852=CARTESIAN_POINT('',(0.425599900976817,-0.45783567254139,0.99));
#3853=ORIENTED_EDGE('',*,*,#4970,.F.);
#3854=ORIENTED_EDGE('',*,*,#5151,.F.);
#3855=ORIENTED_EDGE('',*,*,#5152,.F.);
#3856=ORIENTED_EDGE('',*,*,#5149,.T.);
#3857=ORIENTED_EDGE('',*,*,#4969,.F.);
#3858=ORIENTED_EDGE('',*,*,#5153,.F.);
#3859=ORIENTED_EDGE('',*,*,#5154,.F.);
#3860=ORIENTED_EDGE('',*,*,#5151,.T.);
#3861=CARTESIAN_POINT('',(0.425599900976817,-0.852130961827014,0.99));
#3862=CARTESIAN_POINT('',(0.425599900976817,-0.914241910429542,0.99));
#3863=CARTESIAN_POINT('',(0.481741193924606,-0.957120955214771,0.99));
#3864=ORIENTED_EDGE('',*,*,#4968,.F.);
#3865=ORIENTED_EDGE('',*,*,#5155,.F.);
#3866=ORIENTED_EDGE('',*,*,#5156,.F.);
#3867=ORIENTED_EDGE('',*,*,#5153,.T.);
#3868=CARTESIAN_POINT('',(0.481741193924606,-0.957120955214771,0.99));
#3869=CARTESIAN_POINT('',(0.537882454574131,-1.,0.99));
#3870=CARTESIAN_POINT('',(0.607666307731477,-1.,0.99));
#3871=ORIENTED_EDGE('',*,*,#4967,.F.);
#3872=ORIENTED_EDGE('',*,*,#5157,.F.);
#3873=ORIENTED_EDGE('',*,*,#5158,.F.);
#3874=ORIENTED_EDGE('',*,*,#5155,.T.);
#3875=ORIENTED_EDGE('',*,*,#4966,.F.);
#3876=ORIENTED_EDGE('',*,*,#5138,.F.);
#3877=ORIENTED_EDGE('',*,*,#5159,.F.);
#3878=ORIENTED_EDGE('',*,*,#5157,.T.);
#3879=CARTESIAN_POINT('',(0.668355131515206,-1.,0.99));
#3880=CARTESIAN_POINT('',(0.744224397301936,-1.,0.99));
#3881=CARTESIAN_POINT('',(0.797637165288508,-0.956376803234913,0.99));
#3882=ORIENTED_EDGE('',*,*,#4916,.F.);
#3883=ORIENTED_EDGE('',*,*,#5160,.F.);
#3884=ORIENTED_EDGE('',*,*,#5161,.T.);
#3885=ORIENTED_EDGE('',*,*,#5162,.T.);
#3886=CARTESIAN_POINT('',(0.789666567643484,-0.458827842882938,0.99));
#3887=CARTESIAN_POINT('',(0.789666567643484,-0.418644249637598,0.99));
#3888=CARTESIAN_POINT('',(0.75401396852342,-0.389705458152133,0.99));
#3889=ORIENTED_EDGE('',*,*,#4917,.F.);
#3890=ORIENTED_EDGE('',*,*,#5162,.F.);
#3891=ORIENTED_EDGE('',*,*,#5163,.T.);
#3892=ORIENTED_EDGE('',*,*,#5164,.T.);
#3893=CARTESIAN_POINT('',(0.75401396852342,-0.389705458152133,0.99));
#3894=CARTESIAN_POINT('',(0.718361369403357,-0.360766666666667,0.99));
#3895=CARTESIAN_POINT('',(0.668222837829898,-0.360766666666667,0.99));
#3896=ORIENTED_EDGE('',*,*,#4918,.F.);
#3897=ORIENTED_EDGE('',*,*,#5164,.F.);
#3898=ORIENTED_EDGE('',*,*,#5165,.T.);
#3899=ORIENTED_EDGE('',*,*,#5166,.T.);
#3900=ORIENTED_EDGE('',*,*,#4919,.F.);
#3901=ORIENTED_EDGE('',*,*,#5166,.F.);
#3902=ORIENTED_EDGE('',*,*,#5167,.T.);
#3903=ORIENTED_EDGE('',*,*,#5168,.T.);
#3904=CARTESIAN_POINT('',(0.607798601416785,-0.360766666666667,0.99));
#3905=CARTESIAN_POINT('',(0.557660069843326,-0.360766666666667,0.99));
#3906=CARTESIAN_POINT('',(0.52232166822587,-0.38945740749218,0.99));
#3907=ORIENTED_EDGE('',*,*,#4920,.F.);
#3908=ORIENTED_EDGE('',*,*,#5168,.F.);
#3909=ORIENTED_EDGE('',*,*,#5169,.T.);
#3910=ORIENTED_EDGE('',*,*,#5170,.T.);
#3911=CARTESIAN_POINT('',(0.52232166822587,-0.38945740749218,0.99));
#3912=CARTESIAN_POINT('',(0.48698323431015,-0.418148148317693,0.99));
#3913=CARTESIAN_POINT('',(0.48698323431015,-0.458827842882938,0.99));
#3914=ORIENTED_EDGE('',*,*,#4921,.F.);
#3915=ORIENTED_EDGE('',*,*,#5170,.F.);
#3916=ORIENTED_EDGE('',*,*,#5171,.T.);
#3917=ORIENTED_EDGE('',*,*,#5172,.T.);
#3918=ORIENTED_EDGE('',*,*,#4922,.F.);
#3919=ORIENTED_EDGE('',*,*,#5172,.F.);
#3920=ORIENTED_EDGE('',*,*,#5173,.T.);
#3921=ORIENTED_EDGE('',*,*,#5174,.T.);
#3922=CARTESIAN_POINT('',(0.48698323431015,-0.851138791485466,0.99));
#3923=CARTESIAN_POINT('',(0.48698323431015,-0.890859356832227,0.99));
#3924=CARTESIAN_POINT('',(0.523528815806043,-0.920029662266982,0.99));
#3925=ORIENTED_EDGE('',*,*,#4923,.F.);
#3926=ORIENTED_EDGE('',*,*,#5174,.F.);
#3927=ORIENTED_EDGE('',*,*,#5175,.T.);
#3928=ORIENTED_EDGE('',*,*,#5176,.T.);
#3929=CARTESIAN_POINT('',(0.523528815806043,-0.920029662266982,0.99));
#3930=CARTESIAN_POINT('',(0.560074397301936,-0.9492,0.99));
#3931=CARTESIAN_POINT('',(0.607798601416785,-0.9492,0.99));
#3932=ORIENTED_EDGE('',*,*,#4924,.F.);
#3933=ORIENTED_EDGE('',*,*,#5176,.F.);
#3934=ORIENTED_EDGE('',*,*,#5177,.T.);
#3935=ORIENTED_EDGE('',*,*,#5178,.T.);
#3936=ORIENTED_EDGE('',*,*,#4925,.F.);
#3937=ORIENTED_EDGE('',*,*,#5178,.F.);
#3938=ORIENTED_EDGE('',*,*,#5179,.T.);
#3939=ORIENTED_EDGE('',*,*,#5180,.T.);
#3940=CARTESIAN_POINT('',(0.668222837829898,-0.9492,0.99));
#3941=CARTESIAN_POINT('',(0.717170758533847,-0.9492,0.99));
#3942=CARTESIAN_POINT('',(0.753418679237797,-0.921253378856082,0.99));
#3943=ORIENTED_EDGE('',*,*,#4926,.F.);
#3944=ORIENTED_EDGE('',*,*,#5180,.F.);
#3945=ORIENTED_EDGE('',*,*,#5181,.T.);
#3946=ORIENTED_EDGE('',*,*,#5182,.T.);
#3947=CARTESIAN_POINT('',(0.753418679237797,-0.921253378856082,0.99));
#3948=CARTESIAN_POINT('',(0.789666567643484,-0.893306757712164,0.99));
#3949=CARTESIAN_POINT('',(0.789666567643484,-0.851138791485466,0.99));
#3950=ORIENTED_EDGE('',*,*,#4915,.F.);
#3951=ORIENTED_EDGE('',*,*,#5182,.F.);
#3952=ORIENTED_EDGE('',*,*,#5183,.T.);
#3953=ORIENTED_EDGE('',*,*,#5160,.T.);
#3954=ORIENTED_EDGE('',*,*,#4984,.F.);
#3955=ORIENTED_EDGE('',*,*,#5184,.F.);
#3956=ORIENTED_EDGE('',*,*,#5185,.F.);
#3957=ORIENTED_EDGE('',*,*,#5186,.T.);
#3958=ORIENTED_EDGE('',*,*,#4994,.F.);
#3959=ORIENTED_EDGE('',*,*,#5187,.F.);
#3960=ORIENTED_EDGE('',*,*,#5188,.F.);
#3961=ORIENTED_EDGE('',*,*,#5189,.T.);
#3962=CARTESIAN_POINT('',(-0.548066707356771,-0.975360656392258,0.99));
#3963=CARTESIAN_POINT('',(-0.548066707356771,-1.,0.99));
#3964=CARTESIAN_POINT('',(-0.517705758754243,-1.,0.99));
#3965=ORIENTED_EDGE('',*,*,#4993,.F.);
#3966=ORIENTED_EDGE('',*,*,#5190,.F.);
#3967=ORIENTED_EDGE('',*,*,#5191,.F.);
#3968=ORIENTED_EDGE('',*,*,#5187,.T.);
#3969=ORIENTED_EDGE('',*,*,#4992,.F.);
#3970=ORIENTED_EDGE('',*,*,#5192,.F.);
#3971=ORIENTED_EDGE('',*,*,#5193,.F.);
#3972=ORIENTED_EDGE('',*,*,#5190,.T.);
#3973=CARTESIAN_POINT('',(-0.305311476818382,-1.,0.99));
#3974=CARTESIAN_POINT('',(-0.236122945244922,-1.,0.99));
#3975=CARTESIAN_POINT('',(-0.179369826300847,-0.955715334808372,0.99));
#3976=ORIENTED_EDGE('',*,*,#4991,.F.);
#3977=ORIENTED_EDGE('',*,*,#5194,.F.);
#3978=ORIENTED_EDGE('',*,*,#5195,.F.);
#3979=ORIENTED_EDGE('',*,*,#5192,.T.);
#3980=CARTESIAN_POINT('',(-0.179369826300847,-0.955715334808372,0.99));
#3981=CARTESIAN_POINT('',(-0.122616707356771,-0.911430701915007,0.99));
#3982=CARTESIAN_POINT('',(-0.122616707356771,-0.852362475776303,0.99));
#3983=ORIENTED_EDGE('',*,*,#4990,.F.);
#3984=ORIENTED_EDGE('',*,*,#5196,.F.);
#3985=ORIENTED_EDGE('',*,*,#5197,.F.);
#3986=ORIENTED_EDGE('',*,*,#5194,.T.);
#3987=ORIENTED_EDGE('',*,*,#4989,.F.);
#3988=ORIENTED_EDGE('',*,*,#5198,.F.);
#3989=ORIENTED_EDGE('',*,*,#5199,.F.);
#3990=ORIENTED_EDGE('',*,*,#5196,.T.);
#3991=CARTESIAN_POINT('',(-0.122616707356771,-0.753970565346761,0.99));
#3992=CARTESIAN_POINT('',(-0.122616707356771,-0.714580701915007,0.99));
#3993=CARTESIAN_POINT('',(-0.150894030415696,-0.677687881793444,0.99));
#3994=ORIENTED_EDGE('',*,*,#4988,.F.);
#3995=ORIENTED_EDGE('',*,*,#5200,.F.);
#3996=ORIENTED_EDGE('',*,*,#5201,.F.);
#3997=ORIENTED_EDGE('',*,*,#5198,.T.);
#3998=CARTESIAN_POINT('',(-0.150894030415696,-0.677687881793444,0.99));
#3999=CARTESIAN_POINT('',(-0.179171385772884,-0.640795029373617,0.99));
#4000=CARTESIAN_POINT('',(-0.222199228655822,-0.623067966226698,0.99));
#4001=ORIENTED_EDGE('',*,*,#4987,.F.);
#4002=ORIENTED_EDGE('',*,*,#5202,.F.);
#4003=ORIENTED_EDGE('',*,*,#5203,.F.);
#4004=ORIENTED_EDGE('',*,*,#5200,.T.);
#4005=CARTESIAN_POINT('',(-0.222199228655822,-0.623067966226698,0.99));
#4006=CARTESIAN_POINT('',(-0.187042730855665,-0.598858577096208,0.99));
#4007=CARTESIAN_POINT('',(-0.170704719106218,-0.571209616744233,0.99));
#4008=ORIENTED_EDGE('',*,*,#4986,.F.);
#4009=ORIENTED_EDGE('',*,*,#5204,.F.);
#4010=ORIENTED_EDGE('',*,*,#5205,.F.);
#4011=ORIENTED_EDGE('',*,*,#5202,.T.);
#4012=CARTESIAN_POINT('',(-0.170704719106218,-0.571209616744233,0.99));
#4013=CARTESIAN_POINT('',(-0.154366707356771,-0.543560656392259,0.99));
#4014=CARTESIAN_POINT('',(-0.154366707356771,-0.507511176216271,0.99));
#4015=ORIENTED_EDGE('',*,*,#4985,.F.);
#4016=ORIENTED_EDGE('',*,*,#5186,.F.);
#4017=ORIENTED_EDGE('',*,*,#5206,.F.);
#4018=ORIENTED_EDGE('',*,*,#5204,.T.);
#4019=ORIENTED_EDGE('',*,*,#4983,.F.);
#4020=ORIENTED_EDGE('',*,*,#5207,.F.);
#4021=ORIENTED_EDGE('',*,*,#5208,.F.);
#4022=ORIENTED_EDGE('',*,*,#5184,.T.);
#4023=ORIENTED_EDGE('',*,*,#4982,.F.);
#4024=ORIENTED_EDGE('',*,*,#5209,.F.);
#4025=ORIENTED_EDGE('',*,*,#5210,.F.);
#4026=ORIENTED_EDGE('',*,*,#5207,.T.);
#4027=CARTESIAN_POINT('',(-0.166504459194212,-0.400851039648025,0.99));
#4028=CARTESIAN_POINT('',(-0.179898968743816,-0.374161176216271,0.99));
#4029=CARTESIAN_POINT('',(-0.206621905596897,-0.353424464026856,0.99));
#4030=ORIENTED_EDGE('',*,*,#4981,.F.);
#4031=ORIENTED_EDGE('',*,*,#5211,.F.);
#4032=ORIENTED_EDGE('',*,*,#5212,.F.);
#4033=ORIENTED_EDGE('',*,*,#5209,.T.);
#4034=CARTESIAN_POINT('',(-0.206621905596897,-0.353424464026856,0.99));
#4035=CARTESIAN_POINT('',(-0.260696109711747,-0.309966666666667,0.99));
#4036=CARTESIAN_POINT('',(-0.335407838050293,-0.309966666666667,0.99));
#4037=ORIENTED_EDGE('',*,*,#4980,.F.);
#4038=ORIENTED_EDGE('',*,*,#5213,.F.);
#4039=ORIENTED_EDGE('',*,*,#5214,.F.);
#4040=ORIENTED_EDGE('',*,*,#5211,.T.);
#4041=ORIENTED_EDGE('',*,*,#4979,.F.);
#4042=ORIENTED_EDGE('',*,*,#5215,.F.);
#4043=ORIENTED_EDGE('',*,*,#5216,.F.);
#4044=ORIENTED_EDGE('',*,*,#5213,.T.);
#4045=CARTESIAN_POINT('',(-0.517672685332916,-0.309966666666667,0.99));
#4046=CARTESIAN_POINT('',(-0.548066707356771,-0.309966666666667,0.99));
#4047=CARTESIAN_POINT('',(-0.548066707356771,-0.334605977976145,0.99));
#4048=ORIENTED_EDGE('',*,*,#4978,.F.);
#4049=ORIENTED_EDGE('',*,*,#5189,.F.);
#4050=ORIENTED_EDGE('',*,*,#5217,.F.);
#4051=ORIENTED_EDGE('',*,*,#5215,.T.);
#4052=ORIENTED_EDGE('',*,*,#4908,.F.);
#4053=ORIENTED_EDGE('',*,*,#5218,.F.);
#4054=ORIENTED_EDGE('',*,*,#5219,.T.);
#4055=ORIENTED_EDGE('',*,*,#5220,.T.);
#4056=CARTESIAN_POINT('',(-0.30544377050369,-0.9492,0.99));
#4057=CARTESIAN_POINT('',(-0.25649584979974,-0.9492,0.99));
#4058=CARTESIAN_POINT('',(-0.220247929095791,-0.921402209252054,0.99));
#4059=ORIENTED_EDGE('',*,*,#4909,.F.);
#4060=ORIENTED_EDGE('',*,*,#5220,.F.);
#4061=ORIENTED_EDGE('',*,*,#5221,.T.);
#4062=ORIENTED_EDGE('',*,*,#5222,.T.);
#4063=CARTESIAN_POINT('',(-0.220247929095791,-0.921402209252054,0.99));
#4064=CARTESIAN_POINT('',(-0.184000040690104,-0.893604418504107,0.99));
#4065=CARTESIAN_POINT('',(-0.184000040690104,-0.851667966226698,0.99));
#4066=ORIENTED_EDGE('',*,*,#4910,.F.);
#4067=ORIENTED_EDGE('',*,*,#5222,.F.);
#4068=ORIENTED_EDGE('',*,*,#5223,.T.);
#4069=ORIENTED_EDGE('',*,*,#5224,.T.);
#4070=ORIENTED_EDGE('',*,*,#4911,.F.);
#4071=ORIENTED_EDGE('',*,*,#5224,.F.);
#4072=ORIENTED_EDGE('',*,*,#5225,.T.);
#4073=ORIENTED_EDGE('',*,*,#5226,.T.);
#4074=CARTESIAN_POINT('',(-0.184000040690104,-0.754135932453396,0.99));
#4075=CARTESIAN_POINT('',(-0.184000040690104,-0.71610207929605,0.99));
#4076=CARTESIAN_POINT('',(-0.220859787390341,-0.686601039648025,0.99));
#4077=ORIENTED_EDGE('',*,*,#4912,.F.);
#4078=ORIENTED_EDGE('',*,*,#5226,.F.);
#4079=ORIENTED_EDGE('',*,*,#5227,.T.);
#4080=ORIENTED_EDGE('',*,*,#5228,.T.);
#4081=CARTESIAN_POINT('',(-0.220859787390341,-0.686601039648025,0.99));
#4082=CARTESIAN_POINT('',(-0.25771956638884,-0.6571,0.99));
#4083=CARTESIAN_POINT('',(-0.30544377050369,-0.6571,0.99));
#4084=ORIENTED_EDGE('',*,*,#4913,.F.);
#4085=ORIENTED_EDGE('',*,*,#5228,.F.);
#4086=ORIENTED_EDGE('',*,*,#5229,.T.);
#4087=ORIENTED_EDGE('',*,*,#5230,.T.);
#4088=ORIENTED_EDGE('',*,*,#4914,.F.);
#4089=ORIENTED_EDGE('',*,*,#5230,.F.);
#4090=ORIENTED_EDGE('',*,*,#5231,.T.);
#4091=ORIENTED_EDGE('',*,*,#5232,.T.);
#4092=ORIENTED_EDGE('',*,*,#4907,.F.);
#4093=ORIENTED_EDGE('',*,*,#5232,.F.);
#4094=ORIENTED_EDGE('',*,*,#5233,.T.);
#4095=ORIENTED_EDGE('',*,*,#5218,.T.);
#4096=ORIENTED_EDGE('',*,*,#4900,.F.);
#4097=ORIENTED_EDGE('',*,*,#5234,.F.);
#4098=ORIENTED_EDGE('',*,*,#5235,.T.);
#4099=ORIENTED_EDGE('',*,*,#5236,.T.);
#4100=CARTESIAN_POINT('',(-0.336168526740815,-0.6063,0.99));
#4101=CARTESIAN_POINT('',(-0.286790651559614,-0.6063,0.99));
#4102=CARTESIAN_POINT('',(-0.251270346124859,-0.577377712926935,0.99));
#4103=ORIENTED_EDGE('',*,*,#4901,.F.);
#4104=ORIENTED_EDGE('',*,*,#5236,.F.);
#4105=ORIENTED_EDGE('',*,*,#5237,.T.);
#4106=ORIENTED_EDGE('',*,*,#5238,.T.);
#4107=CARTESIAN_POINT('',(-0.251270346124859,-0.577377712926935,0.99));
#4108=CARTESIAN_POINT('',(-0.215750040690104,-0.548455458152132,0.99));
#4109=CARTESIAN_POINT('',(-0.215750040690104,-0.507808837008214,0.99));
#4110=ORIENTED_EDGE('',*,*,#4902,.F.);
#4111=ORIENTED_EDGE('',*,*,#5238,.F.);
#4112=ORIENTED_EDGE('',*,*,#5239,.T.);
#4113=ORIENTED_EDGE('',*,*,#5240,.T.);
#4114=ORIENTED_EDGE('',*,*,#4903,.F.);
#4115=ORIENTED_EDGE('',*,*,#5240,.F.);
#4116=ORIENTED_EDGE('',*,*,#5241,.T.);
#4117=ORIENTED_EDGE('',*,*,#5242,.T.);
#4118=CARTESIAN_POINT('',(-0.215750040690104,-0.458794769461611,0.99));
#4119=CARTESIAN_POINT('',(-0.215750040690104,-0.418115074896366,0.99));
#4120=CARTESIAN_POINT('',(-0.250377363749029,-0.389440870781516,0.99));
#4121=ORIENTED_EDGE('',*,*,#4904,.F.);
#4122=ORIENTED_EDGE('',*,*,#5242,.F.);
#4123=ORIENTED_EDGE('',*,*,#5243,.T.);
#4124=ORIENTED_EDGE('',*,*,#5244,.T.);
#4125=CARTESIAN_POINT('',(-0.250377363749029,-0.389440870781516,0.99));
#4126=CARTESIAN_POINT('',(-0.285004719106218,-0.360766666666667,0.99));
#4127=CARTESIAN_POINT('',(-0.336168526740815,-0.360766666666667,0.99));
#4128=ORIENTED_EDGE('',*,*,#4905,.F.);
#4129=ORIENTED_EDGE('',*,*,#5244,.F.);
#4130=ORIENTED_EDGE('',*,*,#5245,.T.);
#4131=ORIENTED_EDGE('',*,*,#5246,.T.);
#4132=ORIENTED_EDGE('',*,*,#4906,.F.);
#4133=ORIENTED_EDGE('',*,*,#5246,.F.);
#4134=ORIENTED_EDGE('',*,*,#5247,.T.);
#4135=ORIENTED_EDGE('',*,*,#5248,.T.);
#4136=ORIENTED_EDGE('',*,*,#4899,.F.);
#4137=ORIENTED_EDGE('',*,*,#5248,.F.);
#4138=ORIENTED_EDGE('',*,*,#5249,.T.);
#4139=ORIENTED_EDGE('',*,*,#5234,.T.);
#4140=ORIENTED_EDGE('',*,*,#4996,.F.);
#4141=ORIENTED_EDGE('',*,*,#5250,.F.);
#4142=ORIENTED_EDGE('',*,*,#5251,.F.);
#4143=ORIENTED_EDGE('',*,*,#5252,.T.);
#4144=CARTESIAN_POINT('',(1.36573060602355,-0.309966666666667,0.99));
#4145=CARTESIAN_POINT('',(1.34820198340459,-0.309966666666667,0.99));
#4146=CARTESIAN_POINT('',(1.33973531673792,-0.323228882530963,0.99));
#4147=ORIENTED_EDGE('',*,*,#4997,.F.);
#4148=ORIENTED_EDGE('',*,*,#5252,.F.);
#4149=ORIENTED_EDGE('',*,*,#5253,.F.);
#4150=ORIENTED_EDGE('',*,*,#5254,.T.);
#4151=CARTESIAN_POINT('',(1.38808791585799,-0.316829272398973,0.99));
#4152=CARTESIAN_POINT('',(1.37902592760743,-0.309966666666667,0.99));
#4153=CARTESIAN_POINT('',(1.36573060602355,-0.309966666666667,0.99));
#4154=ORIENTED_EDGE('',*,*,#4998,.F.);
#4155=ORIENTED_EDGE('',*,*,#5254,.F.);
#4156=ORIENTED_EDGE('',*,*,#5255,.F.);
#4157=ORIENTED_EDGE('',*,*,#5256,.T.);
#4158=CARTESIAN_POINT('',(1.39714987181028,-0.334010656392259,0.99));
#4159=CARTESIAN_POINT('',(1.39714987181028,-0.323691910429542,0.99));
#4160=CARTESIAN_POINT('',(1.38808791585799,-0.316829272398973,0.99));
#4161=ORIENTED_EDGE('',*,*,#4999,.F.);
#4162=ORIENTED_EDGE('',*,*,#5256,.F.);
#4163=ORIENTED_EDGE('',*,*,#5257,.F.);
#4164=ORIENTED_EDGE('',*,*,#5258,.T.);
#4165=CARTESIAN_POINT('',(1.39291653847694,-0.346776803234913,0.99));
#4166=CARTESIAN_POINT('',(1.39714987181028,-0.33989762849368,0.99));
#4167=CARTESIAN_POINT('',(1.39714987181028,-0.334010656392259,0.99));
#4168=ORIENTED_EDGE('',*,*,#5000,.F.);
#4169=ORIENTED_EDGE('',*,*,#5258,.F.);
#4170=ORIENTED_EDGE('',*,*,#5259,.F.);
#4171=ORIENTED_EDGE('',*,*,#5260,.T.);
#4172=ORIENTED_EDGE('',*,*,#5001,.F.);
#4173=ORIENTED_EDGE('',*,*,#5260,.F.);
#4174=ORIENTED_EDGE('',*,*,#5261,.F.);
#4175=ORIENTED_EDGE('',*,*,#5262,.T.);
#4176=ORIENTED_EDGE('',*,*,#5002,.F.);
#4177=ORIENTED_EDGE('',*,*,#5262,.F.);
#4178=ORIENTED_EDGE('',*,*,#5263,.F.);
#4179=ORIENTED_EDGE('',*,*,#5264,.T.);
#4180=CARTESIAN_POINT('',(1.39714987181028,-0.975823684290837,0.99));
#4181=CARTESIAN_POINT('',(1.39714987181028,-0.968415334808372,0.99));
#4182=CARTESIAN_POINT('',(1.39291653847694,-0.962958317184202,0.99));
#4183=ORIENTED_EDGE('',*,*,#5003,.F.);
#4184=ORIENTED_EDGE('',*,*,#5264,.F.);
#4185=ORIENTED_EDGE('',*,*,#5265,.F.);
#4186=ORIENTED_EDGE('',*,*,#5266,.T.);
#4187=CARTESIAN_POINT('',(1.3874925942741,-0.993087751837441,0.99));
#4188=CARTESIAN_POINT('',(1.39714987181028,-0.984687232013428,0.99));
#4189=CARTESIAN_POINT('',(1.39714987181028,-0.975823684290837,0.99));
#4190=ORIENTED_EDGE('',*,*,#5004,.F.);
#4191=ORIENTED_EDGE('',*,*,#5266,.F.);
#4192=ORIENTED_EDGE('',*,*,#5267,.F.);
#4193=ORIENTED_EDGE('',*,*,#5268,.T.);
#4194=CARTESIAN_POINT('',(1.3651022433166,-1.,0.99));
#4195=CARTESIAN_POINT('',(1.3778022433166,-1.,0.99));
#4196=CARTESIAN_POINT('',(1.3874925942741,-0.993087751837441,0.99));
#4197=ORIENTED_EDGE('',*,*,#5005,.F.);
#4198=ORIENTED_EDGE('',*,*,#5268,.F.);
#4199=ORIENTED_EDGE('',*,*,#5269,.F.);
#4200=ORIENTED_EDGE('',*,*,#5270,.T.);
#4201=CARTESIAN_POINT('',(1.33973531673792,-0.98663853157346,0.99));
#4202=CARTESIAN_POINT('',(1.34879727269021,-1.,0.99));
#4203=CARTESIAN_POINT('',(1.3651022433166,-1.,0.99));
#4204=ORIENTED_EDGE('',*,*,#5006,.F.);
#4205=ORIENTED_EDGE('',*,*,#5270,.F.);
#4206=ORIENTED_EDGE('',*,*,#5271,.F.);
#4207=ORIENTED_EDGE('',*,*,#5272,.T.);
#4208=ORIENTED_EDGE('',*,*,#5007,.F.);
#4209=ORIENTED_EDGE('',*,*,#5272,.F.);
#4210=ORIENTED_EDGE('',*,*,#5273,.F.);
#4211=ORIENTED_EDGE('',*,*,#5274,.T.);
#4212=ORIENTED_EDGE('',*,*,#5008,.F.);
#4213=ORIENTED_EDGE('',*,*,#5274,.F.);
#4214=ORIENTED_EDGE('',*,*,#5275,.F.);
#4215=ORIENTED_EDGE('',*,*,#5276,.T.);
#4216=CARTESIAN_POINT('',(0.943852503228604,-1.,0.99));
#4217=CARTESIAN_POINT('',(0.96138112584756,-1.,0.99));
#4218=CARTESIAN_POINT('',(0.969847792514227,-0.98663853157346,0.99));
#4219=ORIENTED_EDGE('',*,*,#5009,.F.);
#4220=ORIENTED_EDGE('',*,*,#5276,.F.);
#4221=ORIENTED_EDGE('',*,*,#5277,.F.);
#4222=ORIENTED_EDGE('',*,*,#5278,.T.);
#4223=CARTESIAN_POINT('',(0.921495193394164,-0.993104288548104,0.99));
#4224=CARTESIAN_POINT('',(0.930557181644717,-1.,0.99));
#4225=CARTESIAN_POINT('',(0.943852503228604,-1.,0.99));
#4226=ORIENTED_EDGE('',*,*,#5010,.F.);
#4227=ORIENTED_EDGE('',*,*,#5278,.F.);
#4228=ORIENTED_EDGE('',*,*,#5279,.F.);
#4229=ORIENTED_EDGE('',*,*,#5280,.T.);
#4230=CARTESIAN_POINT('',(0.912433205143611,-0.975889831133491,0.99));
#4231=CARTESIAN_POINT('',(0.912433205143611,-0.986208577096208,0.99));
#4232=CARTESIAN_POINT('',(0.921495193394164,-0.993104288548104,0.99));
#4233=ORIENTED_EDGE('',*,*,#5011,.F.);
#4234=ORIENTED_EDGE('',*,*,#5280,.F.);
#4235=ORIENTED_EDGE('',*,*,#5281,.F.);
#4236=ORIENTED_EDGE('',*,*,#5282,.T.);
#4237=CARTESIAN_POINT('',(0.916666538476944,-0.96309061086951,0.99));
#4238=CARTESIAN_POINT('',(0.912433205143611,-0.969969785610742,0.99));
#4239=CARTESIAN_POINT('',(0.912433205143611,-0.975889831133491,0.99));
#4240=ORIENTED_EDGE('',*,*,#5012,.F.);
#4241=ORIENTED_EDGE('',*,*,#5282,.F.);
#4242=ORIENTED_EDGE('',*,*,#5283,.F.);
#4243=ORIENTED_EDGE('',*,*,#5284,.T.);
#4244=ORIENTED_EDGE('',*,*,#5013,.F.);
#4245=ORIENTED_EDGE('',*,*,#5284,.F.);
#4246=ORIENTED_EDGE('',*,*,#5285,.F.);
#4247=ORIENTED_EDGE('',*,*,#5286,.T.);
#4248=ORIENTED_EDGE('',*,*,#5014,.F.);
#4249=ORIENTED_EDGE('',*,*,#5286,.F.);
#4250=ORIENTED_EDGE('',*,*,#5287,.F.);
#4251=ORIENTED_EDGE('',*,*,#5288,.T.);
#4252=ORIENTED_EDGE('',*,*,#5015,.F.);
#4253=ORIENTED_EDGE('',*,*,#5288,.F.);
#4254=ORIENTED_EDGE('',*,*,#5289,.F.);
#4255=ORIENTED_EDGE('',*,*,#5290,.T.);
#4256=CARTESIAN_POINT('',(0.921495193394164,-0.3193262834109,0.99));
#4257=CARTESIAN_POINT('',(0.912433205143611,-0.328685932453396,0.99));
#4258=CARTESIAN_POINT('',(0.912433205143611,-0.334076803234913,0.99));
#4259=ORIENTED_EDGE('',*,*,#5016,.F.);
#4260=ORIENTED_EDGE('',*,*,#5290,.F.);
#4261=ORIENTED_EDGE('',*,*,#5291,.F.);
#4262=ORIENTED_EDGE('',*,*,#5292,.T.);
#4263=CARTESIAN_POINT('',(0.944480865935554,-0.309966666666667,0.99));
#4264=CARTESIAN_POINT('',(0.930557181644717,-0.309966666666667,0.99));
#4265=CARTESIAN_POINT('',(0.921495193394164,-0.3193262834109,0.99));
#4266=ORIENTED_EDGE('',*,*,#5017,.F.);
#4267=ORIENTED_EDGE('',*,*,#5292,.F.);
#4268=ORIENTED_EDGE('',*,*,#5293,.F.);
#4269=ORIENTED_EDGE('',*,*,#5294,.T.);
#4270=CARTESIAN_POINT('',(0.969847792514227,-0.323228882530963,0.99));
#4271=CARTESIAN_POINT('',(0.960785836561937,-0.309966666666667,0.99));
#4272=CARTESIAN_POINT('',(0.944480865935554,-0.309966666666667,0.99));
#4273=ORIENTED_EDGE('',*,*,#5018,.F.);
#4274=ORIENTED_EDGE('',*,*,#5294,.F.);
#4275=ORIENTED_EDGE('',*,*,#5295,.F.);
#4276=ORIENTED_EDGE('',*,*,#5296,.T.);
#4277=ORIENTED_EDGE('',*,*,#4995,.F.);
#4278=ORIENTED_EDGE('',*,*,#5296,.F.);
#4279=ORIENTED_EDGE('',*,*,#5297,.F.);
#4280=ORIENTED_EDGE('',*,*,#5250,.T.);
#4281=ORIENTED_EDGE('',*,*,#5020,.F.);
#4282=ORIENTED_EDGE('',*,*,#5298,.F.);
#4283=ORIENTED_EDGE('',*,*,#5299,.F.);
#4284=ORIENTED_EDGE('',*,*,#5300,.T.);
#4285=ORIENTED_EDGE('',*,*,#5021,.F.);
#4286=ORIENTED_EDGE('',*,*,#5300,.F.);
#4287=ORIENTED_EDGE('',*,*,#5301,.F.);
#4288=ORIENTED_EDGE('',*,*,#5302,.T.);
#4289=ORIENTED_EDGE('',*,*,#5022,.F.);
#4290=ORIENTED_EDGE('',*,*,#5302,.F.);
#4291=ORIENTED_EDGE('',*,*,#5303,.F.);
#4292=ORIENTED_EDGE('',*,*,#5304,.T.);
#4293=ORIENTED_EDGE('',*,*,#5023,.F.);
#4294=ORIENTED_EDGE('',*,*,#5304,.F.);
#4295=ORIENTED_EDGE('',*,*,#5305,.F.);
#4296=ORIENTED_EDGE('',*,*,#5306,.T.);
#4297=ORIENTED_EDGE('',*,*,#5024,.F.);
#4298=ORIENTED_EDGE('',*,*,#5306,.F.);
#4299=ORIENTED_EDGE('',*,*,#5307,.F.);
#4300=ORIENTED_EDGE('',*,*,#5308,.T.);
#4301=ORIENTED_EDGE('',*,*,#5019,.F.);
#4302=ORIENTED_EDGE('',*,*,#5308,.F.);
#4303=ORIENTED_EDGE('',*,*,#5309,.F.);
#4304=ORIENTED_EDGE('',*,*,#5298,.T.);
#4305=ORIENTED_EDGE('',*,*,#5026,.F.);
#4306=ORIENTED_EDGE('',*,*,#5310,.F.);
#4307=ORIENTED_EDGE('',*,*,#5311,.F.);
#4308=ORIENTED_EDGE('',*,*,#5312,.T.);
#4309=ORIENTED_EDGE('',*,*,#5027,.F.);
#4310=ORIENTED_EDGE('',*,*,#5312,.F.);
#4311=ORIENTED_EDGE('',*,*,#5313,.F.);
#4312=ORIENTED_EDGE('',*,*,#5314,.T.);
#4313=ORIENTED_EDGE('',*,*,#5028,.F.);
#4314=ORIENTED_EDGE('',*,*,#5314,.F.);
#4315=ORIENTED_EDGE('',*,*,#5315,.F.);
#4316=ORIENTED_EDGE('',*,*,#5316,.T.);
#4317=ORIENTED_EDGE('',*,*,#5029,.F.);
#4318=ORIENTED_EDGE('',*,*,#5316,.F.);
#4319=ORIENTED_EDGE('',*,*,#5317,.F.);
#4320=ORIENTED_EDGE('',*,*,#5318,.T.);
#4321=ORIENTED_EDGE('',*,*,#5030,.F.);
#4322=ORIENTED_EDGE('',*,*,#5318,.F.);
#4323=ORIENTED_EDGE('',*,*,#5319,.F.);
#4324=ORIENTED_EDGE('',*,*,#5320,.T.);
#4325=ORIENTED_EDGE('',*,*,#5025,.F.);
#4326=ORIENTED_EDGE('',*,*,#5320,.F.);
#4327=ORIENTED_EDGE('',*,*,#5321,.F.);
#4328=ORIENTED_EDGE('',*,*,#5310,.T.);
#4329=ORIENTED_EDGE('',*,*,#5032,.F.);
#4330=ORIENTED_EDGE('',*,*,#5322,.F.);
#4331=ORIENTED_EDGE('',*,*,#5323,.F.);
#4332=ORIENTED_EDGE('',*,*,#5324,.T.);
#4333=CARTESIAN_POINT('',(-0.627441650517535,-1.00052914244297,0.99));
#4334=CARTESIAN_POINT('',(-0.613947888405686,-1.00052914244297,0.99));
#4335=CARTESIAN_POINT('',(-0.605348928053712,-0.994609096920221,0.99));
#4336=ORIENTED_EDGE('',*,*,#5033,.F.);
#4337=ORIENTED_EDGE('',*,*,#5324,.F.);
#4338=ORIENTED_EDGE('',*,*,#5325,.F.);
#4339=ORIENTED_EDGE('',*,*,#5326,.T.);
#4340=CARTESIAN_POINT('',(-0.648939051397472,-0.994542950077567,0.99));
#4341=CARTESIAN_POINT('',(-0.63296481498436,-1.00052914244297,0.99));
#4342=CARTESIAN_POINT('',(-0.627441650517535,-1.00052914244297,0.99));
#4343=ORIENTED_EDGE('',*,*,#5034,.F.);
#4344=ORIENTED_EDGE('',*,*,#5326,.F.);
#4345=ORIENTED_EDGE('',*,*,#5327,.F.);
#4346=ORIENTED_EDGE('',*,*,#5328,.T.);
#4347=CARTESIAN_POINT('',(-0.658133333333333,-0.975592170341548,0.99));
#4348=CARTESIAN_POINT('',(-0.658133333333333,-0.988556757712164,0.99));
#4349=CARTESIAN_POINT('',(-0.648939051397472,-0.994542950077567,0.99));
#4350=ORIENTED_EDGE('',*,*,#5035,.F.);
#4351=ORIENTED_EDGE('',*,*,#5328,.F.);
#4352=ORIENTED_EDGE('',*,*,#5329,.F.);
#4353=ORIENTED_EDGE('',*,*,#5330,.T.);
#4354=ORIENTED_EDGE('',*,*,#5036,.F.);
#4355=ORIENTED_EDGE('',*,*,#5330,.F.);
#4356=ORIENTED_EDGE('',*,*,#5331,.F.);
#4357=ORIENTED_EDGE('',*,*,#5332,.T.);
#4358=ORIENTED_EDGE('',*,*,#5037,.F.);
#4359=ORIENTED_EDGE('',*,*,#5332,.F.);
#4360=ORIENTED_EDGE('',*,*,#5333,.F.);
#4361=ORIENTED_EDGE('',*,*,#5334,.T.);
#4362=CARTESIAN_POINT('',(-0.869634632893365,-0.680383333333333,0.99));
#4363=CARTESIAN_POINT('',(-0.854586452277409,-0.680383333333333,0.99));
#4364=CARTESIAN_POINT('',(-0.843143209989573,-0.665103638768088,0.99));
#4365=ORIENTED_EDGE('',*,*,#5038,.F.);
#4366=ORIENTED_EDGE('',*,*,#5334,.F.);
#4367=ORIENTED_EDGE('',*,*,#5335,.F.);
#4368=ORIENTED_EDGE('',*,*,#5336,.T.);
#4369=CARTESIAN_POINT('',(-0.894968486050711,-0.665103638768088,0.99));
#4370=CARTESIAN_POINT('',(-0.884120565346761,-0.680383333333333,0.99));
#4371=CARTESIAN_POINT('',(-0.869634632893365,-0.680383333333333,0.99));
#4372=ORIENTED_EDGE('',*,*,#5039,.F.);
#4373=ORIENTED_EDGE('',*,*,#5336,.F.);
#4374=ORIENTED_EDGE('',*,*,#5337,.F.);
#4375=ORIENTED_EDGE('',*,*,#5338,.T.);
#4376=ORIENTED_EDGE('',*,*,#5040,.F.);
#4377=ORIENTED_EDGE('',*,*,#5338,.F.);
#4378=ORIENTED_EDGE('',*,*,#5339,.F.);
#4379=ORIENTED_EDGE('',*,*,#5340,.T.);
#4380=ORIENTED_EDGE('',*,*,#5041,.F.);
#4381=ORIENTED_EDGE('',*,*,#5340,.F.);
#4382=ORIENTED_EDGE('',*,*,#5341,.F.);
#4383=ORIENTED_EDGE('',*,*,#5342,.T.);
#4384=CARTESIAN_POINT('',(-1.08794892805371,-0.994542950077567,0.99));
#4385=CARTESIAN_POINT('',(-1.07935,-0.987564555072353,0.99));
#4386=CARTESIAN_POINT('',(-1.07935,-0.975592170341548,0.99));
#4387=ORIENTED_EDGE('',*,*,#5042,.F.);
#4388=ORIENTED_EDGE('',*,*,#5342,.F.);
#4389=ORIENTED_EDGE('',*,*,#5343,.F.);
#4390=ORIENTED_EDGE('',*,*,#5344,.T.);
#4391=CARTESIAN_POINT('',(-1.11004165051754,-1.00052914244297,0.99));
#4392=CARTESIAN_POINT('',(-1.09654788840569,-1.00052914244297,0.99));
#4393=CARTESIAN_POINT('',(-1.08794892805371,-0.994542950077567,0.99));
#4394=ORIENTED_EDGE('',*,*,#5043,.F.);
#4395=ORIENTED_EDGE('',*,*,#5344,.F.);
#4396=ORIENTED_EDGE('',*,*,#5345,.F.);
#4397=ORIENTED_EDGE('',*,*,#5346,.T.);
#4398=CARTESIAN_POINT('',(-1.13153905139747,-0.994609096920221,0.99));
#4399=CARTESIAN_POINT('',(-1.11556481498436,-1.00052914244297,0.99));
#4400=CARTESIAN_POINT('',(-1.11004165051754,-1.00052914244297,0.99));
#4401=ORIENTED_EDGE('',*,*,#5044,.F.);
#4402=ORIENTED_EDGE('',*,*,#5346,.F.);
#4403=ORIENTED_EDGE('',*,*,#5347,.F.);
#4404=ORIENTED_EDGE('',*,*,#5348,.T.);
#4405=CARTESIAN_POINT('',(-1.14073333333333,-0.97579061086951,0.99));
#4406=CARTESIAN_POINT('',(-1.14073333333333,-0.988655977976145,0.99));
#4407=CARTESIAN_POINT('',(-1.13153905139747,-0.994609096920221,0.99));
#4408=ORIENTED_EDGE('',*,*,#5045,.F.);
#4409=ORIENTED_EDGE('',*,*,#5348,.F.);
#4410=ORIENTED_EDGE('',*,*,#5349,.F.);
#4411=ORIENTED_EDGE('',*,*,#5350,.T.);
#4412=ORIENTED_EDGE('',*,*,#5046,.F.);
#4413=ORIENTED_EDGE('',*,*,#5350,.F.);
#4414=ORIENTED_EDGE('',*,*,#5351,.F.);
#4415=ORIENTED_EDGE('',*,*,#5352,.T.);
#4416=CARTESIAN_POINT('',(-1.1331761534549,-0.312877063146919,0.99));
#4417=CARTESIAN_POINT('',(-1.14073333333333,-0.32055,0.99));
#4418=CARTESIAN_POINT('',(-1.14073333333333,-0.333878362706951,0.99));
#4419=ORIENTED_EDGE('',*,*,#5047,.F.);
#4420=ORIENTED_EDGE('',*,*,#5352,.F.);
#4421=ORIENTED_EDGE('',*,*,#5353,.F.);
#4422=ORIENTED_EDGE('',*,*,#5354,.T.);
#4423=CARTESIAN_POINT('',(-1.11351429516035,-0.305204158592101,0.99));
#4424=CARTESIAN_POINT('',(-1.12561900587472,-0.305204158592101,0.99));
#4425=CARTESIAN_POINT('',(-1.1331761534549,-0.312877063146919,0.99));
#4426=ORIENTED_EDGE('',*,*,#5048,.F.);
#4427=ORIENTED_EDGE('',*,*,#5354,.F.);
#4428=ORIENTED_EDGE('',*,*,#5355,.F.);
#4429=ORIENTED_EDGE('',*,*,#5356,.T.);
#4430=CARTESIAN_POINT('',(-1.09836692657867,-0.308643729813586,0.99));
#4431=CARTESIAN_POINT('',(-1.10504762849368,-0.305204158592101,0.99));
#4432=CARTESIAN_POINT('',(-1.11351429516035,-0.305204158592101,0.99));
#4433=ORIENTED_EDGE('',*,*,#5049,.F.);
#4434=ORIENTED_EDGE('',*,*,#5356,.F.);
#4435=ORIENTED_EDGE('',*,*,#5357,.F.);
#4436=ORIENTED_EDGE('',*,*,#5358,.T.);
#4437=CARTESIAN_POINT('',(-1.08444320998957,-0.320946848757661,0.99));
#4438=CARTESIAN_POINT('',(-1.09595259912006,-0.309139831133491,0.99));
#4439=CARTESIAN_POINT('',(-1.09836692657867,-0.308643729813586,0.99));
#4440=ORIENTED_EDGE('',*,*,#5050,.F.);
#4441=ORIENTED_EDGE('',*,*,#5358,.F.);
#4442=ORIENTED_EDGE('',*,*,#5359,.F.);
#4443=ORIENTED_EDGE('',*,*,#5360,.T.);
#4444=ORIENTED_EDGE('',*,*,#5051,.F.);
#4445=ORIENTED_EDGE('',*,*,#5360,.F.);
#4446=ORIENTED_EDGE('',*,*,#5361,.F.);
#4447=ORIENTED_EDGE('',*,*,#5362,.T.);
#4448=ORIENTED_EDGE('',*,*,#5052,.F.);
#4449=ORIENTED_EDGE('',*,*,#5362,.F.);
#4450=ORIENTED_EDGE('',*,*,#5363,.F.);
#4451=ORIENTED_EDGE('',*,*,#5364,.T.);
#4452=CARTESIAN_POINT('',(-0.623969005874724,-0.305204158592101,0.99));
#4453=CARTESIAN_POINT('',(-0.640935412629384,-0.305204158592101,0.99));
#4454=CARTESIAN_POINT('',(-0.653040091045497,-0.320946848757661,0.99));
#4455=ORIENTED_EDGE('',*,*,#5053,.F.);
#4456=ORIENTED_EDGE('',*,*,#5364,.F.);
#4457=ORIENTED_EDGE('',*,*,#5365,.F.);
#4458=ORIENTED_EDGE('',*,*,#5366,.T.);
#4459=CARTESIAN_POINT('',(-0.604919005874723,-0.313108577096208,0.99));
#4460=CARTESIAN_POINT('',(-0.613088011749447,-0.305204158592101,0.99));
#4461=CARTESIAN_POINT('',(-0.623969005874724,-0.305204158592101,0.99));
#4462=ORIENTED_EDGE('',*,*,#5054,.F.);
#4463=ORIENTED_EDGE('',*,*,#5366,.F.);
#4464=ORIENTED_EDGE('',*,*,#5367,.F.);
#4465=ORIENTED_EDGE('',*,*,#5368,.T.);
#4466=CARTESIAN_POINT('',(-0.59675,-0.333878362706951,0.99));
#4467=CARTESIAN_POINT('',(-0.59675,-0.321012995600315,0.99));
#4468=CARTESIAN_POINT('',(-0.604919005874723,-0.313108577096208,0.99));
#4469=ORIENTED_EDGE('',*,*,#5055,.F.);
#4470=ORIENTED_EDGE('',*,*,#5368,.F.);
#4471=ORIENTED_EDGE('',*,*,#5369,.F.);
#4472=ORIENTED_EDGE('',*,*,#5370,.T.);
#4473=ORIENTED_EDGE('',*,*,#5031,.F.);
#4474=ORIENTED_EDGE('',*,*,#5370,.F.);
#4475=ORIENTED_EDGE('',*,*,#5371,.F.);
#4476=ORIENTED_EDGE('',*,*,#5322,.T.);
#4477=CARTESIAN_POINT('',(-0.605348928053712,-0.994609096920221,0.99));
#4478=CARTESIAN_POINT('',(-0.59675,-0.987663775336334,0.99));
#4479=CARTESIAN_POINT('',(-0.59675,-0.97579061086951,0.99));
#4480=ORIENTED_EDGE('',*,*,#5057,.F.);
#4481=ORIENTED_EDGE('',*,*,#5372,.F.);
#4482=ORIENTED_EDGE('',*,*,#5373,.F.);
#4483=ORIENTED_EDGE('',*,*,#5374,.T.);
#4484=ORIENTED_EDGE('',*,*,#5058,.F.);
#4485=ORIENTED_EDGE('',*,*,#5374,.F.);
#4486=ORIENTED_EDGE('',*,*,#5375,.F.);
#4487=ORIENTED_EDGE('',*,*,#5376,.T.);
#4488=ORIENTED_EDGE('',*,*,#5059,.F.);
#4489=ORIENTED_EDGE('',*,*,#5376,.F.);
#4490=ORIENTED_EDGE('',*,*,#5377,.F.);
#4491=ORIENTED_EDGE('',*,*,#5378,.T.);
#4492=ORIENTED_EDGE('',*,*,#5060,.F.);
#4493=ORIENTED_EDGE('',*,*,#5378,.F.);
#4494=ORIENTED_EDGE('',*,*,#5379,.F.);
#4495=ORIENTED_EDGE('',*,*,#5380,.T.);
#4496=ORIENTED_EDGE('',*,*,#5061,.F.);
#4497=ORIENTED_EDGE('',*,*,#5380,.F.);
#4498=ORIENTED_EDGE('',*,*,#5381,.F.);
#4499=ORIENTED_EDGE('',*,*,#5382,.T.);
#4500=ORIENTED_EDGE('',*,*,#5062,.F.);
#4501=ORIENTED_EDGE('',*,*,#5382,.F.);
#4502=ORIENTED_EDGE('',*,*,#5383,.F.);
#4503=ORIENTED_EDGE('',*,*,#5384,.T.);
#4504=ORIENTED_EDGE('',*,*,#5063,.F.);
#4505=ORIENTED_EDGE('',*,*,#5384,.F.);
#4506=ORIENTED_EDGE('',*,*,#5385,.F.);
#4507=ORIENTED_EDGE('',*,*,#5386,.T.);
#4508=ORIENTED_EDGE('',*,*,#5064,.F.);
#4509=ORIENTED_EDGE('',*,*,#5386,.F.);
#4510=ORIENTED_EDGE('',*,*,#5387,.F.);
#4511=ORIENTED_EDGE('',*,*,#5388,.T.);
#4512=ORIENTED_EDGE('',*,*,#5065,.F.);
#4513=ORIENTED_EDGE('',*,*,#5388,.F.);
#4514=ORIENTED_EDGE('',*,*,#5389,.F.);
#4515=ORIENTED_EDGE('',*,*,#5390,.T.);
#4516=ORIENTED_EDGE('',*,*,#5066,.F.);
#4517=ORIENTED_EDGE('',*,*,#5390,.F.);
#4518=ORIENTED_EDGE('',*,*,#5391,.F.);
#4519=ORIENTED_EDGE('',*,*,#5392,.T.);
#4520=ORIENTED_EDGE('',*,*,#5067,.F.);
#4521=ORIENTED_EDGE('',*,*,#5392,.F.);
#4522=ORIENTED_EDGE('',*,*,#5393,.F.);
#4523=ORIENTED_EDGE('',*,*,#5394,.T.);
#4524=ORIENTED_EDGE('',*,*,#5056,.F.);
#4525=ORIENTED_EDGE('',*,*,#5394,.F.);
#4526=ORIENTED_EDGE('',*,*,#5395,.F.);
#4527=ORIENTED_EDGE('',*,*,#5372,.T.);
#4528=ORIENTED_EDGE('',*,*,#5396,.F.);
#4529=ORIENTED_EDGE('',*,*,#5397,.F.);
#4530=ORIENTED_EDGE('',*,*,#5398,.T.);
#4531=ORIENTED_EDGE('',*,*,#5399,.F.);
#4532=ORIENTED_EDGE('',*,*,#5400,.F.);
#4533=ORIENTED_EDGE('',*,*,#5401,.F.);
#4534=ORIENTED_EDGE('',*,*,#5402,.T.);
#4535=ORIENTED_EDGE('',*,*,#5403,.T.);
#4536=ORIENTED_EDGE('',*,*,#5404,.T.);
#4537=ORIENTED_EDGE('',*,*,#5405,.T.);
#4538=ORIENTED_EDGE('',*,*,#5406,.T.);
#4539=ORIENTED_EDGE('',*,*,#5407,.F.);
#4540=ORIENTED_EDGE('',*,*,#5408,.F.);
#4541=ORIENTED_EDGE('',*,*,#5409,.F.);
#4542=ORIENTED_EDGE('',*,*,#5410,.T.);
#4543=ORIENTED_EDGE('',*,*,#5411,.T.);
#4544=ORIENTED_EDGE('',*,*,#5412,.F.);
#4545=ORIENTED_EDGE('',*,*,#5411,.F.);
#4546=ORIENTED_EDGE('',*,*,#5413,.T.);
#4547=ORIENTED_EDGE('',*,*,#5414,.T.);
#4548=ORIENTED_EDGE('',*,*,#5415,.F.);
#4549=ORIENTED_EDGE('',*,*,#5414,.F.);
#4550=ORIENTED_EDGE('',*,*,#5416,.T.);
#4551=ORIENTED_EDGE('',*,*,#5417,.F.);
#4552=ORIENTED_EDGE('',*,*,#5418,.F.);
#4553=ORIENTED_EDGE('',*,*,#5419,.F.);
#4554=ORIENTED_EDGE('',*,*,#5420,.T.);
#4555=ORIENTED_EDGE('',*,*,#5421,.T.);
#4556=ORIENTED_EDGE('',*,*,#5422,.T.);
#4557=ORIENTED_EDGE('',*,*,#5423,.T.);
#4558=ORIENTED_EDGE('',*,*,#5424,.T.);
#4559=ORIENTED_EDGE('',*,*,#5425,.F.);
#4560=ORIENTED_EDGE('',*,*,#5426,.F.);
#4561=ORIENTED_EDGE('',*,*,#5427,.F.);
#4562=ORIENTED_EDGE('',*,*,#5428,.T.);
#4563=ORIENTED_EDGE('',*,*,#5429,.T.);
#4564=ORIENTED_EDGE('',*,*,#5430,.F.);
#4565=ORIENTED_EDGE('',*,*,#5429,.F.);
#4566=ORIENTED_EDGE('',*,*,#5431,.T.);
#4567=ORIENTED_EDGE('',*,*,#5397,.T.);
#4568=ORIENTED_EDGE('',*,*,#4931,.F.);
#4569=ORIENTED_EDGE('',*,*,#5432,.F.);
#4570=ORIENTED_EDGE('',*,*,#5075,.T.);
#4571=ORIENTED_EDGE('',*,*,#5073,.T.);
#4572=ORIENTED_EDGE('',*,*,#5071,.T.);
#4573=ORIENTED_EDGE('',*,*,#5069,.T.);
#4574=ORIENTED_EDGE('',*,*,#5135,.T.);
#4575=ORIENTED_EDGE('',*,*,#5133,.T.);
#4576=ORIENTED_EDGE('',*,*,#5131,.T.);
#4577=ORIENTED_EDGE('',*,*,#5129,.T.);
#4578=ORIENTED_EDGE('',*,*,#5127,.T.);
#4579=ORIENTED_EDGE('',*,*,#5125,.T.);
#4580=ORIENTED_EDGE('',*,*,#5123,.T.);
#4581=ORIENTED_EDGE('',*,*,#5121,.T.);
#4582=ORIENTED_EDGE('',*,*,#5119,.T.);
#4583=ORIENTED_EDGE('',*,*,#5117,.T.);
#4584=ORIENTED_EDGE('',*,*,#5115,.T.);
#4585=ORIENTED_EDGE('',*,*,#5113,.T.);
#4586=ORIENTED_EDGE('',*,*,#5111,.T.);
#4587=ORIENTED_EDGE('',*,*,#5109,.T.);
#4588=ORIENTED_EDGE('',*,*,#5107,.T.);
#4589=ORIENTED_EDGE('',*,*,#5105,.T.);
#4590=ORIENTED_EDGE('',*,*,#5103,.T.);
#4591=ORIENTED_EDGE('',*,*,#5101,.T.);
#4592=ORIENTED_EDGE('',*,*,#5099,.T.);
#4593=ORIENTED_EDGE('',*,*,#5097,.T.);
#4594=ORIENTED_EDGE('',*,*,#5095,.T.);
#4595=ORIENTED_EDGE('',*,*,#5093,.T.);
#4596=ORIENTED_EDGE('',*,*,#5091,.T.);
#4597=ORIENTED_EDGE('',*,*,#5089,.T.);
#4598=ORIENTED_EDGE('',*,*,#5087,.T.);
#4599=ORIENTED_EDGE('',*,*,#5085,.T.);
#4600=ORIENTED_EDGE('',*,*,#5083,.T.);
#4601=ORIENTED_EDGE('',*,*,#5081,.T.);
#4602=ORIENTED_EDGE('',*,*,#5079,.T.);
#4603=ORIENTED_EDGE('',*,*,#5077,.T.);
#4604=ORIENTED_EDGE('',*,*,#5137,.T.);
#4605=ORIENTED_EDGE('',*,*,#5140,.T.);
#4606=ORIENTED_EDGE('',*,*,#5142,.T.);
#4607=ORIENTED_EDGE('',*,*,#5144,.T.);
#4608=ORIENTED_EDGE('',*,*,#5146,.T.);
#4609=ORIENTED_EDGE('',*,*,#5148,.T.);
#4610=ORIENTED_EDGE('',*,*,#5150,.T.);
#4611=ORIENTED_EDGE('',*,*,#5152,.T.);
#4612=ORIENTED_EDGE('',*,*,#5154,.T.);
#4613=ORIENTED_EDGE('',*,*,#5156,.T.);
#4614=ORIENTED_EDGE('',*,*,#5158,.T.);
#4615=ORIENTED_EDGE('',*,*,#5159,.T.);
#4616=ORIENTED_EDGE('',*,*,#5183,.F.);
#4617=ORIENTED_EDGE('',*,*,#5181,.F.);
#4618=ORIENTED_EDGE('',*,*,#5179,.F.);
#4619=ORIENTED_EDGE('',*,*,#5177,.F.);
#4620=ORIENTED_EDGE('',*,*,#5175,.F.);
#4621=ORIENTED_EDGE('',*,*,#5173,.F.);
#4622=ORIENTED_EDGE('',*,*,#5171,.F.);
#4623=ORIENTED_EDGE('',*,*,#5169,.F.);
#4624=ORIENTED_EDGE('',*,*,#5167,.F.);
#4625=ORIENTED_EDGE('',*,*,#5165,.F.);
#4626=ORIENTED_EDGE('',*,*,#5163,.F.);
#4627=ORIENTED_EDGE('',*,*,#5161,.F.);
#4628=ORIENTED_EDGE('',*,*,#5188,.T.);
#4629=ORIENTED_EDGE('',*,*,#5191,.T.);
#4630=ORIENTED_EDGE('',*,*,#5193,.T.);
#4631=ORIENTED_EDGE('',*,*,#5195,.T.);
#4632=ORIENTED_EDGE('',*,*,#5197,.T.);
#4633=ORIENTED_EDGE('',*,*,#5199,.T.);
#4634=ORIENTED_EDGE('',*,*,#5201,.T.);
#4635=ORIENTED_EDGE('',*,*,#5203,.T.);
#4636=ORIENTED_EDGE('',*,*,#5205,.T.);
#4637=ORIENTED_EDGE('',*,*,#5206,.T.);
#4638=ORIENTED_EDGE('',*,*,#5185,.T.);
#4639=ORIENTED_EDGE('',*,*,#5208,.T.);
#4640=ORIENTED_EDGE('',*,*,#5210,.T.);
#4641=ORIENTED_EDGE('',*,*,#5212,.T.);
#4642=ORIENTED_EDGE('',*,*,#5214,.T.);
#4643=ORIENTED_EDGE('',*,*,#5216,.T.);
#4644=ORIENTED_EDGE('',*,*,#5217,.T.);
#4645=ORIENTED_EDGE('',*,*,#5233,.F.);
#4646=ORIENTED_EDGE('',*,*,#5231,.F.);
#4647=ORIENTED_EDGE('',*,*,#5229,.F.);
#4648=ORIENTED_EDGE('',*,*,#5227,.F.);
#4649=ORIENTED_EDGE('',*,*,#5225,.F.);
#4650=ORIENTED_EDGE('',*,*,#5223,.F.);
#4651=ORIENTED_EDGE('',*,*,#5221,.F.);
#4652=ORIENTED_EDGE('',*,*,#5219,.F.);
#4653=ORIENTED_EDGE('',*,*,#5249,.F.);
#4654=ORIENTED_EDGE('',*,*,#5247,.F.);
#4655=ORIENTED_EDGE('',*,*,#5245,.F.);
#4656=ORIENTED_EDGE('',*,*,#5243,.F.);
#4657=ORIENTED_EDGE('',*,*,#5241,.F.);
#4658=ORIENTED_EDGE('',*,*,#5239,.F.);
#4659=ORIENTED_EDGE('',*,*,#5237,.F.);
#4660=ORIENTED_EDGE('',*,*,#5235,.F.);
#4661=ORIENTED_EDGE('',*,*,#5297,.T.);
#4662=ORIENTED_EDGE('',*,*,#5295,.T.);
#4663=ORIENTED_EDGE('',*,*,#5293,.T.);
#4664=ORIENTED_EDGE('',*,*,#5291,.T.);
#4665=ORIENTED_EDGE('',*,*,#5289,.T.);
#4666=ORIENTED_EDGE('',*,*,#5287,.T.);
#4667=ORIENTED_EDGE('',*,*,#5285,.T.);
#4668=ORIENTED_EDGE('',*,*,#5283,.T.);
#4669=ORIENTED_EDGE('',*,*,#5281,.T.);
#4670=ORIENTED_EDGE('',*,*,#5279,.T.);
#4671=ORIENTED_EDGE('',*,*,#5277,.T.);
#4672=ORIENTED_EDGE('',*,*,#5275,.T.);
#4673=ORIENTED_EDGE('',*,*,#5273,.T.);
#4674=ORIENTED_EDGE('',*,*,#5271,.T.);
#4675=ORIENTED_EDGE('',*,*,#5269,.T.);
#4676=ORIENTED_EDGE('',*,*,#5267,.T.);
#4677=ORIENTED_EDGE('',*,*,#5265,.T.);
#4678=ORIENTED_EDGE('',*,*,#5263,.T.);
#4679=ORIENTED_EDGE('',*,*,#5261,.T.);
#4680=ORIENTED_EDGE('',*,*,#5259,.T.);
#4681=ORIENTED_EDGE('',*,*,#5257,.T.);
#4682=ORIENTED_EDGE('',*,*,#5255,.T.);
#4683=ORIENTED_EDGE('',*,*,#5253,.T.);
#4684=ORIENTED_EDGE('',*,*,#5251,.T.);
#4685=ORIENTED_EDGE('',*,*,#5309,.T.);
#4686=ORIENTED_EDGE('',*,*,#5307,.T.);
#4687=ORIENTED_EDGE('',*,*,#5305,.T.);
#4688=ORIENTED_EDGE('',*,*,#5303,.T.);
#4689=ORIENTED_EDGE('',*,*,#5301,.T.);
#4690=ORIENTED_EDGE('',*,*,#5299,.T.);
#4691=ORIENTED_EDGE('',*,*,#5321,.T.);
#4692=ORIENTED_EDGE('',*,*,#5319,.T.);
#4693=ORIENTED_EDGE('',*,*,#5317,.T.);
#4694=ORIENTED_EDGE('',*,*,#5315,.T.);
#4695=ORIENTED_EDGE('',*,*,#5313,.T.);
#4696=ORIENTED_EDGE('',*,*,#5311,.T.);
#4697=ORIENTED_EDGE('',*,*,#5371,.T.);
#4698=ORIENTED_EDGE('',*,*,#5369,.T.);
#4699=ORIENTED_EDGE('',*,*,#5367,.T.);
#4700=ORIENTED_EDGE('',*,*,#5365,.T.);
#4701=ORIENTED_EDGE('',*,*,#5363,.T.);
#4702=ORIENTED_EDGE('',*,*,#5361,.T.);
#4703=ORIENTED_EDGE('',*,*,#5359,.T.);
#4704=ORIENTED_EDGE('',*,*,#5357,.T.);
#4705=ORIENTED_EDGE('',*,*,#5355,.T.);
#4706=ORIENTED_EDGE('',*,*,#5353,.T.);
#4707=ORIENTED_EDGE('',*,*,#5351,.T.);
#4708=ORIENTED_EDGE('',*,*,#5349,.T.);
#4709=ORIENTED_EDGE('',*,*,#5347,.T.);
#4710=ORIENTED_EDGE('',*,*,#5345,.T.);
#4711=ORIENTED_EDGE('',*,*,#5343,.T.);
#4712=ORIENTED_EDGE('',*,*,#5341,.T.);
#4713=ORIENTED_EDGE('',*,*,#5339,.T.);
#4714=ORIENTED_EDGE('',*,*,#5337,.T.);
#4715=ORIENTED_EDGE('',*,*,#5335,.T.);
#4716=ORIENTED_EDGE('',*,*,#5333,.T.);
#4717=ORIENTED_EDGE('',*,*,#5331,.T.);
#4718=ORIENTED_EDGE('',*,*,#5329,.T.);
#4719=ORIENTED_EDGE('',*,*,#5327,.T.);
#4720=ORIENTED_EDGE('',*,*,#5325,.T.);
#4721=ORIENTED_EDGE('',*,*,#5323,.T.);
#4722=ORIENTED_EDGE('',*,*,#5395,.T.);
#4723=ORIENTED_EDGE('',*,*,#5393,.T.);
#4724=ORIENTED_EDGE('',*,*,#5391,.T.);
#4725=ORIENTED_EDGE('',*,*,#5389,.T.);
#4726=ORIENTED_EDGE('',*,*,#5387,.T.);
#4727=ORIENTED_EDGE('',*,*,#5385,.T.);
#4728=ORIENTED_EDGE('',*,*,#5383,.T.);
#4729=ORIENTED_EDGE('',*,*,#5381,.T.);
#4730=ORIENTED_EDGE('',*,*,#5379,.T.);
#4731=ORIENTED_EDGE('',*,*,#5377,.T.);
#4732=ORIENTED_EDGE('',*,*,#5375,.T.);
#4733=ORIENTED_EDGE('',*,*,#5373,.T.);
#4734=ORIENTED_EDGE('',*,*,#5433,.F.);
#4735=ORIENTED_EDGE('',*,*,#5405,.F.);
#4736=ORIENTED_EDGE('',*,*,#5434,.F.);
#4737=ORIENTED_EDGE('',*,*,#5421,.F.);
#4738=ORIENTED_EDGE('',*,*,#5433,.T.);
#4739=ORIENTED_EDGE('',*,*,#5420,.F.);
#4740=ORIENTED_EDGE('',*,*,#5435,.F.);
#4741=ORIENTED_EDGE('',*,*,#5436,.F.);
#4742=ORIENTED_EDGE('',*,*,#5437,.F.);
#4743=ORIENTED_EDGE('',*,*,#5416,.F.);
#4744=ORIENTED_EDGE('',*,*,#5413,.F.);
#4745=ORIENTED_EDGE('',*,*,#5410,.F.);
#4746=ORIENTED_EDGE('',*,*,#5438,.F.);
#4747=ORIENTED_EDGE('',*,*,#5439,.F.);
#4748=ORIENTED_EDGE('',*,*,#5440,.F.);
#4749=ORIENTED_EDGE('',*,*,#5406,.F.);
#4750=ORIENTED_EDGE('',*,*,#5407,.T.);
#4751=ORIENTED_EDGE('',*,*,#5440,.T.);
#4752=ORIENTED_EDGE('',*,*,#5441,.F.);
#4753=ORIENTED_EDGE('',*,*,#5442,.T.);
#4754=ORIENTED_EDGE('',*,*,#5443,.T.);
#4755=ORIENTED_EDGE('',*,*,#5444,.F.);
#4756=ORIENTED_EDGE('',*,*,#5408,.T.);
#4757=ORIENTED_EDGE('',*,*,#5444,.T.);
#4758=ORIENTED_EDGE('',*,*,#5445,.T.);
#4759=ORIENTED_EDGE('',*,*,#5446,.T.);
#4760=ORIENTED_EDGE('',*,*,#5409,.T.);
#4761=ORIENTED_EDGE('',*,*,#5446,.F.);
#4762=ORIENTED_EDGE('',*,*,#5447,.F.);
#4763=ORIENTED_EDGE('',*,*,#5448,.T.);
#4764=ORIENTED_EDGE('',*,*,#5449,.T.);
#4765=ORIENTED_EDGE('',*,*,#5438,.T.);
#4766=ORIENTED_EDGE('',*,*,#5450,.T.);
#4767=ORIENTED_EDGE('',*,*,#5402,.F.);
#4768=ORIENTED_EDGE('',*,*,#5451,.F.);
#4769=ORIENTED_EDGE('',*,*,#5452,.F.);
#4770=ORIENTED_EDGE('',*,*,#5453,.F.);
#4771=ORIENTED_EDGE('',*,*,#5398,.F.);
#4772=ORIENTED_EDGE('',*,*,#5431,.F.);
#4773=ORIENTED_EDGE('',*,*,#5428,.F.);
#4774=ORIENTED_EDGE('',*,*,#5454,.F.);
#4775=ORIENTED_EDGE('',*,*,#5455,.F.);
#4776=ORIENTED_EDGE('',*,*,#5456,.F.);
#4777=ORIENTED_EDGE('',*,*,#5424,.F.);
#4778=ORIENTED_EDGE('',*,*,#5399,.T.);
#4779=ORIENTED_EDGE('',*,*,#5453,.T.);
#4780=ORIENTED_EDGE('',*,*,#5457,.F.);
#4781=ORIENTED_EDGE('',*,*,#5458,.T.);
#4782=ORIENTED_EDGE('',*,*,#5459,.T.);
#4783=ORIENTED_EDGE('',*,*,#5460,.F.);
#4784=ORIENTED_EDGE('',*,*,#5400,.T.);
#4785=ORIENTED_EDGE('',*,*,#5460,.T.);
#4786=ORIENTED_EDGE('',*,*,#5461,.T.);
#4787=ORIENTED_EDGE('',*,*,#5462,.T.);
#4788=ORIENTED_EDGE('',*,*,#5401,.T.);
#4789=ORIENTED_EDGE('',*,*,#5462,.F.);
#4790=ORIENTED_EDGE('',*,*,#5463,.F.);
#4791=ORIENTED_EDGE('',*,*,#5464,.T.);
#4792=ORIENTED_EDGE('',*,*,#5465,.T.);
#4793=ORIENTED_EDGE('',*,*,#5451,.T.);
#4794=ORIENTED_EDGE('',*,*,#5450,.F.);
#4795=ORIENTED_EDGE('',*,*,#5423,.F.);
#4796=ORIENTED_EDGE('',*,*,#5466,.F.);
#4797=ORIENTED_EDGE('',*,*,#5403,.F.);
#4798=ORIENTED_EDGE('',*,*,#5422,.F.);
#4799=ORIENTED_EDGE('',*,*,#5434,.T.);
#4800=ORIENTED_EDGE('',*,*,#5404,.F.);
#4801=ORIENTED_EDGE('',*,*,#5466,.T.);
#4802=ORIENTED_EDGE('',*,*,#5425,.T.);
#4803=ORIENTED_EDGE('',*,*,#5456,.T.);
#4804=ORIENTED_EDGE('',*,*,#5467,.F.);
#4805=ORIENTED_EDGE('',*,*,#5468,.T.);
#4806=ORIENTED_EDGE('',*,*,#5469,.T.);
#4807=ORIENTED_EDGE('',*,*,#5470,.F.);
#4808=ORIENTED_EDGE('',*,*,#5426,.T.);
#4809=ORIENTED_EDGE('',*,*,#5470,.T.);
#4810=ORIENTED_EDGE('',*,*,#5471,.T.);
#4811=ORIENTED_EDGE('',*,*,#5472,.T.);
#4812=ORIENTED_EDGE('',*,*,#5427,.T.);
#4813=ORIENTED_EDGE('',*,*,#5472,.F.);
#4814=ORIENTED_EDGE('',*,*,#5473,.F.);
#4815=ORIENTED_EDGE('',*,*,#5474,.T.);
#4816=ORIENTED_EDGE('',*,*,#5475,.T.);
#4817=ORIENTED_EDGE('',*,*,#5454,.T.);
#4818=ORIENTED_EDGE('',*,*,#5417,.T.);
#4819=ORIENTED_EDGE('',*,*,#5437,.T.);
#4820=ORIENTED_EDGE('',*,*,#5476,.F.);
#4821=ORIENTED_EDGE('',*,*,#5477,.T.);
#4822=ORIENTED_EDGE('',*,*,#5478,.T.);
#4823=ORIENTED_EDGE('',*,*,#5479,.F.);
#4824=ORIENTED_EDGE('',*,*,#5418,.T.);
#4825=ORIENTED_EDGE('',*,*,#5479,.T.);
#4826=ORIENTED_EDGE('',*,*,#5480,.T.);
#4827=ORIENTED_EDGE('',*,*,#5481,.T.);
#4828=ORIENTED_EDGE('',*,*,#5419,.T.);
#4829=ORIENTED_EDGE('',*,*,#5481,.F.);
#4830=ORIENTED_EDGE('',*,*,#5482,.F.);
#4831=ORIENTED_EDGE('',*,*,#5483,.T.);
#4832=ORIENTED_EDGE('',*,*,#5484,.T.);
#4833=ORIENTED_EDGE('',*,*,#5435,.T.);
#4834=ORIENTED_EDGE('',*,*,#5432,.T.);
#4835=ORIENTED_EDGE('',*,*,#5436,.T.);
#4836=ORIENTED_EDGE('',*,*,#5484,.F.);
#4837=ORIENTED_EDGE('',*,*,#5485,.T.);
#4838=ORIENTED_EDGE('',*,*,#5476,.T.);
#4839=ORIENTED_EDGE('',*,*,#5439,.T.);
#4840=ORIENTED_EDGE('',*,*,#5449,.F.);
#4841=ORIENTED_EDGE('',*,*,#5486,.T.);
#4842=ORIENTED_EDGE('',*,*,#5441,.T.);
#4843=ORIENTED_EDGE('',*,*,#5448,.F.);
#4844=ORIENTED_EDGE('',*,*,#5487,.F.);
#4845=ORIENTED_EDGE('',*,*,#5442,.F.);
#4846=ORIENTED_EDGE('',*,*,#5486,.F.);
#4847=ORIENTED_EDGE('',*,*,#5487,.T.);
#4848=ORIENTED_EDGE('',*,*,#5447,.T.);
#4849=ORIENTED_EDGE('',*,*,#5445,.F.);
#4850=ORIENTED_EDGE('',*,*,#5443,.F.);
#4851=ORIENTED_EDGE('',*,*,#5452,.T.);
#4852=ORIENTED_EDGE('',*,*,#5465,.F.);
#4853=ORIENTED_EDGE('',*,*,#5488,.T.);
#4854=ORIENTED_EDGE('',*,*,#5457,.T.);
#4855=ORIENTED_EDGE('',*,*,#5455,.T.);
#4856=ORIENTED_EDGE('',*,*,#5475,.F.);
#4857=ORIENTED_EDGE('',*,*,#5489,.T.);
#4858=ORIENTED_EDGE('',*,*,#5467,.T.);
#4859=ORIENTED_EDGE('',*,*,#5464,.F.);
#4860=ORIENTED_EDGE('',*,*,#5490,.F.);
#4861=ORIENTED_EDGE('',*,*,#5458,.F.);
#4862=ORIENTED_EDGE('',*,*,#5488,.F.);
#4863=ORIENTED_EDGE('',*,*,#5490,.T.);
#4864=ORIENTED_EDGE('',*,*,#5463,.T.);
#4865=ORIENTED_EDGE('',*,*,#5461,.F.);
#4866=ORIENTED_EDGE('',*,*,#5459,.F.);
#4867=ORIENTED_EDGE('',*,*,#5468,.F.);
#4868=ORIENTED_EDGE('',*,*,#5489,.F.);
#4869=ORIENTED_EDGE('',*,*,#5474,.F.);
#4870=ORIENTED_EDGE('',*,*,#5491,.F.);
#4871=ORIENTED_EDGE('',*,*,#5491,.T.);
#4872=ORIENTED_EDGE('',*,*,#5473,.T.);
#4873=ORIENTED_EDGE('',*,*,#5471,.F.);
#4874=ORIENTED_EDGE('',*,*,#5469,.F.);
#4875=ORIENTED_EDGE('',*,*,#5477,.F.);
#4876=ORIENTED_EDGE('',*,*,#5485,.F.);
#4877=ORIENTED_EDGE('',*,*,#5483,.F.);
#4878=ORIENTED_EDGE('',*,*,#5492,.F.);
#4879=ORIENTED_EDGE('',*,*,#5492,.T.);
#4880=ORIENTED_EDGE('',*,*,#5482,.T.);
#4881=ORIENTED_EDGE('',*,*,#5480,.F.);
#4882=ORIENTED_EDGE('',*,*,#5478,.F.);
#4883=ORIENTED_EDGE('',*,*,#5430,.T.);
#4884=ORIENTED_EDGE('',*,*,#5493,.T.);
#4885=ORIENTED_EDGE('',*,*,#4927,.F.);
#4886=ORIENTED_EDGE('',*,*,#5494,.F.);
#4887=ORIENTED_EDGE('',*,*,#5396,.T.);
#4888=ORIENTED_EDGE('',*,*,#5495,.T.);
#4889=ORIENTED_EDGE('',*,*,#4928,.F.);
#4890=ORIENTED_EDGE('',*,*,#5493,.F.);
#4891=ORIENTED_EDGE('',*,*,#5412,.T.);
#4892=ORIENTED_EDGE('',*,*,#5496,.T.);
#4893=ORIENTED_EDGE('',*,*,#4929,.F.);
#4894=ORIENTED_EDGE('',*,*,#5495,.F.);
#4895=ORIENTED_EDGE('',*,*,#5415,.T.);
#4896=ORIENTED_EDGE('',*,*,#5494,.T.);
#4897=ORIENTED_EDGE('',*,*,#4930,.F.);
#4898=ORIENTED_EDGE('',*,*,#5496,.F.);
#4899=EDGE_CURVE('',#5497,#5498,#5499,.T.);
#4900=EDGE_CURVE('',#5498,#5500,#5501,.T.);
#4901=EDGE_CURVE('',#5500,#5502,#5503,.T.);
#4902=EDGE_CURVE('',#5502,#5504,#5505,.T.);
#4903=EDGE_CURVE('',#5504,#5506,#5507,.T.);
#4904=EDGE_CURVE('',#5506,#5508,#5509,.T.);
#4905=EDGE_CURVE('',#5508,#5510,#5511,.T.);
#4906=EDGE_CURVE('',#5510,#5497,#5512,.T.);
#4907=EDGE_CURVE('',#5513,#5514,#5515,.T.);
#4908=EDGE_CURVE('',#5514,#5516,#5517,.T.);
#4909=EDGE_CURVE('',#5516,#5518,#5519,.T.);
#4910=EDGE_CURVE('',#5518,#5520,#5521,.T.);
#4911=EDGE_CURVE('',#5520,#5522,#5523,.T.);
#4912=EDGE_CURVE('',#5522,#5524,#5525,.T.);
#4913=EDGE_CURVE('',#5524,#5526,#5527,.T.);
#4914=EDGE_CURVE('',#5526,#5513,#5528,.T.);
#4915=EDGE_CURVE('',#5529,#5530,#5531,.T.);
#4916=EDGE_CURVE('',#5530,#5532,#5533,.T.);
#4917=EDGE_CURVE('',#5532,#5534,#5535,.T.);
#4918=EDGE_CURVE('',#5534,#5536,#5537,.T.);
#4919=EDGE_CURVE('',#5536,#5538,#5539,.T.);
#4920=EDGE_CURVE('',#5538,#5540,#5541,.T.);
#4921=EDGE_CURVE('',#5540,#5542,#5543,.T.);
#4922=EDGE_CURVE('',#5542,#5544,#5545,.T.);
#4923=EDGE_CURVE('',#5544,#5546,#5547,.T.);
#4924=EDGE_CURVE('',#5546,#5548,#5549,.T.);
#4925=EDGE_CURVE('',#5548,#5550,#5551,.T.);
#4926=EDGE_CURVE('',#5550,#5529,#5552,.T.);
#4927=EDGE_CURVE('',#5553,#5554,#5555,.T.);
#4928=EDGE_CURVE('',#5554,#5556,#5557,.T.);
#4929=EDGE_CURVE('',#5556,#5558,#5559,.T.);
#4930=EDGE_CURVE('',#5558,#5553,#5560,.T.);
#4931=EDGE_CURVE('',#5561,#5561,#5562,.F.);
#4932=EDGE_CURVE('',#5563,#5564,#5565,.F.);
#4933=EDGE_CURVE('',#5564,#5566,#5567,.F.);
#4934=EDGE_CURVE('',#5566,#5568,#5569,.F.);
#4935=EDGE_CURVE('',#5568,#5563,#5570,.F.);
#4936=EDGE_CURVE('',#5571,#5572,#5573,.F.);
#4937=EDGE_CURVE('',#5572,#5574,#5575,.F.);
#4938=EDGE_CURVE('',#5574,#5576,#5577,.F.);
#4939=EDGE_CURVE('',#5576,#5578,#5579,.F.);
#4940=EDGE_CURVE('',#5578,#5580,#5581,.F.);
#4941=EDGE_CURVE('',#5580,#5582,#5583,.F.);
#4942=EDGE_CURVE('',#5582,#5584,#5585,.F.);
#4943=EDGE_CURVE('',#5584,#5586,#5587,.F.);
#4944=EDGE_CURVE('',#5586,#5588,#5589,.F.);
#4945=EDGE_CURVE('',#5588,#5590,#5591,.F.);
#4946=EDGE_CURVE('',#5590,#5592,#5593,.F.);
#4947=EDGE_CURVE('',#5592,#5594,#5595,.F.);
#4948=EDGE_CURVE('',#5594,#5596,#5597,.F.);
#4949=EDGE_CURVE('',#5596,#5598,#5599,.F.);
#4950=EDGE_CURVE('',#5598,#5600,#5601,.F.);
#4951=EDGE_CURVE('',#5600,#5602,#5603,.F.);
#4952=EDGE_CURVE('',#5602,#5604,#5605,.F.);
#4953=EDGE_CURVE('',#5604,#5606,#5607,.F.);
#4954=EDGE_CURVE('',#5606,#5608,#5609,.F.);
#4955=EDGE_CURVE('',#5608,#5610,#5611,.F.);
#4956=EDGE_CURVE('',#5610,#5612,#5613,.F.);
#4957=EDGE_CURVE('',#5612,#5614,#5615,.F.);
#4958=EDGE_CURVE('',#5614,#5616,#5617,.F.);
#4959=EDGE_CURVE('',#5616,#5618,#5619,.F.);
#4960=EDGE_CURVE('',#5618,#5620,#5621,.F.);
#4961=EDGE_CURVE('',#5620,#5622,#5623,.F.);
#4962=EDGE_CURVE('',#5622,#5624,#5625,.F.);
#4963=EDGE_CURVE('',#5624,#5626,#5627,.F.);
#4964=EDGE_CURVE('',#5626,#5628,#5629,.F.);
#4965=EDGE_CURVE('',#5628,#5571,#5630,.F.);
#4966=EDGE_CURVE('',#5631,#5632,#5633,.F.);
#4967=EDGE_CURVE('',#5632,#5634,#5635,.F.);
#4968=EDGE_CURVE('',#5634,#5636,#5637,.F.);
#4969=EDGE_CURVE('',#5636,#5638,#5639,.F.);
#4970=EDGE_CURVE('',#5638,#5640,#5641,.F.);
#4971=EDGE_CURVE('',#5640,#5642,#5643,.F.);
#4972=EDGE_CURVE('',#5642,#5644,#5645,.F.);
#4973=EDGE_CURVE('',#5644,#5646,#5647,.F.);
#4974=EDGE_CURVE('',#5646,#5648,#5649,.F.);
#4975=EDGE_CURVE('',#5648,#5650,#5651,.F.);
#4976=EDGE_CURVE('',#5650,#5652,#5653,.F.);
#4977=EDGE_CURVE('',#5652,#5631,#5654,.F.);
#4978=EDGE_CURVE('',#5655,#5656,#5657,.F.);
#4979=EDGE_CURVE('',#5656,#5658,#5659,.F.);
#4980=EDGE_CURVE('',#5658,#5660,#5661,.F.);
#4981=EDGE_CURVE('',#5660,#5662,#5663,.F.);
#4982=EDGE_CURVE('',#5662,#5664,#5665,.F.);
#4983=EDGE_CURVE('',#5664,#5666,#5667,.F.);
#4984=EDGE_CURVE('',#5666,#5668,#5669,.F.);
#4985=EDGE_CURVE('',#5668,#5670,#5671,.F.);
#4986=EDGE_CURVE('',#5670,#5672,#5673,.F.);
#4987=EDGE_CURVE('',#5672,#5674,#5675,.F.);
#4988=EDGE_CURVE('',#5674,#5676,#5677,.F.);
#4989=EDGE_CURVE('',#5676,#5678,#5679,.F.);
#4990=EDGE_CURVE('',#5678,#5680,#5681,.F.);
#4991=EDGE_CURVE('',#5680,#5682,#5683,.F.);
#4992=EDGE_CURVE('',#5682,#5684,#5685,.F.);
#4993=EDGE_CURVE('',#5684,#5686,#5687,.F.);
#4994=EDGE_CURVE('',#5686,#5655,#5688,.F.);
#4995=EDGE_CURVE('',#5689,#5690,#5691,.F.);
#4996=EDGE_CURVE('',#5690,#5692,#5693,.F.);
#4997=EDGE_CURVE('',#5692,#5694,#5695,.F.);
#4998=EDGE_CURVE('',#5694,#5696,#5697,.F.);
#4999=EDGE_CURVE('',#5696,#5698,#5699,.F.);
#5000=EDGE_CURVE('',#5698,#5700,#5701,.F.);
#5001=EDGE_CURVE('',#5700,#5702,#5703,.F.);
#5002=EDGE_CURVE('',#5702,#5704,#5705,.F.);
#5003=EDGE_CURVE('',#5704,#5706,#5707,.F.);
#5004=EDGE_CURVE('',#5706,#5708,#5709,.F.);
#5005=EDGE_CURVE('',#5708,#5710,#5711,.F.);
#5006=EDGE_CURVE('',#5710,#5712,#5713,.F.);
#5007=EDGE_CURVE('',#5712,#5714,#5715,.F.);
#5008=EDGE_CURVE('',#5714,#5716,#5717,.F.);
#5009=EDGE_CURVE('',#5716,#5718,#5719,.F.);
#5010=EDGE_CURVE('',#5718,#5720,#5721,.F.);
#5011=EDGE_CURVE('',#5720,#5722,#5723,.F.);
#5012=EDGE_CURVE('',#5722,#5724,#5725,.F.);
#5013=EDGE_CURVE('',#5724,#5726,#5727,.F.);
#5014=EDGE_CURVE('',#5726,#5728,#5729,.F.);
#5015=EDGE_CURVE('',#5728,#5730,#5731,.F.);
#5016=EDGE_CURVE('',#5730,#5732,#5733,.F.);
#5017=EDGE_CURVE('',#5732,#5734,#5735,.F.);
#5018=EDGE_CURVE('',#5734,#5689,#5736,.F.);
#5019=EDGE_CURVE('',#5737,#5738,#5739,.F.);
#5020=EDGE_CURVE('',#5738,#5740,#5741,.F.);
#5021=EDGE_CURVE('',#5740,#5742,#5743,.F.);
#5022=EDGE_CURVE('',#5742,#5744,#5745,.F.);
#5023=EDGE_CURVE('',#5744,#5746,#5747,.F.);
#5024=EDGE_CURVE('',#5746,#5737,#5748,.F.);
#5025=EDGE_CURVE('',#5749,#5750,#5751,.F.);
#5026=EDGE_CURVE('',#5750,#5752,#5753,.F.);
#5027=EDGE_CURVE('',#5752,#5754,#5755,.F.);
#5028=EDGE_CURVE('',#5754,#5756,#5757,.F.);
#5029=EDGE_CURVE('',#5756,#5758,#5759,.F.);
#5030=EDGE_CURVE('',#5758,#5749,#5760,.F.);
#5031=EDGE_CURVE('',#5761,#5762,#5763,.F.);
#5032=EDGE_CURVE('',#5762,#5764,#5765,.F.);
#5033=EDGE_CURVE('',#5764,#5766,#5767,.F.);
#5034=EDGE_CURVE('',#5766,#5768,#5769,.F.);
#5035=EDGE_CURVE('',#5768,#5770,#5771,.F.);
#5036=EDGE_CURVE('',#5770,#5772,#5773,.F.);
#5037=EDGE_CURVE('',#5772,#5774,#5775,.F.);
#5038=EDGE_CURVE('',#5774,#5776,#5777,.F.);
#5039=EDGE_CURVE('',#5776,#5778,#5779,.F.);
#5040=EDGE_CURVE('',#5778,#5780,#5781,.F.);
#5041=EDGE_CURVE('',#5780,#5782,#5783,.F.);
#5042=EDGE_CURVE('',#5782,#5784,#5785,.F.);
#5043=EDGE_CURVE('',#5784,#5786,#5787,.F.);
#5044=EDGE_CURVE('',#5786,#5788,#5789,.F.);
#5045=EDGE_CURVE('',#5788,#5790,#5791,.F.);
#5046=EDGE_CURVE('',#5790,#5792,#5793,.F.);
#5047=EDGE_CURVE('',#5792,#5794,#5795,.F.);
#5048=EDGE_CURVE('',#5794,#5796,#5797,.F.);
#5049=EDGE_CURVE('',#5796,#5798,#5799,.F.);
#5050=EDGE_CURVE('',#5798,#5800,#5801,.F.);
#5051=EDGE_CURVE('',#5800,#5802,#5803,.F.);
#5052=EDGE_CURVE('',#5802,#5804,#5805,.F.);
#5053=EDGE_CURVE('',#5804,#5806,#5807,.F.);
#5054=EDGE_CURVE('',#5806,#5808,#5809,.F.);
#5055=EDGE_CURVE('',#5808,#5761,#5810,.F.);
#5056=EDGE_CURVE('',#5811,#5812,#5813,.F.);
#5057=EDGE_CURVE('',#5812,#5814,#5815,.F.);
#5058=EDGE_CURVE('',#5814,#5816,#5817,.F.);
#5059=EDGE_CURVE('',#5816,#5818,#5819,.F.);
#5060=EDGE_CURVE('',#5818,#5820,#5821,.F.);
#5061=EDGE_CURVE('',#5820,#5822,#5823,.F.);
#5062=EDGE_CURVE('',#5822,#5824,#5825,.F.);
#5063=EDGE_CURVE('',#5824,#5826,#5827,.F.);
#5064=EDGE_CURVE('',#5826,#5828,#5829,.F.);
#5065=EDGE_CURVE('',#5828,#5830,#5831,.F.);
#5066=EDGE_CURVE('',#5830,#5832,#5833,.F.);
#5067=EDGE_CURVE('',#5832,#5811,#5834,.F.);
#5068=EDGE_CURVE('',#5835,#5564,#5836,.T.);
#5069=EDGE_CURVE('',#5837,#5835,#5838,.T.);
#5070=EDGE_CURVE('',#5837,#5566,#5839,.T.);
#5071=EDGE_CURVE('',#5840,#5837,#5841,.T.);
#5072=EDGE_CURVE('',#5840,#5568,#5842,.T.);
#5073=EDGE_CURVE('',#5843,#5840,#5844,.T.);
#5074=EDGE_CURVE('',#5843,#5563,#5845,.T.);
#5075=EDGE_CURVE('',#5835,#5843,#5846,.T.);
#5076=EDGE_CURVE('',#5847,#5572,#5848,.T.);
#5077=EDGE_CURVE('',#5849,#5847,#5850,.T.);
#5078=EDGE_CURVE('',#5849,#5574,#5851,.T.);
#5079=EDGE_CURVE('',#5852,#5849,#5853,.T.);
#5080=EDGE_CURVE('',#5852,#5576,#5854,.T.);
#5081=EDGE_CURVE('',#5855,#5852,#5856,.T.);
#5082=EDGE_CURVE('',#5855,#5578,#5857,.T.);
#5083=EDGE_CURVE('',#5858,#5855,#5859,.T.);
#5084=EDGE_CURVE('',#5858,#5580,#5860,.T.);
#5085=EDGE_CURVE('',#5861,#5858,#5862,.T.);
#5086=EDGE_CURVE('',#5861,#5582,#5863,.T.);
#5087=EDGE_CURVE('',#5864,#5861,#5865,.T.);
#5088=EDGE_CURVE('',#5864,#5584,#5866,.T.);
#5089=EDGE_CURVE('',#5867,#5864,#5868,.T.);
#5090=EDGE_CURVE('',#5867,#5586,#5869,.T.);
#5091=EDGE_CURVE('',#5870,#5867,#5871,.T.);
#5092=EDGE_CURVE('',#5870,#5588,#5872,.T.);
#5093=EDGE_CURVE('',#5873,#5870,#5874,.T.);
#5094=EDGE_CURVE('',#5873,#5590,#5875,.T.);
#5095=EDGE_CURVE('',#5876,#5873,#5877,.T.);
#5096=EDGE_CURVE('',#5876,#5592,#5878,.T.);
#5097=EDGE_CURVE('',#5879,#5876,#5880,.T.);
#5098=EDGE_CURVE('',#5879,#5594,#5881,.T.);
#5099=EDGE_CURVE('',#5882,#5879,#5883,.T.);
#5100=EDGE_CURVE('',#5882,#5596,#5884,.T.);
#5101=EDGE_CURVE('',#5885,#5882,#5886,.T.);
#5102=EDGE_CURVE('',#5885,#5598,#5887,.T.);
#5103=EDGE_CURVE('',#5888,#5885,#5889,.T.);
#5104=EDGE_CURVE('',#5888,#5600,#5890,.T.);
#5105=EDGE_CURVE('',#5891,#5888,#5892,.T.);
#5106=EDGE_CURVE('',#5891,#5602,#5893,.T.);
#5107=EDGE_CURVE('',#5894,#5891,#5895,.T.);
#5108=EDGE_CURVE('',#5894,#5604,#5896,.T.);
#5109=EDGE_CURVE('',#5897,#5894,#5898,.T.);
#5110=EDGE_CURVE('',#5897,#5606,#5899,.T.);
#5111=EDGE_CURVE('',#5900,#5897,#5901,.T.);
#5112=EDGE_CURVE('',#5900,#5608,#5902,.T.);
#5113=EDGE_CURVE('',#5903,#5900,#5904,.T.);
#5114=EDGE_CURVE('',#5903,#5610,#5905,.T.);
#5115=EDGE_CURVE('',#5906,#5903,#5907,.T.);
#5116=EDGE_CURVE('',#5906,#5612,#5908,.T.);
#5117=EDGE_CURVE('',#5909,#5906,#5910,.T.);
#5118=EDGE_CURVE('',#5909,#5614,#5911,.T.);
#5119=EDGE_CURVE('',#5912,#5909,#5913,.T.);
#5120=EDGE_CURVE('',#5912,#5616,#5914,.T.);
#5121=EDGE_CURVE('',#5915,#5912,#5916,.T.);
#5122=EDGE_CURVE('',#5915,#5618,#5917,.T.);
#5123=EDGE_CURVE('',#5918,#5915,#5919,.T.);
#5124=EDGE_CURVE('',#5918,#5620,#5920,.T.);
#5125=EDGE_CURVE('',#5921,#5918,#5922,.T.);
#5126=EDGE_CURVE('',#5921,#5622,#5923,.T.);
#5127=EDGE_CURVE('',#5924,#5921,#5925,.T.);
#5128=EDGE_CURVE('',#5924,#5624,#5926,.T.);
#5129=EDGE_CURVE('',#5927,#5924,#5928,.T.);
#5130=EDGE_CURVE('',#5927,#5626,#5929,.T.);
#5131=EDGE_CURVE('',#5930,#5927,#5931,.T.);
#5132=EDGE_CURVE('',#5930,#5628,#5932,.T.);
#5133=EDGE_CURVE('',#5933,#5930,#5934,.T.);
#5134=EDGE_CURVE('',#5933,#5571,#5935,.T.);
#5135=EDGE_CURVE('',#5847,#5933,#5936,.T.);
#5136=EDGE_CURVE('',#5937,#5652,#5938,.T.);
#5137=EDGE_CURVE('',#5939,#5937,#5940,.T.);
#5138=EDGE_CURVE('',#5939,#5631,#5941,.T.);
#5139=EDGE_CURVE('',#5942,#5650,#5943,.T.);
#5140=EDGE_CURVE('',#5937,#5942,#5944,.T.);
#5141=EDGE_CURVE('',#5945,#5648,#5946,.T.);
#5142=EDGE_CURVE('',#5942,#5945,#5947,.T.);
#5143=EDGE_CURVE('',#5948,#5646,#5949,.T.);
#5144=EDGE_CURVE('',#5945,#5948,#5950,.T.);
#5145=EDGE_CURVE('',#5951,#5644,#5952,.T.);
#5146=EDGE_CURVE('',#5948,#5951,#5953,.T.);
#5147=EDGE_CURVE('',#5954,#5642,#5955,.T.);
#5148=EDGE_CURVE('',#5951,#5954,#5956,.T.);
#5149=EDGE_CURVE('',#5957,#5640,#5958,.T.);
#5150=EDGE_CURVE('',#5954,#5957,#5959,.T.);
#5151=EDGE_CURVE('',#5960,#5638,#5961,.T.);
#5152=EDGE_CURVE('',#5957,#5960,#5962,.T.);
#5153=EDGE_CURVE('',#5963,#5636,#5964,.T.);
#5154=EDGE_CURVE('',#5960,#5963,#5965,.T.);
#5155=EDGE_CURVE('',#5966,#5634,#5967,.T.);
#5156=EDGE_CURVE('',#5963,#5966,#5968,.T.);
#5157=EDGE_CURVE('',#5969,#5632,#5970,.T.);
#5158=EDGE_CURVE('',#5966,#5969,#5971,.T.);
#5159=EDGE_CURVE('',#5969,#5939,#5972,.T.);
#5160=EDGE_CURVE('',#5973,#5530,#5974,.T.);
#5161=EDGE_CURVE('',#5973,#5975,#5976,.T.);
#5162=EDGE_CURVE('',#5975,#5532,#5977,.T.);
#5163=EDGE_CURVE('',#5975,#5978,#5979,.T.);
#5164=EDGE_CURVE('',#5978,#5534,#5980,.T.);
#5165=EDGE_CURVE('',#5978,#5981,#5982,.T.);
#5166=EDGE_CURVE('',#5981,#5536,#5983,.T.);
#5167=EDGE_CURVE('',#5981,#5984,#5985,.T.);
#5168=EDGE_CURVE('',#5984,#5538,#5986,.T.);
#5169=EDGE_CURVE('',#5984,#5987,#5988,.T.);
#5170=EDGE_CURVE('',#5987,#5540,#5989,.T.);
#5171=EDGE_CURVE('',#5987,#5990,#5991,.T.);
#5172=EDGE_CURVE('',#5990,#5542,#5992,.T.);
#5173=EDGE_CURVE('',#5990,#5993,#5994,.T.);
#5174=EDGE_CURVE('',#5993,#5544,#5995,.T.);
#5175=EDGE_CURVE('',#5993,#5996,#5997,.T.);
#5176=EDGE_CURVE('',#5996,#5546,#5998,.T.);
#5177=EDGE_CURVE('',#5996,#5999,#6000,.T.);
#5178=EDGE_CURVE('',#5999,#5548,#6001,.T.);
#5179=EDGE_CURVE('',#5999,#6002,#6003,.T.);
#5180=EDGE_CURVE('',#6002,#5550,#6004,.T.);
#5181=EDGE_CURVE('',#6002,#6005,#6006,.T.);
#5182=EDGE_CURVE('',#6005,#5529,#6007,.T.);
#5183=EDGE_CURVE('',#6005,#5973,#6008,.T.);
#5184=EDGE_CURVE('',#6009,#5666,#6010,.T.);
#5185=EDGE_CURVE('',#6011,#6009,#6012,.T.);
#5186=EDGE_CURVE('',#6011,#5668,#6013,.T.);
#5187=EDGE_CURVE('',#6014,#5686,#6015,.T.);
#5188=EDGE_CURVE('',#6016,#6014,#6017,.T.);
#5189=EDGE_CURVE('',#6016,#5655,#6018,.T.);
#5190=EDGE_CURVE('',#6019,#5684,#6020,.T.);
#5191=EDGE_CURVE('',#6014,#6019,#6021,.T.);
#5192=EDGE_CURVE('',#6022,#5682,#6023,.T.);
#5193=EDGE_CURVE('',#6019,#6022,#6024,.T.);
#5194=EDGE_CURVE('',#6025,#5680,#6026,.T.);
#5195=EDGE_CURVE('',#6022,#6025,#6027,.T.);
#5196=EDGE_CURVE('',#6028,#5678,#6029,.T.);
#5197=EDGE_CURVE('',#6025,#6028,#6030,.T.);
#5198=EDGE_CURVE('',#6031,#5676,#6032,.T.);
#5199=EDGE_CURVE('',#6028,#6031,#6033,.T.);
#5200=EDGE_CURVE('',#6034,#5674,#6035,.T.);
#5201=EDGE_CURVE('',#6031,#6034,#6036,.T.);
#5202=EDGE_CURVE('',#6037,#5672,#6038,.T.);
#5203=EDGE_CURVE('',#6034,#6037,#6039,.T.);
#5204=EDGE_CURVE('',#6040,#5670,#6041,.T.);
#5205=EDGE_CURVE('',#6037,#6040,#6042,.T.);
#5206=EDGE_CURVE('',#6040,#6011,#6043,.T.);
#5207=EDGE_CURVE('',#6044,#5664,#6045,.T.);
#5208=EDGE_CURVE('',#6009,#6044,#6046,.T.);
#5209=EDGE_CURVE('',#6047,#5662,#6048,.T.);
#5210=EDGE_CURVE('',#6044,#6047,#6049,.T.);
#5211=EDGE_CURVE('',#6050,#5660,#6051,.T.);
#5212=EDGE_CURVE('',#6047,#6050,#6052,.T.);
#5213=EDGE_CURVE('',#6053,#5658,#6054,.T.);
#5214=EDGE_CURVE('',#6050,#6053,#6055,.T.);
#5215=EDGE_CURVE('',#6056,#5656,#6057,.T.);
#5216=EDGE_CURVE('',#6053,#6056,#6058,.T.);
#5217=EDGE_CURVE('',#6056,#6016,#6059,.T.);
#5218=EDGE_CURVE('',#6060,#5514,#6061,.T.);
#5219=EDGE_CURVE('',#6060,#6062,#6063,.T.);
#5220=EDGE_CURVE('',#6062,#5516,#6064,.T.);
#5221=EDGE_CURVE('',#6062,#6065,#6066,.T.);
#5222=EDGE_CURVE('',#6065,#5518,#6067,.T.);
#5223=EDGE_CURVE('',#6065,#6068,#6069,.T.);
#5224=EDGE_CURVE('',#6068,#5520,#6070,.T.);
#5225=EDGE_CURVE('',#6068,#6071,#6072,.T.);
#5226=EDGE_CURVE('',#6071,#5522,#6073,.T.);
#5227=EDGE_CURVE('',#6071,#6074,#6075,.T.);
#5228=EDGE_CURVE('',#6074,#5524,#6076,.T.);
#5229=EDGE_CURVE('',#6074,#6077,#6078,.T.);
#5230=EDGE_CURVE('',#6077,#5526,#6079,.T.);
#5231=EDGE_CURVE('',#6077,#6080,#6081,.T.);
#5232=EDGE_CURVE('',#6080,#5513,#6082,.T.);
#5233=EDGE_CURVE('',#6080,#6060,#6083,.T.);
#5234=EDGE_CURVE('',#6084,#5498,#6085,.T.);
#5235=EDGE_CURVE('',#6084,#6086,#6087,.T.);
#5236=EDGE_CURVE('',#6086,#5500,#6088,.T.);
#5237=EDGE_CURVE('',#6086,#6089,#6090,.T.);
#5238=EDGE_CURVE('',#6089,#5502,#6091,.T.);
#5239=EDGE_CURVE('',#6089,#6092,#6093,.T.);
#5240=EDGE_CURVE('',#6092,#5504,#6094,.T.);
#5241=EDGE_CURVE('',#6092,#6095,#6096,.T.);
#5242=EDGE_CURVE('',#6095,#5506,#6097,.T.);
#5243=EDGE_CURVE('',#6095,#6098,#6099,.T.);
#5244=EDGE_CURVE('',#6098,#5508,#6100,.T.);
#5245=EDGE_CURVE('',#6098,#6101,#6102,.T.);
#5246=EDGE_CURVE('',#6101,#5510,#6103,.T.);
#5247=EDGE_CURVE('',#6101,#6104,#6105,.T.);
#5248=EDGE_CURVE('',#6104,#5497,#6106,.T.);
#5249=EDGE_CURVE('',#6104,#6084,#6107,.T.);
#5250=EDGE_CURVE('',#6108,#5690,#6109,.T.);
#5251=EDGE_CURVE('',#6110,#6108,#6111,.T.);
#5252=EDGE_CURVE('',#6110,#5692,#6112,.T.);
#5253=EDGE_CURVE('',#6113,#6110,#6114,.T.);
#5254=EDGE_CURVE('',#6113,#5694,#6115,.T.);
#5255=EDGE_CURVE('',#6116,#6113,#6117,.T.);
#5256=EDGE_CURVE('',#6116,#5696,#6118,.T.);
#5257=EDGE_CURVE('',#6119,#6116,#6120,.T.);
#5258=EDGE_CURVE('',#6119,#5698,#6121,.T.);
#5259=EDGE_CURVE('',#6122,#6119,#6123,.T.);
#5260=EDGE_CURVE('',#6122,#5700,#6124,.T.);
#5261=EDGE_CURVE('',#6125,#6122,#6126,.T.);
#5262=EDGE_CURVE('',#6125,#5702,#6127,.T.);
#5263=EDGE_CURVE('',#6128,#6125,#6129,.T.);
#5264=EDGE_CURVE('',#6128,#5704,#6130,.T.);
#5265=EDGE_CURVE('',#6131,#6128,#6132,.T.);
#5266=EDGE_CURVE('',#6131,#5706,#6133,.T.);
#5267=EDGE_CURVE('',#6134,#6131,#6135,.T.);
#5268=EDGE_CURVE('',#6134,#5708,#6136,.T.);
#5269=EDGE_CURVE('',#6137,#6134,#6138,.T.);
#5270=EDGE_CURVE('',#6137,#5710,#6139,.T.);
#5271=EDGE_CURVE('',#6140,#6137,#6141,.T.);
#5272=EDGE_CURVE('',#6140,#5712,#6142,.T.);
#5273=EDGE_CURVE('',#6143,#6140,#6144,.T.);
#5274=EDGE_CURVE('',#6143,#5714,#6145,.T.);
#5275=EDGE_CURVE('',#6146,#6143,#6147,.T.);
#5276=EDGE_CURVE('',#6146,#5716,#6148,.T.);
#5277=EDGE_CURVE('',#6149,#6146,#6150,.T.);
#5278=EDGE_CURVE('',#6149,#5718,#6151,.T.);
#5279=EDGE_CURVE('',#6152,#6149,#6153,.T.);
#5280=EDGE_CURVE('',#6152,#5720,#6154,.T.);
#5281=EDGE_CURVE('',#6155,#6152,#6156,.T.);
#5282=EDGE_CURVE('',#6155,#5722,#6157,.T.);
#5283=EDGE_CURVE('',#6158,#6155,#6159,.T.);
#5284=EDGE_CURVE('',#6158,#5724,#6160,.T.);
#5285=EDGE_CURVE('',#6161,#6158,#6162,.T.);
#5286=EDGE_CURVE('',#6161,#5726,#6163,.T.);
#5287=EDGE_CURVE('',#6164,#6161,#6165,.T.);
#5288=EDGE_CURVE('',#6164,#5728,#6166,.T.);
#5289=EDGE_CURVE('',#6167,#6164,#6168,.T.);
#5290=EDGE_CURVE('',#6167,#5730,#6169,.T.);
#5291=EDGE_CURVE('',#6170,#6167,#6171,.T.);
#5292=EDGE_CURVE('',#6170,#5732,#6172,.T.);
#5293=EDGE_CURVE('',#6173,#6170,#6174,.T.);
#5294=EDGE_CURVE('',#6173,#5734,#6175,.T.);
#5295=EDGE_CURVE('',#6176,#6173,#6177,.T.);
#5296=EDGE_CURVE('',#6176,#5689,#6178,.T.);
#5297=EDGE_CURVE('',#6108,#6176,#6179,.T.);
#5298=EDGE_CURVE('',#6180,#5738,#6181,.T.);
#5299=EDGE_CURVE('',#6182,#6180,#6183,.T.);
#5300=EDGE_CURVE('',#6182,#5740,#6184,.T.);
#5301=EDGE_CURVE('',#6185,#6182,#6186,.T.);
#5302=EDGE_CURVE('',#6185,#5742,#6187,.T.);
#5303=EDGE_CURVE('',#6188,#6185,#6189,.T.);
#5304=EDGE_CURVE('',#6188,#5744,#6190,.T.);
#5305=EDGE_CURVE('',#6191,#6188,#6192,.T.);
#5306=EDGE_CURVE('',#6191,#5746,#6193,.T.);
#5307=EDGE_CURVE('',#6194,#6191,#6195,.T.);
#5308=EDGE_CURVE('',#6194,#5737,#6196,.T.);
#5309=EDGE_CURVE('',#6180,#6194,#6197,.T.);
#5310=EDGE_CURVE('',#6198,#5750,#6199,.T.);
#5311=EDGE_CURVE('',#6200,#6198,#6201,.T.);
#5312=EDGE_CURVE('',#6200,#5752,#6202,.T.);
#5313=EDGE_CURVE('',#6203,#6200,#6204,.T.);
#5314=EDGE_CURVE('',#6203,#5754,#6205,.T.);
#5315=EDGE_CURVE('',#6206,#6203,#6207,.T.);
#5316=EDGE_CURVE('',#6206,#5756,#6208,.T.);
#5317=EDGE_CURVE('',#6209,#6206,#6210,.T.);
#5318=EDGE_CURVE('',#6209,#5758,#6211,.T.);
#5319=EDGE_CURVE('',#6212,#6209,#6213,.T.);
#5320=EDGE_CURVE('',#6212,#5749,#6214,.T.);
#5321=EDGE_CURVE('',#6198,#6212,#6215,.T.);
#5322=EDGE_CURVE('',#6216,#5762,#6217,.T.);
#5323=EDGE_CURVE('',#6218,#6216,#6219,.T.);
#5324=EDGE_CURVE('',#6218,#5764,#6220,.T.);
#5325=EDGE_CURVE('',#6221,#6218,#6222,.T.);
#5326=EDGE_CURVE('',#6221,#5766,#6223,.T.);
#5327=EDGE_CURVE('',#6224,#6221,#6225,.T.);
#5328=EDGE_CURVE('',#6224,#5768,#6226,.T.);
#5329=EDGE_CURVE('',#6227,#6224,#6228,.T.);
#5330=EDGE_CURVE('',#6227,#5770,#6229,.T.);
#5331=EDGE_CURVE('',#6230,#6227,#6231,.T.);
#5332=EDGE_CURVE('',#6230,#5772,#6232,.T.);
#5333=EDGE_CURVE('',#6233,#6230,#6234,.T.);
#5334=EDGE_CURVE('',#6233,#5774,#6235,.T.);
#5335=EDGE_CURVE('',#6236,#6233,#6237,.T.);
#5336=EDGE_CURVE('',#6236,#5776,#6238,.T.);
#5337=EDGE_CURVE('',#6239,#6236,#6240,.T.);
#5338=EDGE_CURVE('',#6239,#5778,#6241,.T.);
#5339=EDGE_CURVE('',#6242,#6239,#6243,.T.);
#5340=EDGE_CURVE('',#6242,#5780,#6244,.T.);
#5341=EDGE_CURVE('',#6245,#6242,#6246,.T.);
#5342=EDGE_CURVE('',#6245,#5782,#6247,.T.);
#5343=EDGE_CURVE('',#6248,#6245,#6249,.T.);
#5344=EDGE_CURVE('',#6248,#5784,#6250,.T.);
#5345=EDGE_CURVE('',#6251,#6248,#6252,.T.);
#5346=EDGE_CURVE('',#6251,#5786,#6253,.T.);
#5347=EDGE_CURVE('',#6254,#6251,#6255,.T.);
#5348=EDGE_CURVE('',#6254,#5788,#6256,.T.);
#5349=EDGE_CURVE('',#6257,#6254,#6258,.T.);
#5350=EDGE_CURVE('',#6257,#5790,#6259,.T.);
#5351=EDGE_CURVE('',#6260,#6257,#6261,.T.);
#5352=EDGE_CURVE('',#6260,#5792,#6262,.T.);
#5353=EDGE_CURVE('',#6263,#6260,#6264,.T.);
#5354=EDGE_CURVE('',#6263,#5794,#6265,.T.);
#5355=EDGE_CURVE('',#6266,#6263,#6267,.T.);
#5356=EDGE_CURVE('',#6266,#5796,#6268,.T.);
#5357=EDGE_CURVE('',#6269,#6266,#6270,.T.);
#5358=EDGE_CURVE('',#6269,#5798,#6271,.T.);
#5359=EDGE_CURVE('',#6272,#6269,#6273,.T.);
#5360=EDGE_CURVE('',#6272,#5800,#6274,.T.);
#5361=EDGE_CURVE('',#6275,#6272,#6276,.T.);
#5362=EDGE_CURVE('',#6275,#5802,#6277,.T.);
#5363=EDGE_CURVE('',#6278,#6275,#6279,.T.);
#5364=EDGE_CURVE('',#6278,#5804,#6280,.T.);
#5365=EDGE_CURVE('',#6281,#6278,#6282,.T.);
#5366=EDGE_CURVE('',#6281,#5806,#6283,.T.);
#5367=EDGE_CURVE('',#6284,#6281,#6285,.T.);
#5368=EDGE_CURVE('',#6284,#5808,#6286,.T.);
#5369=EDGE_CURVE('',#6287,#6284,#6288,.T.);
#5370=EDGE_CURVE('',#6287,#5761,#6289,.T.);
#5371=EDGE_CURVE('',#6216,#6287,#6290,.T.);
#5372=EDGE_CURVE('',#6291,#5812,#6292,.T.);
#5373=EDGE_CURVE('',#6293,#6291,#6294,.T.);
#5374=EDGE_CURVE('',#6293,#5814,#6295,.T.);
#5375=EDGE_CURVE('',#6296,#6293,#6297,.T.);
#5376=EDGE_CURVE('',#6296,#5816,#6298,.T.);
#5377=EDGE_CURVE('',#6299,#6296,#6300,.T.);
#5378=EDGE_CURVE('',#6299,#5818,#6301,.T.);
#5379=EDGE_CURVE('',#6302,#6299,#6303,.T.);
#5380=EDGE_CURVE('',#6302,#5820,#6304,.T.);
#5381=EDGE_CURVE('',#6305,#6302,#6306,.T.);
#5382=EDGE_CURVE('',#6305,#5822,#6307,.T.);
#5383=EDGE_CURVE('',#6308,#6305,#6309,.T.);
#5384=EDGE_CURVE('',#6308,#5824,#6310,.T.);
#5385=EDGE_CURVE('',#6311,#6308,#6312,.T.);
#5386=EDGE_CURVE('',#6311,#5826,#6313,.T.);
#5387=EDGE_CURVE('',#6314,#6311,#6315,.T.);
#5388=EDGE_CURVE('',#6314,#5828,#6316,.T.);
#5389=EDGE_CURVE('',#6317,#6314,#6318,.T.);
#5390=EDGE_CURVE('',#6317,#5830,#6319,.T.);
#5391=EDGE_CURVE('',#6320,#6317,#6321,.T.);
#5392=EDGE_CURVE('',#6320,#5832,#6322,.T.);
#5393=EDGE_CURVE('',#6323,#6320,#6324,.T.);
#5394=EDGE_CURVE('',#6323,#5811,#6325,.T.);
#5395=EDGE_CURVE('',#6291,#6323,#6326,.T.);
#5396=EDGE_CURVE('',#6327,#6328,#6329,.T.);
#5397=EDGE_CURVE('',#6330,#6327,#6331,.T.);
#5398=EDGE_CURVE('',#6330,#6332,#6333,.T.);
#5399=EDGE_CURVE('',#6334,#6332,#6335,.T.);
#5400=EDGE_CURVE('',#6336,#6334,#6337,.T.);
#5401=EDGE_CURVE('',#6338,#6336,#6339,.T.);
#5402=EDGE_CURVE('',#6338,#6340,#6341,.T.);
#5403=EDGE_CURVE('',#6340,#6342,#6343,.F.);
#5404=EDGE_CURVE('',#6342,#6344,#6345,.T.);
#5405=EDGE_CURVE('',#6344,#6346,#6347,.F.);
#5406=EDGE_CURVE('',#6346,#6348,#6349,.T.);
#5407=EDGE_CURVE('',#6350,#6348,#6351,.T.);
#5408=EDGE_CURVE('',#6352,#6350,#6353,.T.);
#5409=EDGE_CURVE('',#6354,#6352,#6355,.T.);
#5410=EDGE_CURVE('',#6354,#6356,#6357,.T.);
#5411=EDGE_CURVE('',#6356,#6328,#6358,.T.);
#5412=EDGE_CURVE('',#6328,#6359,#6360,.T.);
#5413=EDGE_CURVE('',#6356,#6361,#6362,.T.);
#5414=EDGE_CURVE('',#6361,#6359,#6363,.T.);
#5415=EDGE_CURVE('',#6359,#6364,#6365,.T.);
#5416=EDGE_CURVE('',#6361,#6366,#6367,.T.);
#5417=EDGE_CURVE('',#6368,#6366,#6369,.T.);
#5418=EDGE_CURVE('',#6370,#6368,#6371,.T.);
#5419=EDGE_CURVE('',#6372,#6370,#6373,.T.);
#5420=EDGE_CURVE('',#6372,#6374,#6375,.T.);
#5421=EDGE_CURVE('',#6374,#6376,#6377,.F.);
#5422=EDGE_CURVE('',#6376,#6378,#6379,.T.);
#5423=EDGE_CURVE('',#6378,#6380,#6381,.F.);
#5424=EDGE_CURVE('',#6380,#6382,#6383,.T.);
#5425=EDGE_CURVE('',#6384,#6382,#6385,.T.);
#5426=EDGE_CURVE('',#6386,#6384,#6387,.T.);
#5427=EDGE_CURVE('',#6388,#6386,#6389,.T.);
#5428=EDGE_CURVE('',#6388,#6390,#6391,.T.);
#5429=EDGE_CURVE('',#6390,#6364,#6392,.T.);
#5430=EDGE_CURVE('',#6364,#6327,#6393,.T.);
#5431=EDGE_CURVE('',#6390,#6330,#6394,.T.);
#5432=EDGE_CURVE('',#6395,#6395,#6396,.T.);
#5433=EDGE_CURVE('',#6346,#6374,#6397,.T.);
#5434=EDGE_CURVE('',#6376,#6344,#6398,.T.);
#5435=EDGE_CURVE('',#6399,#6372,#6400,.F.);
#5436=EDGE_CURVE('',#6401,#6399,#6402,.F.);
#5437=EDGE_CURVE('',#6366,#6401,#6403,.F.);
#5438=EDGE_CURVE('',#6404,#6354,#6405,.F.);
#5439=EDGE_CURVE('',#6406,#6404,#6407,.F.);
#5440=EDGE_CURVE('',#6348,#6406,#6408,.F.);
#5441=EDGE_CURVE('',#6409,#6406,#6410,.T.);
#5442=EDGE_CURVE('',#6409,#6411,#6412,.T.);
#5443=EDGE_CURVE('',#6411,#6413,#6414,.T.);
#5444=EDGE_CURVE('',#6350,#6413,#6415,.T.);
#5445=EDGE_CURVE('',#6413,#6416,#6417,.T.);
#5446=EDGE_CURVE('',#6416,#6352,#6418,.T.);
#5447=EDGE_CURVE('',#6419,#6416,#6420,.T.);
#5448=EDGE_CURVE('',#6419,#6421,#6422,.T.);
#5449=EDGE_CURVE('',#6421,#6404,#6423,.T.);
#5450=EDGE_CURVE('',#6380,#6340,#6424,.T.);
#5451=EDGE_CURVE('',#6425,#6338,#6426,.F.);
#5452=EDGE_CURVE('',#6427,#6425,#6428,.F.);
#5453=EDGE_CURVE('',#6332,#6427,#6429,.F.);
#5454=EDGE_CURVE('',#6430,#6388,#6431,.F.);
#5455=EDGE_CURVE('',#6432,#6430,#6433,.F.);
#5456=EDGE_CURVE('',#6382,#6432,#6434,.F.);
#5457=EDGE_CURVE('',#6435,#6427,#6436,.T.);
#5458=EDGE_CURVE('',#6435,#6437,#6438,.T.);
#5459=EDGE_CURVE('',#6437,#6439,#6440,.T.);
#5460=EDGE_CURVE('',#6334,#6439,#6441,.T.);
#5461=EDGE_CURVE('',#6439,#6442,#6443,.T.);
#5462=EDGE_CURVE('',#6442,#6336,#6444,.T.);
#5463=EDGE_CURVE('',#6445,#6442,#6446,.T.);
#5464=EDGE_CURVE('',#6445,#6447,#6448,.T.);
#5465=EDGE_CURVE('',#6447,#6425,#6449,.T.);
#5466=EDGE_CURVE('',#6342,#6378,#6450,.T.);
#5467=EDGE_CURVE('',#6451,#6432,#6452,.T.);
#5468=EDGE_CURVE('',#6451,#6453,#6454,.T.);
#5469=EDGE_CURVE('',#6453,#6455,#6456,.T.);
#5470=EDGE_CURVE('',#6384,#6455,#6457,.T.);
#5471=EDGE_CURVE('',#6455,#6458,#6459,.T.);
#5472=EDGE_CURVE('',#6458,#6386,#6460,.T.);
#5473=EDGE_CURVE('',#6461,#6458,#6462,.T.);
#5474=EDGE_CURVE('',#6461,#6463,#6464,.T.);
#5475=EDGE_CURVE('',#6463,#6430,#6465,.T.);
#5476=EDGE_CURVE('',#6466,#6401,#6467,.T.);
#5477=EDGE_CURVE('',#6466,#6468,#6469,.T.);
#5478=EDGE_CURVE('',#6468,#6470,#6471,.T.);
#5479=EDGE_CURVE('',#6368,#6470,#6472,.T.);
#5480=EDGE_CURVE('',#6470,#6473,#6474,.T.);
#5481=EDGE_CURVE('',#6473,#6370,#6475,.T.);
#5482=EDGE_CURVE('',#6476,#6473,#6477,.T.);
#5483=EDGE_CURVE('',#6476,#6478,#6479,.T.);
#5484=EDGE_CURVE('',#6478,#6399,#6480,.T.);
#5485=EDGE_CURVE('',#6478,#6466,#6481,.T.);
#5486=EDGE_CURVE('',#6421,#6409,#6482,.T.);
#5487=EDGE_CURVE('',#6411,#6419,#6483,.T.);
#5488=EDGE_CURVE('',#6447,#6435,#6484,.T.);
#5489=EDGE_CURVE('',#6463,#6451,#6485,.T.);
#5490=EDGE_CURVE('',#6437,#6445,#6486,.T.);
#5491=EDGE_CURVE('',#6453,#6461,#6487,.T.);
#5492=EDGE_CURVE('',#6468,#6476,#6488,.T.);
#5493=EDGE_CURVE('',#6327,#5554,#6489,.T.);
#5494=EDGE_CURVE('',#6364,#5553,#6490,.T.);
#5495=EDGE_CURVE('',#6328,#5556,#6491,.T.);
#5496=EDGE_CURVE('',#6359,#5558,#6492,.T.);
#5497=VERTEX_POINT('',#6493);
#5498=VERTEX_POINT('',#6494);
#5499=LINE('',#6495,#6496);
#5500=VERTEX_POINT('',#6498);
#5501=B_SPLINE_CURVE_WITH_KNOTS('',2,
(#6499,#6500,#6501),
.UNSPECIFIED.,.F.,.F.,
(3,3),
(0.,1.),
.UNSPECIFIED.);
#5502=VERTEX_POINT('',#6502);
#5503=B_SPLINE_CURVE_WITH_KNOTS('',2,
(#6503,#6504,#6505),
.UNSPECIFIED.,.F.,.F.,
(3,3),
(0.,1.),
.UNSPECIFIED.);
#5504=VERTEX_POINT('',#6506);
#5505=LINE('',#6507,#6508);
#5506=VERTEX_POINT('',#6510);
#5507=B_SPLINE_CURVE_WITH_KNOTS('',2,
(#6511,#6512,#6513),
.UNSPECIFIED.,.F.,.F.,
(3,3),
(0.,1.),
.UNSPECIFIED.);
#5508=VERTEX_POINT('',#6514);
#5509=B_SPLINE_CURVE_WITH_KNOTS('',2,
(#6515,#6516,#6517),
.UNSPECIFIED.,.F.,.F.,
(3,3),
(0.,1.),
.UNSPECIFIED.);
#5510=VERTEX_POINT('',#6518);
#5511=LINE('',#6519,#6520);
#5512=LINE('',#6522,#6523);
#5513=VERTEX_POINT('',#6525);
#5514=VERTEX_POINT('',#6526);
#5515=LINE('',#6527,#6528);
#5516=VERTEX_POINT('',#6530);
#5517=B_SPLINE_CURVE_WITH_KNOTS('',2,
(#6531,#6532,#6533),
.UNSPECIFIED.,.F.,.F.,
(3,3),
(0.,1.),
.UNSPECIFIED.);
#5518=VERTEX_POINT('',#6534);
#5519=B_SPLINE_CURVE_WITH_KNOTS('',2,
(#6535,#6536,#6537),
.UNSPECIFIED.,.F.,.F.,
(3,3),
(0.,1.),
.UNSPECIFIED.);
#5520=VERTEX_POINT('',#6538);
#5521=LINE('',#6539,#6540);
#5522=VERTEX_POINT('',#6542);
#5523=B_SPLINE_CURVE_WITH_KNOTS('',2,
(#6543,#6544,#6545),
.UNSPECIFIED.,.F.,.F.,
(3,3),
(0.,1.),
.UNSPECIFIED.);
#5524=VERTEX_POINT('',#6546);
#5525=B_SPLINE_CURVE_WITH_KNOTS('',2,
(#6547,#6548,#6549),
.UNSPECIFIED.,.F.,.F.,
(3,3),
(0.,1.),
.UNSPECIFIED.);
#5526=VERTEX_POINT('',#6550);
#5527=LINE('',#6551,#6552);
#5528=LINE('',#6554,#6555);
#5529=VERTEX_POINT('',#6557);
#5530=VERTEX_POINT('',#6558);
#5531=LINE('',#6559,#6560);
#5532=VERTEX_POINT('',#6562);
#5533=B_SPLINE_CURVE_WITH_KNOTS('',2,
(#6563,#6564,#6565),
.UNSPECIFIED.,.F.,.F.,
(3,3),
(0.,1.),
.UNSPECIFIED.);
#5534=VERTEX_POINT('',#6566);
#5535=B_SPLINE_CURVE_WITH_KNOTS('',2,
(#6567,#6568,#6569),
.UNSPECIFIED.,.F.,.F.,
(3,3),
(0.,1.),
.UNSPECIFIED.);
#5536=VERTEX_POINT('',#6570);
#5537=LINE('',#6571,#6572);
#5538=VERTEX_POINT('',#6574);
#5539=B_SPLINE_CURVE_WITH_KNOTS('',2,
(#6575,#6576,#6577),
.UNSPECIFIED.,.F.,.F.,
(3,3),
(0.,1.),
.UNSPECIFIED.);
#5540=VERTEX_POINT('',#6578);
#5541=B_SPLINE_CURVE_WITH_KNOTS('',2,
(#6579,#6580,#6581),
.UNSPECIFIED.,.F.,.F.,
(3,3),
(0.,1.),
.UNSPECIFIED.);
#5542=VERTEX_POINT('',#6582);
#5543=LINE('',#6583,#6584);
#5544=VERTEX_POINT('',#6586);
#5545=B_SPLINE_CURVE_WITH_KNOTS('',2,
(#6587,#6588,#6589),
.UNSPECIFIED.,.F.,.F.,
(3,3),
(0.,1.),
.UNSPECIFIED.);
#5546=VERTEX_POINT('',#6590);
#5547=B_SPLINE_CURVE_WITH_KNOTS('',2,
(#6591,#6592,#6593),
.UNSPECIFIED.,.F.,.F.,
(3,3),
(0.,1.),
.UNSPECIFIED.);
#5548=VERTEX_POINT('',#6594);
#5549=LINE('',#6595,#6596);
#5550=VERTEX_POINT('',#6598);
#5551=B_SPLINE_CURVE_WITH_KNOTS('',2,
(#6599,#6600,#6601),
.UNSPECIFIED.,.F.,.F.,
(3,3),
(0.,1.),
.UNSPECIFIED.);
#5552=B_SPLINE_CURVE_WITH_KNOTS('',2,
(#6602,#6603,#6604),
.UNSPECIFIED.,.F.,.F.,
(3,3),
(0.,1.),
.UNSPECIFIED.);
#5553=VERTEX_POINT('',#6605);
#5554=VERTEX_POINT('',#6606);
#5555=LINE('',#6607,#6608);
#5556=VERTEX_POINT('',#6610);
#5557=LINE('',#6611,#6612);
#5558=VERTEX_POINT('',#6614);
#5559=LINE('',#6615,#6616);
#5560=LINE('',#6618,#6619);
#5561=VERTEX_POINT('',#6621);
#5562=CIRCLE('',#6622,0.4);
#5563=VERTEX_POINT('',#6626);
#5564=VERTEX_POINT('',#6627);
#5565=LINE('',#6628,#6629);
#5566=VERTEX_POINT('',#6631);
#5567=CIRCLE('',#6632,0.0500000000000012);
#5568=VERTEX_POINT('',#6636);
#5569=LINE('',#6637,#6638);
#5570=CIRCLE('',#6640,0.0499999999999978);
#5571=VERTEX_POINT('',#6644);
#5572=VERTEX_POINT('',#6645);
#5573=LINE('',#6646,#6647);
#5574=VERTEX_POINT('',#6649);
#5575=B_SPLINE_CURVE_WITH_KNOTS('',2,
(#6650,#6651,#6652),
.UNSPECIFIED.,.F.,.F.,
(3,3),
(0.,1.),
.UNSPECIFIED.);
#5576=VERTEX_POINT('',#6653);
#5577=B_SPLINE_CURVE_WITH_KNOTS('',2,
(#6654,#6655,#6656),
.UNSPECIFIED.,.F.,.F.,
(3,3),
(0.,1.),
.UNSPECIFIED.);
#5578=VERTEX_POINT('',#6657);
#5579=B_SPLINE_CURVE_WITH_KNOTS('',2,
(#6658,#6659,#6660),
.UNSPECIFIED.,.F.,.F.,
(3,3),
(0.,1.),
.UNSPECIFIED.);
#5580=VERTEX_POINT('',#6661);
#5581=B_SPLINE_CURVE_WITH_KNOTS('',2,
(#6662,#6663,#6664),
.UNSPECIFIED.,.F.,.F.,
(3,3),
(0.,1.),
.UNSPECIFIED.);
#5582=VERTEX_POINT('',#6665);
#5583=LINE('',#6666,#6667);
#5584=VERTEX_POINT('',#6669);
#5585=LINE('',#6670,#6671);
#5586=VERTEX_POINT('',#6673);
#5587=B_SPLINE_CURVE_WITH_KNOTS('',2,
(#6674,#6675,#6676),
.UNSPECIFIED.,.F.,.F.,
(3,3),
(0.,1.),
.UNSPECIFIED.);
#5588=VERTEX_POINT('',#6677);
#5589=B_SPLINE_CURVE_WITH_KNOTS('',2,
(#6678,#6679,#6680),
.UNSPECIFIED.,.F.,.F.,
(3,3),
(0.,1.),
.UNSPECIFIED.);
#5590=VERTEX_POINT('',#6681);
#5591=B_SPLINE_CURVE_WITH_KNOTS('',2,
(#6682,#6683,#6684),
.UNSPECIFIED.,.F.,.F.,
(3,3),
(0.,1.),
.UNSPECIFIED.);
#5592=VERTEX_POINT('',#6685);
#5593=B_SPLINE_CURVE_WITH_KNOTS('',2,
(#6686,#6687,#6688),
.UNSPECIFIED.,.F.,.F.,
(3,3),
(0.,1.),
.UNSPECIFIED.);
#5594=VERTEX_POINT('',#6689);
#5595=LINE('',#6690,#6691);
#5596=VERTEX_POINT('',#6693);
#5597=LINE('',#6694,#6695);
#5598=VERTEX_POINT('',#6697);
#5599=B_SPLINE_CURVE_WITH_KNOTS('',2,
(#6698,#6699,#6700),
.UNSPECIFIED.,.F.,.F.,
(3,3),
(0.,1.),
.UNSPECIFIED.);
#5600=VERTEX_POINT('',#6701);
#5601=B_SPLINE_CURVE_WITH_KNOTS('',2,
(#6702,#6703,#6704),
.UNSPECIFIED.,.F.,.F.,
(3,3),
(0.,1.),
.UNSPECIFIED.);
#5602=VERTEX_POINT('',#6705);
#5603=LINE('',#6706,#6707);
#5604=VERTEX_POINT('',#6709);
#5605=LINE('',#6710,#6711);
#5606=VERTEX_POINT('',#6713);
#5607=B_SPLINE_CURVE_WITH_KNOTS('',2,
(#6714,#6715,#6716),
.UNSPECIFIED.,.F.,.F.,
(3,3),
(0.,1.),
.UNSPECIFIED.);
#5608=VERTEX_POINT('',#6717);
#5609=LINE('',#6718,#6719);
#5610=VERTEX_POINT('',#6721);
#5611=B_SPLINE_CURVE_WITH_KNOTS('',2,
(#6722,#6723,#6724),
.UNSPECIFIED.,.F.,.F.,
(3,3),
(0.,1.),
.UNSPECIFIED.);
#5612=VERTEX_POINT('',#6725);
#5613=B_SPLINE_CURVE_WITH_KNOTS('',2,
(#6726,#6727,#6728),
.UNSPECIFIED.,.F.,.F.,
(3,3),
(0.,1.),
.UNSPECIFIED.);
#5614=VERTEX_POINT('',#6729);
#5615=LINE('',#6730,#6731);
#5616=VERTEX_POINT('',#6733);
#5617=LINE('',#6734,#6735);
#5618=VERTEX_POINT('',#6737);
#5619=LINE('',#6738,#6739);
#5620=VERTEX_POINT('',#6741);
#5621=LINE('',#6742,#6743);
#5622=VERTEX_POINT('',#6745);
#5623=B_SPLINE_CURVE_WITH_KNOTS('',2,
(#6746,#6747,#6748),
.UNSPECIFIED.,.F.,.F.,
(3,3),
(0.,1.),
.UNSPECIFIED.);
#5624=VERTEX_POINT('',#6749);
#5625=B_SPLINE_CURVE_WITH_KNOTS('',2,
(#6750,#6751,#6752),
.UNSPECIFIED.,.F.,.F.,
(3,3),
(0.,1.),
.UNSPECIFIED.);
#5626=VERTEX_POINT('',#6753);
#5627=B_SPLINE_CURVE_WITH_KNOTS('',2,
(#6754,#6755,#6756),
.UNSPECIFIED.,.F.,.F.,
(3,3),
(0.,1.),
.UNSPECIFIED.);
#5628=VERTEX_POINT('',#6757);
#5629=B_SPLINE_CURVE_WITH_KNOTS('',2,
(#6758,#6759,#6760),
.UNSPECIFIED.,.F.,.F.,
(3,3),
(0.,1.),
.UNSPECIFIED.);
#5630=LINE('',#6761,#6762);
#5631=VERTEX_POINT('',#6764);
#5632=VERTEX_POINT('',#6765);
#5633=B_SPLINE_CURVE_WITH_KNOTS('',2,
(#6766,#6767,#6768),
.UNSPECIFIED.,.F.,.F.,
(3,3),
(0.,1.),
.UNSPECIFIED.);
#5634=VERTEX_POINT('',#6769);
#5635=LINE('',#6770,#6771);
#5636=VERTEX_POINT('',#6773);
#5637=B_SPLINE_CURVE_WITH_KNOTS('',2,
(#6774,#6775,#6776),
.UNSPECIFIED.,.F.,.F.,
(3,3),
(0.,1.),
.UNSPECIFIED.);
#5638=VERTEX_POINT('',#6777);
#5639=B_SPLINE_CURVE_WITH_KNOTS('',2,
(#6778,#6779,#6780),
.UNSPECIFIED.,.F.,.F.,
(3,3),
(0.,1.),
.UNSPECIFIED.);
#5640=VERTEX_POINT('',#6781);
#5641=LINE('',#6782,#6783);
#5642=VERTEX_POINT('',#6785);
#5643=B_SPLINE_CURVE_WITH_KNOTS('',2,
(#6786,#6787,#6788),
.UNSPECIFIED.,.F.,.F.,
(3,3),
(0.,1.),
.UNSPECIFIED.);
#5644=VERTEX_POINT('',#6789);
#5645=B_SPLINE_CURVE_WITH_KNOTS('',2,
(#6790,#6791,#6792),
.UNSPECIFIED.,.F.,.F.,
(3,3),
(0.,1.),
.UNSPECIFIED.);
#5646=VERTEX_POINT('',#6793);
#5647=LINE('',#6794,#6795);
#5648=VERTEX_POINT('',#6797);
#5649=B_SPLINE_CURVE_WITH_KNOTS('',2,
(#6798,#6799,#6800),
.UNSPECIFIED.,.F.,.F.,
(3,3),
(0.,1.),
.UNSPECIFIED.);
#5650=VERTEX_POINT('',#6801);
#5651=B_SPLINE_CURVE_WITH_KNOTS('',2,
(#6802,#6803,#6804),
.UNSPECIFIED.,.F.,.F.,
(3,3),
(0.,1.),
.UNSPECIFIED.);
#5652=VERTEX_POINT('',#6805);
#5653=LINE('',#6806,#6807);
#5654=B_SPLINE_CURVE_WITH_KNOTS('',2,
(#6809,#6810,#6811),
.UNSPECIFIED.,.F.,.F.,
(3,3),
(0.,1.),
.UNSPECIFIED.);
#5655=VERTEX_POINT('',#6812);
#5656=VERTEX_POINT('',#6813);
#5657=LINE('',#6814,#6815);
#5658=VERTEX_POINT('',#6817);
#5659=B_SPLINE_CURVE_WITH_KNOTS('',2,
(#6818,#6819,#6820),
.UNSPECIFIED.,.F.,.F.,
(3,3),
(0.,1.),
.UNSPECIFIED.);
#5660=VERTEX_POINT('',#6821);
#5661=LINE('',#6822,#6823);
#5662=VERTEX_POINT('',#6825);
#5663=B_SPLINE_CURVE_WITH_KNOTS('',2,
(#6826,#6827,#6828),
.UNSPECIFIED.,.F.,.F.,
(3,3),
(0.,1.),
.UNSPECIFIED.);
#5664=VERTEX_POINT('',#6829);
#5665=B_SPLINE_CURVE_WITH_KNOTS('',2,
(#6830,#6831,#6832),
.UNSPECIFIED.,.F.,.F.,
(3,3),
(0.,1.),
.UNSPECIFIED.);
#5666=VERTEX_POINT('',#6833);
#5667=LINE('',#6834,#6835);
#5668=VERTEX_POINT('',#6837);
#5669=LINE('',#6838,#6839);
#5670=VERTEX_POINT('',#6841);
#5671=LINE('',#6842,#6843);
#5672=VERTEX_POINT('',#6845);
#5673=B_SPLINE_CURVE_WITH_KNOTS('',2,
(#6846,#6847,#6848),
.UNSPECIFIED.,.F.,.F.,
(3,3),
(0.,1.),
.UNSPECIFIED.);
#5674=VERTEX_POINT('',#6849);
#5675=B_SPLINE_CURVE_WITH_KNOTS('',2,
(#6850,#6851,#6852),
.UNSPECIFIED.,.F.,.F.,
(3,3),
(0.,1.),
.UNSPECIFIED.);
#5676=VERTEX_POINT('',#6853);
#5677=B_SPLINE_CURVE_WITH_KNOTS('',2,
(#6854,#6855,#6856),
.UNSPECIFIED.,.F.,.F.,
(3,3),
(0.,1.),
.UNSPECIFIED.);
#5678=VERTEX_POINT('',#6857);
#5679=B_SPLINE_CURVE_WITH_KNOTS('',2,
(#6858,#6859,#6860),
.UNSPECIFIED.,.F.,.F.,
(3,3),
(0.,1.),
.UNSPECIFIED.);
#5680=VERTEX_POINT('',#6861);
#5681=LINE('',#6862,#6863);
#5682=VERTEX_POINT('',#6865);
#5683=B_SPLINE_CURVE_WITH_KNOTS('',2,
(#6866,#6867,#6868),
.UNSPECIFIED.,.F.,.F.,
(3,3),
(0.,1.),
.UNSPECIFIED.);
#5684=VERTEX_POINT('',#6869);
#5685=B_SPLINE_CURVE_WITH_KNOTS('',2,
(#6870,#6871,#6872),
.UNSPECIFIED.,.F.,.F.,
(3,3),
(0.,1.),
.UNSPECIFIED.);
#5686=VERTEX_POINT('',#6873);
#5687=LINE('',#6874,#6875);
#5688=B_SPLINE_CURVE_WITH_KNOTS('',2,
(#6877,#6878,#6879),
.UNSPECIFIED.,.F.,.F.,
(3,3),
(0.,1.),
.UNSPECIFIED.);
#5689=VERTEX_POINT('',#6880);
#5690=VERTEX_POINT('',#6881);
#5691=LINE('',#6882,#6883);
#5692=VERTEX_POINT('',#6885);
#5693=B_SPLINE_CURVE_WITH_KNOTS('',2,
(#6886,#6887,#6888),
.UNSPECIFIED.,.F.,.F.,
(3,3),
(0.,1.),
.UNSPECIFIED.);
#5694=VERTEX_POINT('',#6889);
#5695=B_SPLINE_CURVE_WITH_KNOTS('',2,
(#6890,#6891,#6892),
.UNSPECIFIED.,.F.,.F.,
(3,3),
(0.,1.),
.UNSPECIFIED.);
#5696=VERTEX_POINT('',#6893);
#5697=B_SPLINE_CURVE_WITH_KNOTS('',2,
(#6894,#6895,#6896),
.UNSPECIFIED.,.F.,.F.,
(3,3),
(0.,1.),
.UNSPECIFIED.);
#5698=VERTEX_POINT('',#6897);
#5699=B_SPLINE_CURVE_WITH_KNOTS('',2,
(#6898,#6899,#6900),
.UNSPECIFIED.,.F.,.F.,
(3,3),
(0.,1.),
.UNSPECIFIED.);
#5700=VERTEX_POINT('',#6901);
#5701=LINE('',#6902,#6903);
#5702=VERTEX_POINT('',#6905);
#5703=LINE('',#6906,#6907);
#5704=VERTEX_POINT('',#6909);
#5705=B_SPLINE_CURVE_WITH_KNOTS('',2,
(#6910,#6911,#6912),
.UNSPECIFIED.,.F.,.F.,
(3,3),
(0.,1.),
.UNSPECIFIED.);
#5706=VERTEX_POINT('',#6913);
#5707=B_SPLINE_CURVE_WITH_KNOTS('',2,
(#6914,#6915,#6916),
.UNSPECIFIED.,.F.,.F.,
(3,3),
(0.,1.),
.UNSPECIFIED.);
#5708=VERTEX_POINT('',#6917);
#5709=B_SPLINE_CURVE_WITH_KNOTS('',2,
(#6918,#6919,#6920),
.UNSPECIFIED.,.F.,.F.,
(3,3),
(0.,1.),
.UNSPECIFIED.);
#5710=VERTEX_POINT('',#6921);
#5711=B_SPLINE_CURVE_WITH_KNOTS('',2,
(#6922,#6923,#6924),
.UNSPECIFIED.,.F.,.F.,
(3,3),
(0.,1.),
.UNSPECIFIED.);
#5712=VERTEX_POINT('',#6925);
#5713=LINE('',#6926,#6927);
#5714=VERTEX_POINT('',#6929);
#5715=LINE('',#6930,#6931);
#5716=VERTEX_POINT('',#6933);
#5717=B_SPLINE_CURVE_WITH_KNOTS('',2,
(#6934,#6935,#6936),
.UNSPECIFIED.,.F.,.F.,
(3,3),
(0.,1.),
.UNSPECIFIED.);
#5718=VERTEX_POINT('',#6937);
#5719=B_SPLINE_CURVE_WITH_KNOTS('',2,
(#6938,#6939,#6940),
.UNSPECIFIED.,.F.,.F.,
(3,3),
(0.,1.),
.UNSPECIFIED.);
#5720=VERTEX_POINT('',#6941);
#5721=B_SPLINE_CURVE_WITH_KNOTS('',2,
(#6942,#6943,#6944),
.UNSPECIFIED.,.F.,.F.,
(3,3),
(0.,1.),
.UNSPECIFIED.);
#5722=VERTEX_POINT('',#6945);
#5723=B_SPLINE_CURVE_WITH_KNOTS('',2,
(#6946,#6947,#6948),
.UNSPECIFIED.,.F.,.F.,
(3,3),
(0.,1.),
.UNSPECIFIED.);
#5724=VERTEX_POINT('',#6949);
#5725=LINE('',#6950,#6951);
#5726=VERTEX_POINT('',#6953);
#5727=LINE('',#6954,#6955);
#5728=VERTEX_POINT('',#6957);
#5729=LINE('',#6958,#6959);
#5730=VERTEX_POINT('',#6961);
#5731=B_SPLINE_CURVE_WITH_KNOTS('',2,
(#6962,#6963,#6964),
.UNSPECIFIED.,.F.,.F.,
(3,3),
(0.,1.),
.UNSPECIFIED.);
#5732=VERTEX_POINT('',#6965);
#5733=B_SPLINE_CURVE_WITH_KNOTS('',2,
(#6966,#6967,#6968),
.UNSPECIFIED.,.F.,.F.,
(3,3),
(0.,1.),
.UNSPECIFIED.);
#5734=VERTEX_POINT('',#6969);
#5735=B_SPLINE_CURVE_WITH_KNOTS('',2,
(#6970,#6971,#6972),
.UNSPECIFIED.,.F.,.F.,
(3,3),
(0.,1.),
.UNSPECIFIED.);
#5736=LINE('',#6973,#6974);
#5737=VERTEX_POINT('',#6976);
#5738=VERTEX_POINT('',#6977);
#5739=CIRCLE('',#6978,0.234505172184432);
#5740=VERTEX_POINT('',#6982);
#5741=CIRCLE('',#6983,0.0518384067163807);
#5742=VERTEX_POINT('',#6987);
#5743=CIRCLE('',#6988,0.138040367199877);
#5744=VERTEX_POINT('',#6992);
#5745=CIRCLE('',#6993,0.236825223110263);
#5746=VERTEX_POINT('',#6997);
#5747=CIRCLE('',#6998,0.0501877130607487);
#5748=CIRCLE('',#7002,0.143078310896463);
#5749=VERTEX_POINT('',#7006);
#5750=VERTEX_POINT('',#7007);
#5751=CIRCLE('',#7008,0.234505172184432);
#5752=VERTEX_POINT('',#7012);
#5753=CIRCLE('',#7013,0.0518384067163807);
#5754=VERTEX_POINT('',#7017);
#5755=CIRCLE('',#7018,0.138040367199877);
#5756=VERTEX_POINT('',#7022);
#5757=CIRCLE('',#7023,0.236825223110263);
#5758=VERTEX_POINT('',#7027);
#5759=CIRCLE('',#7028,0.0501877130607487);
#5760=CIRCLE('',#7032,0.143078310896463);
#5761=VERTEX_POINT('',#7036);
#5762=VERTEX_POINT('',#7037);
#5763=B_SPLINE_CURVE_WITH_KNOTS('',2,
(#7038,#7039,#7040),
.UNSPECIFIED.,.F.,.F.,
(3,3),
(0.,1.),
.UNSPECIFIED.);
#5764=VERTEX_POINT('',#7041);
#5765=B_SPLINE_CURVE_WITH_KNOTS('',2,
(#7042,#7043,#7044),
.UNSPECIFIED.,.F.,.F.,
(3,3),
(0.,1.),
.UNSPECIFIED.);
#5766=VERTEX_POINT('',#7045);
#5767=B_SPLINE_CURVE_WITH_KNOTS('',2,
(#7046,#7047,#7048),
.UNSPECIFIED.,.F.,.F.,
(3,3),
(0.,1.),
.UNSPECIFIED.);
#5768=VERTEX_POINT('',#7049);
#5769=B_SPLINE_CURVE_WITH_KNOTS('',2,
(#7050,#7051,#7052),
.UNSPECIFIED.,.F.,.F.,
(3,3),
(0.,1.),
.UNSPECIFIED.);
#5770=VERTEX_POINT('',#7053);
#5771=LINE('',#7054,#7055);
#5772=VERTEX_POINT('',#7057);
#5773=LINE('',#7058,#7059);
#5774=VERTEX_POINT('',#7061);
#5775=B_SPLINE_CURVE_WITH_KNOTS('',2,
(#7062,#7063,#7064),
.UNSPECIFIED.,.F.,.F.,
(3,3),
(0.,1.),
.UNSPECIFIED.);
#5776=VERTEX_POINT('',#7065);
#5777=B_SPLINE_CURVE_WITH_KNOTS('',2,
(#7066,#7067,#7068),
.UNSPECIFIED.,.F.,.F.,
(3,3),
(0.,1.),
.UNSPECIFIED.);
#5778=VERTEX_POINT('',#7069);
#5779=LINE('',#7070,#7071);
#5780=VERTEX_POINT('',#7073);
#5781=LINE('',#7074,#7075);
#5782=VERTEX_POINT('',#7077);
#5783=B_SPLINE_CURVE_WITH_KNOTS('',2,
(#7078,#7079,#7080),
.UNSPECIFIED.,.F.,.F.,
(3,3),
(0.,1.),
.UNSPECIFIED.);
#5784=VERTEX_POINT('',#7081);
#5785=B_SPLINE_CURVE_WITH_KNOTS('',2,
(#7082,#7083,#7084),
.UNSPECIFIED.,.F.,.F.,
(3,3),
(0.,1.),
.UNSPECIFIED.);
#5786=VERTEX_POINT('',#7085);
#5787=B_SPLINE_CURVE_WITH_KNOTS('',2,
(#7086,#7087,#7088),
.UNSPECIFIED.,.F.,.F.,
(3,3),
(0.,1.),
.UNSPECIFIED.);
#5788=VERTEX_POINT('',#7089);
#5789=B_SPLINE_CURVE_WITH_KNOTS('',2,
(#7090,#7091,#7092),
.UNSPECIFIED.,.F.,.F.,
(3,3),
(0.,1.),
.UNSPECIFIED.);
#5790=VERTEX_POINT('',#7093);
#5791=LINE('',#7094,#7095);
#5792=VERTEX_POINT('',#7097);
#5793=B_SPLINE_CURVE_WITH_KNOTS('',2,
(#7098,#7099,#7100),
.UNSPECIFIED.,.F.,.F.,
(3,3),
(0.,1.),
.UNSPECIFIED.);
#5794=VERTEX_POINT('',#7101);
#5795=B_SPLINE_CURVE_WITH_KNOTS('',2,
(#7102,#7103,#7104),
.UNSPECIFIED.,.F.,.F.,
(3,3),
(0.,1.),
.UNSPECIFIED.);
#5796=VERTEX_POINT('',#7105);
#5797=B_SPLINE_CURVE_WITH_KNOTS('',2,
(#7106,#7107,#7108),
.UNSPECIFIED.,.F.,.F.,
(3,3),
(0.,1.),
.UNSPECIFIED.);
#5798=VERTEX_POINT('',#7109);
#5799=B_SPLINE_CURVE_WITH_KNOTS('',2,
(#7110,#7111,#7112),
.UNSPECIFIED.,.F.,.F.,
(3,3),
(0.,1.),
.UNSPECIFIED.);
#5800=VERTEX_POINT('',#7113);
#5801=LINE('',#7114,#7115);
#5802=VERTEX_POINT('',#7117);
#5803=LINE('',#7118,#7119);
#5804=VERTEX_POINT('',#7121);
#5805=B_SPLINE_CURVE_WITH_KNOTS('',2,
(#7122,#7123,#7124),
.UNSPECIFIED.,.F.,.F.,
(3,3),
(0.,1.),
.UNSPECIFIED.);
#5806=VERTEX_POINT('',#7125);
#5807=B_SPLINE_CURVE_WITH_KNOTS('',2,
(#7126,#7127,#7128),
.UNSPECIFIED.,.F.,.F.,
(3,3),
(0.,1.),
.UNSPECIFIED.);
#5808=VERTEX_POINT('',#7129);
#5809=B_SPLINE_CURVE_WITH_KNOTS('',2,
(#7130,#7131,#7132),
.UNSPECIFIED.,.F.,.F.,
(3,3),
(0.,1.),
.UNSPECIFIED.);
#5810=LINE('',#7133,#7134);
#5811=VERTEX_POINT('',#7136);
#5812=VERTEX_POINT('',#7137);
#5813=LINE('',#7138,#7139);
#5814=VERTEX_POINT('',#7141);
#5815=CIRCLE('',#7142,0.0499999999999944);
#5816=VERTEX_POINT('',#7146);
#5817=LINE('',#7147,#7148);
#5818=VERTEX_POINT('',#7150);
#5819=LINE('',#7151,#7152);
#5820=VERTEX_POINT('',#7154);
#5821=CIRCLE('',#7155,0.0500000000000012);
#5822=VERTEX_POINT('',#7159);
#5823=LINE('',#7160,#7161);
#5824=VERTEX_POINT('',#7163);
#5825=LINE('',#7164,#7165);
#5826=VERTEX_POINT('',#7167);
#5827=CIRCLE('',#7168,0.0500000000000057);
#5828=VERTEX_POINT('',#7172);
#5829=LINE('',#7173,#7174);
#5830=VERTEX_POINT('',#7176);
#5831=LINE('',#7177,#7178);
#5832=VERTEX_POINT('',#7180);
#5833=CIRCLE('',#7181,0.0499999999999978);
#5834=LINE('',#7185,#7186);
#5835=VERTEX_POINT('',#7188);
#5836=LINE('',#7189,#7190);
#5837=VERTEX_POINT('',#7192);
#5838=CIRCLE('',#7193,0.0500000000000012);
#5839=LINE('',#7197,#7198);
#5840=VERTEX_POINT('',#7200);
#5841=LINE('',#7201,#7202);
#5842=LINE('',#7204,#7205);
#5843=VERTEX_POINT('',#7207);
#5844=CIRCLE('',#7208,0.0499999999999978);
#5845=LINE('',#7212,#7213);
#5846=LINE('',#7215,#7216);
#5847=VERTEX_POINT('',#7218);
#5848=LINE('',#7219,#7220);
#5849=VERTEX_POINT('',#7222);
#5850=B_SPLINE_CURVE_WITH_KNOTS('',2,
(#7223,#7224,#7225),
.UNSPECIFIED.,.F.,.F.,
(3,3),
(0.,1.),
.UNSPECIFIED.);
#5851=LINE('',#7226,#7227);
#5852=VERTEX_POINT('',#7229);
#5853=B_SPLINE_CURVE_WITH_KNOTS('',2,
(#7230,#7231,#7232),
.UNSPECIFIED.,.F.,.F.,
(3,3),
(0.,1.),
.UNSPECIFIED.);
#5854=LINE('',#7233,#7234);
#5855=VERTEX_POINT('',#7236);
#5856=B_SPLINE_CURVE_WITH_KNOTS('',2,
(#7237,#7238,#7239),
.UNSPECIFIED.,.F.,.F.,
(3,3),
(0.,1.),
.UNSPECIFIED.);
#5857=LINE('',#7240,#7241);
#5858=VERTEX_POINT('',#7243);
#5859=B_SPLINE_CURVE_WITH_KNOTS('',2,
(#7244,#7245,#7246),
.UNSPECIFIED.,.F.,.F.,
(3,3),
(0.,1.),
.UNSPECIFIED.);
#5860=LINE('',#7247,#7248);
#5861=VERTEX_POINT('',#7250);
#5862=LINE('',#7251,#7252);
#5863=LINE('',#7254,#7255);
#5864=VERTEX_POINT('',#7257);
#5865=LINE('',#7258,#7259);
#5866=LINE('',#7261,#7262);
#5867=VERTEX_POINT('',#7264);
#5868=B_SPLINE_CURVE_WITH_KNOTS('',2,
(#7265,#7266,#7267),
.UNSPECIFIED.,.F.,.F.,
(3,3),
(0.,1.),
.UNSPECIFIED.);
#5869=LINE('',#7268,#7269);
#5870=VERTEX_POINT('',#7271);
#5871=B_SPLINE_CURVE_WITH_KNOTS('',2,
(#7272,#7273,#7274),
.UNSPECIFIED.,.F.,.F.,
(3,3),
(0.,1.),
.UNSPECIFIED.);
#5872=LINE('',#7275,#7276);
#5873=VERTEX_POINT('',#7278);
#5874=B_SPLINE_CURVE_WITH_KNOTS('',2,
(#7279,#7280,#7281),
.UNSPECIFIED.,.F.,.F.,
(3,3),
(0.,1.),
.UNSPECIFIED.);
#5875=LINE('',#7282,#7283);
#5876=VERTEX_POINT('',#7285);
#5877=B_SPLINE_CURVE_WITH_KNOTS('',2,
(#7286,#7287,#7288),
.UNSPECIFIED.,.F.,.F.,
(3,3),
(0.,1.),
.UNSPECIFIED.);
#5878=LINE('',#7289,#7290);
#5879=VERTEX_POINT('',#7292);
#5880=LINE('',#7293,#7294);
#5881=LINE('',#7296,#7297);
#5882=VERTEX_POINT('',#7299);
#5883=LINE('',#7300,#7301);
#5884=LINE('',#7303,#7304);
#5885=VERTEX_POINT('',#7306);
#5886=B_SPLINE_CURVE_WITH_KNOTS('',2,
(#7307,#7308,#7309),
.UNSPECIFIED.,.F.,.F.,
(3,3),
(0.,1.),
.UNSPECIFIED.);
#5887=LINE('',#7310,#7311);
#5888=VERTEX_POINT('',#7313);
#5889=B_SPLINE_CURVE_WITH_KNOTS('',2,
(#7314,#7315,#7316),
.UNSPECIFIED.,.F.,.F.,
(3,3),
(0.,1.),
.UNSPECIFIED.);
#5890=LINE('',#7317,#7318);
#5891=VERTEX_POINT('',#7320);
#5892=LINE('',#7321,#7322);
#5893=LINE('',#7324,#7325);
#5894=VERTEX_POINT('',#7327);
#5895=LINE('',#7328,#7329);
#5896=LINE('',#7331,#7332);
#5897=VERTEX_POINT('',#7334);
#5898=B_SPLINE_CURVE_WITH_KNOTS('',2,
(#7335,#7336,#7337),
.UNSPECIFIED.,.F.,.F.,
(3,3),
(0.,1.),
.UNSPECIFIED.);
#5899=LINE('',#7338,#7339);
#5900=VERTEX_POINT('',#7341);
#5901=LINE('',#7342,#7343);
#5902=LINE('',#7345,#7346);
#5903=VERTEX_POINT('',#7348);
#5904=B_SPLINE_CURVE_WITH_KNOTS('',2,
(#7349,#7350,#7351),
.UNSPECIFIED.,.F.,.F.,
(3,3),
(0.,1.),
.UNSPECIFIED.);
#5905=LINE('',#7352,#7353);
#5906=VERTEX_POINT('',#7355);
#5907=B_SPLINE_CURVE_WITH_KNOTS('',2,
(#7356,#7357,#7358),
.UNSPECIFIED.,.F.,.F.,
(3,3),
(0.,1.),
.UNSPECIFIED.);
#5908=LINE('',#7359,#7360);
#5909=VERTEX_POINT('',#7362);
#5910=LINE('',#7363,#7364);
#5911=LINE('',#7366,#7367);
#5912=VERTEX_POINT('',#7369);
#5913=LINE('',#7370,#7371);
#5914=LINE('',#7373,#7374);
#5915=VERTEX_POINT('',#7376);
#5916=LINE('',#7377,#7378);
#5917=LINE('',#7380,#7381);
#5918=VERTEX_POINT('',#7383);
#5919=LINE('',#7384,#7385);
#5920=LINE('',#7387,#7388);
#5921=VERTEX_POINT('',#7390);
#5922=B_SPLINE_CURVE_WITH_KNOTS('',2,
(#7391,#7392,#7393),
.UNSPECIFIED.,.F.,.F.,
(3,3),
(0.,1.),
.UNSPECIFIED.);
#5923=LINE('',#7394,#7395);
#5924=VERTEX_POINT('',#7397);
#5925=B_SPLINE_CURVE_WITH_KNOTS('',2,
(#7398,#7399,#7400),
.UNSPECIFIED.,.F.,.F.,
(3,3),
(0.,1.),
.UNSPECIFIED.);
#5926=LINE('',#7401,#7402);
#5927=VERTEX_POINT('',#7404);
#5928=B_SPLINE_CURVE_WITH_KNOTS('',2,
(#7405,#7406,#7407),
.UNSPECIFIED.,.F.,.F.,
(3,3),
(0.,1.),
.UNSPECIFIED.);
#5929=LINE('',#7408,#7409);
#5930=VERTEX_POINT('',#7411);
#5931=B_SPLINE_CURVE_WITH_KNOTS('',2,
(#7412,#7413,#7414),
.UNSPECIFIED.,.F.,.F.,
(3,3),
(0.,1.),
.UNSPECIFIED.);
#5932=LINE('',#7415,#7416);
#5933=VERTEX_POINT('',#7418);
#5934=LINE('',#7419,#7420);
#5935=LINE('',#7422,#7423);
#5936=LINE('',#7425,#7426);
#5937=VERTEX_POINT('',#7428);
#5938=LINE('',#7429,#7430);
#5939=VERTEX_POINT('',#7432);
#5940=B_SPLINE_CURVE_WITH_KNOTS('',2,
(#7433,#7434,#7435),
.UNSPECIFIED.,.F.,.F.,
(3,3),
(0.,1.),
.UNSPECIFIED.);
#5941=LINE('',#7436,#7437);
#5942=VERTEX_POINT('',#7439);
#5943=LINE('',#7440,#7441);
#5944=LINE('',#7443,#7444);
#5945=VERTEX_POINT('',#7446);
#5946=LINE('',#7447,#7448);
#5947=B_SPLINE_CURVE_WITH_KNOTS('',2,
(#7450,#7451,#7452),
.UNSPECIFIED.,.F.,.F.,
(3,3),
(0.,1.),
.UNSPECIFIED.);
#5948=VERTEX_POINT('',#7453);
#5949=LINE('',#7454,#7455);
#5950=B_SPLINE_CURVE_WITH_KNOTS('',2,
(#7457,#7458,#7459),
.UNSPECIFIED.,.F.,.F.,
(3,3),
(0.,1.),
.UNSPECIFIED.);
#5951=VERTEX_POINT('',#7460);
#5952=LINE('',#7461,#7462);
#5953=LINE('',#7464,#7465);
#5954=VERTEX_POINT('',#7467);
#5955=LINE('',#7468,#7469);
#5956=B_SPLINE_CURVE_WITH_KNOTS('',2,
(#7471,#7472,#7473),
.UNSPECIFIED.,.F.,.F.,
(3,3),
(0.,1.),
.UNSPECIFIED.);
#5957=VERTEX_POINT('',#7474);
#5958=LINE('',#7475,#7476);
#5959=B_SPLINE_CURVE_WITH_KNOTS('',2,
(#7478,#7479,#7480),
.UNSPECIFIED.,.F.,.F.,
(3,3),
(0.,1.),
.UNSPECIFIED.);
#5960=VERTEX_POINT('',#7481);
#5961=LINE('',#7482,#7483);
#5962=LINE('',#7485,#7486);
#5963=VERTEX_POINT('',#7488);
#5964=LINE('',#7489,#7490);
#5965=B_SPLINE_CURVE_WITH_KNOTS('',2,
(#7492,#7493,#7494),
.UNSPECIFIED.,.F.,.F.,
(3,3),
(0.,1.),
.UNSPECIFIED.);
#5966=VERTEX_POINT('',#7495);
#5967=LINE('',#7496,#7497);
#5968=B_SPLINE_CURVE_WITH_KNOTS('',2,
(#7499,#7500,#7501),
.UNSPECIFIED.,.F.,.F.,
(3,3),
(0.,1.),
.UNSPECIFIED.);
#5969=VERTEX_POINT('',#7502);
#5970=LINE('',#7503,#7504);
#5971=LINE('',#7506,#7507);
#5972=B_SPLINE_CURVE_WITH_KNOTS('',2,
(#7509,#7510,#7511),
.UNSPECIFIED.,.F.,.F.,
(3,3),
(0.,1.),
.UNSPECIFIED.);
#5973=VERTEX_POINT('',#7512);
#5974=LINE('',#7513,#7514);
#5975=VERTEX_POINT('',#7516);
#5976=B_SPLINE_CURVE_WITH_KNOTS('',2,
(#7517,#7518,#7519),
.UNSPECIFIED.,.F.,.F.,
(3,3),
(0.,1.),
.UNSPECIFIED.);
#5977=LINE('',#7520,#7521);
#5978=VERTEX_POINT('',#7523);
#5979=B_SPLINE_CURVE_WITH_KNOTS('',2,
(#7524,#7525,#7526),
.UNSPECIFIED.,.F.,.F.,
(3,3),
(0.,1.),
.UNSPECIFIED.);
#5980=LINE('',#7527,#7528);
#5981=VERTEX_POINT('',#7530);
#5982=LINE('',#7531,#7532);
#5983=LINE('',#7534,#7535);
#5984=VERTEX_POINT('',#7537);
#5985=B_SPLINE_CURVE_WITH_KNOTS('',2,
(#7538,#7539,#7540),
.UNSPECIFIED.,.F.,.F.,
(3,3),
(0.,1.),
.UNSPECIFIED.);
#5986=LINE('',#7541,#7542);
#5987=VERTEX_POINT('',#7544);
#5988=B_SPLINE_CURVE_WITH_KNOTS('',2,
(#7545,#7546,#7547),
.UNSPECIFIED.,.F.,.F.,
(3,3),
(0.,1.),
.UNSPECIFIED.);
#5989=LINE('',#7548,#7549);
#5990=VERTEX_POINT('',#7551);
#5991=LINE('',#7552,#7553);
#5992=LINE('',#7555,#7556);
#5993=VERTEX_POINT('',#7558);
#5994=B_SPLINE_CURVE_WITH_KNOTS('',2,
(#7559,#7560,#7561),
.UNSPECIFIED.,.F.,.F.,
(3,3),
(0.,1.),
.UNSPECIFIED.);
#5995=LINE('',#7562,#7563);
#5996=VERTEX_POINT('',#7565);
#5997=B_SPLINE_CURVE_WITH_KNOTS('',2,
(#7566,#7567,#7568),
.UNSPECIFIED.,.F.,.F.,
(3,3),
(0.,1.),
.UNSPECIFIED.);
#5998=LINE('',#7569,#7570);
#5999=VERTEX_POINT('',#7572);
#6000=LINE('',#7573,#7574);
#6001=LINE('',#7576,#7577);
#6002=VERTEX_POINT('',#7579);
#6003=B_SPLINE_CURVE_WITH_KNOTS('',2,
(#7580,#7581,#7582),
.UNSPECIFIED.,.F.,.F.,
(3,3),
(0.,1.),
.UNSPECIFIED.);
#6004=LINE('',#7583,#7584);
#6005=VERTEX_POINT('',#7586);
#6006=B_SPLINE_CURVE_WITH_KNOTS('',2,
(#7587,#7588,#7589),
.UNSPECIFIED.,.F.,.F.,
(3,3),
(0.,1.),
.UNSPECIFIED.);
#6007=LINE('',#7590,#7591);
#6008=LINE('',#7593,#7594);
#6009=VERTEX_POINT('',#7596);
#6010=LINE('',#7597,#7598);
#6011=VERTEX_POINT('',#7600);
#6012=LINE('',#7601,#7602);
#6013=LINE('',#7604,#7605);
#6014=VERTEX_POINT('',#7607);
#6015=LINE('',#7608,#7609);
#6016=VERTEX_POINT('',#7611);
#6017=B_SPLINE_CURVE_WITH_KNOTS('',2,
(#7612,#7613,#7614),
.UNSPECIFIED.,.F.,.F.,
(3,3),
(0.,1.),
.UNSPECIFIED.);
#6018=LINE('',#7615,#7616);
#6019=VERTEX_POINT('',#7618);
#6020=LINE('',#7619,#7620);
#6021=LINE('',#7622,#7623);
#6022=VERTEX_POINT('',#7625);
#6023=LINE('',#7626,#7627);
#6024=B_SPLINE_CURVE_WITH_KNOTS('',2,
(#7629,#7630,#7631),
.UNSPECIFIED.,.F.,.F.,
(3,3),
(0.,1.),
.UNSPECIFIED.);
#6025=VERTEX_POINT('',#7632);
#6026=LINE('',#7633,#7634);
#6027=B_SPLINE_CURVE_WITH_KNOTS('',2,
(#7636,#7637,#7638),
.UNSPECIFIED.,.F.,.F.,
(3,3),
(0.,1.),
.UNSPECIFIED.);
#6028=VERTEX_POINT('',#7639);
#6029=LINE('',#7640,#7641);
#6030=LINE('',#7643,#7644);
#6031=VERTEX_POINT('',#7646);
#6032=LINE('',#7647,#7648);
#6033=B_SPLINE_CURVE_WITH_KNOTS('',2,
(#7650,#7651,#7652),
.UNSPECIFIED.,.F.,.F.,
(3,3),
(0.,1.),
.UNSPECIFIED.);
#6034=VERTEX_POINT('',#7653);
#6035=LINE('',#7654,#7655);
#6036=B_SPLINE_CURVE_WITH_KNOTS('',2,
(#7657,#7658,#7659),
.UNSPECIFIED.,.F.,.F.,
(3,3),
(0.,1.),
.UNSPECIFIED.);
#6037=VERTEX_POINT('',#7660);
#6038=LINE('',#7661,#7662);
#6039=B_SPLINE_CURVE_WITH_KNOTS('',2,
(#7664,#7665,#7666),
.UNSPECIFIED.,.F.,.F.,
(3,3),
(0.,1.),
.UNSPECIFIED.);
#6040=VERTEX_POINT('',#7667);
#6041=LINE('',#7668,#7669);
#6042=B_SPLINE_CURVE_WITH_KNOTS('',2,
(#7671,#7672,#7673),
.UNSPECIFIED.,.F.,.F.,
(3,3),
(0.,1.),
.UNSPECIFIED.);
#6043=LINE('',#7674,#7675);
#6044=VERTEX_POINT('',#7677);
#6045=LINE('',#7678,#7679);
#6046=LINE('',#7681,#7682);
#6047=VERTEX_POINT('',#7684);
#6048=LINE('',#7685,#7686);
#6049=B_SPLINE_CURVE_WITH_KNOTS('',2,
(#7688,#7689,#7690),
.UNSPECIFIED.,.F.,.F.,
(3,3),
(0.,1.),
.UNSPECIFIED.);
#6050=VERTEX_POINT('',#7691);
#6051=LINE('',#7692,#7693);
#6052=B_SPLINE_CURVE_WITH_KNOTS('',2,
(#7695,#7696,#7697),
.UNSPECIFIED.,.F.,.F.,
(3,3),
(0.,1.),
.UNSPECIFIED.);
#6053=VERTEX_POINT('',#7698);
#6054=LINE('',#7699,#7700);
#6055=LINE('',#7702,#7703);
#6056=VERTEX_POINT('',#7705);
#6057=LINE('',#7706,#7707);
#6058=B_SPLINE_CURVE_WITH_KNOTS('',2,
(#7709,#7710,#7711),
.UNSPECIFIED.,.F.,.F.,
(3,3),
(0.,1.),
.UNSPECIFIED.);
#6059=LINE('',#7712,#7713);
#6060=VERTEX_POINT('',#7715);
#6061=LINE('',#7716,#7717);
#6062=VERTEX_POINT('',#7719);
#6063=B_SPLINE_CURVE_WITH_KNOTS('',2,
(#7720,#7721,#7722),
.UNSPECIFIED.,.F.,.F.,
(3,3),
(0.,1.),
.UNSPECIFIED.);
#6064=LINE('',#7723,#7724);
#6065=VERTEX_POINT('',#7726);
#6066=B_SPLINE_CURVE_WITH_KNOTS('',2,
(#7727,#7728,#7729),
.UNSPECIFIED.,.F.,.F.,
(3,3),
(0.,1.),
.UNSPECIFIED.);
#6067=LINE('',#7730,#7731);
#6068=VERTEX_POINT('',#7733);
#6069=LINE('',#7734,#7735);
#6070=LINE('',#7737,#7738);
#6071=VERTEX_POINT('',#7740);
#6072=B_SPLINE_CURVE_WITH_KNOTS('',2,
(#7741,#7742,#7743),
.UNSPECIFIED.,.F.,.F.,
(3,3),
(0.,1.),
.UNSPECIFIED.);
#6073=LINE('',#7744,#7745);
#6074=VERTEX_POINT('',#7747);
#6075=B_SPLINE_CURVE_WITH_KNOTS('',2,
(#7748,#7749,#7750),
.UNSPECIFIED.,.F.,.F.,
(3,3),
(0.,1.),
.UNSPECIFIED.);
#6076=LINE('',#7751,#7752);
#6077=VERTEX_POINT('',#7754);
#6078=LINE('',#7755,#7756);
#6079=LINE('',#7758,#7759);
#6080=VERTEX_POINT('',#7761);
#6081=LINE('',#7762,#7763);
#6082=LINE('',#7765,#7766);
#6083=LINE('',#7768,#7769);
#6084=VERTEX_POINT('',#7771);
#6085=LINE('',#7772,#7773);
#6086=VERTEX_POINT('',#7775);
#6087=B_SPLINE_CURVE_WITH_KNOTS('',2,
(#7776,#7777,#7778),
.UNSPECIFIED.,.F.,.F.,
(3,3),
(0.,1.),
.UNSPECIFIED.);
#6088=LINE('',#7779,#7780);
#6089=VERTEX_POINT('',#7782);
#6090=B_SPLINE_CURVE_WITH_KNOTS('',2,
(#7783,#7784,#7785),
.UNSPECIFIED.,.F.,.F.,
(3,3),
(0.,1.),
.UNSPECIFIED.);
#6091=LINE('',#7786,#7787);
#6092=VERTEX_POINT('',#7789);
#6093=LINE('',#7790,#7791);
#6094=LINE('',#7793,#7794);
#6095=VERTEX_POINT('',#7796);
#6096=B_SPLINE_CURVE_WITH_KNOTS('',2,
(#7797,#7798,#7799),
.UNSPECIFIED.,.F.,.F.,
(3,3),
(0.,1.),
.UNSPECIFIED.);
#6097=LINE('',#7800,#7801);
#6098=VERTEX_POINT('',#7803);
#6099=B_SPLINE_CURVE_WITH_KNOTS('',2,
(#7804,#7805,#7806),
.UNSPECIFIED.,.F.,.F.,
(3,3),
(0.,1.),
.UNSPECIFIED.);
#6100=LINE('',#7807,#7808);
#6101=VERTEX_POINT('',#7810);
#6102=LINE('',#7811,#7812);
#6103=LINE('',#7814,#7815);
#6104=VERTEX_POINT('',#7817);
#6105=LINE('',#7818,#7819);
#6106=LINE('',#7821,#7822);
#6107=LINE('',#7824,#7825);
#6108=VERTEX_POINT('',#7827);
#6109=LINE('',#7828,#7829);
#6110=VERTEX_POINT('',#7831);
#6111=B_SPLINE_CURVE_WITH_KNOTS('',2,
(#7832,#7833,#7834),
.UNSPECIFIED.,.F.,.F.,
(3,3),
(0.,1.),
.UNSPECIFIED.);
#6112=LINE('',#7835,#7836);
#6113=VERTEX_POINT('',#7838);
#6114=B_SPLINE_CURVE_WITH_KNOTS('',2,
(#7839,#7840,#7841),
.UNSPECIFIED.,.F.,.F.,
(3,3),
(0.,1.),
.UNSPECIFIED.);
#6115=LINE('',#7842,#7843);
#6116=VERTEX_POINT('',#7845);
#6117=B_SPLINE_CURVE_WITH_KNOTS('',2,
(#7846,#7847,#7848),
.UNSPECIFIED.,.F.,.F.,
(3,3),
(0.,1.),
.UNSPECIFIED.);
#6118=LINE('',#7849,#7850);
#6119=VERTEX_POINT('',#7852);
#6120=B_SPLINE_CURVE_WITH_KNOTS('',2,
(#7853,#7854,#7855),
.UNSPECIFIED.,.F.,.F.,
(3,3),
(0.,1.),
.UNSPECIFIED.);
#6121=LINE('',#7856,#7857);
#6122=VERTEX_POINT('',#7859);
#6123=LINE('',#7860,#7861);
#6124=LINE('',#7863,#7864);
#6125=VERTEX_POINT('',#7866);
#6126=LINE('',#7867,#7868);
#6127=LINE('',#7870,#7871);
#6128=VERTEX_POINT('',#7873);
#6129=B_SPLINE_CURVE_WITH_KNOTS('',2,
(#7874,#7875,#7876),
.UNSPECIFIED.,.F.,.F.,
(3,3),
(0.,1.),
.UNSPECIFIED.);
#6130=LINE('',#7877,#7878);
#6131=VERTEX_POINT('',#7880);
#6132=B_SPLINE_CURVE_WITH_KNOTS('',2,
(#7881,#7882,#7883),
.UNSPECIFIED.,.F.,.F.,
(3,3),
(0.,1.),
.UNSPECIFIED.);
#6133=LINE('',#7884,#7885);
#6134=VERTEX_POINT('',#7887);
#6135=B_SPLINE_CURVE_WITH_KNOTS('',2,
(#7888,#7889,#7890),
.UNSPECIFIED.,.F.,.F.,
(3,3),
(0.,1.),
.UNSPECIFIED.);
#6136=LINE('',#7891,#7892);
#6137=VERTEX_POINT('',#7894);
#6138=B_SPLINE_CURVE_WITH_KNOTS('',2,
(#7895,#7896,#7897),
.UNSPECIFIED.,.F.,.F.,
(3,3),
(0.,1.),
.UNSPECIFIED.);
#6139=LINE('',#7898,#7899);
#6140=VERTEX_POINT('',#7901);
#6141=LINE('',#7902,#7903);
#6142=LINE('',#7905,#7906);
#6143=VERTEX_POINT('',#7908);
#6144=LINE('',#7909,#7910);
#6145=LINE('',#7912,#7913);
#6146=VERTEX_POINT('',#7915);
#6147=B_SPLINE_CURVE_WITH_KNOTS('',2,
(#7916,#7917,#7918),
.UNSPECIFIED.,.F.,.F.,
(3,3),
(0.,1.),
.UNSPECIFIED.);
#6148=LINE('',#7919,#7920);
#6149=VERTEX_POINT('',#7922);
#6150=B_SPLINE_CURVE_WITH_KNOTS('',2,
(#7923,#7924,#7925),
.UNSPECIFIED.,.F.,.F.,
(3,3),
(0.,1.),
.UNSPECIFIED.);
#6151=LINE('',#7926,#7927);
#6152=VERTEX_POINT('',#7929);
#6153=B_SPLINE_CURVE_WITH_KNOTS('',2,
(#7930,#7931,#7932),
.UNSPECIFIED.,.F.,.F.,
(3,3),
(0.,1.),
.UNSPECIFIED.);
#6154=LINE('',#7933,#7934);
#6155=VERTEX_POINT('',#7936);
#6156=B_SPLINE_CURVE_WITH_KNOTS('',2,
(#7937,#7938,#7939),
.UNSPECIFIED.,.F.,.F.,
(3,3),
(0.,1.),
.UNSPECIFIED.);
#6157=LINE('',#7940,#7941);
#6158=VERTEX_POINT('',#7943);
#6159=LINE('',#7944,#7945);
#6160=LINE('',#7947,#7948);
#6161=VERTEX_POINT('',#7950);
#6162=LINE('',#7951,#7952);
#6163=LINE('',#7954,#7955);
#6164=VERTEX_POINT('',#7957);
#6165=LINE('',#7958,#7959);
#6166=LINE('',#7961,#7962);
#6167=VERTEX_POINT('',#7964);
#6168=B_SPLINE_CURVE_WITH_KNOTS('',2,
(#7965,#7966,#7967),
.UNSPECIFIED.,.F.,.F.,
(3,3),
(0.,1.),
.UNSPECIFIED.);
#6169=LINE('',#7968,#7969);
#6170=VERTEX_POINT('',#7971);
#6171=B_SPLINE_CURVE_WITH_KNOTS('',2,
(#7972,#7973,#7974),
.UNSPECIFIED.,.F.,.F.,
(3,3),
(0.,1.),
.UNSPECIFIED.);
#6172=LINE('',#7975,#7976);
#6173=VERTEX_POINT('',#7978);
#6174=B_SPLINE_CURVE_WITH_KNOTS('',2,
(#7979,#7980,#7981),
.UNSPECIFIED.,.F.,.F.,
(3,3),
(0.,1.),
.UNSPECIFIED.);
#6175=LINE('',#7982,#7983);
#6176=VERTEX_POINT('',#7985);
#6177=LINE('',#7986,#7987);
#6178=LINE('',#7989,#7990);
#6179=LINE('',#7992,#7993);
#6180=VERTEX_POINT('',#7995);
#6181=LINE('',#7996,#7997);
#6182=VERTEX_POINT('',#7999);
#6183=CIRCLE('',#8000,0.0518384067163807);
#6184=LINE('',#8004,#8005);
#6185=VERTEX_POINT('',#8007);
#6186=CIRCLE('',#8008,0.138040367199877);
#6187=LINE('',#8012,#8013);
#6188=VERTEX_POINT('',#8015);
#6189=CIRCLE('',#8016,0.236825223110263);
#6190=LINE('',#8020,#8021);
#6191=VERTEX_POINT('',#8023);
#6192=CIRCLE('',#8024,0.0501877130607487);
#6193=LINE('',#8028,#8029);
#6194=VERTEX_POINT('',#8031);
#6195=CIRCLE('',#8032,0.143078310896463);
#6196=LINE('',#8036,#8037);
#6197=CIRCLE('',#8039,0.234505172184432);
#6198=VERTEX_POINT('',#8043);
#6199=LINE('',#8044,#8045);
#6200=VERTEX_POINT('',#8047);
#6201=CIRCLE('',#8048,0.0518384067163807);
#6202=LINE('',#8052,#8053);
#6203=VERTEX_POINT('',#8055);
#6204=CIRCLE('',#8056,0.138040367199877);
#6205=LINE('',#8060,#8061);
#6206=VERTEX_POINT('',#8063);
#6207=CIRCLE('',#8064,0.236825223110263);
#6208=LINE('',#8068,#8069);
#6209=VERTEX_POINT('',#8071);
#6210=CIRCLE('',#8072,0.0501877130607487);
#6211=LINE('',#8076,#8077);
#6212=VERTEX_POINT('',#8079);
#6213=CIRCLE('',#8080,0.143078310896463);
#6214=LINE('',#8084,#8085);
#6215=CIRCLE('',#8087,0.234505172184432);
#6216=VERTEX_POINT('',#8091);
#6217=LINE('',#8092,#8093);
#6218=VERTEX_POINT('',#8095);
#6219=B_SPLINE_CURVE_WITH_KNOTS('',2,
(#8096,#8097,#8098),
.UNSPECIFIED.,.F.,.F.,
(3,3),
(0.,1.),
.UNSPECIFIED.);
#6220=LINE('',#8099,#8100);
#6221=VERTEX_POINT('',#8102);
#6222=B_SPLINE_CURVE_WITH_KNOTS('',2,
(#8103,#8104,#8105),
.UNSPECIFIED.,.F.,.F.,
(3,3),
(0.,1.),
.UNSPECIFIED.);
#6223=LINE('',#8106,#8107);
#6224=VERTEX_POINT('',#8109);
#6225=B_SPLINE_CURVE_WITH_KNOTS('',2,
(#8110,#8111,#8112),
.UNSPECIFIED.,.F.,.F.,
(3,3),
(0.,1.),
.UNSPECIFIED.);
#6226=LINE('',#8113,#8114);
#6227=VERTEX_POINT('',#8116);
#6228=LINE('',#8117,#8118);
#6229=LINE('',#8120,#8121);
#6230=VERTEX_POINT('',#8123);
#6231=LINE('',#8124,#8125);
#6232=LINE('',#8127,#8128);
#6233=VERTEX_POINT('',#8130);
#6234=B_SPLINE_CURVE_WITH_KNOTS('',2,
(#8131,#8132,#8133),
.UNSPECIFIED.,.F.,.F.,
(3,3),
(0.,1.),
.UNSPECIFIED.);
#6235=LINE('',#8134,#8135);
#6236=VERTEX_POINT('',#8137);
#6237=B_SPLINE_CURVE_WITH_KNOTS('',2,
(#8138,#8139,#8140),
.UNSPECIFIED.,.F.,.F.,
(3,3),
(0.,1.),
.UNSPECIFIED.);
#6238=LINE('',#8141,#8142);
#6239=VERTEX_POINT('',#8144);
#6240=LINE('',#8145,#8146);
#6241=LINE('',#8148,#8149);
#6242=VERTEX_POINT('',#8151);
#6243=LINE('',#8152,#8153);
#6244=LINE('',#8155,#8156);
#6245=VERTEX_POINT('',#8158);
#6246=B_SPLINE_CURVE_WITH_KNOTS('',2,
(#8159,#8160,#8161),
.UNSPECIFIED.,.F.,.F.,
(3,3),
(0.,1.),
.UNSPECIFIED.);
#6247=LINE('',#8162,#8163);
#6248=VERTEX_POINT('',#8165);
#6249=B_SPLINE_CURVE_WITH_KNOTS('',2,
(#8166,#8167,#8168),
.UNSPECIFIED.,.F.,.F.,
(3,3),
(0.,1.),
.UNSPECIFIED.);
#6250=LINE('',#8169,#8170);
#6251=VERTEX_POINT('',#8172);
#6252=B_SPLINE_CURVE_WITH_KNOTS('',2,
(#8173,#8174,#8175),
.UNSPECIFIED.,.F.,.F.,
(3,3),
(0.,1.),
.UNSPECIFIED.);
#6253=LINE('',#8176,#8177);
#6254=VERTEX_POINT('',#8179);
#6255=B_SPLINE_CURVE_WITH_KNOTS('',2,
(#8180,#8181,#8182),
.UNSPECIFIED.,.F.,.F.,
(3,3),
(0.,1.),
.UNSPECIFIED.);
#6256=LINE('',#8183,#8184);
#6257=VERTEX_POINT('',#8186);
#6258=LINE('',#8187,#8188);
#6259=LINE('',#8190,#8191);
#6260=VERTEX_POINT('',#8193);
#6261=B_SPLINE_CURVE_WITH_KNOTS('',2,
(#8194,#8195,#8196),
.UNSPECIFIED.,.F.,.F.,
(3,3),
(0.,1.),
.UNSPECIFIED.);
#6262=LINE('',#8197,#8198);
#6263=VERTEX_POINT('',#8200);
#6264=B_SPLINE_CURVE_WITH_KNOTS('',2,
(#8201,#8202,#8203),
.UNSPECIFIED.,.F.,.F.,
(3,3),
(0.,1.),
.UNSPECIFIED.);
#6265=LINE('',#8204,#8205);
#6266=VERTEX_POINT('',#8207);
#6267=B_SPLINE_CURVE_WITH_KNOTS('',2,
(#8208,#8209,#8210),
.UNSPECIFIED.,.F.,.F.,
(3,3),
(0.,1.),
.UNSPECIFIED.);
#6268=LINE('',#8211,#8212);
#6269=VERTEX_POINT('',#8214);
#6270=B_SPLINE_CURVE_WITH_KNOTS('',2,
(#8215,#8216,#8217),
.UNSPECIFIED.,.F.,.F.,
(3,3),
(0.,1.),
.UNSPECIFIED.);
#6271=LINE('',#8218,#8219);
#6272=VERTEX_POINT('',#8221);
#6273=LINE('',#8222,#8223);
#6274=LINE('',#8225,#8226);
#6275=VERTEX_POINT('',#8228);
#6276=LINE('',#8229,#8230);
#6277=LINE('',#8232,#8233);
#6278=VERTEX_POINT('',#8235);
#6279=B_SPLINE_CURVE_WITH_KNOTS('',2,
(#8236,#8237,#8238),
.UNSPECIFIED.,.F.,.F.,
(3,3),
(0.,1.),
.UNSPECIFIED.);
#6280=LINE('',#8239,#8240);
#6281=VERTEX_POINT('',#8242);
#6282=B_SPLINE_CURVE_WITH_KNOTS('',2,
(#8243,#8244,#8245),
.UNSPECIFIED.,.F.,.F.,
(3,3),
(0.,1.),
.UNSPECIFIED.);
#6283=LINE('',#8246,#8247);
#6284=VERTEX_POINT('',#8249);
#6285=B_SPLINE_CURVE_WITH_KNOTS('',2,
(#8250,#8251,#8252),
.UNSPECIFIED.,.F.,.F.,
(3,3),
(0.,1.),
.UNSPECIFIED.);
#6286=LINE('',#8253,#8254);
#6287=VERTEX_POINT('',#8256);
#6288=LINE('',#8257,#8258);
#6289=LINE('',#8260,#8261);
#6290=B_SPLINE_CURVE_WITH_KNOTS('',2,
(#8263,#8264,#8265),
.UNSPECIFIED.,.F.,.F.,
(3,3),
(0.,1.),
.UNSPECIFIED.);
#6291=VERTEX_POINT('',#8266);
#6292=LINE('',#8267,#8268);
#6293=VERTEX_POINT('',#8270);
#6294=CIRCLE('',#8271,0.0499999999999944);
#6295=LINE('',#8275,#8276);
#6296=VERTEX_POINT('',#8278);
#6297=LINE('',#8279,#8280);
#6298=LINE('',#8282,#8283);
#6299=VERTEX_POINT('',#8285);
#6300=LINE('',#8286,#8287);
#6301=LINE('',#8289,#8290);
#6302=VERTEX_POINT('',#8292);
#6303=CIRCLE('',#8293,0.0500000000000012);
#6304=LINE('',#8297,#8298);
#6305=VERTEX_POINT('',#8300);
#6306=LINE('',#8301,#8302);
#6307=LINE('',#8304,#8305);
#6308=VERTEX_POINT('',#8307);
#6309=LINE('',#8308,#8309);
#6310=LINE('',#8311,#8312);
#6311=VERTEX_POINT('',#8314);
#6312=CIRCLE('',#8315,0.0500000000000057);
#6313=LINE('',#8319,#8320);
#6314=VERTEX_POINT('',#8322);
#6315=LINE('',#8323,#8324);
#6316=LINE('',#8326,#8327);
#6317=VERTEX_POINT('',#8329);
#6318=LINE('',#8330,#8331);
#6319=LINE('',#8333,#8334);
#6320=VERTEX_POINT('',#8336);
#6321=CIRCLE('',#8337,0.0499999999999978);
#6322=LINE('',#8341,#8342);
#6323=VERTEX_POINT('',#8344);
#6324=LINE('',#8345,#8346);
#6325=LINE('',#8348,#8349);
#6326=LINE('',#8351,#8352);
#6327=VERTEX_POINT('',#8354);
#6328=VERTEX_POINT('',#8355);
#6329=LINE('',#8356,#8357);
#6330=VERTEX_POINT('',#8359);
#6331=LINE('',#8360,#8361);
#6332=VERTEX_POINT('',#8363);
#6333=LINE('',#8364,#8365);
#6334=VERTEX_POINT('',#8367);
#6335=LINE('',#8368,#8369);
#6336=VERTEX_POINT('',#8371);
#6337=LINE('',#8372,#8373);
#6338=VERTEX_POINT('',#8375);
#6339=LINE('',#8376,#8377);
#6340=VERTEX_POINT('',#8379);
#6341=LINE('',#8380,#8381);
#6342=VERTEX_POINT('',#8383);
#6343=LINE('',#8384,#8385);
#6344=VERTEX_POINT('',#8387);
#6345=LINE('',#8388,#8389);
#6346=VERTEX_POINT('',#8391);
#6347=LINE('',#8392,#8393);
#6348=VERTEX_POINT('',#8395);
#6349=LINE('',#8396,#8397);
#6350=VERTEX_POINT('',#8399);
#6351=LINE('',#8400,#8401);
#6352=VERTEX_POINT('',#8403);
#6353=LINE('',#8404,#8405);
#6354=VERTEX_POINT('',#8407);
#6355=LINE('',#8408,#8409);
#6356=VERTEX_POINT('',#8411);
#6357=LINE('',#8412,#8413);
#6358=LINE('',#8415,#8416);
#6359=VERTEX_POINT('',#8418);
#6360=LINE('',#8419,#8420);
#6361=VERTEX_POINT('',#8422);
#6362=LINE('',#8423,#8424);
#6363=LINE('',#8426,#8427);
#6364=VERTEX_POINT('',#8429);
#6365=LINE('',#8430,#8431);
#6366=VERTEX_POINT('',#8433);
#6367=LINE('',#8434,#8435);
#6368=VERTEX_POINT('',#8437);
#6369=LINE('',#8438,#8439);
#6370=VERTEX_POINT('',#8441);
#6371=LINE('',#8442,#8443);
#6372=VERTEX_POINT('',#8445);
#6373=LINE('',#8446,#8447);
#6374=VERTEX_POINT('',#8449);
#6375=LINE('',#8450,#8451);
#6376=VERTEX_POINT('',#8453);
#6377=LINE('',#8454,#8455);
#6378=VERTEX_POINT('',#8457);
#6379=LINE('',#8458,#8459);
#6380=VERTEX_POINT('',#8461);
#6381=LINE('',#8462,#8463);
#6382=VERTEX_POINT('',#8465);
#6383=LINE('',#8466,#8467);
#6384=VERTEX_POINT('',#8469);
#6385=LINE('',#8470,#8471);
#6386=VERTEX_POINT('',#8473);
#6387=LINE('',#8474,#8475);
#6388=VERTEX_POINT('',#8477);
#6389=LINE('',#8478,#8479);
#6390=VERTEX_POINT('',#8481);
#6391=LINE('',#8482,#8483);
#6392=LINE('',#8485,#8486);
#6393=LINE('',#8488,#8489);
#6394=LINE('',#8491,#8492);
#6395=VERTEX_POINT('',#8494);
#6396=CIRCLE('',#8495,0.4);
#6397=LINE('',#8499,#8500);
#6398=LINE('',#8502,#8503);
#6399=VERTEX_POINT('',#8505);
#6400=LINE('',#8506,#8507);
#6401=VERTEX_POINT('',#8509);
#6402=LINE('',#8510,#8511);
#6403=LINE('',#8513,#8514);
#6404=VERTEX_POINT('',#8516);
#6405=LINE('',#8517,#8518);
#6406=VERTEX_POINT('',#8520);
#6407=LINE('',#8521,#8522);
#6408=LINE('',#8524,#8525);
#6409=VERTEX_POINT('',#8527);
#6410=LINE('',#8528,#8529);
#6411=VERTEX_POINT('',#8531);
#6412=LINE('',#8532,#8533);
#6413=VERTEX_POINT('',#8535);
#6414=LINE('',#8536,#8537);
#6415=LINE('',#8539,#8540);
#6416=VERTEX_POINT('',#8542);
#6417=LINE('',#8543,#8544);
#6418=LINE('',#8546,#8547);
#6419=VERTEX_POINT('',#8549);
#6420=LINE('',#8550,#8551);
#6421=VERTEX_POINT('',#8553);
#6422=LINE('',#8554,#8555);
#6423=LINE('',#8557,#8558);
#6424=LINE('',#8560,#8561);
#6425=VERTEX_POINT('',#8563);
#6426=LINE('',#8564,#8565);
#6427=VERTEX_POINT('',#8567);
#6428=LINE('',#8568,#8569);
#6429=LINE('',#8571,#8572);
#6430=VERTEX_POINT('',#8574);
#6431=LINE('',#8575,#8576);
#6432=VERTEX_POINT('',#8578);
#6433=LINE('',#8579,#8580);
#6434=LINE('',#8582,#8583);
#6435=VERTEX_POINT('',#8585);
#6436=LINE('',#8586,#8587);
#6437=VERTEX_POINT('',#8589);
#6438=LINE('',#8590,#8591);
#6439=VERTEX_POINT('',#8593);
#6440=LINE('',#8594,#8595);
#6441=LINE('',#8597,#8598);
#6442=VERTEX_POINT('',#8600);
#6443=LINE('',#8601,#8602);
#6444=LINE('',#8604,#8605);
#6445=VERTEX_POINT('',#8607);
#6446=LINE('',#8608,#8609);
#6447=VERTEX_POINT('',#8611);
#6448=LINE('',#8612,#8613);
#6449=LINE('',#8615,#8616);
#6450=LINE('',#8618,#8619);
#6451=VERTEX_POINT('',#8621);
#6452=LINE('',#8622,#8623);
#6453=VERTEX_POINT('',#8625);
#6454=LINE('',#8626,#8627);
#6455=VERTEX_POINT('',#8629);
#6456=LINE('',#8630,#8631);
#6457=LINE('',#8633,#8634);
#6458=VERTEX_POINT('',#8636);
#6459=LINE('',#8637,#8638);
#6460=LINE('',#8640,#8641);
#6461=VERTEX_POINT('',#8643);
#6462=LINE('',#8644,#8645);
#6463=VERTEX_POINT('',#8647);
#6464=LINE('',#8648,#8649);
#6465=LINE('',#8651,#8652);
#6466=VERTEX_POINT('',#8654);
#6467=LINE('',#8655,#8656);
#6468=VERTEX_POINT('',#8658);
#6469=LINE('',#8659,#8660);
#6470=VERTEX_POINT('',#8662);
#6471=LINE('',#8663,#8664);
#6472=LINE('',#8666,#8667);
#6473=VERTEX_POINT('',#8669);
#6474=LINE('',#8670,#8671);
#6475=LINE('',#8673,#8674);
#6476=VERTEX_POINT('',#8676);
#6477=LINE('',#8677,#8678);
#6478=VERTEX_POINT('',#8680);
#6479=LINE('',#8681,#8682);
#6480=LINE('',#8684,#8685);
#6481=LINE('',#8687,#8688);
#6482=LINE('',#8690,#8691);
#6483=LINE('',#8693,#8694);
#6484=LINE('',#8696,#8697);
#6485=LINE('',#8699,#8700);
#6486=LINE('',#8702,#8703);
#6487=LINE('',#8705,#8706);
#6488=LINE('',#8708,#8709);
#6489=(BOUNDED_CURVE()B_SPLINE_CURVE(3,
(#8711,#8712,#8713,#8714),
.UNSPECIFIED.,.F.,.F.)B_SPLINE_CURVE_WITH_KNOTS((4,4),
(0.,1.),
.UNSPECIFIED.)CURVE()GEOMETRIC_REPRESENTATION_ITEM()RATIONAL_B_SPLINE_CURVE((1.,
0.824851557873416,0.824851557873416,1.))REPRESENTATION_ITEM(''));
#6490=(BOUNDED_CURVE()B_SPLINE_CURVE(3,
(#8715,#8716,#8717,#8718),
.UNSPECIFIED.,.F.,.F.)B_SPLINE_CURVE_WITH_KNOTS((4,4),
(0.,1.),
.UNSPECIFIED.)CURVE()GEOMETRIC_REPRESENTATION_ITEM()RATIONAL_B_SPLINE_CURVE((1.,
0.824851557873416,0.824851557873416,1.))REPRESENTATION_ITEM(''));
#6491=(BOUNDED_CURVE()B_SPLINE_CURVE(3,
(#8719,#8720,#8721,#8722),
.UNSPECIFIED.,.F.,.F.)B_SPLINE_CURVE_WITH_KNOTS((4,4),
(0.,1.),
.UNSPECIFIED.)CURVE()GEOMETRIC_REPRESENTATION_ITEM()RATIONAL_B_SPLINE_CURVE((1.,
0.824851557873416,0.824851557873416,1.))REPRESENTATION_ITEM(''));
#6492=(BOUNDED_CURVE()B_SPLINE_CURVE(3,
(#8723,#8724,#8725,#8726),
.UNSPECIFIED.,.F.,.F.)B_SPLINE_CURVE_WITH_KNOTS((4,4),
(0.,1.),
.UNSPECIFIED.)CURVE()GEOMETRIC_REPRESENTATION_ITEM()RATIONAL_B_SPLINE_CURVE((1.,
0.824851557873416,0.824851557873416,1.))REPRESENTATION_ITEM(''));
#6493=CARTESIAN_POINT('',(-0.486683374023437,-0.6063,1.02));
#6494=CARTESIAN_POINT('',(-0.336168526740815,-0.6063,1.02));
#6495=CARTESIAN_POINT('',(-0.486683374023437,-0.6063,1.02));
#6496=VECTOR('',#6497,1.);
#6497=DIRECTION('',(1.,0.,0.));
#6498=CARTESIAN_POINT('',(-0.251270346124859,-0.577377712926935,1.02));
#6499=CARTESIAN_POINT('',(-0.336168526740815,-0.6063,1.02));
#6500=CARTESIAN_POINT('',(-0.286790651559614,-0.6063,1.02));
#6501=CARTESIAN_POINT('',(-0.251270346124859,-0.577377712926935,1.02));
#6502=CARTESIAN_POINT('',(-0.215750040690104,-0.507808837008214,1.02));
#6503=CARTESIAN_POINT('',(-0.251270346124859,-0.577377712926935,1.02));
#6504=CARTESIAN_POINT('',(-0.215750040690104,-0.548455458152132,1.02));
#6505=CARTESIAN_POINT('',(-0.215750040690104,-0.507808837008214,1.02));
#6506=CARTESIAN_POINT('',(-0.215750040690104,-0.458794769461611,1.02));
#6507=CARTESIAN_POINT('',(-0.215750040690104,-0.507808837008214,1.02));
#6508=VECTOR('',#6509,1.);
#6509=DIRECTION('',(0.,1.,0.));
#6510=CARTESIAN_POINT('',(-0.250377363749029,-0.389440870781516,1.02));
#6511=CARTESIAN_POINT('',(-0.215750040690104,-0.458794769461611,1.02));
#6512=CARTESIAN_POINT('',(-0.215750040690104,-0.418115074896366,1.02));
#6513=CARTESIAN_POINT('',(-0.250377363749029,-0.389440870781516,1.02));
#6514=CARTESIAN_POINT('',(-0.336168526740815,-0.360766666666667,1.02));
#6515=CARTESIAN_POINT('',(-0.250377363749029,-0.389440870781516,1.02));
#6516=CARTESIAN_POINT('',(-0.285004719106218,-0.360766666666667,1.02));
#6517=CARTESIAN_POINT('',(-0.336168526740815,-0.360766666666667,1.02));
#6518=CARTESIAN_POINT('',(-0.486683374023437,-0.360766666666667,1.02));
#6519=CARTESIAN_POINT('',(-0.336168526740815,-0.360766666666667,1.02));
#6520=VECTOR('',#6521,1.);
#6521=DIRECTION('',(-1.,0.,0.));
#6522=CARTESIAN_POINT('',(-0.486683374023437,-0.360766666666667,1.02));
#6523=VECTOR('',#6524,1.);
#6524=DIRECTION('',(0.,-1.,0.));
#6525=CARTESIAN_POINT('',(-0.486683374023437,-0.9492,1.02));
#6526=CARTESIAN_POINT('',(-0.30544377050369,-0.9492,1.02));
#6527=CARTESIAN_POINT('',(-0.486683374023437,-0.9492,1.02));
#6528=VECTOR('',#6529,1.);
#6529=DIRECTION('',(1.,0.,0.));
#6530=CARTESIAN_POINT('',(-0.220247929095791,-0.921402209252054,1.02));
#6531=CARTESIAN_POINT('',(-0.30544377050369,-0.9492,1.02));
#6532=CARTESIAN_POINT('',(-0.25649584979974,-0.9492,1.02));
#6533=CARTESIAN_POINT('',(-0.220247929095791,-0.921402209252054,1.02));
#6534=CARTESIAN_POINT('',(-0.184000040690104,-0.851667966226698,1.02));
#6535=CARTESIAN_POINT('',(-0.220247929095791,-0.921402209252054,1.02));
#6536=CARTESIAN_POINT('',(-0.184000040690104,-0.893604418504107,1.02));
#6537=CARTESIAN_POINT('',(-0.184000040690104,-0.851667966226698,1.02));
#6538=CARTESIAN_POINT('',(-0.184000040690104,-0.754135932453396,1.02));
#6539=CARTESIAN_POINT('',(-0.184000040690104,-0.851667966226698,1.02));
#6540=VECTOR('',#6541,1.);
#6541=DIRECTION('',(0.,1.,0.));
#6542=CARTESIAN_POINT('',(-0.220859787390341,-0.686601039648025,1.02));
#6543=CARTESIAN_POINT('',(-0.184000040690104,-0.754135932453396,1.02));
#6544=CARTESIAN_POINT('',(-0.184000040690104,-0.71610207929605,1.02));
#6545=CARTESIAN_POINT('',(-0.220859787390341,-0.686601039648025,1.02));
#6546=CARTESIAN_POINT('',(-0.30544377050369,-0.6571,1.02));
#6547=CARTESIAN_POINT('',(-0.220859787390341,-0.686601039648025,1.02));
#6548=CARTESIAN_POINT('',(-0.25771956638884,-0.6571,1.02));
#6549=CARTESIAN_POINT('',(-0.30544377050369,-0.6571,1.02));
#6550=CARTESIAN_POINT('',(-0.486683374023437,-0.6571,1.02));
#6551=CARTESIAN_POINT('',(-0.30544377050369,-0.6571,1.02));
#6552=VECTOR('',#6553,1.);
#6553=DIRECTION('',(-1.,0.,0.));
#6554=CARTESIAN_POINT('',(-0.486683374023437,-0.6571,1.02));
#6555=VECTOR('',#6556,1.);
#6556=DIRECTION('',(0.,-1.,0.));
#6557=CARTESIAN_POINT('',(0.789666567643484,-0.851138791485466,1.02));
#6558=CARTESIAN_POINT('',(0.789666567643484,-0.458827842882938,1.02));
#6559=CARTESIAN_POINT('',(0.789666567643484,-0.851138791485466,1.02));
#6560=VECTOR('',#6561,1.);
#6561=DIRECTION('',(0.,1.,0.));
#6562=CARTESIAN_POINT('',(0.75401396852342,-0.389705458152133,1.02));
#6563=CARTESIAN_POINT('',(0.789666567643484,-0.458827842882938,1.02));
#6564=CARTESIAN_POINT('',(0.789666567643484,-0.418644249637598,1.02));
#6565=CARTESIAN_POINT('',(0.75401396852342,-0.389705458152133,1.02));
#6566=CARTESIAN_POINT('',(0.668222837829898,-0.360766666666667,1.02));
#6567=CARTESIAN_POINT('',(0.75401396852342,-0.389705458152133,1.02));
#6568=CARTESIAN_POINT('',(0.718361369403357,-0.360766666666667,1.02));
#6569=CARTESIAN_POINT('',(0.668222837829898,-0.360766666666667,1.02));
#6570=CARTESIAN_POINT('',(0.607798601416785,-0.360766666666667,1.02));
#6571=CARTESIAN_POINT('',(0.668222837829898,-0.360766666666667,1.02));
#6572=VECTOR('',#6573,1.);
#6573=DIRECTION('',(-1.,0.,0.));
#6574=CARTESIAN_POINT('',(0.52232166822587,-0.38945740749218,1.02));
#6575=CARTESIAN_POINT('',(0.607798601416785,-0.360766666666667,1.02));
#6576=CARTESIAN_POINT('',(0.557660069843326,-0.360766666666667,1.02));
#6577=CARTESIAN_POINT('',(0.52232166822587,-0.38945740749218,1.02));
#6578=CARTESIAN_POINT('',(0.48698323431015,-0.458827842882938,1.02));
#6579=CARTESIAN_POINT('',(0.52232166822587,-0.38945740749218,1.02));
#6580=CARTESIAN_POINT('',(0.48698323431015,-0.418148148317693,1.02));
#6581=CARTESIAN_POINT('',(0.48698323431015,-0.458827842882938,1.02));
#6582=CARTESIAN_POINT('',(0.48698323431015,-0.851138791485466,1.02));
#6583=CARTESIAN_POINT('',(0.48698323431015,-0.458827842882938,1.02));
#6584=VECTOR('',#6585,1.);
#6585=DIRECTION('',(0.,-1.,0.));
#6586=CARTESIAN_POINT('',(0.523528815806043,-0.920029662266982,1.02));
#6587=CARTESIAN_POINT('',(0.48698323431015,-0.851138791485466,1.02));
#6588=CARTESIAN_POINT('',(0.48698323431015,-0.890859356832227,1.02));
#6589=CARTESIAN_POINT('',(0.523528815806043,-0.920029662266982,1.02));
#6590=CARTESIAN_POINT('',(0.607798601416785,-0.9492,1.02));
#6591=CARTESIAN_POINT('',(0.523528815806043,-0.920029662266982,1.02));
#6592=CARTESIAN_POINT('',(0.560074397301936,-0.9492,1.02));
#6593=CARTESIAN_POINT('',(0.607798601416785,-0.9492,1.02));
#6594=CARTESIAN_POINT('',(0.668222837829898,-0.9492,1.02));
#6595=CARTESIAN_POINT('',(0.607798601416785,-0.9492,1.02));
#6596=VECTOR('',#6597,1.);
#6597=DIRECTION('',(1.,0.,0.));
#6598=CARTESIAN_POINT('',(0.753418679237797,-0.921253378856082,1.02));
#6599=CARTESIAN_POINT('',(0.668222837829898,-0.9492,1.02));
#6600=CARTESIAN_POINT('',(0.717170758533847,-0.9492,1.02));
#6601=CARTESIAN_POINT('',(0.753418679237797,-0.921253378856082,1.02));
#6602=CARTESIAN_POINT('',(0.753418679237797,-0.921253378856082,1.02));
#6603=CARTESIAN_POINT('',(0.789666567643484,-0.893306757712164,1.02));
#6604=CARTESIAN_POINT('',(0.789666567643484,-0.851138791485466,1.02));
#6605=CARTESIAN_POINT('',(-3.12087821907233,3.47087821907233,1.02));
#6606=CARTESIAN_POINT('',(-3.12087821907233,-3.47087821907233,1.02));
#6607=CARTESIAN_POINT('',(-3.12087821907233,3.47087821907233,1.02));
#6608=VECTOR('',#6609,1.);
#6609=DIRECTION('',(-1.27947217338197E-16,-1.,0.));
#6610=CARTESIAN_POINT('',(3.12087821907233,-3.47087821907233,1.02));
#6611=CARTESIAN_POINT('',(-3.12087821907233,-3.47087821907233,1.02));
#6612=VECTOR('',#6613,1.);
#6613=DIRECTION('',(1.,-1.42296231597933E-16,0.));
#6614=CARTESIAN_POINT('',(3.12087821907233,3.47087821907233,1.02));
#6615=CARTESIAN_POINT('',(3.12087821907233,-3.47087821907233,1.02));
#6616=VECTOR('',#6617,1.);
#6617=DIRECTION('',(1.27947217338197E-16,1.,0.));
#6618=CARTESIAN_POINT('',(3.12087821907233,3.47087821907233,1.02));
#6619=VECTOR('',#6620,1.);
#6620=DIRECTION('',(-1.,1.42296231597933E-16,0.));
#6621=CARTESIAN_POINT('',(2.6,2.6,1.02));
#6622=AXIS2_PLACEMENT_3D('',#6623,#6624,#6625);
#6623=CARTESIAN_POINT('',(2.2,2.6,1.02));
#6624=DIRECTION('',(0.,0.,1.));
#6625=DIRECTION('',(1.,0.,0.));
#6626=CARTESIAN_POINT('',(-1.7,1.7,1.02));
#6627=CARTESIAN_POINT('',(-2.3,1.7,1.02));
#6628=CARTESIAN_POINT('',(-2.3,1.7,1.02));
#6629=VECTOR('',#6630,1.);
#6630=DIRECTION('',(1.,7.40148683083438E-15,0.));
#6631=CARTESIAN_POINT('',(-2.3,1.8,1.02));
#6632=AXIS2_PLACEMENT_3D('',#6633,#6634,#6635);
#6633=CARTESIAN_POINT('',(-2.3,1.75,1.02));
#6634=DIRECTION('',(0.,0.,1.));
#6635=DIRECTION('',(8.88178419700105E-15,1.,0.));
#6636=CARTESIAN_POINT('',(-1.7,1.8,1.02));
#6637=CARTESIAN_POINT('',(-1.7,1.8,1.02));
#6638=VECTOR('',#6639,1.);
#6639=DIRECTION('',(-1.,0.,0.));
#6640=AXIS2_PLACEMENT_3D('',#6641,#6642,#6643);
#6641=CARTESIAN_POINT('',(-1.7,1.75,1.02));
#6642=DIRECTION('',(0.,0.,1.));
#6643=DIRECTION('',(0.,-1.,0.));
#6644=CARTESIAN_POINT('',(0.241449930143356,-0.798916666666667,1.02));
#6645=CARTESIAN_POINT('',(0.332400482265632,-0.798916666666667,1.02));
#6646=CARTESIAN_POINT('',(0.332400482265632,-0.798916666666667,1.02));
#6647=VECTOR('',#6648,1.);
#6648=DIRECTION('',(-1.,0.,0.));
#6649=CARTESIAN_POINT('',(0.352856070373768,-0.807052599120063,1.02));
#6650=CARTESIAN_POINT('',(0.352856070373768,-0.807052599120063,1.02));
#6651=CARTESIAN_POINT('',(0.343215297249991,-0.798916666666667,1.02));
#6652=CARTESIAN_POINT('',(0.332400482265632,-0.798916666666667,1.02));
#6653=CARTESIAN_POINT('',(0.362496811199281,-0.824316666666667,1.02));
#6654=CARTESIAN_POINT('',(0.362496811199281,-0.824316666666667,1.02));
#6655=CARTESIAN_POINT('',(0.362496811199281,-0.81518853157346,1.02));
#6656=CARTESIAN_POINT('',(0.352856070373768,-0.807052599120063,1.02));
#6657=CARTESIAN_POINT('',(0.354675076248491,-0.841580701915007,1.02));
#6658=CARTESIAN_POINT('',(0.354675076248491,-0.841580701915007,1.02));
#6659=CARTESIAN_POINT('',(0.362496811199281,-0.833444769461611,1.02));
#6660=CARTESIAN_POINT('',(0.362496811199281,-0.824316666666667,1.02));
#6661=CARTESIAN_POINT('',(0.332400482265632,-0.849716666666667,1.02));
#6662=CARTESIAN_POINT('',(0.332400482265632,-0.849716666666667,1.02));
#6663=CARTESIAN_POINT('',(0.346853341297701,-0.849716666666667,1.02));
#6664=CARTESIAN_POINT('',(0.354675076248491,-0.841580701915007,1.02));
#6665=CARTESIAN_POINT('',(0.241449930143356,-0.849716666666667,1.02));
#6666=CARTESIAN_POINT('',(0.241449930143356,-0.849716666666667,1.02));
#6667=VECTOR('',#6668,1.);
#6668=DIRECTION('',(1.,0.,0.));
#6669=CARTESIAN_POINT('',(0.241449930143356,-0.975393729813586,1.02));
#6670=CARTESIAN_POINT('',(0.241449930143356,-0.975393729813586,1.02));
#6671=VECTOR('',#6672,1.);
#6672=DIRECTION('',(0.,1.,0.));
#6673=CARTESIAN_POINT('',(0.232851002089645,-0.99450987665624,1.02));
#6674=CARTESIAN_POINT('',(0.232851002089645,-0.99450987665624,1.02));
#6675=CARTESIAN_POINT('',(0.241449930143356,-0.987465334808372,1.02));
#6676=CARTESIAN_POINT('',(0.241449930143356,-0.975393729813586,1.02));
#6677=CARTESIAN_POINT('',(0.210758279625821,-1.00052914244297,1.02));
#6678=CARTESIAN_POINT('',(0.210758279625821,-1.00052914244297,1.02));
#6679=CARTESIAN_POINT('',(0.22425204173767,-1.00052914244297,1.02));
#6680=CARTESIAN_POINT('',(0.232851002089645,-0.99450987665624,1.02));
#6681=CARTESIAN_POINT('',(0.189260878745884,-0.99450987665624,1.02));
#6682=CARTESIAN_POINT('',(0.189260878745884,-0.99450987665624,1.02));
#6683=CARTESIAN_POINT('',(0.205235115158997,-1.00052914244297,1.02));
#6684=CARTESIAN_POINT('',(0.210758279625821,-1.00052914244297,1.02));
#6685=CARTESIAN_POINT('',(0.180066596810023,-0.975393729813586,1.02));
#6686=CARTESIAN_POINT('',(0.180066596810023,-0.975393729813586,1.02));
#6687=CARTESIAN_POINT('',(0.180066596810023,-0.988457537448183,1.02));
#6688=CARTESIAN_POINT('',(0.189260878745884,-0.99450987665624,1.02));
#6689=CARTESIAN_POINT('',(0.180066596810023,-0.849716666666667,1.02));
#6690=CARTESIAN_POINT('',(0.180066596810023,-0.849716666666667,1.02));
#6691=VECTOR('',#6692,1.);
#6692=DIRECTION('',(0.,-1.,0.));
#6693=CARTESIAN_POINT('',(-0.0317654046650158,-0.849716666666667,1.02));
#6694=CARTESIAN_POINT('',(-0.0317654046650158,-0.849716666666667,1.02));
#6695=VECTOR('',#6696,1.);
#6696=DIRECTION('',(1.,0.,0.));
#6697=CARTESIAN_POINT('',(-0.0535770030475595,-0.842605977976145,1.02));
#6698=CARTESIAN_POINT('',(-0.0535770030475595,-0.842605977976145,1.02));
#6699=CARTESIAN_POINT('',(-0.0450937996702292,-0.849716666666667,1.02));
#6700=CARTESIAN_POINT('',(-0.0317654046650158,-0.849716666666667,1.02));
#6701=CARTESIAN_POINT('',(-0.0620602064248896,-0.825341910429542,1.02));
#6702=CARTESIAN_POINT('',(-0.0620602064248896,-0.825341910429542,1.02));
#6703=CARTESIAN_POINT('',(-0.0620602064248896,-0.835495289285623,1.02));
#6704=CARTESIAN_POINT('',(-0.0535770030475595,-0.842605977976145,1.02));
#6705=CARTESIAN_POINT('',(-0.0614318114196761,-0.81945493832812,1.02));
#6706=CARTESIAN_POINT('',(-0.0614318114196761,-0.81945493832812,1.02));
#6707=VECTOR('',#6708,1.);
#6708=DIRECTION('',(-0.106140353702871,-0.99435115794966,0.));
#6709=CARTESIAN_POINT('',(0.0596811841806393,-0.329578882530963,1.02));
#6710=CARTESIAN_POINT('',(0.0596811841806393,-0.329578882530963,1.02));
#6711=VECTOR('',#6712,1.);
#6712=DIRECTION('',(-0.240005692594998,-0.970771480587474,0.));
#6713=CARTESIAN_POINT('',(0.0699668890202922,-0.314861436128278,1.02));
#6714=CARTESIAN_POINT('',(0.0699668890202922,-0.314861436128278,1.02));
#6715=CARTESIAN_POINT('',(0.0615002223536256,-0.319756237888151,1.02));
#6716=CARTESIAN_POINT('',(0.0596811841806393,-0.329578882530963,1.02));
#6717=CARTESIAN_POINT('',(0.0887523016496761,-0.309966666666667,1.02));
#6718=CARTESIAN_POINT('',(0.0887523016496761,-0.309966666666667,1.02));
#6719=VECTOR('',#6720,1.);
#6720=DIRECTION('',(-0.967689867163022,-0.25214345319681,0.));
#6721=CARTESIAN_POINT('',(0.11024967023135,-0.316564685028356,1.02));
#6722=CARTESIAN_POINT('',(0.11024967023135,-0.316564685028356,1.02));
#6723=CARTESIAN_POINT('',(0.10085698006579,-0.309966666666667,1.02));
#6724=CARTESIAN_POINT('',(0.0887523016496761,-0.309966666666667,1.02));
#6725=CARTESIAN_POINT('',(0.119642392695173,-0.333911436128278,1.02));
#6726=CARTESIAN_POINT('',(0.119642392695173,-0.333911436128278,1.02));
#6727=CARTESIAN_POINT('',(0.119642392695173,-0.323162735688309,1.02));
#6728=CARTESIAN_POINT('',(0.11024967023135,-0.316564685028356,1.02));
#6729=CARTESIAN_POINT('',(0.119047071111287,-0.339302339208057,1.02));
#6730=CARTESIAN_POINT('',(0.119047071111287,-0.339302339208057,1.02));
#6731=VECTOR('',#6732,1.);
#6732=DIRECTION('',(0.109763518592362,0.993957730482652,0.));
#6733=CARTESIAN_POINT('',(0.00517702558853839,-0.798916666666667,1.02));
#6734=CARTESIAN_POINT('',(0.00517702558853839,-0.798916666666667,1.02));
#6735=VECTOR('',#6736,1.);
#6736=DIRECTION('',(0.240480763322267,0.970653904577703,0.));
#6737=CARTESIAN_POINT('',(0.180066596810023,-0.798916666666667,1.02));
#6738=CARTESIAN_POINT('',(0.180066596810023,-0.798916666666667,1.02));
#6739=VECTOR('',#6740,1.);
#6740=DIRECTION('',(-1.,0.,0.));
#6741=CARTESIAN_POINT('',(0.180066596810023,-0.675356237888152,1.02));
#6742=CARTESIAN_POINT('',(0.180066596810023,-0.675356237888152,1.02));
#6743=VECTOR('',#6744,1.);
#6744=DIRECTION('',(0.,-1.,0.));
#6745=CARTESIAN_POINT('',(0.189277415456548,-0.659117446402686,1.02));
#6746=CARTESIAN_POINT('',(0.189277415456548,-0.659117446402686,1.02));
#6747=CARTESIAN_POINT('',(0.180066596810023,-0.667484892805371,1.02));
#6748=CARTESIAN_POINT('',(0.180066596810023,-0.675356237888152,1.02));
#6749=CARTESIAN_POINT('',(0.210758279625821,-0.65075,1.02));
#6750=CARTESIAN_POINT('',(0.210758279625821,-0.65075,1.02));
#6751=CARTESIAN_POINT('',(0.198488234103072,-0.65075,1.02));
#6752=CARTESIAN_POINT('',(0.189277415456548,-0.659117446402686,1.02));
#6753=CARTESIAN_POINT('',(0.231627285500545,-0.657149577833728,1.02));
#6754=CARTESIAN_POINT('',(0.231627285500545,-0.657149577833728,1.02));
#6755=CARTESIAN_POINT('',(0.221804640857733,-0.65075,1.02));
#6756=CARTESIAN_POINT('',(0.210758279625821,-0.65075,1.02));
#6757=CARTESIAN_POINT('',(0.241449930143356,-0.675356237888152,1.02));
#6758=CARTESIAN_POINT('',(0.241449930143356,-0.675356237888152,1.02));
#6759=CARTESIAN_POINT('',(0.241449930143356,-0.663549187965718,1.02));
#6760=CARTESIAN_POINT('',(0.231627285500545,-0.657149577833728,1.02));
#6761=CARTESIAN_POINT('',(0.241449930143356,-0.798916666666667,1.02));
#6762=VECTOR('',#6763,1.);
#6763=DIRECTION('',(0.,1.,0.));
#6764=CARTESIAN_POINT('',(0.797637165288508,-0.956376803234913,1.02));
#6765=CARTESIAN_POINT('',(0.668355131515206,-1.,1.02));
#6766=CARTESIAN_POINT('',(0.668355131515206,-1.,1.02));
#6767=CARTESIAN_POINT('',(0.744224397301936,-1.,1.02));
#6768=CARTESIAN_POINT('',(0.797637165288508,-0.956376803234913,1.02));
#6769=CARTESIAN_POINT('',(0.607666307731477,-1.,1.02));
#6770=CARTESIAN_POINT('',(0.607666307731477,-1.,1.02));
#6771=VECTOR('',#6772,1.);
#6772=DIRECTION('',(1.,0.,0.));
#6773=CARTESIAN_POINT('',(0.481741193924606,-0.957120955214771,1.02));
#6774=CARTESIAN_POINT('',(0.481741193924606,-0.957120955214771,1.02));
#6775=CARTESIAN_POINT('',(0.537882454574131,-1.,1.02));
#6776=CARTESIAN_POINT('',(0.607666307731477,-1.,1.02));
#6777=CARTESIAN_POINT('',(0.425599900976817,-0.852130961827014,1.02));
#6778=CARTESIAN_POINT('',(0.425599900976817,-0.852130961827014,1.02));
#6779=CARTESIAN_POINT('',(0.425599900976817,-0.914241910429542,1.02));
#6780=CARTESIAN_POINT('',(0.481741193924606,-0.957120955214771,1.02));
#6781=CARTESIAN_POINT('',(0.425599900976817,-0.45783567254139,1.02));
#6782=CARTESIAN_POINT('',(0.425599900976817,-0.45783567254139,1.02));
#6783=VECTOR('',#6784,1.);
#6784=DIRECTION('',(0.,-1.,0.));
#6785=CARTESIAN_POINT('',(0.478400842967102,-0.354333983113349,1.02));
#6786=CARTESIAN_POINT('',(0.478400842967102,-0.354333983113349,1.02));
#6787=CARTESIAN_POINT('',(0.425599900976817,-0.398701299560032,1.02));
#6788=CARTESIAN_POINT('',(0.425599900976817,-0.45783567254139,1.02));
#6789=CARTESIAN_POINT('',(0.607666307731477,-0.309966666666667,1.02));
#6790=CARTESIAN_POINT('',(0.607666307731477,-0.309966666666667,1.02));
#6791=CARTESIAN_POINT('',(0.531201752659124,-0.309966666666667,1.02));
#6792=CARTESIAN_POINT('',(0.478400842967102,-0.354333983113349,1.02));
#6793=CARTESIAN_POINT('',(0.668355131515206,-0.309966666666667,1.02));
#6794=CARTESIAN_POINT('',(0.668355131515206,-0.309966666666667,1.02));
#6795=VECTOR('',#6796,1.);
#6796=DIRECTION('',(-1.,0.,0.));
#6797=CARTESIAN_POINT('',(0.797041843704621,-0.353093729813586,1.02));
#6798=CARTESIAN_POINT('',(0.797041843704621,-0.353093729813586,1.02));
#6799=CARTESIAN_POINT('',(0.743033786432426,-0.309966666666667,1.02));
#6800=CARTESIAN_POINT('',(0.668355131515206,-0.309966666666667,1.02));
#6801=CARTESIAN_POINT('',(0.851049900976817,-0.45783567254139,1.02));
#6802=CARTESIAN_POINT('',(0.851049900976817,-0.45783567254139,1.02));
#6803=CARTESIAN_POINT('',(0.851049900976817,-0.396220825258768,1.02));
#6804=CARTESIAN_POINT('',(0.797041843704621,-0.353093729813586,1.02));
#6805=CARTESIAN_POINT('',(0.851049900976817,-0.852130961827014,1.02));
#6806=CARTESIAN_POINT('',(0.851049900976817,-0.852130961827014,1.02));
#6807=VECTOR('',#6808,1.);
#6808=DIRECTION('',(0.,1.,0.));
#6809=CARTESIAN_POINT('',(0.797637165288508,-0.956376803234913,1.02));
#6810=CARTESIAN_POINT('',(0.851049900976817,-0.912753638768088,1.02));
#6811=CARTESIAN_POINT('',(0.851049900976817,-0.852130961827014,1.02));
#6812=CARTESIAN_POINT('',(-0.548066707356771,-0.975360656392258,1.02));
#6813=CARTESIAN_POINT('',(-0.548066707356771,-0.334605977976145,1.02));
#6814=CARTESIAN_POINT('',(-0.548066707356771,-0.334605977976145,1.02));
#6815=VECTOR('',#6816,1.);
#6816=DIRECTION('',(0.,-1.,0.));
#6817=CARTESIAN_POINT('',(-0.517672685332916,-0.309966666666667,1.02));
#6818=CARTESIAN_POINT('',(-0.517672685332916,-0.309966666666667,1.02));
#6819=CARTESIAN_POINT('',(-0.548066707356771,-0.309966666666667,1.02));
#6820=CARTESIAN_POINT('',(-0.548066707356771,-0.334605977976145,1.02));
#6821=CARTESIAN_POINT('',(-0.335407838050293,-0.309966666666667,1.02));
#6822=CARTESIAN_POINT('',(-0.335407838050293,-0.309966666666667,1.02));
#6823=VECTOR('',#6824,1.);
#6824=DIRECTION('',(-1.,0.,0.));
#6825=CARTESIAN_POINT('',(-0.206621905596897,-0.353424464026856,1.02));
#6826=CARTESIAN_POINT('',(-0.206621905596897,-0.353424464026856,1.02));
#6827=CARTESIAN_POINT('',(-0.260696109711747,-0.309966666666667,1.02));
#6828=CARTESIAN_POINT('',(-0.335407838050293,-0.309966666666667,1.02));
#6829=CARTESIAN_POINT('',(-0.166504459194212,-0.400851039648025,1.02));
#6830=CARTESIAN_POINT('',(-0.166504459194212,-0.400851039648025,1.02));
#6831=CARTESIAN_POINT('',(-0.179898968743816,-0.374161176216271,1.02));
#6832=CARTESIAN_POINT('',(-0.206621905596897,-0.353424464026856,1.02));
#6833=CARTESIAN_POINT('',(-0.157409397522331,-0.427011696040284,1.02));
#6834=CARTESIAN_POINT('',(-0.157409397522331,-0.427011696040284,1.02));
#6835=VECTOR('',#6836,1.);
#6836=DIRECTION('',(-0.328382217708131,0.944544926984995,0.));
#6837=CARTESIAN_POINT('',(-0.154366707356771,-0.442820565346761,1.02));
#6838=CARTESIAN_POINT('',(-0.154366707356771,-0.442820565346761,1.02));
#6839=VECTOR('',#6840,1.);
#6840=DIRECTION('',(-0.188998519468235,0.981977372264155,0.));
#6841=CARTESIAN_POINT('',(-0.154366707356771,-0.507511176216271,1.02));
#6842=CARTESIAN_POINT('',(-0.154366707356771,-0.507511176216271,1.02));
#6843=VECTOR('',#6844,1.);
#6844=DIRECTION('',(0.,1.,0.));
#6845=CARTESIAN_POINT('',(-0.170704719106218,-0.571209616744233,1.02));
#6846=CARTESIAN_POINT('',(-0.170704719106218,-0.571209616744233,1.02));
#6847=CARTESIAN_POINT('',(-0.154366707356771,-0.543560656392259,1.02));
#6848=CARTESIAN_POINT('',(-0.154366707356771,-0.507511176216271,1.02));
#6849=CARTESIAN_POINT('',(-0.222199228655822,-0.623067966226698,1.02));
#6850=CARTESIAN_POINT('',(-0.222199228655822,-0.623067966226698,1.02));
#6851=CARTESIAN_POINT('',(-0.187042730855665,-0.598858577096208,1.02));
#6852=CARTESIAN_POINT('',(-0.170704719106218,-0.571209616744233,1.02));
#6853=CARTESIAN_POINT('',(-0.150894030415696,-0.677687881793444,1.02));
#6854=CARTESIAN_POINT('',(-0.150894030415696,-0.677687881793444,1.02));
#6855=CARTESIAN_POINT('',(-0.179171385772884,-0.640795029373617,1.02));
#6856=CARTESIAN_POINT('',(-0.222199228655822,-0.623067966226698,1.02));
#6857=CARTESIAN_POINT('',(-0.122616707356771,-0.753970565346761,1.02));
#6858=CARTESIAN_POINT('',(-0.122616707356771,-0.753970565346761,1.02));
#6859=CARTESIAN_POINT('',(-0.122616707356771,-0.714580701915007,1.02));
#6860=CARTESIAN_POINT('',(-0.150894030415696,-0.677687881793444,1.02));
#6861=CARTESIAN_POINT('',(-0.122616707356771,-0.852362475776303,1.02));
#6862=CARTESIAN_POINT('',(-0.122616707356771,-0.852362475776303,1.02));
#6863=VECTOR('',#6864,1.);
#6864=DIRECTION('',(0.,1.,0.));
#6865=CARTESIAN_POINT('',(-0.179369826300847,-0.955715334808372,1.02));
#6866=CARTESIAN_POINT('',(-0.179369826300847,-0.955715334808372,1.02));
#6867=CARTESIAN_POINT('',(-0.122616707356771,-0.911430701915007,1.02));
#6868=CARTESIAN_POINT('',(-0.122616707356771,-0.852362475776303,1.02));
#6869=CARTESIAN_POINT('',(-0.305311476818382,-1.,1.02));
#6870=CARTESIAN_POINT('',(-0.305311476818382,-1.,1.02));
#6871=CARTESIAN_POINT('',(-0.236122945244922,-1.,1.02));
#6872=CARTESIAN_POINT('',(-0.179369826300847,-0.955715334808372,1.02));
#6873=CARTESIAN_POINT('',(-0.517705758754243,-1.,1.02));
#6874=CARTESIAN_POINT('',(-0.517705758754243,-1.,1.02));
#6875=VECTOR('',#6876,1.);
#6876=DIRECTION('',(1.,0.,0.));
#6877=CARTESIAN_POINT('',(-0.548066707356771,-0.975360656392258,1.02));
#6878=CARTESIAN_POINT('',(-0.548066707356771,-1.,1.02));
#6879=CARTESIAN_POINT('',(-0.517705758754243,-1.,1.02));
#6880=CARTESIAN_POINT('',(1.15479155462608,-0.602066666666667,1.02));
#6881=CARTESIAN_POINT('',(1.33973531673792,-0.323228882530963,1.02));
#6882=CARTESIAN_POINT('',(1.33973531673792,-0.323228882530963,1.02));
#6883=VECTOR('',#6884,1.);
#6884=DIRECTION('',(-0.552736969117228,-0.833355772147227,0.));
#6885=CARTESIAN_POINT('',(1.36573060602355,-0.309966666666667,1.02));
#6886=CARTESIAN_POINT('',(1.36573060602355,-0.309966666666667,1.02));
#6887=CARTESIAN_POINT('',(1.34820198340459,-0.309966666666667,1.02));
#6888=CARTESIAN_POINT('',(1.33973531673792,-0.323228882530963,1.02));
#6889=CARTESIAN_POINT('',(1.38808791585799,-0.316829272398973,1.02));
#6890=CARTESIAN_POINT('',(1.38808791585799,-0.316829272398973,1.02));
#6891=CARTESIAN_POINT('',(1.37902592760743,-0.309966666666667,1.02));
#6892=CARTESIAN_POINT('',(1.36573060602355,-0.309966666666667,1.02));
#6893=CARTESIAN_POINT('',(1.39714987181028,-0.334010656392259,1.02));
#6894=CARTESIAN_POINT('',(1.39714987181028,-0.334010656392259,1.02));
#6895=CARTESIAN_POINT('',(1.39714987181028,-0.323691910429542,1.02));
#6896=CARTESIAN_POINT('',(1.38808791585799,-0.316829272398973,1.02));
#6897=CARTESIAN_POINT('',(1.39291653847694,-0.346776803234913,1.02));
#6898=CARTESIAN_POINT('',(1.39291653847694,-0.346776803234913,1.02));
#6899=CARTESIAN_POINT('',(1.39714987181028,-0.33989762849368,1.02));
#6900=CARTESIAN_POINT('',(1.39714987181028,-0.334010656392259,1.02));
#6901=CARTESIAN_POINT('',(1.18971653847694,-0.653924983850868,1.02));
#6902=CARTESIAN_POINT('',(1.18971653847694,-0.653924983850868,1.02));
#6903=VECTOR('',#6904,1.);
#6904=DIRECTION('',(0.55175392428702,0.834006958624371,0.));
#6905=CARTESIAN_POINT('',(1.39291653847694,-0.962958317184202,1.02));
#6906=CARTESIAN_POINT('',(1.39291653847694,-0.962958317184202,1.02));
#6907=VECTOR('',#6908,1.);
#6908=DIRECTION('',(-0.549406263376795,0.835555358885543,0.));
#6909=CARTESIAN_POINT('',(1.39714987181028,-0.975823684290837,1.02));
#6910=CARTESIAN_POINT('',(1.39714987181028,-0.975823684290837,1.02));
#6911=CARTESIAN_POINT('',(1.39714987181028,-0.968415334808372,1.02));
#6912=CARTESIAN_POINT('',(1.39291653847694,-0.962958317184202,1.02));
#6913=CARTESIAN_POINT('',(1.3874925942741,-0.993087751837441,1.02));
#6914=CARTESIAN_POINT('',(1.3874925942741,-0.993087751837441,1.02));
#6915=CARTESIAN_POINT('',(1.39714987181028,-0.984687232013428,1.02));
#6916=CARTESIAN_POINT('',(1.39714987181028,-0.975823684290837,1.02));
#6917=CARTESIAN_POINT('',(1.3651022433166,-1.,1.02));
#6918=CARTESIAN_POINT('',(1.3651022433166,-1.,1.02));
#6919=CARTESIAN_POINT('',(1.3778022433166,-1.,1.02));
#6920=CARTESIAN_POINT('',(1.3874925942741,-0.993087751837441,1.02));
#6921=CARTESIAN_POINT('',(1.33973531673792,-0.98663853157346,1.02));
#6922=CARTESIAN_POINT('',(1.33973531673792,-0.98663853157346,1.02));
#6923=CARTESIAN_POINT('',(1.34879727269021,-1.,1.02));
#6924=CARTESIAN_POINT('',(1.3651022433166,-1.,1.02));
#6925=CARTESIAN_POINT('',(1.15479155462608,-0.705783333333333,1.02));
#6926=CARTESIAN_POINT('',(1.15479155462608,-0.705783333333333,1.02));
#6927=VECTOR('',#6928,1.);
#6928=DIRECTION('',(0.549970530273762,-0.835184061049058,0.));
#6929=CARTESIAN_POINT('',(0.969847792514227,-0.98663853157346,1.02));
#6930=CARTESIAN_POINT('',(0.969847792514227,-0.98663853157346,1.02));
#6931=VECTOR('',#6932,1.);
#6932=DIRECTION('',(0.549970530273761,0.835184061049059,0.));
#6933=CARTESIAN_POINT('',(0.943852503228604,-1.,1.02));
#6934=CARTESIAN_POINT('',(0.943852503228604,-1.,1.02));
#6935=CARTESIAN_POINT('',(0.96138112584756,-1.,1.02));
#6936=CARTESIAN_POINT('',(0.969847792514227,-0.98663853157346,1.02));
#6937=CARTESIAN_POINT('',(0.921495193394164,-0.993104288548104,1.02));
#6938=CARTESIAN_POINT('',(0.921495193394164,-0.993104288548104,1.02));
#6939=CARTESIAN_POINT('',(0.930557181644717,-1.,1.02));
#6940=CARTESIAN_POINT('',(0.943852503228604,-1.,1.02));
#6941=CARTESIAN_POINT('',(0.912433205143611,-0.975889831133491,1.02));
#6942=CARTESIAN_POINT('',(0.912433205143611,-0.975889831133491,1.02));
#6943=CARTESIAN_POINT('',(0.912433205143611,-0.986208577096208,1.02));
#6944=CARTESIAN_POINT('',(0.921495193394164,-0.993104288548104,1.02));
#6945=CARTESIAN_POINT('',(0.916666538476944,-0.96309061086951,1.02));
#6946=CARTESIAN_POINT('',(0.916666538476944,-0.96309061086951,1.02));
#6947=CARTESIAN_POINT('',(0.912433205143611,-0.969969785610742,1.02));
#6948=CARTESIAN_POINT('',(0.912433205143611,-0.975889831133491,1.02));
#6949=CARTESIAN_POINT('',(1.11986653847694,-0.654983333333333,1.02));
#6950=CARTESIAN_POINT('',(1.11986653847694,-0.654983333333333,1.02));
#6951=VECTOR('',#6952,1.);
#6952=DIRECTION('',(-0.550557562431397,-0.834797203187456,0.));
#6953=CARTESIAN_POINT('',(0.916666538476944,-0.346876023498894,1.02));
#6954=CARTESIAN_POINT('',(0.916666538476944,-0.346876023498894,1.02));
#6955=VECTOR('',#6956,1.);
#6956=DIRECTION('',(0.550557522211413,-0.834797229712958,0.));
#6957=CARTESIAN_POINT('',(0.912433205143611,-0.334076803234913,1.02));
#6958=CARTESIAN_POINT('',(0.912433205143611,-0.334076803234913,1.02));
#6959=VECTOR('',#6960,1.);
#6960=DIRECTION('',(0.3140189302408,-0.949416721703607,0.));
#6961=CARTESIAN_POINT('',(0.921495193394164,-0.3193262834109,1.02));
#6962=CARTESIAN_POINT('',(0.921495193394164,-0.3193262834109,1.02));
#6963=CARTESIAN_POINT('',(0.912433205143611,-0.328685932453396,1.02));
#6964=CARTESIAN_POINT('',(0.912433205143611,-0.334076803234913,1.02));
#6965=CARTESIAN_POINT('',(0.944480865935554,-0.309966666666667,1.02));
#6966=CARTESIAN_POINT('',(0.944480865935554,-0.309966666666667,1.02));
#6967=CARTESIAN_POINT('',(0.930557181644717,-0.309966666666667,1.02));
#6968=CARTESIAN_POINT('',(0.921495193394164,-0.3193262834109,1.02));
#6969=CARTESIAN_POINT('',(0.969847792514227,-0.323228882530963,1.02));
#6970=CARTESIAN_POINT('',(0.969847792514227,-0.323228882530963,1.02));
#6971=CARTESIAN_POINT('',(0.960785836561937,-0.309966666666667,1.02));
#6972=CARTESIAN_POINT('',(0.944480865935554,-0.309966666666667,1.02));
#6973=CARTESIAN_POINT('',(1.15479155462608,-0.602066666666667,1.02));
#6974=VECTOR('',#6975,1.);
#6975=DIRECTION('',(-0.552736969117227,0.833355772147227,0.));
#6976=CARTESIAN_POINT('',(2.05,-2.71039664908511,1.02));
#6977=CARTESIAN_POINT('',(1.6,-2.61039664908511,1.02));
#6978=AXIS2_PLACEMENT_3D('',#6979,#6980,#6981);
#6979=CARTESIAN_POINT('',(1.834375,-2.61820914908511,1.02));
#6980=DIRECTION('',(0.,0.,1.));
#6981=DIRECTION('',(-0.999444906979154,0.0333148302326404,0.));
#6982=CARTESIAN_POINT('',(1.7,-2.61039664908511,1.02));
#6983=AXIS2_PLACEMENT_3D('',#6984,#6985,#6986);
#6984=CARTESIAN_POINT('',(1.65,-2.62407950006336,1.02));
#6985=DIRECTION('',(0.,0.,1.));
#6986=DIRECTION('',(0.964535817498425,0.263951997080238,0.));
#6987=CARTESIAN_POINT('',(1.95,-2.71039664908511,1.02));
#6988=AXIS2_PLACEMENT_3D('',#6989,#6990,#6991);
#6989=CARTESIAN_POINT('',(1.83632676401228,-2.63207973905441,1.02));
#6990=DIRECTION('',(0.,0.,-1.));
#6991=DIRECTION('',(0.823478220853501,-0.567347882502396,0.));
#6992=CARTESIAN_POINT('',(2.4,-2.81039664908511,1.02));
#6993=AXIS2_PLACEMENT_3D('',#6994,#6995,#6996);
#6994=CARTESIAN_POINT('',(2.16319534229268,-2.81351760876807,1.02));
#6995=DIRECTION('',(0.,0.,1.));
#6996=DIRECTION('',(0.999913162108882,0.0131783246816898,0.));
#6997=CARTESIAN_POINT('',(2.3,-2.81039664908511,1.02));
#6998=AXIS2_PLACEMENT_3D('',#6999,#7000,#7001);
#6999=CARTESIAN_POINT('',(2.35,-2.80605999804219,1.02));
#7000=DIRECTION('',(0.,0.,1.));
#7001=DIRECTION('',(-0.996259780545856,-0.0864086203264673,0.));
#7002=AXIS2_PLACEMENT_3D('',#7003,#7004,#7005);
#7003=CARTESIAN_POINT('',(2.15700995275548,-2.80537176719641,1.02));
#7004=DIRECTION('',(0.,0.,-1.));
#7005=DIRECTION('',(-0.747911770030043,0.663798150231325,0.));
#7006=CARTESIAN_POINT('',(-1.95,-2.71039664908511,1.02));
#7007=CARTESIAN_POINT('',(-2.4,-2.61039664908511,1.02));
#7008=AXIS2_PLACEMENT_3D('',#7009,#7010,#7011);
#7009=CARTESIAN_POINT('',(-2.165625,-2.61820914908511,1.02));
#7010=DIRECTION('',(0.,0.,1.));
#7011=DIRECTION('',(-0.999444906979154,0.0333148302326404,0.));
#7012=CARTESIAN_POINT('',(-2.3,-2.61039664908511,1.02));
#7013=AXIS2_PLACEMENT_3D('',#7014,#7015,#7016);
#7014=CARTESIAN_POINT('',(-2.35,-2.62407950006336,1.02));
#7015=DIRECTION('',(0.,0.,1.));
#7016=DIRECTION('',(0.964535817498425,0.263951997080237,0.));
#7017=CARTESIAN_POINT('',(-2.05,-2.71039664908511,1.02));
#7018=AXIS2_PLACEMENT_3D('',#7019,#7020,#7021);
#7019=CARTESIAN_POINT('',(-2.16367323598772,-2.63207973905441,1.02));
#7020=DIRECTION('',(0.,0.,-1.));
#7021=DIRECTION('',(0.823478220853501,-0.567347882502396,0.));
#7022=CARTESIAN_POINT('',(-1.6,-2.81039664908511,1.02));
#7023=AXIS2_PLACEMENT_3D('',#7024,#7025,#7026);
#7024=CARTESIAN_POINT('',(-1.83680465770733,-2.81351760876807,1.02));
#7025=DIRECTION('',(0.,0.,1.));
#7026=DIRECTION('',(0.999913162108882,0.0131783246816898,0.));
#7027=CARTESIAN_POINT('',(-1.7,-2.81039664908511,1.02));
#7028=AXIS2_PLACEMENT_3D('',#7029,#7030,#7031);
#7029=CARTESIAN_POINT('',(-1.65,-2.80605999804219,1.02));
#7030=DIRECTION('',(0.,0.,1.));
#7031=DIRECTION('',(-0.996259780545856,-0.0864086203264673,0.));
#7032=AXIS2_PLACEMENT_3D('',#7033,#7034,#7035);
#7033=CARTESIAN_POINT('',(-1.84299004724452,-2.80537176719641,1.02));
#7034=DIRECTION('',(0.,0.,-1.));
#7035=DIRECTION('',(-0.747911770030043,0.663798150231325,0.));
#7036=CARTESIAN_POINT('',(-0.59675,-0.97579061086951,1.02));
#7037=CARTESIAN_POINT('',(-0.605348928053712,-0.994609096920221,1.02));
#7038=CARTESIAN_POINT('',(-0.605348928053712,-0.994609096920221,1.02));
#7039=CARTESIAN_POINT('',(-0.59675,-0.987663775336334,1.02));
#7040=CARTESIAN_POINT('',(-0.59675,-0.97579061086951,1.02));
#7041=CARTESIAN_POINT('',(-0.627441650517535,-1.00052914244297,1.02));
#7042=CARTESIAN_POINT('',(-0.627441650517535,-1.00052914244297,1.02));
#7043=CARTESIAN_POINT('',(-0.613947888405686,-1.00052914244297,1.02));
#7044=CARTESIAN_POINT('',(-0.605348928053712,-0.994609096920221,1.02));
#7045=CARTESIAN_POINT('',(-0.648939051397472,-0.994542950077567,1.02));
#7046=CARTESIAN_POINT('',(-0.648939051397472,-0.994542950077567,1.02));
#7047=CARTESIAN_POINT('',(-0.63296481498436,-1.00052914244297,1.02));
#7048=CARTESIAN_POINT('',(-0.627441650517535,-1.00052914244297,1.02));
#7049=CARTESIAN_POINT('',(-0.658133333333333,-0.975592170341548,1.02));
#7050=CARTESIAN_POINT('',(-0.658133333333333,-0.975592170341548,1.02));
#7051=CARTESIAN_POINT('',(-0.658133333333333,-0.988556757712164,1.02));
#7052=CARTESIAN_POINT('',(-0.648939051397472,-0.994542950077567,1.02));
#7053=CARTESIAN_POINT('',(-0.658133333333333,-0.419603378856082,1.02));
#7054=CARTESIAN_POINT('',(-0.658133333333333,-0.419603378856082,1.02));
#7055=VECTOR('',#7056,1.);
#7056=DIRECTION('',(0.,-1.,0.));
#7057=CARTESIAN_POINT('',(-0.843143209989573,-0.665103638768088,1.02));
#7058=CARTESIAN_POINT('',(-0.843143209989573,-0.665103638768088,1.02));
#7059=VECTOR('',#7060,1.);
#7060=DIRECTION('',(0.601840255953176,0.798616495142828,0.));
#7061=CARTESIAN_POINT('',(-0.869634632893365,-0.680383333333333,1.02));
#7062=CARTESIAN_POINT('',(-0.869634632893365,-0.680383333333333,1.02));
#7063=CARTESIAN_POINT('',(-0.854586452277409,-0.680383333333333,1.02));
#7064=CARTESIAN_POINT('',(-0.843143209989573,-0.665103638768088,1.02));
#7065=CARTESIAN_POINT('',(-0.894968486050711,-0.665103638768088,1.02));
#7066=CARTESIAN_POINT('',(-0.894968486050711,-0.665103638768088,1.02));
#7067=CARTESIAN_POINT('',(-0.884120565346761,-0.680383333333333,1.02));
#7068=CARTESIAN_POINT('',(-0.869634632893365,-0.680383333333333,1.02));
#7069=CARTESIAN_POINT('',(-1.07935,-0.420099447877725,1.02));
#7070=CARTESIAN_POINT('',(-1.07935,-0.420099447877725,1.02));
#7071=VECTOR('',#7072,1.);
#7072=DIRECTION('',(0.601310721581435,-0.799015279022381,0.));
#7073=CARTESIAN_POINT('',(-1.07935,-0.975592170341548,1.02));
#7074=CARTESIAN_POINT('',(-1.07935,-0.975592170341548,1.02));
#7075=VECTOR('',#7076,1.);
#7076=DIRECTION('',(0.,1.,0.));
#7077=CARTESIAN_POINT('',(-1.08794892805371,-0.994542950077567,1.02));
#7078=CARTESIAN_POINT('',(-1.08794892805371,-0.994542950077567,1.02));
#7079=CARTESIAN_POINT('',(-1.07935,-0.987564555072353,1.02));
#7080=CARTESIAN_POINT('',(-1.07935,-0.975592170341548,1.02));
#7081=CARTESIAN_POINT('',(-1.11004165051754,-1.00052914244297,1.02));
#7082=CARTESIAN_POINT('',(-1.11004165051754,-1.00052914244297,1.02));
#7083=CARTESIAN_POINT('',(-1.09654788840569,-1.00052914244297,1.02));
#7084=CARTESIAN_POINT('',(-1.08794892805371,-0.994542950077567,1.02));
#7085=CARTESIAN_POINT('',(-1.13153905139747,-0.994609096920221,1.02));
#7086=CARTESIAN_POINT('',(-1.13153905139747,-0.994609096920221,1.02));
#7087=CARTESIAN_POINT('',(-1.11556481498436,-1.00052914244297,1.02));
#7088=CARTESIAN_POINT('',(-1.11004165051754,-1.00052914244297,1.02));
#7089=CARTESIAN_POINT('',(-1.14073333333333,-0.97579061086951,1.02));
#7090=CARTESIAN_POINT('',(-1.14073333333333,-0.97579061086951,1.02));
#7091=CARTESIAN_POINT('',(-1.14073333333333,-0.988655977976145,1.02));
#7092=CARTESIAN_POINT('',(-1.13153905139747,-0.994609096920221,1.02));
#7093=CARTESIAN_POINT('',(-1.14073333333333,-0.333878362706951,1.02));
#7094=CARTESIAN_POINT('',(-1.14073333333333,-0.333878362706951,1.02));
#7095=VECTOR('',#7096,1.);
#7096=DIRECTION('',(0.,-1.,0.));
#7097=CARTESIAN_POINT('',(-1.1331761534549,-0.312877063146919,1.02));
#7098=CARTESIAN_POINT('',(-1.1331761534549,-0.312877063146919,1.02));
#7099=CARTESIAN_POINT('',(-1.14073333333333,-0.32055,1.02));
#7100=CARTESIAN_POINT('',(-1.14073333333333,-0.333878362706951,1.02));
#7101=CARTESIAN_POINT('',(-1.11351429516035,-0.305204158592101,1.02));
#7102=CARTESIAN_POINT('',(-1.11351429516035,-0.305204158592101,1.02));
#7103=CARTESIAN_POINT('',(-1.12561900587472,-0.305204158592101,1.02));
#7104=CARTESIAN_POINT('',(-1.1331761534549,-0.312877063146919,1.02));
#7105=CARTESIAN_POINT('',(-1.09836692657867,-0.308643729813586,1.02));
#7106=CARTESIAN_POINT('',(-1.09836692657867,-0.308643729813586,1.02));
#7107=CARTESIAN_POINT('',(-1.10504762849368,-0.305204158592101,1.02));
#7108=CARTESIAN_POINT('',(-1.11351429516035,-0.305204158592101,1.02));
#7109=CARTESIAN_POINT('',(-1.08444320998957,-0.320946848757661,1.02));
#7110=CARTESIAN_POINT('',(-1.08444320998957,-0.320946848757661,1.02));
#7111=CARTESIAN_POINT('',(-1.09595259912006,-0.309139831133491,1.02));
#7112=CARTESIAN_POINT('',(-1.09836692657867,-0.308643729813586,1.02));
#7113=CARTESIAN_POINT('',(-0.869039311309478,-0.6063,1.02));
#7114=CARTESIAN_POINT('',(-0.869039311309478,-0.6063,1.02));
#7115=VECTOR('',#7116,1.);
#7116=DIRECTION('',(-0.602483581490478,0.798131276191082,0.));
#7117=CARTESIAN_POINT('',(-0.653040091045497,-0.320946848757661,1.02));
#7118=CARTESIAN_POINT('',(-0.653040091045497,-0.320946848757661,1.02));
#7119=VECTOR('',#7120,1.);
#7120=DIRECTION('',(-0.603542685022865,-0.797330688833304,0.));
#7121=CARTESIAN_POINT('',(-0.623969005874724,-0.305204158592101,1.02));
#7122=CARTESIAN_POINT('',(-0.623969005874724,-0.305204158592101,1.02));
#7123=CARTESIAN_POINT('',(-0.640935412629384,-0.305204158592101,1.02));
#7124=CARTESIAN_POINT('',(-0.653040091045497,-0.320946848757661,1.02));
#7125=CARTESIAN_POINT('',(-0.604919005874723,-0.313108577096208,1.02));
#7126=CARTESIAN_POINT('',(-0.604919005874723,-0.313108577096208,1.02));
#7127=CARTESIAN_POINT('',(-0.613088011749447,-0.305204158592101,1.02));
#7128=CARTESIAN_POINT('',(-0.623969005874724,-0.305204158592101,1.02));
#7129=CARTESIAN_POINT('',(-0.59675,-0.333878362706951,1.02));
#7130=CARTESIAN_POINT('',(-0.59675,-0.333878362706951,1.02));
#7131=CARTESIAN_POINT('',(-0.59675,-0.321012995600315,1.02));
#7132=CARTESIAN_POINT('',(-0.604919005874723,-0.313108577096208,1.02));
#7133=CARTESIAN_POINT('',(-0.59675,-0.97579061086951,1.02));
#7134=VECTOR('',#7135,1.);
#7135=DIRECTION('',(0.,1.,0.));
#7136=CARTESIAN_POINT('',(2.05,1.7,1.02));
#7137=CARTESIAN_POINT('',(2.05,1.45,1.02));
#7138=CARTESIAN_POINT('',(2.05,1.45,1.02));
#7139=VECTOR('',#7140,1.);
#7140=DIRECTION('',(0.,1.,0.));
#7141=CARTESIAN_POINT('',(1.95000000000001,1.45,1.02));
#7142=AXIS2_PLACEMENT_3D('',#7143,#7144,#7145);
#7143=CARTESIAN_POINT('',(2.,1.45,1.02));
#7144=DIRECTION('',(0.,0.,1.));
#7145=DIRECTION('',(-1.,0.,0.));
#7146=CARTESIAN_POINT('',(1.95,1.7,1.02));
#7147=CARTESIAN_POINT('',(1.95,1.7,1.02));
#7148=VECTOR('',#7149,1.);
#7149=DIRECTION('',(1.59872115546023E-14,-1.,0.));
#7150=CARTESIAN_POINT('',(1.7,1.7,1.02));
#7151=CARTESIAN_POINT('',(1.7,1.7,1.02));
#7152=VECTOR('',#7153,1.);
#7153=DIRECTION('',(1.,0.,0.));
#7154=CARTESIAN_POINT('',(1.7,1.8,1.02));
#7155=AXIS2_PLACEMENT_3D('',#7156,#7157,#7158);
#7156=CARTESIAN_POINT('',(1.7,1.75,1.02));
#7157=DIRECTION('',(0.,0.,1.));
#7158=DIRECTION('',(0.,1.,0.));
#7159=CARTESIAN_POINT('',(1.95,1.8,1.02));
#7160=CARTESIAN_POINT('',(1.95,1.8,1.02));
#7161=VECTOR('',#7162,1.);
#7162=DIRECTION('',(-1.,8.88178419700125E-15,0.));
#7163=CARTESIAN_POINT('',(1.95,2.05,1.02));
#7164=CARTESIAN_POINT('',(1.95,2.05,1.02));
#7165=VECTOR('',#7166,1.);
#7166=DIRECTION('',(0.,-1.,0.));
#7167=CARTESIAN_POINT('',(2.05000000000001,2.05,1.02));
#7168=AXIS2_PLACEMENT_3D('',#7169,#7170,#7171);
#7169=CARTESIAN_POINT('',(2.00000000000001,2.05,1.02));
#7170=DIRECTION('',(0.,0.,1.));
#7171=DIRECTION('',(1.,0.,0.));
#7172=CARTESIAN_POINT('',(2.05,1.8,1.02));
#7173=CARTESIAN_POINT('',(2.05,1.8,1.02));
#7174=VECTOR('',#7175,1.);
#7175=DIRECTION('',(1.77635683940025E-14,1.,0.));
#7176=CARTESIAN_POINT('',(2.3,1.8,1.02));
#7177=CARTESIAN_POINT('',(2.3,1.8,1.02));
#7178=VECTOR('',#7179,1.);
#7179=DIRECTION('',(-1.,0.,0.));
#7180=CARTESIAN_POINT('',(2.3,1.7,1.02));
#7181=AXIS2_PLACEMENT_3D('',#7182,#7183,#7184);
#7182=CARTESIAN_POINT('',(2.3,1.75,1.02));
#7183=DIRECTION('',(0.,0.,1.));
#7184=DIRECTION('',(0.,-1.,0.));
#7185=CARTESIAN_POINT('',(2.05,1.7,1.02));
#7186=VECTOR('',#7187,1.);
#7187=DIRECTION('',(1.,1.77635683940025E-14,0.));
#7188=CARTESIAN_POINT('',(-2.3,1.7,0.99));
#7189=CARTESIAN_POINT('',(-2.3,1.7,0.99));
#7190=VECTOR('',#7191,1.);
#7191=DIRECTION('',(0.,0.,1.));
#7192=CARTESIAN_POINT('',(-2.3,1.8,0.99));
#7193=AXIS2_PLACEMENT_3D('',#7194,#7195,#7196);
#7194=CARTESIAN_POINT('',(-2.3,1.75,0.99));
#7195=DIRECTION('',(0.,0.,1.));
#7196=DIRECTION('',(8.88178419700105E-15,1.,0.));
#7197=CARTESIAN_POINT('',(-2.3,1.8,0.99));
#7198=VECTOR('',#7199,1.);
#7199=DIRECTION('',(0.,0.,1.));
#7200=CARTESIAN_POINT('',(-1.7,1.8,0.99));
#7201=CARTESIAN_POINT('',(-1.7,1.8,0.99));
#7202=VECTOR('',#7203,1.);
#7203=DIRECTION('',(-1.,0.,0.));
#7204=CARTESIAN_POINT('',(-1.7,1.8,0.99));
#7205=VECTOR('',#7206,1.);
#7206=DIRECTION('',(0.,0.,1.));
#7207=CARTESIAN_POINT('',(-1.7,1.7,0.99));
#7208=AXIS2_PLACEMENT_3D('',#7209,#7210,#7211);
#7209=CARTESIAN_POINT('',(-1.7,1.75,0.99));
#7210=DIRECTION('',(0.,0.,1.));
#7211=DIRECTION('',(0.,-1.,0.));
#7212=CARTESIAN_POINT('',(-1.7,1.7,0.99));
#7213=VECTOR('',#7214,1.);
#7214=DIRECTION('',(0.,0.,1.));
#7215=CARTESIAN_POINT('',(-2.3,1.7,0.99));
#7216=VECTOR('',#7217,1.);
#7217=DIRECTION('',(1.,7.40148683083438E-15,0.));
#7218=CARTESIAN_POINT('',(0.332400482265632,-0.798916666666667,0.99));
#7219=CARTESIAN_POINT('',(0.332400482265632,-0.798916666666667,0.99));
#7220=VECTOR('',#7221,1.);
#7221=DIRECTION('',(0.,0.,1.));
#7222=CARTESIAN_POINT('',(0.352856070373768,-0.807052599120063,0.99));
#7223=CARTESIAN_POINT('',(0.352856070373768,-0.807052599120063,0.99));
#7224=CARTESIAN_POINT('',(0.343215297249991,-0.798916666666667,0.99));
#7225=CARTESIAN_POINT('',(0.332400482265632,-0.798916666666667,0.99));
#7226=CARTESIAN_POINT('',(0.352856070373768,-0.807052599120063,0.99));
#7227=VECTOR('',#7228,1.);
#7228=DIRECTION('',(0.,0.,1.));
#7229=CARTESIAN_POINT('',(0.362496811199281,-0.824316666666667,0.99));
#7230=CARTESIAN_POINT('',(0.362496811199281,-0.824316666666667,0.99));
#7231=CARTESIAN_POINT('',(0.362496811199281,-0.81518853157346,0.99));
#7232=CARTESIAN_POINT('',(0.352856070373768,-0.807052599120063,0.99));
#7233=CARTESIAN_POINT('',(0.362496811199281,-0.824316666666667,0.99));
#7234=VECTOR('',#7235,1.);
#7235=DIRECTION('',(0.,0.,1.));
#7236=CARTESIAN_POINT('',(0.354675076248491,-0.841580701915007,0.99));
#7237=CARTESIAN_POINT('',(0.354675076248491,-0.841580701915007,0.99));
#7238=CARTESIAN_POINT('',(0.362496811199281,-0.833444769461611,0.99));
#7239=CARTESIAN_POINT('',(0.362496811199281,-0.824316666666667,0.99));
#7240=CARTESIAN_POINT('',(0.354675076248491,-0.841580701915007,0.99));
#7241=VECTOR('',#7242,1.);
#7242=DIRECTION('',(0.,0.,1.));
#7243=CARTESIAN_POINT('',(0.332400482265632,-0.849716666666667,0.99));
#7244=CARTESIAN_POINT('',(0.332400482265632,-0.849716666666667,0.99));
#7245=CARTESIAN_POINT('',(0.346853341297701,-0.849716666666667,0.99));
#7246=CARTESIAN_POINT('',(0.354675076248491,-0.841580701915007,0.99));
#7247=CARTESIAN_POINT('',(0.332400482265632,-0.849716666666667,0.99));
#7248=VECTOR('',#7249,1.);
#7249=DIRECTION('',(0.,0.,1.));
#7250=CARTESIAN_POINT('',(0.241449930143356,-0.849716666666667,0.99));
#7251=CARTESIAN_POINT('',(0.241449930143356,-0.849716666666667,0.99));
#7252=VECTOR('',#7253,1.);
#7253=DIRECTION('',(1.,0.,0.));
#7254=CARTESIAN_POINT('',(0.241449930143356,-0.849716666666667,0.99));
#7255=VECTOR('',#7256,1.);
#7256=DIRECTION('',(0.,0.,1.));
#7257=CARTESIAN_POINT('',(0.241449930143356,-0.975393729813586,0.99));
#7258=CARTESIAN_POINT('',(0.241449930143356,-0.975393729813586,0.99));
#7259=VECTOR('',#7260,1.);
#7260=DIRECTION('',(0.,1.,0.));
#7261=CARTESIAN_POINT('',(0.241449930143356,-0.975393729813586,0.99));
#7262=VECTOR('',#7263,1.);
#7263=DIRECTION('',(0.,0.,1.));
#7264=CARTESIAN_POINT('',(0.232851002089645,-0.99450987665624,0.99));
#7265=CARTESIAN_POINT('',(0.232851002089645,-0.99450987665624,0.99));
#7266=CARTESIAN_POINT('',(0.241449930143356,-0.987465334808372,0.99));
#7267=CARTESIAN_POINT('',(0.241449930143356,-0.975393729813586,0.99));
#7268=CARTESIAN_POINT('',(0.232851002089645,-0.99450987665624,0.99));
#7269=VECTOR('',#7270,1.);
#7270=DIRECTION('',(0.,0.,1.));
#7271=CARTESIAN_POINT('',(0.210758279625821,-1.00052914244297,0.99));
#7272=CARTESIAN_POINT('',(0.210758279625821,-1.00052914244297,0.99));
#7273=CARTESIAN_POINT('',(0.22425204173767,-1.00052914244297,0.99));
#7274=CARTESIAN_POINT('',(0.232851002089645,-0.99450987665624,0.99));
#7275=CARTESIAN_POINT('',(0.210758279625821,-1.00052914244297,0.99));
#7276=VECTOR('',#7277,1.);
#7277=DIRECTION('',(0.,0.,1.));
#7278=CARTESIAN_POINT('',(0.189260878745884,-0.99450987665624,0.99));
#7279=CARTESIAN_POINT('',(0.189260878745884,-0.99450987665624,0.99));
#7280=CARTESIAN_POINT('',(0.205235115158997,-1.00052914244297,0.99));
#7281=CARTESIAN_POINT('',(0.210758279625821,-1.00052914244297,0.99));
#7282=CARTESIAN_POINT('',(0.189260878745884,-0.99450987665624,0.99));
#7283=VECTOR('',#7284,1.);
#7284=DIRECTION('',(0.,0.,1.));
#7285=CARTESIAN_POINT('',(0.180066596810023,-0.975393729813586,0.99));
#7286=CARTESIAN_POINT('',(0.180066596810023,-0.975393729813586,0.99));
#7287=CARTESIAN_POINT('',(0.180066596810023,-0.988457537448183,0.99));
#7288=CARTESIAN_POINT('',(0.189260878745884,-0.99450987665624,0.99));
#7289=CARTESIAN_POINT('',(0.180066596810023,-0.975393729813586,0.99));
#7290=VECTOR('',#7291,1.);
#7291=DIRECTION('',(0.,0.,1.));
#7292=CARTESIAN_POINT('',(0.180066596810023,-0.849716666666667,0.99));
#7293=CARTESIAN_POINT('',(0.180066596810023,-0.849716666666667,0.99));
#7294=VECTOR('',#7295,1.);
#7295=DIRECTION('',(0.,-1.,0.));
#7296=CARTESIAN_POINT('',(0.180066596810023,-0.849716666666667,0.99));
#7297=VECTOR('',#7298,1.);
#7298=DIRECTION('',(0.,0.,1.));
#7299=CARTESIAN_POINT('',(-0.0317654046650158,-0.849716666666667,0.99));
#7300=CARTESIAN_POINT('',(-0.0317654046650158,-0.849716666666667,0.99));
#7301=VECTOR('',#7302,1.);
#7302=DIRECTION('',(1.,0.,0.));
#7303=CARTESIAN_POINT('',(-0.0317654046650158,-0.849716666666667,0.99));
#7304=VECTOR('',#7305,1.);
#7305=DIRECTION('',(0.,0.,1.));
#7306=CARTESIAN_POINT('',(-0.0535770030475595,-0.842605977976145,0.99));
#7307=CARTESIAN_POINT('',(-0.0535770030475595,-0.842605977976145,0.99));
#7308=CARTESIAN_POINT('',(-0.0450937996702292,-0.849716666666667,0.99));
#7309=CARTESIAN_POINT('',(-0.0317654046650158,-0.849716666666667,0.99));
#7310=CARTESIAN_POINT('',(-0.0535770030475595,-0.842605977976145,0.99));
#7311=VECTOR('',#7312,1.);
#7312=DIRECTION('',(0.,0.,1.));
#7313=CARTESIAN_POINT('',(-0.0620602064248896,-0.825341910429542,0.99));
#7314=CARTESIAN_POINT('',(-0.0620602064248896,-0.825341910429542,0.99));
#7315=CARTESIAN_POINT('',(-0.0620602064248896,-0.835495289285623,0.99));
#7316=CARTESIAN_POINT('',(-0.0535770030475595,-0.842605977976145,0.99));
#7317=CARTESIAN_POINT('',(-0.0620602064248896,-0.825341910429542,0.99));
#7318=VECTOR('',#7319,1.);
#7319=DIRECTION('',(0.,0.,1.));
#7320=CARTESIAN_POINT('',(-0.0614318114196761,-0.81945493832812,0.99));
#7321=CARTESIAN_POINT('',(-0.0614318114196761,-0.81945493832812,0.99));
#7322=VECTOR('',#7323,1.);
#7323=DIRECTION('',(-0.106140353702871,-0.99435115794966,0.));
#7324=CARTESIAN_POINT('',(-0.0614318114196761,-0.81945493832812,0.99));
#7325=VECTOR('',#7326,1.);
#7326=DIRECTION('',(0.,0.,1.));
#7327=CARTESIAN_POINT('',(0.0596811841806393,-0.329578882530963,0.99));
#7328=CARTESIAN_POINT('',(0.0596811841806393,-0.329578882530963,0.99));
#7329=VECTOR('',#7330,1.);
#7330=DIRECTION('',(-0.240005692594998,-0.970771480587474,0.));
#7331=CARTESIAN_POINT('',(0.0596811841806393,-0.329578882530963,0.99));
#7332=VECTOR('',#7333,1.);
#7333=DIRECTION('',(0.,0.,1.));
#7334=CARTESIAN_POINT('',(0.0699668890202922,-0.314861436128278,0.99));
#7335=CARTESIAN_POINT('',(0.0699668890202922,-0.314861436128278,0.99));
#7336=CARTESIAN_POINT('',(0.0615002223536256,-0.319756237888151,0.99));
#7337=CARTESIAN_POINT('',(0.0596811841806393,-0.329578882530963,0.99));
#7338=CARTESIAN_POINT('',(0.0699668890202922,-0.314861436128278,0.99));
#7339=VECTOR('',#7340,1.);
#7340=DIRECTION('',(0.,0.,1.));
#7341=CARTESIAN_POINT('',(0.0887523016496761,-0.309966666666667,0.99));
#7342=CARTESIAN_POINT('',(0.0887523016496761,-0.309966666666667,0.99));
#7343=VECTOR('',#7344,1.);
#7344=DIRECTION('',(-0.967689867163022,-0.25214345319681,0.));
#7345=CARTESIAN_POINT('',(0.0887523016496761,-0.309966666666667,0.99));
#7346=VECTOR('',#7347,1.);
#7347=DIRECTION('',(0.,0.,1.));
#7348=CARTESIAN_POINT('',(0.11024967023135,-0.316564685028356,0.99));
#7349=CARTESIAN_POINT('',(0.11024967023135,-0.316564685028356,0.99));
#7350=CARTESIAN_POINT('',(0.10085698006579,-0.309966666666667,0.99));
#7351=CARTESIAN_POINT('',(0.0887523016496761,-0.309966666666667,0.99));
#7352=CARTESIAN_POINT('',(0.11024967023135,-0.316564685028356,0.99));
#7353=VECTOR('',#7354,1.);
#7354=DIRECTION('',(0.,0.,1.));
#7355=CARTESIAN_POINT('',(0.119642392695173,-0.333911436128278,0.99));
#7356=CARTESIAN_POINT('',(0.119642392695173,-0.333911436128278,0.99));
#7357=CARTESIAN_POINT('',(0.119642392695173,-0.323162735688309,0.99));
#7358=CARTESIAN_POINT('',(0.11024967023135,-0.316564685028356,0.99));
#7359=CARTESIAN_POINT('',(0.119642392695173,-0.333911436128278,0.99));
#7360=VECTOR('',#7361,1.);
#7361=DIRECTION('',(0.,0.,1.));
#7362=CARTESIAN_POINT('',(0.119047071111287,-0.339302339208057,0.99));
#7363=CARTESIAN_POINT('',(0.119047071111287,-0.339302339208057,0.99));
#7364=VECTOR('',#7365,1.);
#7365=DIRECTION('',(0.109763518592362,0.993957730482652,0.));
#7366=CARTESIAN_POINT('',(0.119047071111287,-0.339302339208057,0.99));
#7367=VECTOR('',#7368,1.);
#7368=DIRECTION('',(0.,0.,1.));
#7369=CARTESIAN_POINT('',(0.00517702558853839,-0.798916666666667,0.99));
#7370=CARTESIAN_POINT('',(0.00517702558853839,-0.798916666666667,0.99));
#7371=VECTOR('',#7372,1.);
#7372=DIRECTION('',(0.240480763322267,0.970653904577703,0.));
#7373=CARTESIAN_POINT('',(0.00517702558853839,-0.798916666666667,0.99));
#7374=VECTOR('',#7375,1.);
#7375=DIRECTION('',(0.,0.,1.));
#7376=CARTESIAN_POINT('',(0.180066596810023,-0.798916666666667,0.99));
#7377=CARTESIAN_POINT('',(0.180066596810023,-0.798916666666667,0.99));
#7378=VECTOR('',#7379,1.);
#7379=DIRECTION('',(-1.,0.,0.));
#7380=CARTESIAN_POINT('',(0.180066596810023,-0.798916666666667,0.99));
#7381=VECTOR('',#7382,1.);
#7382=DIRECTION('',(0.,0.,1.));
#7383=CARTESIAN_POINT('',(0.180066596810023,-0.675356237888152,0.99));
#7384=CARTESIAN_POINT('',(0.180066596810023,-0.675356237888152,0.99));
#7385=VECTOR('',#7386,1.);
#7386=DIRECTION('',(0.,-1.,0.));
#7387=CARTESIAN_POINT('',(0.180066596810023,-0.675356237888152,0.99));
#7388=VECTOR('',#7389,1.);
#7389=DIRECTION('',(0.,0.,1.));
#7390=CARTESIAN_POINT('',(0.189277415456548,-0.659117446402686,0.99));
#7391=CARTESIAN_POINT('',(0.189277415456548,-0.659117446402686,0.99));
#7392=CARTESIAN_POINT('',(0.180066596810023,-0.667484892805371,0.99));
#7393=CARTESIAN_POINT('',(0.180066596810023,-0.675356237888152,0.99));
#7394=CARTESIAN_POINT('',(0.189277415456548,-0.659117446402686,0.99));
#7395=VECTOR('',#7396,1.);
#7396=DIRECTION('',(0.,0.,1.));
#7397=CARTESIAN_POINT('',(0.210758279625821,-0.65075,0.99));
#7398=CARTESIAN_POINT('',(0.210758279625821,-0.65075,0.99));
#7399=CARTESIAN_POINT('',(0.198488234103072,-0.65075,0.99));
#7400=CARTESIAN_POINT('',(0.189277415456548,-0.659117446402686,0.99));
#7401=CARTESIAN_POINT('',(0.210758279625821,-0.65075,0.99));
#7402=VECTOR('',#7403,1.);
#7403=DIRECTION('',(0.,0.,1.));
#7404=CARTESIAN_POINT('',(0.231627285500545,-0.657149577833728,0.99));
#7405=CARTESIAN_POINT('',(0.231627285500545,-0.657149577833728,0.99));
#7406=CARTESIAN_POINT('',(0.221804640857733,-0.65075,0.99));
#7407=CARTESIAN_POINT('',(0.210758279625821,-0.65075,0.99));
#7408=CARTESIAN_POINT('',(0.231627285500545,-0.657149577833728,0.99));
#7409=VECTOR('',#7410,1.);
#7410=DIRECTION('',(0.,0.,1.));
#7411=CARTESIAN_POINT('',(0.241449930143356,-0.675356237888152,0.99));
#7412=CARTESIAN_POINT('',(0.241449930143356,-0.675356237888152,0.99));
#7413=CARTESIAN_POINT('',(0.241449930143356,-0.663549187965718,0.99));
#7414=CARTESIAN_POINT('',(0.231627285500545,-0.657149577833728,0.99));
#7415=CARTESIAN_POINT('',(0.241449930143356,-0.675356237888152,0.99));
#7416=VECTOR('',#7417,1.);
#7417=DIRECTION('',(0.,0.,1.));
#7418=CARTESIAN_POINT('',(0.241449930143356,-0.798916666666667,0.99));
#7419=CARTESIAN_POINT('',(0.241449930143356,-0.798916666666667,0.99));
#7420=VECTOR('',#7421,1.);
#7421=DIRECTION('',(0.,1.,0.));
#7422=CARTESIAN_POINT('',(0.241449930143356,-0.798916666666667,0.99));
#7423=VECTOR('',#7424,1.);
#7424=DIRECTION('',(0.,0.,1.));
#7425=CARTESIAN_POINT('',(0.332400482265632,-0.798916666666667,0.99));
#7426=VECTOR('',#7427,1.);
#7427=DIRECTION('',(-1.,0.,0.));
#7428=CARTESIAN_POINT('',(0.851049900976817,-0.852130961827014,0.99));
#7429=CARTESIAN_POINT('',(0.851049900976817,-0.852130961827014,0.99));
#7430=VECTOR('',#7431,1.);
#7431=DIRECTION('',(0.,0.,1.));
#7432=CARTESIAN_POINT('',(0.797637165288508,-0.956376803234913,0.99));
#7433=CARTESIAN_POINT('',(0.797637165288508,-0.956376803234913,0.99));
#7434=CARTESIAN_POINT('',(0.851049900976817,-0.912753638768088,0.99));
#7435=CARTESIAN_POINT('',(0.851049900976817,-0.852130961827014,0.99));
#7436=CARTESIAN_POINT('',(0.797637165288508,-0.956376803234913,0.99));
#7437=VECTOR('',#7438,1.);
#7438=DIRECTION('',(0.,0.,1.));
#7439=CARTESIAN_POINT('',(0.851049900976817,-0.45783567254139,0.99));
#7440=CARTESIAN_POINT('',(0.851049900976817,-0.45783567254139,0.99));
#7441=VECTOR('',#7442,1.);
#7442=DIRECTION('',(0.,0.,1.));
#7443=CARTESIAN_POINT('',(0.851049900976817,-0.852130961827014,0.99));
#7444=VECTOR('',#7445,1.);
#7445=DIRECTION('',(0.,1.,0.));
#7446=CARTESIAN_POINT('',(0.797041843704621,-0.353093729813586,0.99));
#7447=CARTESIAN_POINT('',(0.797041843704621,-0.353093729813586,0.99));
#7448=VECTOR('',#7449,1.);
#7449=DIRECTION('',(0.,0.,1.));
#7450=CARTESIAN_POINT('',(0.851049900976817,-0.45783567254139,0.99));
#7451=CARTESIAN_POINT('',(0.851049900976817,-0.396220825258768,0.99));
#7452=CARTESIAN_POINT('',(0.797041843704621,-0.353093729813586,0.99));
#7453=CARTESIAN_POINT('',(0.668355131515206,-0.309966666666667,0.99));
#7454=CARTESIAN_POINT('',(0.668355131515206,-0.309966666666667,0.99));
#7455=VECTOR('',#7456,1.);
#7456=DIRECTION('',(0.,0.,1.));
#7457=CARTESIAN_POINT('',(0.797041843704621,-0.353093729813586,0.99));
#7458=CARTESIAN_POINT('',(0.743033786432426,-0.309966666666667,0.99));
#7459=CARTESIAN_POINT('',(0.668355131515206,-0.309966666666667,0.99));
#7460=CARTESIAN_POINT('',(0.607666307731477,-0.309966666666667,0.99));
#7461=CARTESIAN_POINT('',(0.607666307731477,-0.309966666666667,0.99));
#7462=VECTOR('',#7463,1.);
#7463=DIRECTION('',(0.,0.,1.));
#7464=CARTESIAN_POINT('',(0.668355131515206,-0.309966666666667,0.99));
#7465=VECTOR('',#7466,1.);
#7466=DIRECTION('',(-1.,0.,0.));
#7467=CARTESIAN_POINT('',(0.478400842967102,-0.354333983113349,0.99));
#7468=CARTESIAN_POINT('',(0.478400842967102,-0.354333983113349,0.99));
#7469=VECTOR('',#7470,1.);
#7470=DIRECTION('',(0.,0.,1.));
#7471=CARTESIAN_POINT('',(0.607666307731477,-0.309966666666667,0.99));
#7472=CARTESIAN_POINT('',(0.531201752659124,-0.309966666666667,0.99));
#7473=CARTESIAN_POINT('',(0.478400842967102,-0.354333983113349,0.99));
#7474=CARTESIAN_POINT('',(0.425599900976817,-0.45783567254139,0.99));
#7475=CARTESIAN_POINT('',(0.425599900976817,-0.45783567254139,0.99));
#7476=VECTOR('',#7477,1.);
#7477=DIRECTION('',(0.,0.,1.));
#7478=CARTESIAN_POINT('',(0.478400842967102,-0.354333983113349,0.99));
#7479=CARTESIAN_POINT('',(0.425599900976817,-0.398701299560032,0.99));
#7480=CARTESIAN_POINT('',(0.425599900976817,-0.45783567254139,0.99));
#7481=CARTESIAN_POINT('',(0.425599900976817,-0.852130961827014,0.99));
#7482=CARTESIAN_POINT('',(0.425599900976817,-0.852130961827014,0.99));
#7483=VECTOR('',#7484,1.);
#7484=DIRECTION('',(0.,0.,1.));
#7485=CARTESIAN_POINT('',(0.425599900976817,-0.45783567254139,0.99));
#7486=VECTOR('',#7487,1.);
#7487=DIRECTION('',(0.,-1.,0.));
#7488=CARTESIAN_POINT('',(0.481741193924606,-0.957120955214771,0.99));
#7489=CARTESIAN_POINT('',(0.481741193924606,-0.957120955214771,0.99));
#7490=VECTOR('',#7491,1.);
#7491=DIRECTION('',(0.,0.,1.));
#7492=CARTESIAN_POINT('',(0.425599900976817,-0.852130961827014,0.99));
#7493=CARTESIAN_POINT('',(0.425599900976817,-0.914241910429542,0.99));
#7494=CARTESIAN_POINT('',(0.481741193924606,-0.957120955214771,0.99));
#7495=CARTESIAN_POINT('',(0.607666307731477,-1.,0.99));
#7496=CARTESIAN_POINT('',(0.607666307731477,-1.,0.99));
#7497=VECTOR('',#7498,1.);
#7498=DIRECTION('',(0.,0.,1.));
#7499=CARTESIAN_POINT('',(0.481741193924606,-0.957120955214771,0.99));
#7500=CARTESIAN_POINT('',(0.537882454574131,-1.,0.99));
#7501=CARTESIAN_POINT('',(0.607666307731477,-1.,0.99));
#7502=CARTESIAN_POINT('',(0.668355131515206,-1.,0.99));
#7503=CARTESIAN_POINT('',(0.668355131515206,-1.,0.99));
#7504=VECTOR('',#7505,1.);
#7505=DIRECTION('',(0.,0.,1.));
#7506=CARTESIAN_POINT('',(0.607666307731477,-1.,0.99));
#7507=VECTOR('',#7508,1.);
#7508=DIRECTION('',(1.,0.,0.));
#7509=CARTESIAN_POINT('',(0.668355131515206,-1.,0.99));
#7510=CARTESIAN_POINT('',(0.744224397301936,-1.,0.99));
#7511=CARTESIAN_POINT('',(0.797637165288508,-0.956376803234913,0.99));
#7512=CARTESIAN_POINT('',(0.789666567643484,-0.458827842882938,0.99));
#7513=CARTESIAN_POINT('',(0.789666567643484,-0.458827842882938,0.99));
#7514=VECTOR('',#7515,1.);
#7515=DIRECTION('',(0.,0.,1.));
#7516=CARTESIAN_POINT('',(0.75401396852342,-0.389705458152133,0.99));
#7517=CARTESIAN_POINT('',(0.789666567643484,-0.458827842882938,0.99));
#7518=CARTESIAN_POINT('',(0.789666567643484,-0.418644249637598,0.99));
#7519=CARTESIAN_POINT('',(0.75401396852342,-0.389705458152133,0.99));
#7520=CARTESIAN_POINT('',(0.75401396852342,-0.389705458152133,0.99));
#7521=VECTOR('',#7522,1.);
#7522=DIRECTION('',(0.,0.,1.));
#7523=CARTESIAN_POINT('',(0.668222837829898,-0.360766666666667,0.99));
#7524=CARTESIAN_POINT('',(0.75401396852342,-0.389705458152133,0.99));
#7525=CARTESIAN_POINT('',(0.718361369403357,-0.360766666666667,0.99));
#7526=CARTESIAN_POINT('',(0.668222837829898,-0.360766666666667,0.99));
#7527=CARTESIAN_POINT('',(0.668222837829898,-0.360766666666667,0.99));
#7528=VECTOR('',#7529,1.);
#7529=DIRECTION('',(0.,0.,1.));
#7530=CARTESIAN_POINT('',(0.607798601416785,-0.360766666666667,0.99));
#7531=CARTESIAN_POINT('',(0.668222837829898,-0.360766666666667,0.99));
#7532=VECTOR('',#7533,1.);
#7533=DIRECTION('',(-1.,0.,0.));
#7534=CARTESIAN_POINT('',(0.607798601416785,-0.360766666666667,0.99));
#7535=VECTOR('',#7536,1.);
#7536=DIRECTION('',(0.,0.,1.));
#7537=CARTESIAN_POINT('',(0.52232166822587,-0.38945740749218,0.99));
#7538=CARTESIAN_POINT('',(0.607798601416785,-0.360766666666667,0.99));
#7539=CARTESIAN_POINT('',(0.557660069843326,-0.360766666666667,0.99));
#7540=CARTESIAN_POINT('',(0.52232166822587,-0.38945740749218,0.99));
#7541=CARTESIAN_POINT('',(0.52232166822587,-0.38945740749218,0.99));
#7542=VECTOR('',#7543,1.);
#7543=DIRECTION('',(0.,0.,1.));
#7544=CARTESIAN_POINT('',(0.48698323431015,-0.458827842882938,0.99));
#7545=CARTESIAN_POINT('',(0.52232166822587,-0.38945740749218,0.99));
#7546=CARTESIAN_POINT('',(0.48698323431015,-0.418148148317693,0.99));
#7547=CARTESIAN_POINT('',(0.48698323431015,-0.458827842882938,0.99));
#7548=CARTESIAN_POINT('',(0.48698323431015,-0.458827842882938,0.99));
#7549=VECTOR('',#7550,1.);
#7550=DIRECTION('',(0.,0.,1.));
#7551=CARTESIAN_POINT('',(0.48698323431015,-0.851138791485466,0.99));
#7552=CARTESIAN_POINT('',(0.48698323431015,-0.458827842882938,0.99));
#7553=VECTOR('',#7554,1.);
#7554=DIRECTION('',(0.,-1.,0.));
#7555=CARTESIAN_POINT('',(0.48698323431015,-0.851138791485466,0.99));
#7556=VECTOR('',#7557,1.);
#7557=DIRECTION('',(0.,0.,1.));
#7558=CARTESIAN_POINT('',(0.523528815806043,-0.920029662266982,0.99));
#7559=CARTESIAN_POINT('',(0.48698323431015,-0.851138791485466,0.99));
#7560=CARTESIAN_POINT('',(0.48698323431015,-0.890859356832227,0.99));
#7561=CARTESIAN_POINT('',(0.523528815806043,-0.920029662266982,0.99));
#7562=CARTESIAN_POINT('',(0.523528815806043,-0.920029662266982,0.99));
#7563=VECTOR('',#7564,1.);
#7564=DIRECTION('',(0.,0.,1.));
#7565=CARTESIAN_POINT('',(0.607798601416785,-0.9492,0.99));
#7566=CARTESIAN_POINT('',(0.523528815806043,-0.920029662266982,0.99));
#7567=CARTESIAN_POINT('',(0.560074397301936,-0.9492,0.99));
#7568=CARTESIAN_POINT('',(0.607798601416785,-0.9492,0.99));
#7569=CARTESIAN_POINT('',(0.607798601416785,-0.9492,0.99));
#7570=VECTOR('',#7571,1.);
#7571=DIRECTION('',(0.,0.,1.));
#7572=CARTESIAN_POINT('',(0.668222837829898,-0.9492,0.99));
#7573=CARTESIAN_POINT('',(0.607798601416785,-0.9492,0.99));
#7574=VECTOR('',#7575,1.);
#7575=DIRECTION('',(1.,0.,0.));
#7576=CARTESIAN_POINT('',(0.668222837829898,-0.9492,0.99));
#7577=VECTOR('',#7578,1.);
#7578=DIRECTION('',(0.,0.,1.));
#7579=CARTESIAN_POINT('',(0.753418679237797,-0.921253378856082,0.99));
#7580=CARTESIAN_POINT('',(0.668222837829898,-0.9492,0.99));
#7581=CARTESIAN_POINT('',(0.717170758533847,-0.9492,0.99));
#7582=CARTESIAN_POINT('',(0.753418679237797,-0.921253378856082,0.99));
#7583=CARTESIAN_POINT('',(0.753418679237797,-0.921253378856082,0.99));
#7584=VECTOR('',#7585,1.);
#7585=DIRECTION('',(0.,0.,1.));
#7586=CARTESIAN_POINT('',(0.789666567643484,-0.851138791485466,0.99));
#7587=CARTESIAN_POINT('',(0.753418679237797,-0.921253378856082,0.99));
#7588=CARTESIAN_POINT('',(0.789666567643484,-0.893306757712164,0.99));
#7589=CARTESIAN_POINT('',(0.789666567643484,-0.851138791485466,0.99));
#7590=CARTESIAN_POINT('',(0.789666567643484,-0.851138791485466,0.99));
#7591=VECTOR('',#7592,1.);
#7592=DIRECTION('',(0.,0.,1.));
#7593=CARTESIAN_POINT('',(0.789666567643484,-0.851138791485466,0.99));
#7594=VECTOR('',#7595,1.);
#7595=DIRECTION('',(0.,1.,0.));
#7596=CARTESIAN_POINT('',(-0.157409397522331,-0.427011696040284,0.99));
#7597=CARTESIAN_POINT('',(-0.157409397522331,-0.427011696040284,0.99));
#7598=VECTOR('',#7599,1.);
#7599=DIRECTION('',(0.,0.,1.));
#7600=CARTESIAN_POINT('',(-0.154366707356771,-0.442820565346761,0.99));
#7601=CARTESIAN_POINT('',(-0.154366707356771,-0.442820565346761,0.99));
#7602=VECTOR('',#7603,1.);
#7603=DIRECTION('',(-0.188998519468235,0.981977372264155,0.));
#7604=CARTESIAN_POINT('',(-0.154366707356771,-0.442820565346761,0.99));
#7605=VECTOR('',#7606,1.);
#7606=DIRECTION('',(0.,0.,1.));
#7607=CARTESIAN_POINT('',(-0.517705758754243,-1.,0.99));
#7608=CARTESIAN_POINT('',(-0.517705758754243,-1.,0.99));
#7609=VECTOR('',#7610,1.);
#7610=DIRECTION('',(0.,0.,1.));
#7611=CARTESIAN_POINT('',(-0.548066707356771,-0.975360656392258,0.99));
#7612=CARTESIAN_POINT('',(-0.548066707356771,-0.975360656392258,0.99));
#7613=CARTESIAN_POINT('',(-0.548066707356771,-1.,0.99));
#7614=CARTESIAN_POINT('',(-0.517705758754243,-1.,0.99));
#7615=CARTESIAN_POINT('',(-0.548066707356771,-0.975360656392258,0.99));
#7616=VECTOR('',#7617,1.);
#7617=DIRECTION('',(0.,0.,1.));
#7618=CARTESIAN_POINT('',(-0.305311476818382,-1.,0.99));
#7619=CARTESIAN_POINT('',(-0.305311476818382,-1.,0.99));
#7620=VECTOR('',#7621,1.);
#7621=DIRECTION('',(0.,0.,1.));
#7622=CARTESIAN_POINT('',(-0.517705758754243,-1.,0.99));
#7623=VECTOR('',#7624,1.);
#7624=DIRECTION('',(1.,0.,0.));
#7625=CARTESIAN_POINT('',(-0.179369826300847,-0.955715334808372,0.99));
#7626=CARTESIAN_POINT('',(-0.179369826300847,-0.955715334808372,0.99));
#7627=VECTOR('',#7628,1.);
#7628=DIRECTION('',(0.,0.,1.));
#7629=CARTESIAN_POINT('',(-0.305311476818382,-1.,0.99));
#7630=CARTESIAN_POINT('',(-0.236122945244922,-1.,0.99));
#7631=CARTESIAN_POINT('',(-0.179369826300847,-0.955715334808372,0.99));
#7632=CARTESIAN_POINT('',(-0.122616707356771,-0.852362475776303,0.99));
#7633=CARTESIAN_POINT('',(-0.122616707356771,-0.852362475776303,0.99));
#7634=VECTOR('',#7635,1.);
#7635=DIRECTION('',(0.,0.,1.));
#7636=CARTESIAN_POINT('',(-0.179369826300847,-0.955715334808372,0.99));
#7637=CARTESIAN_POINT('',(-0.122616707356771,-0.911430701915007,0.99));
#7638=CARTESIAN_POINT('',(-0.122616707356771,-0.852362475776303,0.99));
#7639=CARTESIAN_POINT('',(-0.122616707356771,-0.753970565346761,0.99));
#7640=CARTESIAN_POINT('',(-0.122616707356771,-0.753970565346761,0.99));
#7641=VECTOR('',#7642,1.);
#7642=DIRECTION('',(0.,0.,1.));
#7643=CARTESIAN_POINT('',(-0.122616707356771,-0.852362475776303,0.99));
#7644=VECTOR('',#7645,1.);
#7645=DIRECTION('',(0.,1.,0.));
#7646=CARTESIAN_POINT('',(-0.150894030415696,-0.677687881793444,0.99));
#7647=CARTESIAN_POINT('',(-0.150894030415696,-0.677687881793444,0.99));
#7648=VECTOR('',#7649,1.);
#7649=DIRECTION('',(0.,0.,1.));
#7650=CARTESIAN_POINT('',(-0.122616707356771,-0.753970565346761,0.99));
#7651=CARTESIAN_POINT('',(-0.122616707356771,-0.714580701915007,0.99));
#7652=CARTESIAN_POINT('',(-0.150894030415696,-0.677687881793444,0.99));
#7653=CARTESIAN_POINT('',(-0.222199228655822,-0.623067966226698,0.99));
#7654=CARTESIAN_POINT('',(-0.222199228655822,-0.623067966226698,0.99));
#7655=VECTOR('',#7656,1.);
#7656=DIRECTION('',(0.,0.,1.));
#7657=CARTESIAN_POINT('',(-0.150894030415696,-0.677687881793444,0.99));
#7658=CARTESIAN_POINT('',(-0.179171385772884,-0.640795029373617,0.99));
#7659=CARTESIAN_POINT('',(-0.222199228655822,-0.623067966226698,0.99));
#7660=CARTESIAN_POINT('',(-0.170704719106218,-0.571209616744233,0.99));
#7661=CARTESIAN_POINT('',(-0.170704719106218,-0.571209616744233,0.99));
#7662=VECTOR('',#7663,1.);
#7663=DIRECTION('',(0.,0.,1.));
#7664=CARTESIAN_POINT('',(-0.222199228655822,-0.623067966226698,0.99));
#7665=CARTESIAN_POINT('',(-0.187042730855665,-0.598858577096208,0.99));
#7666=CARTESIAN_POINT('',(-0.170704719106218,-0.571209616744233,0.99));
#7667=CARTESIAN_POINT('',(-0.154366707356771,-0.507511176216271,0.99));
#7668=CARTESIAN_POINT('',(-0.154366707356771,-0.507511176216271,0.99));
#7669=VECTOR('',#7670,1.);
#7670=DIRECTION('',(0.,0.,1.));
#7671=CARTESIAN_POINT('',(-0.170704719106218,-0.571209616744233,0.99));
#7672=CARTESIAN_POINT('',(-0.154366707356771,-0.543560656392259,0.99));
#7673=CARTESIAN_POINT('',(-0.154366707356771,-0.507511176216271,0.99));
#7674=CARTESIAN_POINT('',(-0.154366707356771,-0.507511176216271,0.99));
#7675=VECTOR('',#7676,1.);
#7676=DIRECTION('',(0.,1.,0.));
#7677=CARTESIAN_POINT('',(-0.166504459194212,-0.400851039648025,0.99));
#7678=CARTESIAN_POINT('',(-0.166504459194212,-0.400851039648025,0.99));
#7679=VECTOR('',#7680,1.);
#7680=DIRECTION('',(0.,0.,1.));
#7681=CARTESIAN_POINT('',(-0.157409397522331,-0.427011696040284,0.99));
#7682=VECTOR('',#7683,1.);
#7683=DIRECTION('',(-0.328382217708131,0.944544926984995,0.));
#7684=CARTESIAN_POINT('',(-0.206621905596897,-0.353424464026856,0.99));
#7685=CARTESIAN_POINT('',(-0.206621905596897,-0.353424464026856,0.99));
#7686=VECTOR('',#7687,1.);
#7687=DIRECTION('',(0.,0.,1.));
#7688=CARTESIAN_POINT('',(-0.166504459194212,-0.400851039648025,0.99));
#7689=CARTESIAN_POINT('',(-0.179898968743816,-0.374161176216271,0.99));
#7690=CARTESIAN_POINT('',(-0.206621905596897,-0.353424464026856,0.99));
#7691=CARTESIAN_POINT('',(-0.335407838050293,-0.309966666666667,0.99));
#7692=CARTESIAN_POINT('',(-0.335407838050293,-0.309966666666667,0.99));
#7693=VECTOR('',#7694,1.);
#7694=DIRECTION('',(0.,0.,1.));
#7695=CARTESIAN_POINT('',(-0.206621905596897,-0.353424464026856,0.99));
#7696=CARTESIAN_POINT('',(-0.260696109711747,-0.309966666666667,0.99));
#7697=CARTESIAN_POINT('',(-0.335407838050293,-0.309966666666667,0.99));
#7698=CARTESIAN_POINT('',(-0.517672685332916,-0.309966666666667,0.99));
#7699=CARTESIAN_POINT('',(-0.517672685332916,-0.309966666666667,0.99));
#7700=VECTOR('',#7701,1.);
#7701=DIRECTION('',(0.,0.,1.));
#7702=CARTESIAN_POINT('',(-0.335407838050293,-0.309966666666667,0.99));
#7703=VECTOR('',#7704,1.);
#7704=DIRECTION('',(-1.,0.,0.));
#7705=CARTESIAN_POINT('',(-0.548066707356771,-0.334605977976145,0.99));
#7706=CARTESIAN_POINT('',(-0.548066707356771,-0.334605977976145,0.99));
#7707=VECTOR('',#7708,1.);
#7708=DIRECTION('',(0.,0.,1.));
#7709=CARTESIAN_POINT('',(-0.517672685332916,-0.309966666666667,0.99));
#7710=CARTESIAN_POINT('',(-0.548066707356771,-0.309966666666667,0.99));
#7711=CARTESIAN_POINT('',(-0.548066707356771,-0.334605977976145,0.99));
#7712=CARTESIAN_POINT('',(-0.548066707356771,-0.334605977976145,0.99));
#7713=VECTOR('',#7714,1.);
#7714=DIRECTION('',(0.,-1.,0.));
#7715=CARTESIAN_POINT('',(-0.30544377050369,-0.9492,0.99));
#7716=CARTESIAN_POINT('',(-0.30544377050369,-0.9492,0.99));
#7717=VECTOR('',#7718,1.);
#7718=DIRECTION('',(0.,0.,1.));
#7719=CARTESIAN_POINT('',(-0.220247929095791,-0.921402209252054,0.99));
#7720=CARTESIAN_POINT('',(-0.30544377050369,-0.9492,0.99));
#7721=CARTESIAN_POINT('',(-0.25649584979974,-0.9492,0.99));
#7722=CARTESIAN_POINT('',(-0.220247929095791,-0.921402209252054,0.99));
#7723=CARTESIAN_POINT('',(-0.220247929095791,-0.921402209252054,0.99));
#7724=VECTOR('',#7725,1.);
#7725=DIRECTION('',(0.,0.,1.));
#7726=CARTESIAN_POINT('',(-0.184000040690104,-0.851667966226698,0.99));
#7727=CARTESIAN_POINT('',(-0.220247929095791,-0.921402209252054,0.99));
#7728=CARTESIAN_POINT('',(-0.184000040690104,-0.893604418504107,0.99));
#7729=CARTESIAN_POINT('',(-0.184000040690104,-0.851667966226698,0.99));
#7730=CARTESIAN_POINT('',(-0.184000040690104,-0.851667966226698,0.99));
#7731=VECTOR('',#7732,1.);
#7732=DIRECTION('',(0.,0.,1.));
#7733=CARTESIAN_POINT('',(-0.184000040690104,-0.754135932453396,0.99));
#7734=CARTESIAN_POINT('',(-0.184000040690104,-0.851667966226698,0.99));
#7735=VECTOR('',#7736,1.);
#7736=DIRECTION('',(0.,1.,0.));
#7737=CARTESIAN_POINT('',(-0.184000040690104,-0.754135932453396,0.99));
#7738=VECTOR('',#7739,1.);
#7739=DIRECTION('',(0.,0.,1.));
#7740=CARTESIAN_POINT('',(-0.220859787390341,-0.686601039648025,0.99));
#7741=CARTESIAN_POINT('',(-0.184000040690104,-0.754135932453396,0.99));
#7742=CARTESIAN_POINT('',(-0.184000040690104,-0.71610207929605,0.99));
#7743=CARTESIAN_POINT('',(-0.220859787390341,-0.686601039648025,0.99));
#7744=CARTESIAN_POINT('',(-0.220859787390341,-0.686601039648025,0.99));
#7745=VECTOR('',#7746,1.);
#7746=DIRECTION('',(0.,0.,1.));
#7747=CARTESIAN_POINT('',(-0.30544377050369,-0.6571,0.99));
#7748=CARTESIAN_POINT('',(-0.220859787390341,-0.686601039648025,0.99));
#7749=CARTESIAN_POINT('',(-0.25771956638884,-0.6571,0.99));
#7750=CARTESIAN_POINT('',(-0.30544377050369,-0.6571,0.99));
#7751=CARTESIAN_POINT('',(-0.30544377050369,-0.6571,0.99));
#7752=VECTOR('',#7753,1.);
#7753=DIRECTION('',(0.,0.,1.));
#7754=CARTESIAN_POINT('',(-0.486683374023437,-0.6571,0.99));
#7755=CARTESIAN_POINT('',(-0.30544377050369,-0.6571,0.99));
#7756=VECTOR('',#7757,1.);
#7757=DIRECTION('',(-1.,0.,0.));
#7758=CARTESIAN_POINT('',(-0.486683374023437,-0.6571,0.99));
#7759=VECTOR('',#7760,1.);
#7760=DIRECTION('',(0.,0.,1.));
#7761=CARTESIAN_POINT('',(-0.486683374023437,-0.9492,0.99));
#7762=CARTESIAN_POINT('',(-0.486683374023437,-0.6571,0.99));
#7763=VECTOR('',#7764,1.);
#7764=DIRECTION('',(0.,-1.,0.));
#7765=CARTESIAN_POINT('',(-0.486683374023437,-0.9492,0.99));
#7766=VECTOR('',#7767,1.);
#7767=DIRECTION('',(0.,0.,1.));
#7768=CARTESIAN_POINT('',(-0.486683374023437,-0.9492,0.99));
#7769=VECTOR('',#7770,1.);
#7770=DIRECTION('',(1.,0.,0.));
#7771=CARTESIAN_POINT('',(-0.336168526740815,-0.6063,0.99));
#7772=CARTESIAN_POINT('',(-0.336168526740815,-0.6063,0.99));
#7773=VECTOR('',#7774,1.);
#7774=DIRECTION('',(0.,0.,1.));
#7775=CARTESIAN_POINT('',(-0.251270346124859,-0.577377712926935,0.99));
#7776=CARTESIAN_POINT('',(-0.336168526740815,-0.6063,0.99));
#7777=CARTESIAN_POINT('',(-0.286790651559614,-0.6063,0.99));
#7778=CARTESIAN_POINT('',(-0.251270346124859,-0.577377712926935,0.99));
#7779=CARTESIAN_POINT('',(-0.251270346124859,-0.577377712926935,0.99));
#7780=VECTOR('',#7781,1.);
#7781=DIRECTION('',(0.,0.,1.));
#7782=CARTESIAN_POINT('',(-0.215750040690104,-0.507808837008214,0.99));
#7783=CARTESIAN_POINT('',(-0.251270346124859,-0.577377712926935,0.99));
#7784=CARTESIAN_POINT('',(-0.215750040690104,-0.548455458152132,0.99));
#7785=CARTESIAN_POINT('',(-0.215750040690104,-0.507808837008214,0.99));
#7786=CARTESIAN_POINT('',(-0.215750040690104,-0.507808837008214,0.99));
#7787=VECTOR('',#7788,1.);
#7788=DIRECTION('',(0.,0.,1.));
#7789=CARTESIAN_POINT('',(-0.215750040690104,-0.458794769461611,0.99));
#7790=CARTESIAN_POINT('',(-0.215750040690104,-0.507808837008214,0.99));
#7791=VECTOR('',#7792,1.);
#7792=DIRECTION('',(0.,1.,0.));
#7793=CARTESIAN_POINT('',(-0.215750040690104,-0.458794769461611,0.99));
#7794=VECTOR('',#7795,1.);
#7795=DIRECTION('',(0.,0.,1.));
#7796=CARTESIAN_POINT('',(-0.250377363749029,-0.389440870781516,0.99));
#7797=CARTESIAN_POINT('',(-0.215750040690104,-0.458794769461611,0.99));
#7798=CARTESIAN_POINT('',(-0.215750040690104,-0.418115074896366,0.99));
#7799=CARTESIAN_POINT('',(-0.250377363749029,-0.389440870781516,0.99));
#7800=CARTESIAN_POINT('',(-0.250377363749029,-0.389440870781516,0.99));
#7801=VECTOR('',#7802,1.);
#7802=DIRECTION('',(0.,0.,1.));
#7803=CARTESIAN_POINT('',(-0.336168526740815,-0.360766666666667,0.99));
#7804=CARTESIAN_POINT('',(-0.250377363749029,-0.389440870781516,0.99));
#7805=CARTESIAN_POINT('',(-0.285004719106218,-0.360766666666667,0.99));
#7806=CARTESIAN_POINT('',(-0.336168526740815,-0.360766666666667,0.99));
#7807=CARTESIAN_POINT('',(-0.336168526740815,-0.360766666666667,0.99));
#7808=VECTOR('',#7809,1.);
#7809=DIRECTION('',(0.,0.,1.));
#7810=CARTESIAN_POINT('',(-0.486683374023437,-0.360766666666667,0.99));
#7811=CARTESIAN_POINT('',(-0.336168526740815,-0.360766666666667,0.99));
#7812=VECTOR('',#7813,1.);
#7813=DIRECTION('',(-1.,0.,0.));
#7814=CARTESIAN_POINT('',(-0.486683374023437,-0.360766666666667,0.99));
#7815=VECTOR('',#7816,1.);
#7816=DIRECTION('',(0.,0.,1.));
#7817=CARTESIAN_POINT('',(-0.486683374023437,-0.6063,0.99));
#7818=CARTESIAN_POINT('',(-0.486683374023437,-0.360766666666667,0.99));
#7819=VECTOR('',#7820,1.);
#7820=DIRECTION('',(0.,-1.,0.));
#7821=CARTESIAN_POINT('',(-0.486683374023437,-0.6063,0.99));
#7822=VECTOR('',#7823,1.);
#7823=DIRECTION('',(0.,0.,1.));
#7824=CARTESIAN_POINT('',(-0.486683374023437,-0.6063,0.99));
#7825=VECTOR('',#7826,1.);
#7826=DIRECTION('',(1.,0.,0.));
#7827=CARTESIAN_POINT('',(1.33973531673792,-0.323228882530963,0.99));
#7828=CARTESIAN_POINT('',(1.33973531673792,-0.323228882530963,0.99));
#7829=VECTOR('',#7830,1.);
#7830=DIRECTION('',(0.,0.,1.));
#7831=CARTESIAN_POINT('',(1.36573060602355,-0.309966666666667,0.99));
#7832=CARTESIAN_POINT('',(1.36573060602355,-0.309966666666667,0.99));
#7833=CARTESIAN_POINT('',(1.34820198340459,-0.309966666666667,0.99));
#7834=CARTESIAN_POINT('',(1.33973531673792,-0.323228882530963,0.99));
#7835=CARTESIAN_POINT('',(1.36573060602355,-0.309966666666667,0.99));
#7836=VECTOR('',#7837,1.);
#7837=DIRECTION('',(0.,0.,1.));
#7838=CARTESIAN_POINT('',(1.38808791585799,-0.316829272398973,0.99));
#7839=CARTESIAN_POINT('',(1.38808791585799,-0.316829272398973,0.99));
#7840=CARTESIAN_POINT('',(1.37902592760743,-0.309966666666667,0.99));
#7841=CARTESIAN_POINT('',(1.36573060602355,-0.309966666666667,0.99));
#7842=CARTESIAN_POINT('',(1.38808791585799,-0.316829272398973,0.99));
#7843=VECTOR('',#7844,1.);
#7844=DIRECTION('',(0.,0.,1.));
#7845=CARTESIAN_POINT('',(1.39714987181028,-0.334010656392259,0.99));
#7846=CARTESIAN_POINT('',(1.39714987181028,-0.334010656392259,0.99));
#7847=CARTESIAN_POINT('',(1.39714987181028,-0.323691910429542,0.99));
#7848=CARTESIAN_POINT('',(1.38808791585799,-0.316829272398973,0.99));
#7849=CARTESIAN_POINT('',(1.39714987181028,-0.334010656392259,0.99));
#7850=VECTOR('',#7851,1.);
#7851=DIRECTION('',(0.,0.,1.));
#7852=CARTESIAN_POINT('',(1.39291653847694,-0.346776803234913,0.99));
#7853=CARTESIAN_POINT('',(1.39291653847694,-0.346776803234913,0.99));
#7854=CARTESIAN_POINT('',(1.39714987181028,-0.33989762849368,0.99));
#7855=CARTESIAN_POINT('',(1.39714987181028,-0.334010656392259,0.99));
#7856=CARTESIAN_POINT('',(1.39291653847694,-0.346776803234913,0.99));
#7857=VECTOR('',#7858,1.);
#7858=DIRECTION('',(0.,0.,1.));
#7859=CARTESIAN_POINT('',(1.18971653847694,-0.653924983850868,0.99));
#7860=CARTESIAN_POINT('',(1.18971653847694,-0.653924983850868,0.99));
#7861=VECTOR('',#7862,1.);
#7862=DIRECTION('',(0.55175392428702,0.834006958624371,0.));
#7863=CARTESIAN_POINT('',(1.18971653847694,-0.653924983850868,0.99));
#7864=VECTOR('',#7865,1.);
#7865=DIRECTION('',(0.,0.,1.));
#7866=CARTESIAN_POINT('',(1.39291653847694,-0.962958317184202,0.99));
#7867=CARTESIAN_POINT('',(1.39291653847694,-0.962958317184202,0.99));
#7868=VECTOR('',#7869,1.);
#7869=DIRECTION('',(-0.549406263376795,0.835555358885543,0.));
#7870=CARTESIAN_POINT('',(1.39291653847694,-0.962958317184202,0.99));
#7871=VECTOR('',#7872,1.);
#7872=DIRECTION('',(0.,0.,1.));
#7873=CARTESIAN_POINT('',(1.39714987181028,-0.975823684290837,0.99));
#7874=CARTESIAN_POINT('',(1.39714987181028,-0.975823684290837,0.99));
#7875=CARTESIAN_POINT('',(1.39714987181028,-0.968415334808372,0.99));
#7876=CARTESIAN_POINT('',(1.39291653847694,-0.962958317184202,0.99));
#7877=CARTESIAN_POINT('',(1.39714987181028,-0.975823684290837,0.99));
#7878=VECTOR('',#7879,1.);
#7879=DIRECTION('',(0.,0.,1.));
#7880=CARTESIAN_POINT('',(1.3874925942741,-0.993087751837441,0.99));
#7881=CARTESIAN_POINT('',(1.3874925942741,-0.993087751837441,0.99));
#7882=CARTESIAN_POINT('',(1.39714987181028,-0.984687232013428,0.99));
#7883=CARTESIAN_POINT('',(1.39714987181028,-0.975823684290837,0.99));
#7884=CARTESIAN_POINT('',(1.3874925942741,-0.993087751837441,0.99));
#7885=VECTOR('',#7886,1.);
#7886=DIRECTION('',(0.,0.,1.));
#7887=CARTESIAN_POINT('',(1.3651022433166,-1.,0.99));
#7888=CARTESIAN_POINT('',(1.3651022433166,-1.,0.99));
#7889=CARTESIAN_POINT('',(1.3778022433166,-1.,0.99));
#7890=CARTESIAN_POINT('',(1.3874925942741,-0.993087751837441,0.99));
#7891=CARTESIAN_POINT('',(1.3651022433166,-1.,0.99));
#7892=VECTOR('',#7893,1.);
#7893=DIRECTION('',(0.,0.,1.));
#7894=CARTESIAN_POINT('',(1.33973531673792,-0.98663853157346,0.99));
#7895=CARTESIAN_POINT('',(1.33973531673792,-0.98663853157346,0.99));
#7896=CARTESIAN_POINT('',(1.34879727269021,-1.,0.99));
#7897=CARTESIAN_POINT('',(1.3651022433166,-1.,0.99));
#7898=CARTESIAN_POINT('',(1.33973531673792,-0.98663853157346,0.99));
#7899=VECTOR('',#7900,1.);
#7900=DIRECTION('',(0.,0.,1.));
#7901=CARTESIAN_POINT('',(1.15479155462608,-0.705783333333333,0.99));
#7902=CARTESIAN_POINT('',(1.15479155462608,-0.705783333333333,0.99));
#7903=VECTOR('',#7904,1.);
#7904=DIRECTION('',(0.549970530273762,-0.835184061049058,0.));
#7905=CARTESIAN_POINT('',(1.15479155462608,-0.705783333333333,0.99));
#7906=VECTOR('',#7907,1.);
#7907=DIRECTION('',(0.,0.,1.));
#7908=CARTESIAN_POINT('',(0.969847792514227,-0.98663853157346,0.99));
#7909=CARTESIAN_POINT('',(0.969847792514227,-0.98663853157346,0.99));
#7910=VECTOR('',#7911,1.);
#7911=DIRECTION('',(0.549970530273761,0.835184061049059,0.));
#7912=CARTESIAN_POINT('',(0.969847792514227,-0.98663853157346,0.99));
#7913=VECTOR('',#7914,1.);
#7914=DIRECTION('',(0.,0.,1.));
#7915=CARTESIAN_POINT('',(0.943852503228604,-1.,0.99));
#7916=CARTESIAN_POINT('',(0.943852503228604,-1.,0.99));
#7917=CARTESIAN_POINT('',(0.96138112584756,-1.,0.99));
#7918=CARTESIAN_POINT('',(0.969847792514227,-0.98663853157346,0.99));
#7919=CARTESIAN_POINT('',(0.943852503228604,-1.,0.99));
#7920=VECTOR('',#7921,1.);
#7921=DIRECTION('',(0.,0.,1.));
#7922=CARTESIAN_POINT('',(0.921495193394164,-0.993104288548104,0.99));
#7923=CARTESIAN_POINT('',(0.921495193394164,-0.993104288548104,0.99));
#7924=CARTESIAN_POINT('',(0.930557181644717,-1.,0.99));
#7925=CARTESIAN_POINT('',(0.943852503228604,-1.,0.99));
#7926=CARTESIAN_POINT('',(0.921495193394164,-0.993104288548104,0.99));
#7927=VECTOR('',#7928,1.);
#7928=DIRECTION('',(0.,0.,1.));
#7929=CARTESIAN_POINT('',(0.912433205143611,-0.975889831133491,0.99));
#7930=CARTESIAN_POINT('',(0.912433205143611,-0.975889831133491,0.99));
#7931=CARTESIAN_POINT('',(0.912433205143611,-0.986208577096208,0.99));
#7932=CARTESIAN_POINT('',(0.921495193394164,-0.993104288548104,0.99));
#7933=CARTESIAN_POINT('',(0.912433205143611,-0.975889831133491,0.99));
#7934=VECTOR('',#7935,1.);
#7935=DIRECTION('',(0.,0.,1.));
#7936=CARTESIAN_POINT('',(0.916666538476944,-0.96309061086951,0.99));
#7937=CARTESIAN_POINT('',(0.916666538476944,-0.96309061086951,0.99));
#7938=CARTESIAN_POINT('',(0.912433205143611,-0.969969785610742,0.99));
#7939=CARTESIAN_POINT('',(0.912433205143611,-0.975889831133491,0.99));
#7940=CARTESIAN_POINT('',(0.916666538476944,-0.96309061086951,0.99));
#7941=VECTOR('',#7942,1.);
#7942=DIRECTION('',(0.,0.,1.));
#7943=CARTESIAN_POINT('',(1.11986653847694,-0.654983333333333,0.99));
#7944=CARTESIAN_POINT('',(1.11986653847694,-0.654983333333333,0.99));
#7945=VECTOR('',#7946,1.);
#7946=DIRECTION('',(-0.550557562431397,-0.834797203187456,0.));
#7947=CARTESIAN_POINT('',(1.11986653847694,-0.654983333333333,0.99));
#7948=VECTOR('',#7949,1.);
#7949=DIRECTION('',(0.,0.,1.));
#7950=CARTESIAN_POINT('',(0.916666538476944,-0.346876023498894,0.99));
#7951=CARTESIAN_POINT('',(0.916666538476944,-0.346876023498894,0.99));
#7952=VECTOR('',#7953,1.);
#7953=DIRECTION('',(0.550557522211413,-0.834797229712958,0.));
#7954=CARTESIAN_POINT('',(0.916666538476944,-0.346876023498894,0.99));
#7955=VECTOR('',#7956,1.);
#7956=DIRECTION('',(0.,0.,1.));
#7957=CARTESIAN_POINT('',(0.912433205143611,-0.334076803234913,0.99));
#7958=CARTESIAN_POINT('',(0.912433205143611,-0.334076803234913,0.99));
#7959=VECTOR('',#7960,1.);
#7960=DIRECTION('',(0.3140189302408,-0.949416721703607,0.));
#7961=CARTESIAN_POINT('',(0.912433205143611,-0.334076803234913,0.99));
#7962=VECTOR('',#7963,1.);
#7963=DIRECTION('',(0.,0.,1.));
#7964=CARTESIAN_POINT('',(0.921495193394164,-0.3193262834109,0.99));
#7965=CARTESIAN_POINT('',(0.921495193394164,-0.3193262834109,0.99));
#7966=CARTESIAN_POINT('',(0.912433205143611,-0.328685932453396,0.99));
#7967=CARTESIAN_POINT('',(0.912433205143611,-0.334076803234913,0.99));
#7968=CARTESIAN_POINT('',(0.921495193394164,-0.3193262834109,0.99));
#7969=VECTOR('',#7970,1.);
#7970=DIRECTION('',(0.,0.,1.));
#7971=CARTESIAN_POINT('',(0.944480865935554,-0.309966666666667,0.99));
#7972=CARTESIAN_POINT('',(0.944480865935554,-0.309966666666667,0.99));
#7973=CARTESIAN_POINT('',(0.930557181644717,-0.309966666666667,0.99));
#7974=CARTESIAN_POINT('',(0.921495193394164,-0.3193262834109,0.99));
#7975=CARTESIAN_POINT('',(0.944480865935554,-0.309966666666667,0.99));
#7976=VECTOR('',#7977,1.);
#7977=DIRECTION('',(0.,0.,1.));
#7978=CARTESIAN_POINT('',(0.969847792514227,-0.323228882530963,0.99));
#7979=CARTESIAN_POINT('',(0.969847792514227,-0.323228882530963,0.99));
#7980=CARTESIAN_POINT('',(0.960785836561937,-0.309966666666667,0.99));
#7981=CARTESIAN_POINT('',(0.944480865935554,-0.309966666666667,0.99));
#7982=CARTESIAN_POINT('',(0.969847792514227,-0.323228882530963,0.99));
#7983=VECTOR('',#7984,1.);
#7984=DIRECTION('',(0.,0.,1.));
#7985=CARTESIAN_POINT('',(1.15479155462608,-0.602066666666667,0.99));
#7986=CARTESIAN_POINT('',(1.15479155462608,-0.602066666666667,0.99));
#7987=VECTOR('',#7988,1.);
#7988=DIRECTION('',(-0.552736969117227,0.833355772147227,0.));
#7989=CARTESIAN_POINT('',(1.15479155462608,-0.602066666666667,0.99));
#7990=VECTOR('',#7991,1.);
#7991=DIRECTION('',(0.,0.,1.));
#7992=CARTESIAN_POINT('',(1.33973531673792,-0.323228882530963,0.99));
#7993=VECTOR('',#7994,1.);
#7994=DIRECTION('',(-0.552736969117228,-0.833355772147227,0.));
#7995=CARTESIAN_POINT('',(1.6,-2.61039664908511,0.99));
#7996=CARTESIAN_POINT('',(1.6,-2.61039664908511,0.99));
#7997=VECTOR('',#7998,1.);
#7998=DIRECTION('',(0.,0.,1.));
#7999=CARTESIAN_POINT('',(1.7,-2.61039664908511,0.99));
#8000=AXIS2_PLACEMENT_3D('',#8001,#8002,#8003);
#8001=CARTESIAN_POINT('',(1.65,-2.62407950006336,0.99));
#8002=DIRECTION('',(0.,0.,1.));
#8003=DIRECTION('',(0.964535817498425,0.263951997080238,0.));
#8004=CARTESIAN_POINT('',(1.7,-2.61039664908511,0.99));
#8005=VECTOR('',#8006,1.);
#8006=DIRECTION('',(0.,0.,1.));
#8007=CARTESIAN_POINT('',(1.95,-2.71039664908511,0.99));
#8008=AXIS2_PLACEMENT_3D('',#8009,#8010,#8011);
#8009=CARTESIAN_POINT('',(1.83632676401228,-2.63207973905441,0.99));
#8010=DIRECTION('',(0.,0.,-1.));
#8011=DIRECTION('',(0.823478220853501,-0.567347882502396,0.));
#8012=CARTESIAN_POINT('',(1.95,-2.71039664908511,0.99));
#8013=VECTOR('',#8014,1.);
#8014=DIRECTION('',(0.,0.,1.));
#8015=CARTESIAN_POINT('',(2.4,-2.81039664908511,0.99));
#8016=AXIS2_PLACEMENT_3D('',#8017,#8018,#8019);
#8017=CARTESIAN_POINT('',(2.16319534229268,-2.81351760876807,0.99));
#8018=DIRECTION('',(0.,0.,1.));
#8019=DIRECTION('',(0.999913162108882,0.0131783246816898,0.));
#8020=CARTESIAN_POINT('',(2.4,-2.81039664908511,0.99));
#8021=VECTOR('',#8022,1.);
#8022=DIRECTION('',(0.,0.,1.));
#8023=CARTESIAN_POINT('',(2.3,-2.81039664908511,0.99));
#8024=AXIS2_PLACEMENT_3D('',#8025,#8026,#8027);
#8025=CARTESIAN_POINT('',(2.35,-2.80605999804219,0.99));
#8026=DIRECTION('',(0.,0.,1.));
#8027=DIRECTION('',(-0.996259780545856,-0.0864086203264673,0.));
#8028=CARTESIAN_POINT('',(2.3,-2.81039664908511,0.99));
#8029=VECTOR('',#8030,1.);
#8030=DIRECTION('',(0.,0.,1.));
#8031=CARTESIAN_POINT('',(2.05,-2.71039664908511,0.99));
#8032=AXIS2_PLACEMENT_3D('',#8033,#8034,#8035);
#8033=CARTESIAN_POINT('',(2.15700995275548,-2.80537176719641,0.99));
#8034=DIRECTION('',(0.,0.,-1.));
#8035=DIRECTION('',(-0.747911770030041,0.663798150231326,0.));
#8036=CARTESIAN_POINT('',(2.05,-2.71039664908511,0.99));
#8037=VECTOR('',#8038,1.);
#8038=DIRECTION('',(0.,0.,1.));
#8039=AXIS2_PLACEMENT_3D('',#8040,#8041,#8042);
#8040=CARTESIAN_POINT('',(1.834375,-2.61820914908511,0.99));
#8041=DIRECTION('',(0.,0.,1.));
#8042=DIRECTION('',(-0.999444906979154,0.0333148302326404,0.));
#8043=CARTESIAN_POINT('',(-2.4,-2.61039664908511,0.99));
#8044=CARTESIAN_POINT('',(-2.4,-2.61039664908511,0.99));
#8045=VECTOR('',#8046,1.);
#8046=DIRECTION('',(0.,0.,1.));
#8047=CARTESIAN_POINT('',(-2.3,-2.61039664908511,0.99));
#8048=AXIS2_PLACEMENT_3D('',#8049,#8050,#8051);
#8049=CARTESIAN_POINT('',(-2.35,-2.62407950006336,0.99));
#8050=DIRECTION('',(0.,0.,1.));
#8051=DIRECTION('',(0.964535817498425,0.263951997080237,0.));
#8052=CARTESIAN_POINT('',(-2.3,-2.61039664908511,0.99));
#8053=VECTOR('',#8054,1.);
#8054=DIRECTION('',(0.,0.,1.));
#8055=CARTESIAN_POINT('',(-2.05,-2.71039664908511,0.99));
#8056=AXIS2_PLACEMENT_3D('',#8057,#8058,#8059);
#8057=CARTESIAN_POINT('',(-2.16367323598772,-2.63207973905441,0.99));
#8058=DIRECTION('',(0.,0.,-1.));
#8059=DIRECTION('',(0.8234782208535,-0.567347882502398,0.));
#8060=CARTESIAN_POINT('',(-2.05,-2.71039664908511,0.99));
#8061=VECTOR('',#8062,1.);
#8062=DIRECTION('',(0.,0.,1.));
#8063=CARTESIAN_POINT('',(-1.6,-2.81039664908511,0.99));
#8064=AXIS2_PLACEMENT_3D('',#8065,#8066,#8067);
#8065=CARTESIAN_POINT('',(-1.83680465770733,-2.81351760876807,0.99));
#8066=DIRECTION('',(0.,0.,1.));
#8067=DIRECTION('',(0.999913162108882,0.0131783246816898,0.));
#8068=CARTESIAN_POINT('',(-1.6,-2.81039664908511,0.99));
#8069=VECTOR('',#8070,1.);
#8070=DIRECTION('',(0.,0.,1.));
#8071=CARTESIAN_POINT('',(-1.7,-2.81039664908511,0.99));
#8072=AXIS2_PLACEMENT_3D('',#8073,#8074,#8075);
#8073=CARTESIAN_POINT('',(-1.65,-2.80605999804219,0.99));
#8074=DIRECTION('',(0.,0.,1.));
#8075=DIRECTION('',(-0.996259780545856,-0.0864086203264673,0.));
#8076=CARTESIAN_POINT('',(-1.7,-2.81039664908511,0.99));
#8077=VECTOR('',#8078,1.);
#8078=DIRECTION('',(0.,0.,1.));
#8079=CARTESIAN_POINT('',(-1.95,-2.71039664908511,0.99));
#8080=AXIS2_PLACEMENT_3D('',#8081,#8082,#8083);
#8081=CARTESIAN_POINT('',(-1.84299004724452,-2.80537176719641,0.99));
#8082=DIRECTION('',(0.,0.,-1.));
#8083=DIRECTION('',(-0.747911770030041,0.663798150231326,0.));
#8084=CARTESIAN_POINT('',(-1.95,-2.71039664908511,0.99));
#8085=VECTOR('',#8086,1.);
#8086=DIRECTION('',(0.,0.,1.));
#8087=AXIS2_PLACEMENT_3D('',#8088,#8089,#8090);
#8088=CARTESIAN_POINT('',(-2.165625,-2.61820914908511,0.99));
#8089=DIRECTION('',(0.,0.,1.));
#8090=DIRECTION('',(-0.999444906979154,0.0333148302326404,0.));
#8091=CARTESIAN_POINT('',(-0.605348928053712,-0.994609096920221,0.99));
#8092=CARTESIAN_POINT('',(-0.605348928053712,-0.994609096920221,0.99));
#8093=VECTOR('',#8094,1.);
#8094=DIRECTION('',(0.,0.,1.));
#8095=CARTESIAN_POINT('',(-0.627441650517535,-1.00052914244297,0.99));
#8096=CARTESIAN_POINT('',(-0.627441650517535,-1.00052914244297,0.99));
#8097=CARTESIAN_POINT('',(-0.613947888405686,-1.00052914244297,0.99));
#8098=CARTESIAN_POINT('',(-0.605348928053712,-0.994609096920221,0.99));
#8099=CARTESIAN_POINT('',(-0.627441650517535,-1.00052914244297,0.99));
#8100=VECTOR('',#8101,1.);
#8101=DIRECTION('',(0.,0.,1.));
#8102=CARTESIAN_POINT('',(-0.648939051397472,-0.994542950077567,0.99));
#8103=CARTESIAN_POINT('',(-0.648939051397472,-0.994542950077567,0.99));
#8104=CARTESIAN_POINT('',(-0.63296481498436,-1.00052914244297,0.99));
#8105=CARTESIAN_POINT('',(-0.627441650517535,-1.00052914244297,0.99));
#8106=CARTESIAN_POINT('',(-0.648939051397472,-0.994542950077567,0.99));
#8107=VECTOR('',#8108,1.);
#8108=DIRECTION('',(0.,0.,1.));
#8109=CARTESIAN_POINT('',(-0.658133333333333,-0.975592170341548,0.99));
#8110=CARTESIAN_POINT('',(-0.658133333333333,-0.975592170341548,0.99));
#8111=CARTESIAN_POINT('',(-0.658133333333333,-0.988556757712164,0.99));
#8112=CARTESIAN_POINT('',(-0.648939051397472,-0.994542950077567,0.99));
#8113=CARTESIAN_POINT('',(-0.658133333333333,-0.975592170341548,0.99));
#8114=VECTOR('',#8115,1.);
#8115=DIRECTION('',(0.,0.,1.));
#8116=CARTESIAN_POINT('',(-0.658133333333333,-0.419603378856082,0.99));
#8117=CARTESIAN_POINT('',(-0.658133333333333,-0.419603378856082,0.99));
#8118=VECTOR('',#8119,1.);
#8119=DIRECTION('',(0.,-1.,0.));
#8120=CARTESIAN_POINT('',(-0.658133333333333,-0.419603378856082,0.99));
#8121=VECTOR('',#8122,1.);
#8122=DIRECTION('',(0.,0.,1.));
#8123=CARTESIAN_POINT('',(-0.843143209989573,-0.665103638768088,0.99));
#8124=CARTESIAN_POINT('',(-0.843143209989573,-0.665103638768088,0.99));
#8125=VECTOR('',#8126,1.);
#8126=DIRECTION('',(0.601840255953176,0.798616495142828,0.));
#8127=CARTESIAN_POINT('',(-0.843143209989573,-0.665103638768088,0.99));
#8128=VECTOR('',#8129,1.);
#8129=DIRECTION('',(0.,0.,1.));
#8130=CARTESIAN_POINT('',(-0.869634632893365,-0.680383333333333,0.99));
#8131=CARTESIAN_POINT('',(-0.869634632893365,-0.680383333333333,0.99));
#8132=CARTESIAN_POINT('',(-0.854586452277409,-0.680383333333333,0.99));
#8133=CARTESIAN_POINT('',(-0.843143209989573,-0.665103638768088,0.99));
#8134=CARTESIAN_POINT('',(-0.869634632893365,-0.680383333333333,0.99));
#8135=VECTOR('',#8136,1.);
#8136=DIRECTION('',(0.,0.,1.));
#8137=CARTESIAN_POINT('',(-0.894968486050711,-0.665103638768088,0.99));
#8138=CARTESIAN_POINT('',(-0.894968486050711,-0.665103638768088,0.99));
#8139=CARTESIAN_POINT('',(-0.884120565346761,-0.680383333333333,0.99));
#8140=CARTESIAN_POINT('',(-0.869634632893365,-0.680383333333333,0.99));
#8141=CARTESIAN_POINT('',(-0.894968486050711,-0.665103638768088,0.99));
#8142=VECTOR('',#8143,1.);
#8143=DIRECTION('',(0.,0.,1.));
#8144=CARTESIAN_POINT('',(-1.07935,-0.420099447877725,0.99));
#8145=CARTESIAN_POINT('',(-1.07935,-0.420099447877725,0.99));
#8146=VECTOR('',#8147,1.);
#8147=DIRECTION('',(0.601310721581435,-0.799015279022381,0.));
#8148=CARTESIAN_POINT('',(-1.07935,-0.420099447877725,0.99));
#8149=VECTOR('',#8150,1.);
#8150=DIRECTION('',(0.,0.,1.));
#8151=CARTESIAN_POINT('',(-1.07935,-0.975592170341548,0.99));
#8152=CARTESIAN_POINT('',(-1.07935,-0.975592170341548,0.99));
#8153=VECTOR('',#8154,1.);
#8154=DIRECTION('',(0.,1.,0.));
#8155=CARTESIAN_POINT('',(-1.07935,-0.975592170341548,0.99));
#8156=VECTOR('',#8157,1.);
#8157=DIRECTION('',(0.,0.,1.));
#8158=CARTESIAN_POINT('',(-1.08794892805371,-0.994542950077567,0.99));
#8159=CARTESIAN_POINT('',(-1.08794892805371,-0.994542950077567,0.99));
#8160=CARTESIAN_POINT('',(-1.07935,-0.987564555072353,0.99));
#8161=CARTESIAN_POINT('',(-1.07935,-0.975592170341548,0.99));
#8162=CARTESIAN_POINT('',(-1.08794892805371,-0.994542950077567,0.99));
#8163=VECTOR('',#8164,1.);
#8164=DIRECTION('',(0.,0.,1.));
#8165=CARTESIAN_POINT('',(-1.11004165051754,-1.00052914244297,0.99));
#8166=CARTESIAN_POINT('',(-1.11004165051754,-1.00052914244297,0.99));
#8167=CARTESIAN_POINT('',(-1.09654788840569,-1.00052914244297,0.99));
#8168=CARTESIAN_POINT('',(-1.08794892805371,-0.994542950077567,0.99));
#8169=CARTESIAN_POINT('',(-1.11004165051754,-1.00052914244297,0.99));
#8170=VECTOR('',#8171,1.);
#8171=DIRECTION('',(0.,0.,1.));
#8172=CARTESIAN_POINT('',(-1.13153905139747,-0.994609096920221,0.99));
#8173=CARTESIAN_POINT('',(-1.13153905139747,-0.994609096920221,0.99));
#8174=CARTESIAN_POINT('',(-1.11556481498436,-1.00052914244297,0.99));
#8175=CARTESIAN_POINT('',(-1.11004165051754,-1.00052914244297,0.99));
#8176=CARTESIAN_POINT('',(-1.13153905139747,-0.994609096920221,0.99));
#8177=VECTOR('',#8178,1.);
#8178=DIRECTION('',(0.,0.,1.));
#8179=CARTESIAN_POINT('',(-1.14073333333333,-0.97579061086951,0.99));
#8180=CARTESIAN_POINT('',(-1.14073333333333,-0.97579061086951,0.99));
#8181=CARTESIAN_POINT('',(-1.14073333333333,-0.988655977976145,0.99));
#8182=CARTESIAN_POINT('',(-1.13153905139747,-0.994609096920221,0.99));
#8183=CARTESIAN_POINT('',(-1.14073333333333,-0.97579061086951,0.99));
#8184=VECTOR('',#8185,1.);
#8185=DIRECTION('',(0.,0.,1.));
#8186=CARTESIAN_POINT('',(-1.14073333333333,-0.333878362706951,0.99));
#8187=CARTESIAN_POINT('',(-1.14073333333333,-0.333878362706951,0.99));
#8188=VECTOR('',#8189,1.);
#8189=DIRECTION('',(0.,-1.,0.));
#8190=CARTESIAN_POINT('',(-1.14073333333333,-0.333878362706951,0.99));
#8191=VECTOR('',#8192,1.);
#8192=DIRECTION('',(0.,0.,1.));
#8193=CARTESIAN_POINT('',(-1.1331761534549,-0.312877063146919,0.99));
#8194=CARTESIAN_POINT('',(-1.1331761534549,-0.312877063146919,0.99));
#8195=CARTESIAN_POINT('',(-1.14073333333333,-0.32055,0.99));
#8196=CARTESIAN_POINT('',(-1.14073333333333,-0.333878362706951,0.99));
#8197=CARTESIAN_POINT('',(-1.1331761534549,-0.312877063146919,0.99));
#8198=VECTOR('',#8199,1.);
#8199=DIRECTION('',(0.,0.,1.));
#8200=CARTESIAN_POINT('',(-1.11351429516035,-0.305204158592101,0.99));
#8201=CARTESIAN_POINT('',(-1.11351429516035,-0.305204158592101,0.99));
#8202=CARTESIAN_POINT('',(-1.12561900587472,-0.305204158592101,0.99));
#8203=CARTESIAN_POINT('',(-1.1331761534549,-0.312877063146919,0.99));
#8204=CARTESIAN_POINT('',(-1.11351429516035,-0.305204158592101,0.99));
#8205=VECTOR('',#8206,1.);
#8206=DIRECTION('',(0.,0.,1.));
#8207=CARTESIAN_POINT('',(-1.09836692657867,-0.308643729813586,0.99));
#8208=CARTESIAN_POINT('',(-1.09836692657867,-0.308643729813586,0.99));
#8209=CARTESIAN_POINT('',(-1.10504762849368,-0.305204158592101,0.99));
#8210=CARTESIAN_POINT('',(-1.11351429516035,-0.305204158592101,0.99));
#8211=CARTESIAN_POINT('',(-1.09836692657867,-0.308643729813586,0.99));
#8212=VECTOR('',#8213,1.);
#8213=DIRECTION('',(0.,0.,1.));
#8214=CARTESIAN_POINT('',(-1.08444320998957,-0.320946848757661,0.99));
#8215=CARTESIAN_POINT('',(-1.08444320998957,-0.320946848757661,0.99));
#8216=CARTESIAN_POINT('',(-1.09595259912006,-0.309139831133491,0.99));
#8217=CARTESIAN_POINT('',(-1.09836692657867,-0.308643729813586,0.99));
#8218=CARTESIAN_POINT('',(-1.08444320998957,-0.320946848757661,0.99));
#8219=VECTOR('',#8220,1.);
#8220=DIRECTION('',(0.,0.,1.));
#8221=CARTESIAN_POINT('',(-0.869039311309478,-0.6063,0.99));
#8222=CARTESIAN_POINT('',(-0.869039311309478,-0.6063,0.99));
#8223=VECTOR('',#8224,1.);
#8224=DIRECTION('',(-0.602483581490479,0.798131276191082,0.));
#8225=CARTESIAN_POINT('',(-0.869039311309478,-0.6063,0.99));
#8226=VECTOR('',#8227,1.);
#8227=DIRECTION('',(0.,0.,1.));
#8228=CARTESIAN_POINT('',(-0.653040091045497,-0.320946848757661,0.99));
#8229=CARTESIAN_POINT('',(-0.653040091045497,-0.320946848757661,0.99));
#8230=VECTOR('',#8231,1.);
#8231=DIRECTION('',(-0.603542685022865,-0.797330688833304,0.));
#8232=CARTESIAN_POINT('',(-0.653040091045497,-0.320946848757661,0.99));
#8233=VECTOR('',#8234,1.);
#8234=DIRECTION('',(0.,0.,1.));
#8235=CARTESIAN_POINT('',(-0.623969005874724,-0.305204158592101,0.99));
#8236=CARTESIAN_POINT('',(-0.623969005874724,-0.305204158592101,0.99));
#8237=CARTESIAN_POINT('',(-0.640935412629384,-0.305204158592101,0.99));
#8238=CARTESIAN_POINT('',(-0.653040091045497,-0.320946848757661,0.99));
#8239=CARTESIAN_POINT('',(-0.623969005874724,-0.305204158592101,0.99));
#8240=VECTOR('',#8241,1.);
#8241=DIRECTION('',(0.,0.,1.));
#8242=CARTESIAN_POINT('',(-0.604919005874723,-0.313108577096208,0.99));
#8243=CARTESIAN_POINT('',(-0.604919005874723,-0.313108577096208,0.99));
#8244=CARTESIAN_POINT('',(-0.613088011749447,-0.305204158592101,0.99));
#8245=CARTESIAN_POINT('',(-0.623969005874724,-0.305204158592101,0.99));
#8246=CARTESIAN_POINT('',(-0.604919005874723,-0.313108577096208,0.99));
#8247=VECTOR('',#8248,1.);
#8248=DIRECTION('',(0.,0.,1.));
#8249=CARTESIAN_POINT('',(-0.59675,-0.333878362706951,0.99));
#8250=CARTESIAN_POINT('',(-0.59675,-0.333878362706951,0.99));
#8251=CARTESIAN_POINT('',(-0.59675,-0.321012995600315,0.99));
#8252=CARTESIAN_POINT('',(-0.604919005874723,-0.313108577096208,0.99));
#8253=CARTESIAN_POINT('',(-0.59675,-0.333878362706951,0.99));
#8254=VECTOR('',#8255,1.);
#8255=DIRECTION('',(0.,0.,1.));
#8256=CARTESIAN_POINT('',(-0.59675,-0.97579061086951,0.99));
#8257=CARTESIAN_POINT('',(-0.59675,-0.97579061086951,0.99));
#8258=VECTOR('',#8259,1.);
#8259=DIRECTION('',(0.,1.,0.));
#8260=CARTESIAN_POINT('',(-0.59675,-0.97579061086951,0.99));
#8261=VECTOR('',#8262,1.);
#8262=DIRECTION('',(0.,0.,1.));
#8263=CARTESIAN_POINT('',(-0.605348928053712,-0.994609096920221,0.99));
#8264=CARTESIAN_POINT('',(-0.59675,-0.987663775336334,0.99));
#8265=CARTESIAN_POINT('',(-0.59675,-0.97579061086951,0.99));
#8266=CARTESIAN_POINT('',(2.05,1.45,0.99));
#8267=CARTESIAN_POINT('',(2.05,1.45,0.99));
#8268=VECTOR('',#8269,1.);
#8269=DIRECTION('',(0.,0.,1.));
#8270=CARTESIAN_POINT('',(1.95000000000001,1.45,0.99));
#8271=AXIS2_PLACEMENT_3D('',#8272,#8273,#8274);
#8272=CARTESIAN_POINT('',(2.,1.45,0.99));
#8273=DIRECTION('',(0.,0.,1.));
#8274=DIRECTION('',(-1.,0.,0.));
#8275=CARTESIAN_POINT('',(1.95000000000001,1.45,0.99));
#8276=VECTOR('',#8277,1.);
#8277=DIRECTION('',(0.,0.,1.));
#8278=CARTESIAN_POINT('',(1.95,1.7,0.99));
#8279=CARTESIAN_POINT('',(1.95,1.7,0.99));
#8280=VECTOR('',#8281,1.);
#8281=DIRECTION('',(1.68753899743024E-14,-1.,0.));
#8282=CARTESIAN_POINT('',(1.95,1.7,0.99));
#8283=VECTOR('',#8284,1.);
#8284=DIRECTION('',(0.,0.,1.));
#8285=CARTESIAN_POINT('',(1.7,1.7,0.99));
#8286=CARTESIAN_POINT('',(1.7,1.7,0.99));
#8287=VECTOR('',#8288,1.);
#8288=DIRECTION('',(1.,0.,0.));
#8289=CARTESIAN_POINT('',(1.7,1.7,0.99));
#8290=VECTOR('',#8291,1.);
#8291=DIRECTION('',(0.,0.,1.));
#8292=CARTESIAN_POINT('',(1.7,1.8,0.99));
#8293=AXIS2_PLACEMENT_3D('',#8294,#8295,#8296);
#8294=CARTESIAN_POINT('',(1.7,1.75,0.99));
#8295=DIRECTION('',(0.,0.,1.));
#8296=DIRECTION('',(0.,1.,0.));
#8297=CARTESIAN_POINT('',(1.7,1.8,0.99));
#8298=VECTOR('',#8299,1.);
#8299=DIRECTION('',(0.,0.,1.));
#8300=CARTESIAN_POINT('',(1.95,1.8,0.99));
#8301=CARTESIAN_POINT('',(1.95,1.8,0.99));
#8302=VECTOR('',#8303,1.);
#8303=DIRECTION('',(-1.,8.88178419700125E-15,0.));
#8304=CARTESIAN_POINT('',(1.95,1.8,0.99));
#8305=VECTOR('',#8306,1.);
#8306=DIRECTION('',(0.,0.,1.));
#8307=CARTESIAN_POINT('',(1.95,2.05,0.99));
#8308=CARTESIAN_POINT('',(1.95,2.05,0.99));
#8309=VECTOR('',#8310,1.);
#8310=DIRECTION('',(0.,-1.,0.));
#8311=CARTESIAN_POINT('',(1.95,2.05,0.99));
#8312=VECTOR('',#8313,1.);
#8313=DIRECTION('',(0.,0.,1.));
#8314=CARTESIAN_POINT('',(2.05000000000001,2.05,0.99));
#8315=AXIS2_PLACEMENT_3D('',#8316,#8317,#8318);
#8316=CARTESIAN_POINT('',(2.00000000000001,2.05,0.99));
#8317=DIRECTION('',(0.,0.,1.));
#8318=DIRECTION('',(1.,0.,0.));
#8319=CARTESIAN_POINT('',(2.05000000000001,2.05,0.99));
#8320=VECTOR('',#8321,1.);
#8321=DIRECTION('',(0.,0.,1.));
#8322=CARTESIAN_POINT('',(2.05,1.8,0.99));
#8323=CARTESIAN_POINT('',(2.05,1.8,0.99));
#8324=VECTOR('',#8325,1.);
#8325=DIRECTION('',(1.77635683940025E-14,1.,0.));
#8326=CARTESIAN_POINT('',(2.05,1.8,0.99));
#8327=VECTOR('',#8328,1.);
#8328=DIRECTION('',(0.,0.,1.));
#8329=CARTESIAN_POINT('',(2.3,1.8,0.99));
#8330=CARTESIAN_POINT('',(2.3,1.8,0.99));
#8331=VECTOR('',#8332,1.);
#8332=DIRECTION('',(-1.,0.,0.));
#8333=CARTESIAN_POINT('',(2.3,1.8,0.99));
#8334=VECTOR('',#8335,1.);
#8335=DIRECTION('',(0.,0.,1.));
#8336=CARTESIAN_POINT('',(2.3,1.7,0.99));
#8337=AXIS2_PLACEMENT_3D('',#8338,#8339,#8340);
#8338=CARTESIAN_POINT('',(2.3,1.75,0.99));
#8339=DIRECTION('',(0.,0.,1.));
#8340=DIRECTION('',(0.,-1.,0.));
#8341=CARTESIAN_POINT('',(2.3,1.7,0.99));
#8342=VECTOR('',#8343,1.);
#8343=DIRECTION('',(0.,0.,1.));
#8344=CARTESIAN_POINT('',(2.05,1.7,0.99));
#8345=CARTESIAN_POINT('',(2.05,1.7,0.99));
#8346=VECTOR('',#8347,1.);
#8347=DIRECTION('',(1.,1.77635683940025E-14,0.));
#8348=CARTESIAN_POINT('',(2.05,1.7,0.99));
#8349=VECTOR('',#8350,1.);
#8350=DIRECTION('',(0.,0.,1.));
#8351=CARTESIAN_POINT('',(2.05,1.45,0.99));
#8352=VECTOR('',#8353,1.);
#8353=DIRECTION('',(0.,1.,0.));
#8354=CARTESIAN_POINT('',(-3.22049768888151,-3.57049768888151,0.928715574274766));
#8355=CARTESIAN_POINT('',(3.22049768888151,-3.57049768888151,0.928715574274766));
#8356=CARTESIAN_POINT('',(-3.22049768888151,-3.57049768888151,0.928715574274766));
#8357=VECTOR('',#8358,1.);
#8358=DIRECTION('',(1.,-1.37894590448937E-16,0.));
#8359=CARTESIAN_POINT('',(-3.3,-3.65,0.02));
#8360=CARTESIAN_POINT('',(-3.3,-3.65,0.0200000000000001));
#8361=VECTOR('',#8362,1.);
#8362=DIRECTION('',(0.0868265938642474,0.0868265938642474,0.992432509138967));
#8363=CARTESIAN_POINT('',(-3.05,-3.65,0.02));
#8364=CARTESIAN_POINT('',(-3.3,-3.65,0.02));
#8365=VECTOR('',#8366,1.);
#8366=DIRECTION('',(1.,0.,0.));
#8367=CARTESIAN_POINT('',(-3.05,-3.62550317421274,0.3));
#8368=CARTESIAN_POINT('',(-3.05,-3.62550317421274,0.3));
#8369=VECTOR('',#8370,1.);
#8370=DIRECTION('',(0.,-0.0871557427476579,-0.996194698091746));
#8371=CARTESIAN_POINT('',(-2.05,-3.62550317421274,0.3));
#8372=CARTESIAN_POINT('',(-2.05,-3.62550317421274,0.3));
#8373=VECTOR('',#8374,1.);
#8374=DIRECTION('',(-1.,0.,0.));
#8375=CARTESIAN_POINT('',(-2.05,-3.65,0.02));
#8376=CARTESIAN_POINT('',(-2.05,-3.65,0.02));
#8377=VECTOR('',#8378,1.);
#8378=DIRECTION('',(0.,0.0871557427476579,0.996194698091746));
#8379=CARTESIAN_POINT('',(-1.5,-3.65,0.02));
#8380=CARTESIAN_POINT('',(-2.05,-3.65,0.02));
#8381=VECTOR('',#8382,1.);
#8382=DIRECTION('',(1.,0.,0.));
#8383=CARTESIAN_POINT('',(-1.5,-3.64475068018844,0.08));
#8384=CARTESIAN_POINT('',(-1.5,-3.64475068018844,0.08));
#8385=VECTOR('',#8386,1.);
#8386=DIRECTION('',(0.,-0.0871557427476569,-0.996194698091746));
#8387=CARTESIAN_POINT('',(1.5,-3.64475068018844,0.08));
#8388=CARTESIAN_POINT('',(-1.5,-3.64475068018844,0.08));
#8389=VECTOR('',#8390,1.);
#8390=DIRECTION('',(1.,0.,0.));
#8391=CARTESIAN_POINT('',(1.5,-3.65,0.02));
#8392=CARTESIAN_POINT('',(1.5,-3.65,0.0200000000000001));
#8393=VECTOR('',#8394,1.);
#8394=DIRECTION('',(0.,0.0871557427476594,0.996194698091746));
#8395=CARTESIAN_POINT('',(2.05,-3.65,0.02));
#8396=CARTESIAN_POINT('',(1.5,-3.65,0.02));
#8397=VECTOR('',#8398,1.);
#8398=DIRECTION('',(1.,-8.07434927000116E-16,0.));
#8399=CARTESIAN_POINT('',(2.05,-3.62550317421274,0.3));
#8400=CARTESIAN_POINT('',(2.05,-3.62550317421274,0.3));
#8401=VECTOR('',#8402,1.);
#8402=DIRECTION('',(0.,-0.0871557427476579,-0.996194698091746));
#8403=CARTESIAN_POINT('',(3.05,-3.62550317421274,0.3));
#8404=CARTESIAN_POINT('',(3.05,-3.62550317421274,0.3));
#8405=VECTOR('',#8406,1.);
#8406=DIRECTION('',(-1.,0.,0.));
#8407=CARTESIAN_POINT('',(3.05,-3.65,0.02));
#8408=CARTESIAN_POINT('',(3.05,-3.65,0.02));
#8409=VECTOR('',#8410,1.);
#8410=DIRECTION('',(0.,0.0871557427476579,0.996194698091746));
#8411=CARTESIAN_POINT('',(3.3,-3.65,0.02));
#8412=CARTESIAN_POINT('',(3.05,-3.65,0.02));
#8413=VECTOR('',#8414,1.);
#8414=DIRECTION('',(1.,0.,0.));
#8415=CARTESIAN_POINT('',(3.3,-3.65,0.02));
#8416=VECTOR('',#8417,1.);
#8417=DIRECTION('',(-0.0868265938642483,0.0868265938642474,0.992432509138967));
#8418=CARTESIAN_POINT('',(3.22049768888151,3.57049768888151,0.928715574274766));
#8419=CARTESIAN_POINT('',(3.22049768888151,-3.57049768888151,0.928715574274766));
#8420=VECTOR('',#8421,1.);
#8421=DIRECTION('',(1.24377397367586E-16,1.,0.));
#8422=CARTESIAN_POINT('',(3.3,3.65,0.02));
#8423=CARTESIAN_POINT('',(3.3,-3.65,0.02));
#8424=VECTOR('',#8425,1.);
#8425=DIRECTION('',(1.2166827667125E-16,1.,1.56838012896533E-17));
#8426=CARTESIAN_POINT('',(3.3,3.65,0.0200000000000001));
#8427=VECTOR('',#8428,1.);
#8428=DIRECTION('',(-0.0868265938642474,-0.0868265938642474,0.992432509138967));
#8429=CARTESIAN_POINT('',(-3.22049768888151,3.57049768888151,0.928715574274766));
#8430=CARTESIAN_POINT('',(3.22049768888151,3.57049768888151,0.928715574274766));
#8431=VECTOR('',#8432,1.);
#8432=DIRECTION('',(-1.,1.37894590448937E-16,0.));
#8433=CARTESIAN_POINT('',(3.05,3.65,0.02));
#8434=CARTESIAN_POINT('',(3.3,3.65,0.02));
#8435=VECTOR('',#8436,1.);
#8436=DIRECTION('',(-1.,0.,0.));
#8437=CARTESIAN_POINT('',(3.05,3.62550317421274,0.3));
#8438=CARTESIAN_POINT('',(3.05,3.62550317421274,0.3));
#8439=VECTOR('',#8440,1.);
#8440=DIRECTION('',(0.,0.0871557427476579,-0.996194698091746));
#8441=CARTESIAN_POINT('',(2.05,3.62550317421274,0.3));
#8442=CARTESIAN_POINT('',(2.05,3.62550317421274,0.3));
#8443=VECTOR('',#8444,1.);
#8444=DIRECTION('',(1.,0.,0.));
#8445=CARTESIAN_POINT('',(2.05,3.65,0.02));
#8446=CARTESIAN_POINT('',(2.05,3.65,0.02));
#8447=VECTOR('',#8448,1.);
#8448=DIRECTION('',(0.,-0.0871557427476579,0.996194698091746));
#8449=CARTESIAN_POINT('',(1.5,3.65,0.02));
#8450=CARTESIAN_POINT('',(2.05,3.65,0.02));
#8451=VECTOR('',#8452,1.);
#8452=DIRECTION('',(-1.,0.,0.));
#8453=CARTESIAN_POINT('',(1.5,3.64475068018844,0.08));
#8454=CARTESIAN_POINT('',(1.5,3.64475068018844,0.08));
#8455=VECTOR('',#8456,1.);
#8456=DIRECTION('',(0.,0.0871557427476595,-0.996194698091745));
#8457=CARTESIAN_POINT('',(-1.5,3.64475068018845,0.08));
#8458=CARTESIAN_POINT('',(1.5,3.64475068018844,0.08));
#8459=VECTOR('',#8460,1.);
#8460=DIRECTION('',(-1.,0.,0.));
#8461=CARTESIAN_POINT('',(-1.5,3.65,0.02));
#8462=CARTESIAN_POINT('',(-1.5,3.65,0.0200000000000113));
#8463=VECTOR('',#8464,1.);
#8464=DIRECTION('',(0.,-0.0871557427476684,0.996194698091745));
#8465=CARTESIAN_POINT('',(-2.05,3.65,0.02));
#8466=CARTESIAN_POINT('',(-1.5,3.65,0.02));
#8467=VECTOR('',#8468,1.);
#8468=DIRECTION('',(-1.,8.07434927000115E-16,0.));
#8469=CARTESIAN_POINT('',(-2.05,3.62550317421274,0.3));
#8470=CARTESIAN_POINT('',(-2.05,3.62550317421274,0.3));
#8471=VECTOR('',#8472,1.);
#8472=DIRECTION('',(0.,0.0871557427476579,-0.996194698091746));
#8473=CARTESIAN_POINT('',(-3.05,3.62550317421274,0.3));
#8474=CARTESIAN_POINT('',(-3.05,3.62550317421274,0.3));
#8475=VECTOR('',#8476,1.);
#8476=DIRECTION('',(1.,0.,0.));
#8477=CARTESIAN_POINT('',(-3.05,3.65,0.02));
#8478=CARTESIAN_POINT('',(-3.05,3.65,0.02));
#8479=VECTOR('',#8480,1.);
#8480=DIRECTION('',(0.,-0.0871557427476579,0.996194698091746));
#8481=CARTESIAN_POINT('',(-3.3,3.65,0.02));
#8482=CARTESIAN_POINT('',(-3.05,3.65,0.02));
#8483=VECTOR('',#8484,1.);
#8484=DIRECTION('',(-1.,0.,0.));
#8485=CARTESIAN_POINT('',(-3.3,3.65,0.02));
#8486=VECTOR('',#8487,1.);
#8487=DIRECTION('',(0.0868265938642483,-0.0868265938642474,0.992432509138967));
#8488=CARTESIAN_POINT('',(-3.22049768888151,3.57049768888151,0.928715574274766));
#8489=VECTOR('',#8490,1.);
#8490=DIRECTION('',(-1.24377397367586E-16,-1.,0.));
#8491=CARTESIAN_POINT('',(-3.3,3.65,0.02));
#8492=VECTOR('',#8493,1.);
#8493=DIRECTION('',(-1.2166827667125E-16,-1.,1.56838012896533E-17));
#8494=CARTESIAN_POINT('',(2.6,2.6,1.));
#8495=AXIS2_PLACEMENT_3D('',#8496,#8497,#8498);
#8496=CARTESIAN_POINT('',(2.2,2.6,1.));
#8497=DIRECTION('',(0.,0.,1.));
#8498=DIRECTION('',(1.,0.,0.));
#8499=CARTESIAN_POINT('',(1.5,-3.65,0.02));
#8500=VECTOR('',#8501,1.);
#8501=DIRECTION('',(-1.2166827667125E-16,1.,0.));
#8502=CARTESIAN_POINT('',(1.5,3.64475068018844,0.08));
#8503=VECTOR('',#8504,1.);
#8504=DIRECTION('',(1.21843508326639E-16,-1.,0.));
#8505=CARTESIAN_POINT('',(2.05,3.3,0.02));
#8506=CARTESIAN_POINT('',(2.05,3.65,0.02));
#8507=VECTOR('',#8508,1.);
#8508=DIRECTION('',(0.,-1.,0.));
#8509=CARTESIAN_POINT('',(3.05,3.3,0.02));
#8510=CARTESIAN_POINT('',(2.05,3.3,0.02));
#8511=VECTOR('',#8512,1.);
#8512=DIRECTION('',(1.,0.,0.));
#8513=CARTESIAN_POINT('',(3.05,3.3,0.02));
#8514=VECTOR('',#8515,1.);
#8515=DIRECTION('',(0.,1.,0.));
#8516=CARTESIAN_POINT('',(3.05,-3.3,0.02));
#8517=CARTESIAN_POINT('',(3.05,-3.65,0.02));
#8518=VECTOR('',#8519,1.);
#8519=DIRECTION('',(0.,1.,0.));
#8520=CARTESIAN_POINT('',(2.05,-3.3,0.02));
#8521=CARTESIAN_POINT('',(3.05,-3.3,0.02));
#8522=VECTOR('',#8523,1.);
#8523=DIRECTION('',(-1.,0.,0.));
#8524=CARTESIAN_POINT('',(2.05,-3.3,0.02));
#8525=VECTOR('',#8526,1.);
#8526=DIRECTION('',(0.,-1.,0.));
#8527=CARTESIAN_POINT('',(2.05,-3.3,0.));
#8528=CARTESIAN_POINT('',(2.05,-3.3,0.));
#8529=VECTOR('',#8530,1.);
#8530=DIRECTION('',(0.,0.,1.));
#8531=CARTESIAN_POINT('',(2.05,-4.15,0.));
#8532=CARTESIAN_POINT('',(2.05,-3.3,0.));
#8533=VECTOR('',#8534,1.);
#8534=DIRECTION('',(-5.2245789394125E-16,-1.,0.));
#8535=CARTESIAN_POINT('',(2.05,-4.15,0.3));
#8536=CARTESIAN_POINT('',(2.05,-4.15,0.));
#8537=VECTOR('',#8538,1.);
#8538=DIRECTION('',(0.,0.,1.));
#8539=CARTESIAN_POINT('',(2.05,-3.62550317421274,0.3));
#8540=VECTOR('',#8541,1.);
#8541=DIRECTION('',(-8.46695705323848E-16,-1.,0.));
#8542=CARTESIAN_POINT('',(3.05,-4.15,0.3));
#8543=CARTESIAN_POINT('',(2.05,-4.15,0.3));
#8544=VECTOR('',#8545,1.);
#8545=DIRECTION('',(1.,0.,0.));
#8546=CARTESIAN_POINT('',(3.05,-4.15,0.3));
#8547=VECTOR('',#8548,1.);
#8548=DIRECTION('',(8.46695705323848E-16,1.,0.));
#8549=CARTESIAN_POINT('',(3.05,-4.15,0.));
#8550=CARTESIAN_POINT('',(3.05,-4.15,0.));
#8551=VECTOR('',#8552,1.);
#8552=DIRECTION('',(0.,0.,1.));
#8553=CARTESIAN_POINT('',(3.05,-3.3,0.));
#8554=CARTESIAN_POINT('',(3.05,-4.15,0.));
#8555=VECTOR('',#8556,1.);
#8556=DIRECTION('',(5.2245789394125E-16,1.,0.));
#8557=CARTESIAN_POINT('',(3.05,-3.3,0.));
#8558=VECTOR('',#8559,1.);
#8559=DIRECTION('',(0.,0.,1.));
#8560=CARTESIAN_POINT('',(-1.5,3.65,0.02));
#8561=VECTOR('',#8562,1.);
#8562=DIRECTION('',(1.2166827667125E-16,-1.,0.));
#8563=CARTESIAN_POINT('',(-2.05,-3.3,0.02));
#8564=CARTESIAN_POINT('',(-2.05,-3.65,0.02));
#8565=VECTOR('',#8566,1.);
#8566=DIRECTION('',(0.,1.,0.));
#8567=CARTESIAN_POINT('',(-3.05,-3.3,0.02));
#8568=CARTESIAN_POINT('',(-2.05,-3.3,0.02));
#8569=VECTOR('',#8570,1.);
#8570=DIRECTION('',(-1.,0.,0.));
#8571=CARTESIAN_POINT('',(-3.05,-3.3,0.02));
#8572=VECTOR('',#8573,1.);
#8573=DIRECTION('',(0.,-1.,0.));
#8574=CARTESIAN_POINT('',(-3.05,3.3,0.02));
#8575=CARTESIAN_POINT('',(-3.05,3.65,0.02));
#8576=VECTOR('',#8577,1.);
#8577=DIRECTION('',(0.,-1.,0.));
#8578=CARTESIAN_POINT('',(-2.05,3.3,0.02));
#8579=CARTESIAN_POINT('',(-3.05,3.3,0.02));
#8580=VECTOR('',#8581,1.);
#8581=DIRECTION('',(1.,0.,0.));
#8582=CARTESIAN_POINT('',(-2.05,3.3,0.02));
#8583=VECTOR('',#8584,1.);
#8584=DIRECTION('',(0.,1.,0.));
#8585=CARTESIAN_POINT('',(-3.05,-3.3,0.));
#8586=CARTESIAN_POINT('',(-3.05,-3.3,0.));
#8587=VECTOR('',#8588,1.);
#8588=DIRECTION('',(0.,0.,1.));
#8589=CARTESIAN_POINT('',(-3.05,-4.15,0.));
#8590=CARTESIAN_POINT('',(-3.05,-3.3,0.));
#8591=VECTOR('',#8592,1.);
#8592=DIRECTION('',(-5.2245789394125E-16,-1.,0.));
#8593=CARTESIAN_POINT('',(-3.05,-4.15,0.3));
#8594=CARTESIAN_POINT('',(-3.05,-4.15,0.));
#8595=VECTOR('',#8596,1.);
#8596=DIRECTION('',(0.,0.,1.));
#8597=CARTESIAN_POINT('',(-3.05,-3.62550317421274,0.3));
#8598=VECTOR('',#8599,1.);
#8599=DIRECTION('',(-8.46695705323847E-16,-1.,0.));
#8600=CARTESIAN_POINT('',(-2.05,-4.15,0.3));
#8601=CARTESIAN_POINT('',(-3.05,-4.15,0.3));
#8602=VECTOR('',#8603,1.);
#8603=DIRECTION('',(1.,0.,0.));
#8604=CARTESIAN_POINT('',(-2.05,-4.15,0.3));
#8605=VECTOR('',#8606,1.);
#8606=DIRECTION('',(8.46695705323847E-16,1.,0.));
#8607=CARTESIAN_POINT('',(-2.05,-4.15,0.));
#8608=CARTESIAN_POINT('',(-2.05,-4.15,0.));
#8609=VECTOR('',#8610,1.);
#8610=DIRECTION('',(0.,0.,1.));
#8611=CARTESIAN_POINT('',(-2.05,-3.3,0.));
#8612=CARTESIAN_POINT('',(-2.05,-4.15,0.));
#8613=VECTOR('',#8614,1.);
#8614=DIRECTION('',(5.2245789394125E-16,1.,0.));
#8615=CARTESIAN_POINT('',(-2.05,-3.3,0.));
#8616=VECTOR('',#8617,1.);
#8617=DIRECTION('',(0.,0.,1.));
#8618=CARTESIAN_POINT('',(-1.5,-3.64475068018844,0.08));
#8619=VECTOR('',#8620,1.);
#8620=DIRECTION('',(-1.21843508326639E-16,1.,0.));
#8621=CARTESIAN_POINT('',(-2.05,3.3,0.));
#8622=CARTESIAN_POINT('',(-2.05,3.3,0.));
#8623=VECTOR('',#8624,1.);
#8624=DIRECTION('',(0.,0.,1.));
#8625=CARTESIAN_POINT('',(-2.05,4.15,0.));
#8626=CARTESIAN_POINT('',(-2.05,3.3,0.));
#8627=VECTOR('',#8628,1.);
#8628=DIRECTION('',(5.2245789394125E-16,1.,0.));
#8629=CARTESIAN_POINT('',(-2.05,4.15,0.3));
#8630=CARTESIAN_POINT('',(-2.05,4.15,0.));
#8631=VECTOR('',#8632,1.);
#8632=DIRECTION('',(0.,0.,1.));
#8633=CARTESIAN_POINT('',(-2.05,3.62550317421274,0.3));
#8634=VECTOR('',#8635,1.);
#8635=DIRECTION('',(8.46695705323848E-16,1.,0.));
#8636=CARTESIAN_POINT('',(-3.05,4.15,0.3));
#8637=CARTESIAN_POINT('',(-2.05,4.15,0.3));
#8638=VECTOR('',#8639,1.);
#8639=DIRECTION('',(-1.,0.,0.));
#8640=CARTESIAN_POINT('',(-3.05,4.15,0.3));
#8641=VECTOR('',#8642,1.);
#8642=DIRECTION('',(-8.46695705323848E-16,-1.,0.));
#8643=CARTESIAN_POINT('',(-3.05,4.15,0.));
#8644=CARTESIAN_POINT('',(-3.05,4.15,0.));
#8645=VECTOR('',#8646,1.);
#8646=DIRECTION('',(0.,0.,1.));
#8647=CARTESIAN_POINT('',(-3.05,3.3,0.));
#8648=CARTESIAN_POINT('',(-3.05,4.15,0.));
#8649=VECTOR('',#8650,1.);
#8650=DIRECTION('',(-5.2245789394125E-16,-1.,0.));
#8651=CARTESIAN_POINT('',(-3.05,3.3,0.));
#8652=VECTOR('',#8653,1.);
#8653=DIRECTION('',(0.,0.,1.));
#8654=CARTESIAN_POINT('',(3.05,3.3,0.));
#8655=CARTESIAN_POINT('',(3.05,3.3,0.));
#8656=VECTOR('',#8657,1.);
#8657=DIRECTION('',(0.,0.,1.));
#8658=CARTESIAN_POINT('',(3.05,4.15,0.));
#8659=CARTESIAN_POINT('',(3.05,3.3,0.));
#8660=VECTOR('',#8661,1.);
#8661=DIRECTION('',(5.2245789394125E-16,1.,0.));
#8662=CARTESIAN_POINT('',(3.05,4.15,0.3));
#8663=CARTESIAN_POINT('',(3.05,4.15,0.));
#8664=VECTOR('',#8665,1.);
#8665=DIRECTION('',(0.,0.,1.));
#8666=CARTESIAN_POINT('',(3.05,3.62550317421274,0.3));
#8667=VECTOR('',#8668,1.);
#8668=DIRECTION('',(8.46695705323847E-16,1.,0.));
#8669=CARTESIAN_POINT('',(2.05,4.15,0.3));
#8670=CARTESIAN_POINT('',(3.05,4.15,0.3));
#8671=VECTOR('',#8672,1.);
#8672=DIRECTION('',(-1.,0.,0.));
#8673=CARTESIAN_POINT('',(2.05,4.15,0.3));
#8674=VECTOR('',#8675,1.);
#8675=DIRECTION('',(-8.46695705323847E-16,-1.,0.));
#8676=CARTESIAN_POINT('',(2.05,4.15,0.));
#8677=CARTESIAN_POINT('',(2.05,4.15,0.));
#8678=VECTOR('',#8679,1.);
#8679=DIRECTION('',(0.,0.,1.));
#8680=CARTESIAN_POINT('',(2.05,3.3,0.));
#8681=CARTESIAN_POINT('',(2.05,4.15,0.));
#8682=VECTOR('',#8683,1.);
#8683=DIRECTION('',(-5.2245789394125E-16,-1.,0.));
#8684=CARTESIAN_POINT('',(2.05,3.3,0.));
#8685=VECTOR('',#8686,1.);
#8686=DIRECTION('',(0.,0.,1.));
#8687=CARTESIAN_POINT('',(2.05,3.3,0.));
#8688=VECTOR('',#8689,1.);
#8689=DIRECTION('',(1.,0.,0.));
#8690=CARTESIAN_POINT('',(3.05,-3.3,0.));
#8691=VECTOR('',#8692,1.);
#8692=DIRECTION('',(-1.,0.,0.));
#8693=CARTESIAN_POINT('',(2.05,-4.15,0.));
#8694=VECTOR('',#8695,1.);
#8695=DIRECTION('',(1.,0.,0.));
#8696=CARTESIAN_POINT('',(-2.05,-3.3,0.));
#8697=VECTOR('',#8698,1.);
#8698=DIRECTION('',(-1.,0.,0.));
#8699=CARTESIAN_POINT('',(-3.05,3.3,0.));
#8700=VECTOR('',#8701,1.);
#8701=DIRECTION('',(1.,0.,0.));
#8702=CARTESIAN_POINT('',(-3.05,-4.15,0.));
#8703=VECTOR('',#8704,1.);
#8704=DIRECTION('',(1.,0.,0.));
#8705=CARTESIAN_POINT('',(-2.05,4.15,0.));
#8706=VECTOR('',#8707,1.);
#8707=DIRECTION('',(-1.,0.,0.));
#8708=CARTESIAN_POINT('',(3.05,4.15,0.));
#8709=VECTOR('',#8710,1.);
#8710=DIRECTION('',(-1.,0.,0.));
#8711=CARTESIAN_POINT('',(-3.22049768888151,-3.57049768888151,0.928715574274766));
#8712=CARTESIAN_POINT('',(-3.21573872623134,-3.56573872623134,0.983110766273074));
#8713=CARTESIAN_POINT('',(-3.17548119186722,-3.52548119186721,1.02));
#8714=CARTESIAN_POINT('',(-3.12087821907233,-3.47087821907233,1.02));
#8715=CARTESIAN_POINT('',(-3.22049768888151,3.57049768888151,0.928715574274766));
#8716=CARTESIAN_POINT('',(-3.21573872623134,3.56573872623134,0.983110766273074));
#8717=CARTESIAN_POINT('',(-3.17548119186721,3.52548119186722,1.02));
#8718=CARTESIAN_POINT('',(-3.12087821907233,3.47087821907233,1.02));
#8719=CARTESIAN_POINT('',(3.22049768888151,-3.57049768888151,0.928715574274766));
#8720=CARTESIAN_POINT('',(3.21573872623134,-3.56573872623134,0.983110766273074));
#8721=CARTESIAN_POINT('',(3.17548119186721,-3.52548119186722,1.02));
#8722=CARTESIAN_POINT('',(3.12087821907233,-3.47087821907233,1.02));
#8723=CARTESIAN_POINT('',(3.22049768888151,3.57049768888151,0.928715574274766));
#8724=CARTESIAN_POINT('',(3.21573872623134,3.56573872623134,0.983110766273074));
#8725=CARTESIAN_POINT('',(3.17548119186722,3.52548119186721,1.02));
#8726=CARTESIAN_POINT('',(3.12087821907233,3.47087821907233,1.02));
ENDSEC;
END-ISO-10303-21;
